rule,layer,roi,subject,seed_idx,epoch,rho,pval
Random Weights,Conv1,V1,sub-01,0,0,0.060318,0.0
Random Weights,Conv1,V1,sub-02,0,0,0.099211,0.0
Random Weights,Conv1,V1,sub-03,0,0,0.017059,0.0
Random Weights,Conv1,V2,sub-01,0,0,0.037857,0.0
Random Weights,Conv1,V2,sub-02,0,0,0.058762,0.0
Random Weights,Conv1,V2,sub-03,0,0,0.00236,0.229833
Random Weights,Conv1,V3,sub-01,0,0,0.026736,0.0
Random Weights,Conv1,V3,sub-02,0,0,0.036431,0.0
Random Weights,Conv1,V3,sub-03,0,0,0.005023,0.010609
Random Weights,Conv1,V4,sub-01,0,0,0.014026,0.0
Random Weights,Conv1,V4,sub-02,0,0,0.010192,0.0
Random Weights,Conv1,V4,sub-03,0,0,0.004252,0.030525
Random Weights,Conv1,LOC,sub-01,0,0,0.006741,0.000604
Random Weights,Conv1,LOC,sub-02,0,0,-0.009023,4e-06
Random Weights,Conv1,LOC,sub-03,0,0,-0.000855,0.663753
Random Weights,Conv1,IT,sub-01,0,0,0.006767,0.000576
Random Weights,Conv1,IT,sub-02,0,0,-0.000732,0.70977
Random Weights,Conv1,IT,sub-03,0,0,0.002605,0.185085
Random Weights,Conv2,V1,sub-01,0,0,0.067645,0.0
Random Weights,Conv2,V1,sub-02,0,0,0.109573,0.0
Random Weights,Conv2,V1,sub-03,0,0,0.016819,0.0
Random Weights,Conv2,V2,sub-01,0,0,0.041978,0.0
Random Weights,Conv2,V2,sub-02,0,0,0.069501,0.0
Random Weights,Conv2,V2,sub-03,0,0,0.002487,0.205745
Random Weights,Conv2,V3,sub-01,0,0,0.031084,0.0
Random Weights,Conv2,V3,sub-02,0,0,0.047485,0.0
Random Weights,Conv2,V3,sub-03,0,0,0.005243,0.007641
Random Weights,Conv2,V4,sub-01,0,0,0.015809,0.0
Random Weights,Conv2,V4,sub-02,0,0,0.011377,0.0
Random Weights,Conv2,V4,sub-03,0,0,0.003718,0.058534
Random Weights,Conv2,LOC,sub-01,0,0,0.006506,0.000933
Random Weights,Conv2,LOC,sub-02,0,0,-0.012063,0.0
Random Weights,Conv2,LOC,sub-03,0,0,-0.002804,0.153713
Random Weights,Conv2,IT,sub-01,0,0,0.007344,0.000187
Random Weights,Conv2,IT,sub-02,0,0,-0.002031,0.301401
Random Weights,Conv2,IT,sub-03,0,0,0.002482,0.20659
Random Weights,Conv3,V1,sub-01,0,0,0.071528,0.0
Random Weights,Conv3,V1,sub-02,0,0,0.116348,0.0
Random Weights,Conv3,V1,sub-03,0,0,0.017223,0.0
Random Weights,Conv3,V2,sub-01,0,0,0.043912,0.0
Random Weights,Conv3,V2,sub-02,0,0,0.074714,0.0
Random Weights,Conv3,V2,sub-03,0,0,0.002561,0.192616
Random Weights,Conv3,V3,sub-01,0,0,0.033078,0.0
Random Weights,Conv3,V3,sub-02,0,0,0.052823,0.0
Random Weights,Conv3,V3,sub-03,0,0,0.004981,0.011278
Random Weights,Conv3,V4,sub-01,0,0,0.016917,0.0
Random Weights,Conv3,V4,sub-02,0,0,0.013798,0.0
Random Weights,Conv3,V4,sub-03,0,0,0.002882,0.14262
Random Weights,Conv3,LOC,sub-01,0,0,0.005938,0.002519
Random Weights,Conv3,LOC,sub-02,0,0,-0.014037,0.0
Random Weights,Conv3,LOC,sub-03,0,0,-0.003117,0.112789
Random Weights,Conv3,IT,sub-01,0,0,0.007262,0.00022
Random Weights,Conv3,IT,sub-02,0,0,-0.002778,0.157498
Random Weights,Conv3,IT,sub-03,0,0,0.002013,0.305884
Random Weights,FC1,V1,sub-01,0,0,0.121403,0.0
Random Weights,FC1,V1,sub-02,0,0,0.170759,0.0
Random Weights,FC1,V1,sub-03,0,0,0.027952,0.0
Random Weights,FC1,V2,sub-01,0,0,0.070131,0.0
Random Weights,FC1,V2,sub-02,0,0,0.110121,0.0
Random Weights,FC1,V2,sub-03,0,0,0.006657,0.000707
Random Weights,FC1,V3,sub-01,0,0,0.048966,0.0
Random Weights,FC1,V3,sub-02,0,0,0.091193,0.0
Random Weights,FC1,V3,sub-03,0,0,0.007196,0.000251
Random Weights,FC1,V4,sub-01,0,0,0.027373,0.0
Random Weights,FC1,V4,sub-02,0,0,0.037491,0.0
Random Weights,FC1,V4,sub-03,0,0,-0.00022,0.910725
Random Weights,FC1,LOC,sub-01,0,0,0.002109,0.283296
Random Weights,FC1,LOC,sub-02,0,0,-0.010685,0.0
Random Weights,FC1,LOC,sub-03,0,0,-0.001063,0.588638
Random Weights,FC1,IT,sub-01,0,0,0.003056,0.120015
Random Weights,FC1,IT,sub-02,0,0,0.0088,8e-06
Random Weights,FC1,IT,sub-03,0,0,0.001146,0.559804
Backprop,Conv1,V1,sub-01,0,0,0.060318,0.0
Backprop,Conv1,V1,sub-02,0,0,0.099211,0.0
Backprop,Conv1,V1,sub-03,0,0,0.017059,0.0
Backprop,Conv1,V2,sub-01,0,0,0.037857,0.0
Backprop,Conv1,V2,sub-02,0,0,0.058762,0.0
Backprop,Conv1,V2,sub-03,0,0,0.00236,0.229833
Backprop,Conv1,V3,sub-01,0,0,0.026736,0.0
Backprop,Conv1,V3,sub-02,0,0,0.036431,0.0
Backprop,Conv1,V3,sub-03,0,0,0.005023,0.010609
Backprop,Conv1,V4,sub-01,0,0,0.014026,0.0
Backprop,Conv1,V4,sub-02,0,0,0.010192,0.0
Backprop,Conv1,V4,sub-03,0,0,0.004252,0.030525
Backprop,Conv1,LOC,sub-01,0,0,0.006741,0.000604
Backprop,Conv1,LOC,sub-02,0,0,-0.009023,4e-06
Backprop,Conv1,LOC,sub-03,0,0,-0.000855,0.663753
Backprop,Conv1,IT,sub-01,0,0,0.006767,0.000576
Backprop,Conv1,IT,sub-02,0,0,-0.000732,0.70977
Backprop,Conv1,IT,sub-03,0,0,0.002605,0.185085
Backprop,Conv2,V1,sub-01,0,0,0.067645,0.0
Backprop,Conv2,V1,sub-02,0,0,0.109573,0.0
Backprop,Conv2,V1,sub-03,0,0,0.016819,0.0
Backprop,Conv2,V2,sub-01,0,0,0.041978,0.0
Backprop,Conv2,V2,sub-02,0,0,0.069501,0.0
Backprop,Conv2,V2,sub-03,0,0,0.002487,0.205745
Backprop,Conv2,V3,sub-01,0,0,0.031084,0.0
Backprop,Conv2,V3,sub-02,0,0,0.047485,0.0
Backprop,Conv2,V3,sub-03,0,0,0.005243,0.007641
Backprop,Conv2,V4,sub-01,0,0,0.015809,0.0
Backprop,Conv2,V4,sub-02,0,0,0.011377,0.0
Backprop,Conv2,V4,sub-03,0,0,0.003718,0.058534
Backprop,Conv2,LOC,sub-01,0,0,0.006506,0.000933
Backprop,Conv2,LOC,sub-02,0,0,-0.012063,0.0
Backprop,Conv2,LOC,sub-03,0,0,-0.002804,0.153713
Backprop,Conv2,IT,sub-01,0,0,0.007344,0.000187
Backprop,Conv2,IT,sub-02,0,0,-0.002031,0.301401
Backprop,Conv2,IT,sub-03,0,0,0.002482,0.20659
Backprop,Conv3,V1,sub-01,0,0,0.071528,0.0
Backprop,Conv3,V1,sub-02,0,0,0.116348,0.0
Backprop,Conv3,V1,sub-03,0,0,0.017223,0.0
Backprop,Conv3,V2,sub-01,0,0,0.043912,0.0
Backprop,Conv3,V2,sub-02,0,0,0.074714,0.0
Backprop,Conv3,V2,sub-03,0,0,0.002561,0.192616
Backprop,Conv3,V3,sub-01,0,0,0.033078,0.0
Backprop,Conv3,V3,sub-02,0,0,0.052823,0.0
Backprop,Conv3,V3,sub-03,0,0,0.004981,0.011278
Backprop,Conv3,V4,sub-01,0,0,0.016917,0.0
Backprop,Conv3,V4,sub-02,0,0,0.013798,0.0
Backprop,Conv3,V4,sub-03,0,0,0.002882,0.14262
Backprop,Conv3,LOC,sub-01,0,0,0.005938,0.002519
Backprop,Conv3,LOC,sub-02,0,0,-0.014037,0.0
Backprop,Conv3,LOC,sub-03,0,0,-0.003117,0.112789
Backprop,Conv3,IT,sub-01,0,0,0.007262,0.00022
Backprop,Conv3,IT,sub-02,0,0,-0.002778,0.157498
Backprop,Conv3,IT,sub-03,0,0,0.002013,0.305884
Backprop,FC1,V1,sub-01,0,0,0.121403,0.0
Backprop,FC1,V1,sub-02,0,0,0.170759,0.0
Backprop,FC1,V1,sub-03,0,0,0.027952,0.0
Backprop,FC1,V2,sub-01,0,0,0.070131,0.0
Backprop,FC1,V2,sub-02,0,0,0.110121,0.0
Backprop,FC1,V2,sub-03,0,0,0.006657,0.000707
Backprop,FC1,V3,sub-01,0,0,0.048966,0.0
Backprop,FC1,V3,sub-02,0,0,0.091193,0.0
Backprop,FC1,V3,sub-03,0,0,0.007196,0.000251
Backprop,FC1,V4,sub-01,0,0,0.027373,0.0
Backprop,FC1,V4,sub-02,0,0,0.037491,0.0
Backprop,FC1,V4,sub-03,0,0,-0.00022,0.910725
Backprop,FC1,LOC,sub-01,0,0,0.002109,0.283296
Backprop,FC1,LOC,sub-02,0,0,-0.010685,0.0
Backprop,FC1,LOC,sub-03,0,0,-0.001063,0.588638
Backprop,FC1,IT,sub-01,0,0,0.003056,0.120015
Backprop,FC1,IT,sub-02,0,0,0.0088,8e-06
Backprop,FC1,IT,sub-03,0,0,0.001146,0.559804
Backprop,Conv1,V1,sub-01,0,1,0.004524,0.021355
Backprop,Conv1,V1,sub-02,0,1,0.022196,0.0
Backprop,Conv1,V1,sub-03,0,1,0.003553,0.070672
Backprop,Conv1,V2,sub-01,0,1,0.00161,0.412594
Backprop,Conv1,V2,sub-02,0,1,0.01235,0.0
Backprop,Conv1,V2,sub-03,0,1,0.000434,0.825308
Backprop,Conv1,V3,sub-01,0,1,0.005272,0.007315
Backprop,Conv1,V3,sub-02,0,1,0.013341,0.0
Backprop,Conv1,V3,sub-03,0,1,0.000339,0.863203
Backprop,Conv1,V4,sub-01,0,1,-0.001541,0.433016
Backprop,Conv1,V4,sub-02,0,1,0.00998,0.0
Backprop,Conv1,V4,sub-03,0,1,0.004629,0.018513
Backprop,Conv1,LOC,sub-01,0,1,0.004321,0.027913
Backprop,Conv1,LOC,sub-02,0,1,0.006716,0.000634
Backprop,Conv1,LOC,sub-03,0,1,-6.6e-05,0.973182
Backprop,Conv1,IT,sub-01,0,1,0.005946,0.002487
Backprop,Conv1,IT,sub-02,0,1,0.006516,0.000915
Backprop,Conv1,IT,sub-03,0,1,0.001974,0.315252
Backprop,Conv2,V1,sub-01,0,1,-0.003897,0.047393
Backprop,Conv2,V1,sub-02,0,1,-0.001423,0.469013
Backprop,Conv2,V1,sub-03,0,1,0.004862,0.013375
Backprop,Conv2,V2,sub-01,0,1,0.00146,0.45769
Backprop,Conv2,V2,sub-02,0,1,-0.00294,0.134659
Backprop,Conv2,V2,sub-03,0,1,0.002177,0.268052
Backprop,Conv2,V3,sub-01,0,1,0.003908,0.046784
Backprop,Conv2,V3,sub-02,0,1,-0.002578,0.189611
Backprop,Conv2,V3,sub-03,0,1,0.002755,0.160949
Backprop,Conv2,V4,sub-01,0,1,-0.00343,0.080933
Backprop,Conv2,V4,sub-02,0,1,0.000562,0.775124
Backprop,Conv2,V4,sub-03,0,1,0.009306,2e-06
Backprop,Conv2,LOC,sub-01,0,1,0.006184,0.001653
Backprop,Conv2,LOC,sub-02,0,1,0.006254,0.001463
Backprop,Conv2,LOC,sub-03,0,1,7.1e-05,0.971112
Backprop,Conv2,IT,sub-01,0,1,0.008535,1.4e-05
Backprop,Conv2,IT,sub-02,0,1,0.005249,0.007577
Backprop,Conv2,IT,sub-03,0,1,0.000895,0.648986
Backprop,Conv3,V1,sub-01,0,1,-0.015935,0.0
Backprop,Conv3,V1,sub-02,0,1,-0.025207,0.0
Backprop,Conv3,V1,sub-03,0,1,0.003284,0.094795
Backprop,Conv3,V2,sub-01,0,1,-0.003008,0.125955
Backprop,Conv3,V2,sub-02,0,1,-0.016117,0.0
Backprop,Conv3,V2,sub-03,0,1,0.001904,0.332653
Backprop,Conv3,V3,sub-01,0,1,-0.001597,0.416419
Backprop,Conv3,V3,sub-02,0,1,-0.014787,0.0
Backprop,Conv3,V3,sub-03,0,1,0.002918,0.137644
Backprop,Conv3,V4,sub-01,0,1,-0.006471,0.000995
Backprop,Conv3,V4,sub-02,0,1,-0.00432,0.02797
Backprop,Conv3,V4,sub-03,0,1,0.009496,1e-06
Backprop,Conv3,LOC,sub-01,0,1,0.004557,0.020436
Backprop,Conv3,LOC,sub-02,0,1,0.005198,0.008176
Backprop,Conv3,LOC,sub-03,0,1,0.00092,0.6398
Backprop,Conv3,IT,sub-01,0,1,0.005963,0.002414
Backprop,Conv3,IT,sub-02,0,1,0.002502,0.203092
Backprop,Conv3,IT,sub-03,0,1,0.001128,0.566046
Backprop,FC1,V1,sub-01,0,1,-0.006381,0.001168
Backprop,FC1,V1,sub-02,0,1,-0.009462,1e-06
Backprop,FC1,V1,sub-03,0,1,0.006594,0.000795
Backprop,FC1,V2,sub-01,0,1,0.002225,0.257735
Backprop,FC1,V2,sub-02,0,1,-0.001814,0.356135
Backprop,FC1,V2,sub-03,0,1,0.00322,0.101384
Backprop,FC1,V3,sub-01,0,1,0.001334,0.497417
Backprop,FC1,V3,sub-02,0,1,-0.000761,0.698446
Backprop,FC1,V3,sub-03,0,1,0.002712,0.167615
Backprop,FC1,V4,sub-01,0,1,-0.003715,0.058734
Backprop,FC1,V4,sub-02,0,1,0.002598,0.186283
Backprop,FC1,V4,sub-03,0,1,0.009627,1e-06
Backprop,FC1,LOC,sub-01,0,1,0.002969,0.130974
Backprop,FC1,LOC,sub-02,0,1,0.008527,1.4e-05
Backprop,FC1,LOC,sub-03,0,1,0.002155,0.272948
Backprop,FC1,IT,sub-01,0,1,0.004125,0.035847
Backprop,FC1,IT,sub-02,0,1,0.00698,0.000384
Backprop,FC1,IT,sub-03,0,1,0.002055,0.295813
Backprop,Conv1,V1,sub-01,0,2,0.009803,1e-06
Backprop,Conv1,V1,sub-02,0,2,0.032287,0.0
Backprop,Conv1,V1,sub-03,0,2,0.005307,0.006938
Backprop,Conv1,V2,sub-01,0,2,0.004638,0.018284
Backprop,Conv1,V2,sub-02,0,2,0.019242,0.0
Backprop,Conv1,V2,sub-03,0,2,0.001255,0.523071
Backprop,Conv1,V3,sub-01,0,2,0.007623,0.000105
Backprop,Conv1,V3,sub-02,0,2,0.018503,0.0
Backprop,Conv1,V3,sub-03,0,2,0.000878,0.65506
Backprop,Conv1,V4,sub-01,0,2,-6.9e-05,0.972074
Backprop,Conv1,V4,sub-02,0,2,0.0131,0.0
Backprop,Conv1,V4,sub-03,0,2,0.004423,0.024436
Backprop,Conv1,LOC,sub-01,0,2,0.004676,0.017368
Backprop,Conv1,LOC,sub-02,0,2,0.006877,0.000467
Backprop,Conv1,LOC,sub-03,0,2,0.000353,0.857455
Backprop,Conv1,IT,sub-01,0,2,0.005915,0.00262
Backprop,Conv1,IT,sub-02,0,2,0.007429,0.000157
Backprop,Conv1,IT,sub-03,0,2,0.002165,0.270626
Backprop,Conv2,V1,sub-01,0,2,-0.000327,0.867855
Backprop,Conv2,V1,sub-02,0,2,0.000851,0.664911
Backprop,Conv2,V1,sub-03,0,2,0.006816,0.000525
Backprop,Conv2,V2,sub-01,0,2,0.003329,0.090318
Backprop,Conv2,V2,sub-02,0,2,-0.002433,0.215693
Backprop,Conv2,V2,sub-03,0,2,0.003237,0.09958
Backprop,Conv2,V3,sub-01,0,2,0.005633,0.004157
Backprop,Conv2,V3,sub-02,0,2,-0.003236,0.09964
Backprop,Conv2,V3,sub-03,0,2,0.003781,0.054376
Backprop,Conv2,V4,sub-01,0,2,-0.002609,0.18446
Backprop,Conv2,V4,sub-02,0,2,-0.000289,0.883281
Backprop,Conv2,V4,sub-03,0,2,0.010238,0.0
Backprop,Conv2,LOC,sub-01,0,2,0.005918,0.002604
Backprop,Conv2,LOC,sub-02,0,2,0.007059,0.000329
Backprop,Conv2,LOC,sub-03,0,2,0.000711,0.717595
Backprop,Conv2,IT,sub-01,0,2,0.007811,7.1e-05
Backprop,Conv2,IT,sub-02,0,2,0.005193,0.008238
Backprop,Conv2,IT,sub-03,0,2,0.000697,0.722717
Backprop,Conv3,V1,sub-01,0,2,-0.014084,0.0
Backprop,Conv3,V1,sub-02,0,2,-0.022154,0.0
Backprop,Conv3,V1,sub-03,0,2,0.005143,0.008885
Backprop,Conv3,V2,sub-01,0,2,-0.003855,0.049825
Backprop,Conv3,V2,sub-02,0,2,-0.016002,0.0
Backprop,Conv3,V2,sub-03,0,2,0.002354,0.231161
Backprop,Conv3,V3,sub-01,0,2,-0.00125,0.524788
Backprop,Conv3,V3,sub-02,0,2,-0.015111,0.0
Backprop,Conv3,V3,sub-03,0,2,0.003077,0.117427
Backprop,Conv3,V4,sub-01,0,2,-0.006239,0.001504
Backprop,Conv3,V4,sub-02,0,2,-0.005467,0.00541
Backprop,Conv3,V4,sub-03,0,2,0.010459,0.0
Backprop,Conv3,LOC,sub-01,0,2,0.003914,0.046475
Backprop,Conv3,LOC,sub-02,0,2,0.007732,8.4e-05
Backprop,Conv3,LOC,sub-03,0,2,0.002193,0.26447
Backprop,Conv3,IT,sub-01,0,2,0.005342,0.00657
Backprop,Conv3,IT,sub-02,0,2,0.003589,0.067865
Backprop,Conv3,IT,sub-03,0,2,0.00204,0.299233
Backprop,FC1,V1,sub-01,0,2,-0.003825,0.051661
Backprop,FC1,V1,sub-02,0,2,-0.009409,2e-06
Backprop,FC1,V1,sub-03,0,2,0.008201,3e-05
Backprop,FC1,V2,sub-01,0,2,0.0043,0.028677
Backprop,FC1,V2,sub-02,0,2,-0.003847,0.05032
Backprop,FC1,V2,sub-03,0,2,0.003239,0.099342
Backprop,FC1,V3,sub-01,0,2,0.002433,0.215752
Backprop,FC1,V3,sub-02,0,2,-0.002323,0.237284
Backprop,FC1,V3,sub-03,0,2,0.002943,0.13427
Backprop,FC1,V4,sub-01,0,2,-0.00351,0.074168
Backprop,FC1,V4,sub-02,0,2,0.001455,0.459144
Backprop,FC1,V4,sub-03,0,2,0.010408,0.0
Backprop,FC1,LOC,sub-01,0,2,0.002172,0.269121
Backprop,FC1,LOC,sub-02,0,2,0.012776,0.0
Backprop,FC1,LOC,sub-03,0,2,0.003818,0.052082
Backprop,FC1,IT,sub-01,0,2,0.003357,0.087639
Backprop,FC1,IT,sub-02,0,2,0.008952,5e-06
Backprop,FC1,IT,sub-03,0,2,0.002713,0.167554
Backprop,Conv1,V1,sub-01,0,5,0.010386,0.0
Backprop,Conv1,V1,sub-02,0,5,0.031993,0.0
Backprop,Conv1,V1,sub-03,0,5,0.005738,0.003507
Backprop,Conv1,V2,sub-01,0,5,0.00495,0.011786
Backprop,Conv1,V2,sub-02,0,5,0.018725,0.0
Backprop,Conv1,V2,sub-03,0,5,0.001794,0.361472
Backprop,Conv1,V3,sub-01,0,5,0.007845,6.6e-05
Backprop,Conv1,V3,sub-02,0,5,0.018212,0.0
Backprop,Conv1,V3,sub-03,0,5,0.001591,0.418304
Backprop,Conv1,V4,sub-01,0,5,-7e-05,0.971595
Backprop,Conv1,V4,sub-02,0,5,0.014231,0.0
Backprop,Conv1,V4,sub-03,0,5,0.004565,0.020218
Backprop,Conv1,LOC,sub-01,0,5,0.005073,0.009851
Backprop,Conv1,LOC,sub-02,0,5,0.007045,0.000338
Backprop,Conv1,LOC,sub-03,0,5,0.000883,0.653161
Backprop,Conv1,IT,sub-01,0,5,0.006509,0.000927
Backprop,Conv1,IT,sub-02,0,5,0.007436,0.000155
Backprop,Conv1,IT,sub-03,0,5,0.002618,0.182838
Backprop,Conv2,V1,sub-01,0,5,-0.01568,0.0
Backprop,Conv2,V1,sub-02,0,5,-0.02862,0.0
Backprop,Conv2,V1,sub-03,0,5,0.004084,0.037747
Backprop,Conv2,V2,sub-01,0,5,-0.004573,0.019986
Backprop,Conv2,V2,sub-02,0,5,-0.021067,0.0
Backprop,Conv2,V2,sub-03,0,5,0.003968,0.043511
Backprop,Conv2,V3,sub-01,0,5,-0.001161,0.554837
Backprop,Conv2,V3,sub-02,0,5,-0.017596,0.0
Backprop,Conv2,V3,sub-03,0,5,0.003889,0.04786
Backprop,Conv2,V4,sub-01,0,5,-0.006438,0.001054
Backprop,Conv2,V4,sub-02,0,5,-0.004047,0.039502
Backprop,Conv2,V4,sub-03,0,5,0.009497,1e-06
Backprop,Conv2,LOC,sub-01,0,5,0.006178,0.001673
Backprop,Conv2,LOC,sub-02,0,5,0.005863,0.002856
Backprop,Conv2,LOC,sub-03,0,5,0.001296,0.509629
Backprop,Conv2,IT,sub-01,0,5,0.008258,2.7e-05
Backprop,Conv2,IT,sub-02,0,5,0.001835,0.350554
Backprop,Conv2,IT,sub-03,0,5,0.001924,0.327573
Backprop,Conv3,V1,sub-01,0,5,-0.017808,0.0
Backprop,Conv3,V1,sub-02,0,5,-0.037434,0.0
Backprop,Conv3,V1,sub-03,0,5,0.003748,0.05653
Backprop,Conv3,V2,sub-01,0,5,-0.006415,0.0011
Backprop,Conv3,V2,sub-02,0,5,-0.029411,0.0
Backprop,Conv3,V2,sub-03,0,5,0.00385,0.050167
Backprop,Conv3,V3,sub-01,0,5,-0.003832,0.051237
Backprop,Conv3,V3,sub-02,0,5,-0.025374,0.0
Backprop,Conv3,V3,sub-03,0,5,0.00365,0.063301
Backprop,Conv3,V4,sub-01,0,5,-0.008016,4.5e-05
Backprop,Conv3,V4,sub-02,0,5,-0.002009,0.306711
Backprop,Conv3,V4,sub-03,0,5,0.008963,5e-06
Backprop,Conv3,LOC,sub-01,0,5,0.005624,0.004219
Backprop,Conv3,LOC,sub-02,0,5,0.006603,0.000782
Backprop,Conv3,LOC,sub-03,0,5,0.002472,0.208564
Backprop,Conv3,IT,sub-01,0,5,0.007959,5.1e-05
Backprop,Conv3,IT,sub-02,0,5,0.000488,0.803992
Backprop,Conv3,IT,sub-03,0,5,0.003252,0.098016
Backprop,FC1,V1,sub-01,0,5,-0.018789,0.0
Backprop,FC1,V1,sub-02,0,5,-0.039415,0.0
Backprop,FC1,V1,sub-03,0,5,0.004435,0.024038
Backprop,FC1,V2,sub-01,0,5,-0.003399,0.083769
Backprop,FC1,V2,sub-02,0,5,-0.024287,0.0
Backprop,FC1,V2,sub-03,0,5,0.005368,0.006311
Backprop,FC1,V3,sub-01,0,5,-0.003538,0.07187
Backprop,FC1,V3,sub-02,0,5,-0.019213,0.0
Backprop,FC1,V3,sub-03,0,5,0.003918,0.046226
Backprop,FC1,V4,sub-01,0,5,-0.006233,0.001518
Backprop,FC1,V4,sub-02,0,5,0.001959,0.31901
Backprop,FC1,V4,sub-03,0,5,0.009924,0.0
Backprop,FC1,LOC,sub-01,0,5,0.004234,0.031221
Backprop,FC1,LOC,sub-02,0,5,0.010049,0.0
Backprop,FC1,LOC,sub-03,0,5,0.00461,0.018996
Backprop,FC1,IT,sub-01,0,5,0.006391,0.001149
Backprop,FC1,IT,sub-02,0,5,0.004241,0.030972
Backprop,FC1,IT,sub-03,0,5,0.005389,0.006108
Backprop,Conv1,V1,sub-01,0,10,0.012471,0.0
Backprop,Conv1,V1,sub-02,0,10,0.032298,0.0
Backprop,Conv1,V1,sub-03,0,10,0.005956,0.002445
Backprop,Conv1,V2,sub-01,0,10,0.005725,0.003583
Backprop,Conv1,V2,sub-02,0,10,0.018722,0.0
Backprop,Conv1,V2,sub-03,0,10,0.001889,0.336507
Backprop,Conv1,V3,sub-01,0,10,0.008138,3.5e-05
Backprop,Conv1,V3,sub-02,0,10,0.01788,0.0
Backprop,Conv1,V3,sub-03,0,10,0.001867,0.34221
Backprop,Conv1,V4,sub-01,0,10,0.000513,0.793997
Backprop,Conv1,V4,sub-02,0,10,0.014223,0.0
Backprop,Conv1,V4,sub-03,0,10,0.00455,0.020632
Backprop,Conv1,LOC,sub-01,0,10,0.0056,0.004384
Backprop,Conv1,LOC,sub-02,0,10,0.006882,0.000463
Backprop,Conv1,LOC,sub-03,0,10,0.001236,0.529458
Backprop,Conv1,IT,sub-01,0,10,0.007254,0.000224
Backprop,Conv1,IT,sub-02,0,10,0.00736,0.000181
Backprop,Conv1,IT,sub-03,0,10,0.002748,0.16215
Backprop,Conv2,V1,sub-01,0,10,-0.021369,0.0
Backprop,Conv2,V1,sub-02,0,10,-0.040561,0.0
Backprop,Conv2,V1,sub-03,0,10,0.003105,0.114143
Backprop,Conv2,V2,sub-01,0,10,-0.008517,1.5e-05
Backprop,Conv2,V2,sub-02,0,10,-0.031693,0.0
Backprop,Conv2,V2,sub-03,0,10,0.003311,0.092072
Backprop,Conv2,V3,sub-01,0,10,-0.004486,0.022479
Backprop,Conv2,V3,sub-02,0,10,-0.027547,0.0
Backprop,Conv2,V3,sub-03,0,10,0.003865,0.049249
Backprop,Conv2,V4,sub-01,0,10,-0.007694,9.1e-05
Backprop,Conv2,V4,sub-02,0,10,-0.006201,0.001605
Backprop,Conv2,V4,sub-03,0,10,0.010459,0.0
Backprop,Conv2,LOC,sub-01,0,10,0.006545,0.000868
Backprop,Conv2,LOC,sub-02,0,10,0.00611,0.001881
Backprop,Conv2,LOC,sub-03,0,10,0.00187,0.341292
Backprop,Conv2,IT,sub-01,0,10,0.009293,2e-06
Backprop,Conv2,IT,sub-02,0,10,0.000274,0.889173
Backprop,Conv2,IT,sub-03,0,10,0.002564,0.192023
Backprop,Conv3,V1,sub-01,0,10,-0.022644,0.0
Backprop,Conv3,V1,sub-02,0,10,-0.042304,0.0
Backprop,Conv3,V1,sub-03,0,10,0.00251,0.201639
Backprop,Conv3,V2,sub-01,0,10,-0.011291,0.0
Backprop,Conv3,V2,sub-02,0,10,-0.034415,0.0
Backprop,Conv3,V2,sub-03,0,10,0.002851,0.146986
Backprop,Conv3,V3,sub-01,0,10,-0.006244,0.001489
Backprop,Conv3,V3,sub-02,0,10,-0.029523,0.0
Backprop,Conv3,V3,sub-03,0,10,0.003033,0.122807
Backprop,Conv3,V4,sub-01,0,10,-0.008975,5e-06
Backprop,Conv3,V4,sub-02,0,10,-0.000303,0.877573
Backprop,Conv3,V4,sub-03,0,10,0.009048,4e-06
Backprop,Conv3,LOC,sub-01,0,10,0.006269,0.001426
Backprop,Conv3,LOC,sub-02,0,10,0.009345,2e-06
Backprop,Conv3,LOC,sub-03,0,10,0.003896,0.047459
Backprop,Conv3,IT,sub-01,0,10,0.00897,5e-06
Backprop,Conv3,IT,sub-02,0,10,0.001416,0.471144
Backprop,Conv3,IT,sub-03,0,10,0.004145,0.034979
Backprop,FC1,V1,sub-01,0,10,-0.007713,8.7e-05
Backprop,FC1,V1,sub-02,0,10,-0.025858,0.0
Backprop,FC1,V1,sub-03,0,10,0.006519,0.00091
Backprop,FC1,V2,sub-01,0,10,0.000701,0.721535
Backprop,FC1,V2,sub-02,0,10,-0.018005,0.0
Backprop,FC1,V2,sub-03,0,10,0.005432,0.005718
Backprop,FC1,V3,sub-01,0,10,-3.3e-05,0.98673
Backprop,FC1,V3,sub-02,0,10,-0.015377,0.0
Backprop,FC1,V3,sub-03,0,10,0.005001,0.010947
Backprop,FC1,V4,sub-01,0,10,-0.003681,0.061087
Backprop,FC1,V4,sub-02,0,10,0.004927,0.012188
Backprop,FC1,V4,sub-03,0,10,0.009821,1e-06
Backprop,FC1,LOC,sub-01,0,10,0.007248,0.000227
Backprop,FC1,LOC,sub-02,0,10,0.009258,2e-06
Backprop,FC1,LOC,sub-03,0,10,0.004356,0.026672
Backprop,FC1,IT,sub-01,0,10,0.009634,1e-06
Backprop,FC1,IT,sub-02,0,10,0.003649,0.063385
Backprop,FC1,IT,sub-03,0,10,0.005741,0.003493
Backprop,Conv1,V1,sub-01,0,20,0.010934,0.0
Backprop,Conv1,V1,sub-02,0,20,0.027192,0.0
Backprop,Conv1,V1,sub-03,0,20,0.005509,0.005069
Backprop,Conv1,V2,sub-01,0,20,0.004972,0.011424
Backprop,Conv1,V2,sub-02,0,20,0.015879,0.0
Backprop,Conv1,V2,sub-03,0,20,0.001963,0.317848
Backprop,Conv1,V3,sub-01,0,20,0.007532,0.000127
Backprop,Conv1,V3,sub-02,0,20,0.016437,0.0
Backprop,Conv1,V3,sub-03,0,20,0.002293,0.243415
Backprop,Conv1,V4,sub-01,0,20,0.00021,0.915042
Backprop,Conv1,V4,sub-02,0,20,0.013728,0.0
Backprop,Conv1,V4,sub-03,0,20,0.004971,0.011442
Backprop,Conv1,LOC,sub-01,0,20,0.005564,0.004641
Backprop,Conv1,LOC,sub-02,0,20,0.007639,0.000102
Backprop,Conv1,LOC,sub-03,0,20,0.001011,0.606882
Backprop,Conv1,IT,sub-01,0,20,0.007616,0.000107
Backprop,Conv1,IT,sub-02,0,20,0.007465,0.000146
Backprop,Conv1,IT,sub-03,0,20,0.002831,0.149717
Backprop,Conv2,V1,sub-01,0,20,-0.025768,0.0
Backprop,Conv2,V1,sub-02,0,20,-0.051314,0.0
Backprop,Conv2,V1,sub-03,0,20,0.00199,0.311354
Backprop,Conv2,V2,sub-01,0,20,-0.011047,0.0
Backprop,Conv2,V2,sub-02,0,20,-0.040242,0.0
Backprop,Conv2,V2,sub-03,0,20,0.003001,0.126859
Backprop,Conv2,V3,sub-01,0,20,-0.007022,0.000353
Backprop,Conv2,V3,sub-02,0,20,-0.036604,0.0
Backprop,Conv2,V3,sub-03,0,20,0.004,0.04185
Backprop,Conv2,V4,sub-01,0,20,-0.008444,1.7e-05
Backprop,Conv2,V4,sub-02,0,20,-0.008525,1.4e-05
Backprop,Conv2,V4,sub-03,0,20,0.010589,0.0
Backprop,Conv2,LOC,sub-01,0,20,0.00634,0.001257
Backprop,Conv2,LOC,sub-02,0,20,0.006436,0.00106
Backprop,Conv2,LOC,sub-03,0,20,0.002313,0.239332
Backprop,Conv2,IT,sub-01,0,20,0.009217,3e-06
Backprop,Conv2,IT,sub-02,0,20,-0.001078,0.583555
Backprop,Conv2,IT,sub-03,0,20,0.002669,0.174467
Backprop,Conv3,V1,sub-01,0,20,-0.022342,0.0
Backprop,Conv3,V1,sub-02,0,20,-0.043708,0.0
Backprop,Conv3,V1,sub-03,0,20,0.001886,0.337306
Backprop,Conv3,V2,sub-01,0,20,-0.010513,0.0
Backprop,Conv3,V2,sub-02,0,20,-0.038952,0.0
Backprop,Conv3,V2,sub-03,0,20,0.002476,0.207721
Backprop,Conv3,V3,sub-01,0,20,-0.006332,0.001276
Backprop,Conv3,V3,sub-02,0,20,-0.035994,0.0
Backprop,Conv3,V3,sub-03,0,20,0.003177,0.106001
Backprop,Conv3,V4,sub-01,0,20,-0.008097,3.8e-05
Backprop,Conv3,V4,sub-02,0,20,-0.002545,0.195472
Backprop,Conv3,V4,sub-03,0,20,0.008945,5e-06
Backprop,Conv3,LOC,sub-01,0,20,0.006379,0.001172
Backprop,Conv3,LOC,sub-02,0,20,0.008572,1.3e-05
Backprop,Conv3,LOC,sub-03,0,20,0.00444,0.023902
Backprop,Conv3,IT,sub-01,0,20,0.009274,2e-06
Backprop,Conv3,IT,sub-02,0,20,-0.000353,0.857598
Backprop,Conv3,IT,sub-03,0,20,0.004436,0.024025
Backprop,FC1,V1,sub-01,0,20,-0.013559,0.0
Backprop,FC1,V1,sub-02,0,20,-0.021679,0.0
Backprop,FC1,V1,sub-03,0,20,0.003767,0.055276
Backprop,FC1,V2,sub-01,0,20,-0.002442,0.214052
Backprop,FC1,V2,sub-02,0,20,-0.013697,0.0
Backprop,FC1,V2,sub-03,0,20,0.003076,0.117588
Backprop,FC1,V3,sub-01,0,20,-0.001244,0.526959
Backprop,FC1,V3,sub-02,0,20,-0.010297,0.0
Backprop,FC1,V3,sub-03,0,20,0.003729,0.057783
Backprop,FC1,V4,sub-01,0,20,-0.004438,0.023966
Backprop,FC1,V4,sub-02,0,20,0.007365,0.000179
Backprop,FC1,V4,sub-03,0,20,0.008834,7e-06
Backprop,FC1,LOC,sub-01,0,20,0.009139,3e-06
Backprop,FC1,LOC,sub-02,0,20,0.012485,0.0
Backprop,FC1,LOC,sub-03,0,20,0.007684,9.3e-05
Backprop,FC1,IT,sub-01,0,20,0.011223,0.0
Backprop,FC1,IT,sub-02,0,20,0.007168,0.000266
Backprop,FC1,IT,sub-03,0,20,0.006064,0.002035
Backprop,Conv1,V1,sub-01,0,30,0.014461,0.0
Backprop,Conv1,V1,sub-02,0,30,0.033006,0.0
Backprop,Conv1,V1,sub-03,0,30,0.0063,0.00135
Backprop,Conv1,V2,sub-01,0,30,0.006961,0.000398
Backprop,Conv1,V2,sub-02,0,30,0.020019,0.0
Backprop,Conv1,V2,sub-03,0,30,0.002308,0.240272
Backprop,Conv1,V3,sub-01,0,30,0.008969,5e-06
Backprop,Conv1,V3,sub-02,0,30,0.019516,0.0
Backprop,Conv1,V3,sub-03,0,30,0.002564,0.192157
Backprop,Conv1,V4,sub-01,0,30,0.001211,0.53768
Backprop,Conv1,V4,sub-02,0,30,0.015216,0.0
Backprop,Conv1,V4,sub-03,0,30,0.004716,0.016433
Backprop,Conv1,LOC,sub-01,0,30,0.005583,0.004504
Backprop,Conv1,LOC,sub-02,0,30,0.007519,0.000131
Backprop,Conv1,LOC,sub-03,0,30,0.000783,0.690215
Backprop,Conv1,IT,sub-01,0,30,0.007363,0.00018
Backprop,Conv1,IT,sub-02,0,30,0.00789,6e-05
Backprop,Conv1,IT,sub-03,0,30,0.002697,0.169977
Backprop,Conv2,V1,sub-01,0,30,-0.021642,0.0
Backprop,Conv2,V1,sub-02,0,30,-0.046511,0.0
Backprop,Conv2,V1,sub-03,0,30,0.00282,0.151386
Backprop,Conv2,V2,sub-01,0,30,-0.009218,3e-06
Backprop,Conv2,V2,sub-02,0,30,-0.037344,0.0
Backprop,Conv2,V2,sub-03,0,30,0.003343,0.089012
Backprop,Conv2,V3,sub-01,0,30,-0.00553,0.004901
Backprop,Conv2,V3,sub-02,0,30,-0.033215,0.0
Backprop,Conv2,V3,sub-03,0,30,0.004669,0.017524
Backprop,Conv2,V4,sub-01,0,30,-0.007658,9.8e-05
Backprop,Conv2,V4,sub-02,0,30,-0.007683,9.3e-05
Backprop,Conv2,V4,sub-03,0,30,0.010506,0.0
Backprop,Conv2,LOC,sub-01,0,30,0.006535,0.000884
Backprop,Conv2,LOC,sub-02,0,30,0.00619,0.001635
Backprop,Conv2,LOC,sub-03,0,30,0.002202,0.262592
Backprop,Conv2,IT,sub-01,0,30,0.009664,1e-06
Backprop,Conv2,IT,sub-02,0,30,-0.000575,0.769819
Backprop,Conv2,IT,sub-03,0,30,0.002532,0.197757
Backprop,Conv3,V1,sub-01,0,30,-0.024312,0.0
Backprop,Conv3,V1,sub-02,0,30,-0.041118,0.0
Backprop,Conv3,V1,sub-03,0,30,0.001553,0.429383
Backprop,Conv3,V2,sub-01,0,30,-0.012721,0.0
Backprop,Conv3,V2,sub-02,0,30,-0.036338,0.0
Backprop,Conv3,V2,sub-03,0,30,0.002312,0.239585
Backprop,Conv3,V3,sub-01,0,30,-0.007489,0.000139
Backprop,Conv3,V3,sub-02,0,30,-0.033725,0.0
Backprop,Conv3,V3,sub-03,0,30,0.003087,0.116255
Backprop,Conv3,V4,sub-01,0,30,-0.008086,3.9e-05
Backprop,Conv3,V4,sub-02,0,30,-0.000296,0.880181
Backprop,Conv3,V4,sub-03,0,30,0.009245,3e-06
Backprop,Conv3,LOC,sub-01,0,30,0.007077,0.000318
Backprop,Conv3,LOC,sub-02,0,30,0.011157,0.0
Backprop,Conv3,LOC,sub-03,0,30,0.004676,0.017363
Backprop,Conv3,IT,sub-01,0,30,0.010422,0.0
Backprop,Conv3,IT,sub-02,0,30,0.000929,0.636379
Backprop,Conv3,IT,sub-03,0,30,0.004232,0.031318
Backprop,FC1,V1,sub-01,0,30,-0.011026,0.0
Backprop,FC1,V1,sub-02,0,30,-0.019146,0.0
Backprop,FC1,V1,sub-03,0,30,0.005241,0.007668
Backprop,FC1,V2,sub-01,0,30,-0.002028,0.302241
Backprop,FC1,V2,sub-02,0,30,-0.006133,0.001806
Backprop,FC1,V2,sub-03,0,30,0.005293,0.007089
Backprop,FC1,V3,sub-01,0,30,-0.001699,0.387434
Backprop,FC1,V3,sub-02,0,30,-0.00443,0.024209
Backprop,FC1,V3,sub-03,0,30,0.004079,0.037972
Backprop,FC1,V4,sub-01,0,30,-0.003338,0.089439
Backprop,FC1,V4,sub-02,0,30,0.008492,1.6e-05
Backprop,FC1,V4,sub-03,0,30,0.010393,0.0
Backprop,FC1,LOC,sub-01,0,30,0.011002,0.0
Backprop,FC1,LOC,sub-02,0,30,0.016614,0.0
Backprop,FC1,LOC,sub-03,0,30,0.006446,0.00104
Backprop,FC1,IT,sub-01,0,30,0.013301,0.0
Backprop,FC1,IT,sub-02,0,30,0.009849,1e-06
Backprop,FC1,IT,sub-03,0,30,0.005849,0.002922
Backprop,Conv1,V1,sub-01,0,40,0.013257,0.0
Backprop,Conv1,V1,sub-02,0,40,0.032408,0.0
Backprop,Conv1,V1,sub-03,0,40,0.006233,0.001517
Backprop,Conv1,V2,sub-01,0,40,0.006291,0.001372
Backprop,Conv1,V2,sub-02,0,40,0.020005,0.0
Backprop,Conv1,V2,sub-03,0,40,0.002323,0.237237
Backprop,Conv1,V3,sub-01,0,40,0.008564,1.3e-05
Backprop,Conv1,V3,sub-02,0,40,0.019743,0.0
Backprop,Conv1,V3,sub-03,0,40,0.002489,0.205426
Backprop,Conv1,V4,sub-01,0,40,0.000897,0.648269
Backprop,Conv1,V4,sub-02,0,40,0.015168,0.0
Backprop,Conv1,V4,sub-03,0,40,0.004794,0.014733
Backprop,Conv1,LOC,sub-01,0,40,0.005451,0.005549
Backprop,Conv1,LOC,sub-02,0,40,0.008011,4.6e-05
Backprop,Conv1,LOC,sub-03,0,40,0.000827,0.67396
Backprop,Conv1,IT,sub-01,0,40,0.007215,0.000242
Backprop,Conv1,IT,sub-02,0,40,0.008214,2.9e-05
Backprop,Conv1,IT,sub-03,0,40,0.002777,0.157744
Backprop,Conv2,V1,sub-01,0,40,-0.023163,0.0
Backprop,Conv2,V1,sub-02,0,40,-0.048297,0.0
Backprop,Conv2,V1,sub-03,0,40,0.002347,0.232529
Backprop,Conv2,V2,sub-01,0,40,-0.009777,1e-06
Backprop,Conv2,V2,sub-02,0,40,-0.038471,0.0
Backprop,Conv2,V2,sub-03,0,40,0.003112,0.113312
Backprop,Conv2,V3,sub-01,0,40,-0.005995,0.002288
Backprop,Conv2,V3,sub-02,0,40,-0.034272,0.0
Backprop,Conv2,V3,sub-03,0,40,0.004463,0.023184
Backprop,Conv2,V4,sub-01,0,40,-0.007954,5.2e-05
Backprop,Conv2,V4,sub-02,0,40,-0.008506,1.5e-05
Backprop,Conv2,V4,sub-03,0,40,0.010582,0.0
Backprop,Conv2,LOC,sub-01,0,40,0.006463,0.001008
Backprop,Conv2,LOC,sub-02,0,40,0.005839,0.002969
Backprop,Conv2,LOC,sub-03,0,40,0.002201,0.262906
Backprop,Conv2,IT,sub-01,0,40,0.009502,1e-06
Backprop,Conv2,IT,sub-02,0,40,-0.000974,0.620305
Backprop,Conv2,IT,sub-03,0,40,0.002455,0.211572
Backprop,Conv3,V1,sub-01,0,40,-0.023705,0.0
Backprop,Conv3,V1,sub-02,0,40,-0.041336,0.0
Backprop,Conv3,V1,sub-03,0,40,0.001261,0.521127
Backprop,Conv3,V2,sub-01,0,40,-0.012333,0.0
Backprop,Conv3,V2,sub-02,0,40,-0.037191,0.0
Backprop,Conv3,V2,sub-03,0,40,0.00207,0.292305
Backprop,Conv3,V3,sub-01,0,40,-0.007323,0.000195
Backprop,Conv3,V3,sub-02,0,40,-0.034563,0.0
Backprop,Conv3,V3,sub-03,0,40,0.002968,0.131035
Backprop,Conv3,V4,sub-01,0,40,-0.007751,8e-05
Backprop,Conv3,V4,sub-02,0,40,-0.001101,0.575382
Backprop,Conv3,V4,sub-03,0,40,0.008948,5e-06
Backprop,Conv3,LOC,sub-01,0,40,0.007158,0.000271
Backprop,Conv3,LOC,sub-02,0,40,0.009887,0.0
Backprop,Conv3,LOC,sub-03,0,40,0.004775,0.015133
Backprop,Conv3,IT,sub-01,0,40,0.01063,0.0
Backprop,Conv3,IT,sub-02,0,40,0.000238,0.903568
Backprop,Conv3,IT,sub-03,0,40,0.004022,0.040711
Backprop,FC1,V1,sub-01,0,40,-0.007126,0.000289
Backprop,FC1,V1,sub-02,0,40,-0.015279,0.0
Backprop,FC1,V1,sub-03,0,40,0.005903,0.002672
Backprop,FC1,V2,sub-01,0,40,-0.000278,0.887479
Backprop,FC1,V2,sub-02,0,40,-0.00742,0.00016
Backprop,FC1,V2,sub-03,0,40,0.005223,0.007876
Backprop,FC1,V3,sub-01,0,40,0.000262,0.893928
Backprop,FC1,V3,sub-02,0,40,-0.006139,0.001788
Backprop,FC1,V3,sub-03,0,40,0.004708,0.016601
Backprop,FC1,V4,sub-01,0,40,-0.002582,0.188989
Backprop,FC1,V4,sub-02,0,40,0.007688,9.2e-05
Backprop,FC1,V4,sub-03,0,40,0.010288,0.0
Backprop,FC1,LOC,sub-01,0,40,0.011766,0.0
Backprop,FC1,LOC,sub-02,0,40,0.014013,0.0
Backprop,FC1,LOC,sub-03,0,40,0.006442,0.001047
Backprop,FC1,IT,sub-01,0,40,0.014355,0.0
Backprop,FC1,IT,sub-02,0,40,0.007558,0.000121
Backprop,FC1,IT,sub-03,0,40,0.005667,0.003936
Feedback Alignment,Conv1,V1,sub-01,0,0,0.041009,0.0
Feedback Alignment,Conv1,V1,sub-02,0,0,0.063778,0.0
Feedback Alignment,Conv1,V1,sub-03,0,0,0.013596,0.0
Feedback Alignment,Conv1,V2,sub-01,0,0,0.025787,0.0
Feedback Alignment,Conv1,V2,sub-02,0,0,0.031935,0.0
Feedback Alignment,Conv1,V2,sub-03,0,0,0.000824,0.675001
Feedback Alignment,Conv1,V3,sub-01,0,0,0.020582,0.0
Feedback Alignment,Conv1,V3,sub-02,0,0,0.018038,0.0
Feedback Alignment,Conv1,V3,sub-03,0,0,0.003175,0.106293
Feedback Alignment,Conv1,V4,sub-01,0,0,0.01005,0.0
Feedback Alignment,Conv1,V4,sub-02,0,0,0.00547,0.005383
Feedback Alignment,Conv1,V4,sub-03,0,0,0.005178,0.008428
Feedback Alignment,Conv1,LOC,sub-01,0,0,0.004936,0.012032
Feedback Alignment,Conv1,LOC,sub-02,0,0,-0.003267,0.096508
Feedback Alignment,Conv1,LOC,sub-03,0,0,-0.001459,0.458019
Feedback Alignment,Conv1,IT,sub-01,0,0,0.00491,0.012497
Feedback Alignment,Conv1,IT,sub-02,0,0,0.000495,0.801222
Feedback Alignment,Conv1,IT,sub-03,0,0,0.00092,0.639682
Feedback Alignment,Conv2,V1,sub-01,0,0,0.055967,0.0
Feedback Alignment,Conv2,V1,sub-02,0,0,0.086036,0.0
Feedback Alignment,Conv2,V1,sub-03,0,0,0.01656,0.0
Feedback Alignment,Conv2,V2,sub-01,0,0,0.036671,0.0
Feedback Alignment,Conv2,V2,sub-02,0,0,0.050406,0.0
Feedback Alignment,Conv2,V2,sub-03,0,0,0.00229,0.244068
Feedback Alignment,Conv2,V3,sub-01,0,0,0.02902,0.0
Feedback Alignment,Conv2,V3,sub-02,0,0,0.037421,0.0
Feedback Alignment,Conv2,V3,sub-03,0,0,0.005453,0.005536
Feedback Alignment,Conv2,V4,sub-01,0,0,0.01371,0.0
Feedback Alignment,Conv2,V4,sub-02,0,0,0.011868,0.0
Feedback Alignment,Conv2,V4,sub-03,0,0,0.004749,0.015687
Feedback Alignment,Conv2,LOC,sub-01,0,0,0.005619,0.004256
Feedback Alignment,Conv2,LOC,sub-02,0,0,-0.009017,4e-06
Feedback Alignment,Conv2,LOC,sub-03,0,0,-0.0021,0.285429
Feedback Alignment,Conv2,IT,sub-01,0,0,0.005889,0.002732
Feedback Alignment,Conv2,IT,sub-02,0,0,-0.001778,0.365815
Feedback Alignment,Conv2,IT,sub-03,0,0,0.002422,0.217844
Feedback Alignment,Conv3,V1,sub-01,0,0,0.061377,0.0
Feedback Alignment,Conv3,V1,sub-02,0,0,0.09113,0.0
Feedback Alignment,Conv3,V1,sub-03,0,0,0.017104,0.0
Feedback Alignment,Conv3,V2,sub-01,0,0,0.041007,0.0
Feedback Alignment,Conv3,V2,sub-02,0,0,0.057078,0.0
Feedback Alignment,Conv3,V2,sub-03,0,0,0.002812,0.152584
Feedback Alignment,Conv3,V3,sub-01,0,0,0.032349,0.0
Feedback Alignment,Conv3,V3,sub-02,0,0,0.044318,0.0
Feedback Alignment,Conv3,V3,sub-03,0,0,0.006003,0.002258
Feedback Alignment,Conv3,V4,sub-01,0,0,0.015738,0.0
Feedback Alignment,Conv3,V4,sub-02,0,0,0.012986,0.0
Feedback Alignment,Conv3,V4,sub-03,0,0,0.004747,0.015737
Feedback Alignment,Conv3,LOC,sub-01,0,0,0.006548,0.000864
Feedback Alignment,Conv3,LOC,sub-02,0,0,-0.010942,0.0
Feedback Alignment,Conv3,LOC,sub-03,0,0,-0.001796,0.360952
Feedback Alignment,Conv3,IT,sub-01,0,0,0.006827,0.000514
Feedback Alignment,Conv3,IT,sub-02,0,0,-0.002366,0.228673
Feedback Alignment,Conv3,IT,sub-03,0,0,0.003045,0.121392
Feedback Alignment,FC1,V1,sub-01,0,0,0.096325,0.0
Feedback Alignment,FC1,V1,sub-02,0,0,0.138054,0.0
Feedback Alignment,FC1,V1,sub-03,0,0,0.026356,0.0
Feedback Alignment,FC1,V2,sub-01,0,0,0.05754,0.0
Feedback Alignment,FC1,V2,sub-02,0,0,0.09312,0.0
Feedback Alignment,FC1,V2,sub-03,0,0,0.005558,0.004687
Feedback Alignment,FC1,V3,sub-01,0,0,0.04271,0.0
Feedback Alignment,FC1,V3,sub-02,0,0,0.079285,0.0
Feedback Alignment,FC1,V3,sub-03,0,0,0.006616,0.000763
Feedback Alignment,FC1,V4,sub-01,0,0,0.022445,0.0
Feedback Alignment,FC1,V4,sub-02,0,0,0.033222,0.0
Feedback Alignment,FC1,V4,sub-03,0,0,0.00264,0.179267
Feedback Alignment,FC1,LOC,sub-01,0,0,0.004401,0.025145
Feedback Alignment,FC1,LOC,sub-02,0,0,-0.006842,0.0005
Feedback Alignment,FC1,LOC,sub-03,0,0,0.000768,0.695926
Feedback Alignment,FC1,IT,sub-01,0,0,0.004158,0.034385
Feedback Alignment,FC1,IT,sub-02,0,0,0.00973,1e-06
Feedback Alignment,FC1,IT,sub-03,0,0,0.004186,0.033181
Feedback Alignment,Conv1,V1,sub-01,0,1,0.011337,0.0
Feedback Alignment,Conv1,V1,sub-02,0,1,0.022957,0.0
Feedback Alignment,Conv1,V1,sub-03,0,1,0.00569,0.003792
Feedback Alignment,Conv1,V2,sub-01,0,1,0.004561,0.020307
Feedback Alignment,Conv1,V2,sub-02,0,1,0.009588,1e-06
Feedback Alignment,Conv1,V2,sub-03,0,1,0.000463,0.813607
Feedback Alignment,Conv1,V3,sub-01,0,1,0.007466,0.000146
Feedback Alignment,Conv1,V3,sub-02,0,1,0.007907,5.8e-05
Feedback Alignment,Conv1,V3,sub-03,0,1,0.001013,0.606316
Feedback Alignment,Conv1,V4,sub-01,0,1,0.000854,0.663761
Feedback Alignment,Conv1,V4,sub-02,0,1,0.005764,0.003362
Feedback Alignment,Conv1,V4,sub-03,0,1,0.005418,0.005839
Feedback Alignment,Conv1,LOC,sub-01,0,1,0.0033,0.093189
Feedback Alignment,Conv1,LOC,sub-02,0,1,0.006834,0.000507
Feedback Alignment,Conv1,LOC,sub-03,0,1,-0.001473,0.45375
Feedback Alignment,Conv1,IT,sub-01,0,1,0.004594,0.019415
Feedback Alignment,Conv1,IT,sub-02,0,1,0.005401,0.006003
Feedback Alignment,Conv1,IT,sub-03,0,1,0.001324,0.500438
Feedback Alignment,Conv2,V1,sub-01,0,1,0.013738,0.0
Feedback Alignment,Conv2,V1,sub-02,0,1,0.024264,0.0
Feedback Alignment,Conv2,V1,sub-03,0,1,0.006428,0.001074
Feedback Alignment,Conv2,V2,sub-01,0,1,0.009182,3e-06
Feedback Alignment,Conv2,V2,sub-02,0,1,0.011127,0.0
Feedback Alignment,Conv2,V2,sub-03,0,1,0.001072,0.585596
Feedback Alignment,Conv2,V3,sub-01,0,1,0.010788,0.0
Feedback Alignment,Conv2,V3,sub-02,0,1,0.004136,0.035355
Feedback Alignment,Conv2,V3,sub-03,0,1,0.002587,0.188038
Feedback Alignment,Conv2,V4,sub-01,0,1,0.002378,0.226318
Feedback Alignment,Conv2,V4,sub-02,0,1,0.003684,0.060885
Feedback Alignment,Conv2,V4,sub-03,0,1,0.007373,0.000176
Feedback Alignment,Conv2,LOC,sub-01,0,1,0.006079,0.001983
Feedback Alignment,Conv2,LOC,sub-02,0,1,0.003695,0.060157
Feedback Alignment,Conv2,LOC,sub-03,0,1,-0.000724,0.712806
Feedback Alignment,Conv2,IT,sub-01,0,1,0.008287,2.5e-05
Feedback Alignment,Conv2,IT,sub-02,0,1,0.003857,0.049734
Feedback Alignment,Conv2,IT,sub-03,0,1,0.001149,0.558758
Feedback Alignment,Conv3,V1,sub-01,0,1,0.003742,0.056921
Feedback Alignment,Conv3,V1,sub-02,0,1,0.001933,0.32544
Feedback Alignment,Conv3,V1,sub-03,0,1,0.007656,9.8e-05
Feedback Alignment,Conv3,V2,sub-01,0,1,0.002898,0.140441
Feedback Alignment,Conv3,V2,sub-02,0,1,-0.002813,0.152447
Feedback Alignment,Conv3,V2,sub-03,0,1,0.003647,0.063509
Feedback Alignment,Conv3,V3,sub-01,0,1,0.00624,0.0015
Feedback Alignment,Conv3,V3,sub-02,0,1,-0.00704,0.000341
Feedback Alignment,Conv3,V3,sub-03,0,1,0.003919,0.046165
Feedback Alignment,Conv3,V4,sub-01,0,1,-0.000884,0.652737
Feedback Alignment,Conv3,V4,sub-02,0,1,-0.001039,0.597116
Feedback Alignment,Conv3,V4,sub-03,0,1,0.009714,1e-06
Feedback Alignment,Conv3,LOC,sub-01,0,1,0.006358,0.001218
Feedback Alignment,Conv3,LOC,sub-02,0,1,0.004983,0.011234
Feedback Alignment,Conv3,LOC,sub-03,0,1,-0.00018,0.927109
Feedback Alignment,Conv3,IT,sub-01,0,1,0.009269,2e-06
Feedback Alignment,Conv3,IT,sub-02,0,1,0.003174,0.106337
Feedback Alignment,Conv3,IT,sub-03,0,1,0.001914,0.330229
Feedback Alignment,FC1,V1,sub-01,0,1,0.056148,0.0
Feedback Alignment,FC1,V1,sub-02,0,1,0.065416,0.0
Feedback Alignment,FC1,V1,sub-03,0,1,0.017204,0.0
Feedback Alignment,FC1,V2,sub-01,0,1,0.033829,0.0
Feedback Alignment,FC1,V2,sub-02,0,1,0.041317,0.0
Feedback Alignment,FC1,V2,sub-03,0,1,0.007079,0.000316
Feedback Alignment,FC1,V3,sub-01,0,1,0.028262,0.0
Feedback Alignment,FC1,V3,sub-02,0,1,0.032092,0.0
Feedback Alignment,FC1,V3,sub-03,0,1,0.006536,0.000883
Feedback Alignment,FC1,V4,sub-01,0,1,0.012153,0.0
Feedback Alignment,FC1,V4,sub-02,0,1,0.013653,0.0
Feedback Alignment,FC1,V4,sub-03,0,1,0.007129,0.000287
Feedback Alignment,FC1,LOC,sub-01,0,1,0.005512,0.00504
Feedback Alignment,FC1,LOC,sub-02,0,1,-0.005169,0.008542
Feedback Alignment,FC1,LOC,sub-03,0,1,0.000647,0.74206
Feedback Alignment,FC1,IT,sub-01,0,1,0.008202,3e-05
Feedback Alignment,FC1,IT,sub-02,0,1,0.005093,0.00957
Feedback Alignment,FC1,IT,sub-03,0,1,0.002611,0.184032
Feedback Alignment,Conv1,V1,sub-01,0,2,0.009597,1e-06
Feedback Alignment,Conv1,V1,sub-02,0,2,0.019806,0.0
Feedback Alignment,Conv1,V1,sub-03,0,2,0.005217,0.007953
Feedback Alignment,Conv1,V2,sub-01,0,2,0.003585,0.068189
Feedback Alignment,Conv1,V2,sub-02,0,2,0.007487,0.000139
Feedback Alignment,Conv1,V2,sub-03,0,2,0.000309,0.875091
Feedback Alignment,Conv1,V3,sub-01,0,2,0.006716,0.000633
Feedback Alignment,Conv1,V3,sub-02,0,2,0.006514,0.000919
Feedback Alignment,Conv1,V3,sub-03,0,2,0.000961,0.625066
Feedback Alignment,Conv1,V4,sub-01,0,2,0.000378,0.847468
Feedback Alignment,Conv1,V4,sub-02,0,2,0.0049,0.012667
Feedback Alignment,Conv1,V4,sub-03,0,2,0.005519,0.004986
Feedback Alignment,Conv1,LOC,sub-01,0,2,0.003248,0.098482
Feedback Alignment,Conv1,LOC,sub-02,0,2,0.007019,0.000355
Feedback Alignment,Conv1,LOC,sub-03,0,2,-0.001622,0.409357
Feedback Alignment,Conv1,IT,sub-01,0,2,0.004639,0.018269
Feedback Alignment,Conv1,IT,sub-02,0,2,0.005269,0.007349
Feedback Alignment,Conv1,IT,sub-03,0,2,0.001276,0.516338
Feedback Alignment,Conv2,V1,sub-01,0,2,0.011967,0.0
Feedback Alignment,Conv2,V1,sub-02,0,2,0.021367,0.0
Feedback Alignment,Conv2,V1,sub-03,0,2,0.005911,0.002637
Feedback Alignment,Conv2,V2,sub-01,0,2,0.008057,4.1e-05
Feedback Alignment,Conv2,V2,sub-02,0,2,0.009104,4e-06
Feedback Alignment,Conv2,V2,sub-03,0,2,0.000841,0.668663
Feedback Alignment,Conv2,V3,sub-01,0,2,0.009956,0.0
Feedback Alignment,Conv2,V3,sub-02,0,2,0.002809,0.152976
Feedback Alignment,Conv2,V3,sub-03,0,2,0.002415,0.219136
Feedback Alignment,Conv2,V4,sub-01,0,2,0.001957,0.319381
Feedback Alignment,Conv2,V4,sub-02,0,2,0.003101,0.114585
Feedback Alignment,Conv2,V4,sub-03,0,2,0.007433,0.000156
Feedback Alignment,Conv2,LOC,sub-01,0,2,0.006032,0.002147
Feedback Alignment,Conv2,LOC,sub-02,0,2,0.003999,0.041909
Feedback Alignment,Conv2,LOC,sub-03,0,2,-0.000818,0.677306
Feedback Alignment,Conv2,IT,sub-01,0,2,0.0083,2.4e-05
Feedback Alignment,Conv2,IT,sub-02,0,2,0.003759,0.0558
Feedback Alignment,Conv2,IT,sub-03,0,2,0.001104,0.574445
Feedback Alignment,Conv3,V1,sub-01,0,2,0.002771,0.158668
Feedback Alignment,Conv3,V1,sub-02,0,2,0.000358,0.855564
Feedback Alignment,Conv3,V1,sub-03,0,2,0.007273,0.000215
Feedback Alignment,Conv3,V2,sub-01,0,2,0.002301,0.241667
Feedback Alignment,Conv3,V2,sub-02,0,2,-0.00399,0.04236
Feedback Alignment,Conv3,V2,sub-03,0,2,0.003437,0.080326
Feedback Alignment,Conv3,V3,sub-01,0,2,0.005769,0.003337
Feedback Alignment,Conv3,V3,sub-02,0,2,-0.007898,5.9e-05
Feedback Alignment,Conv3,V3,sub-03,0,2,0.003753,0.056235
Feedback Alignment,Conv3,V4,sub-01,0,2,-0.001052,0.592418
Feedback Alignment,Conv3,V4,sub-02,0,2,-0.001379,0.483039
Feedback Alignment,Conv3,V4,sub-03,0,2,0.009684,1e-06
Feedback Alignment,Conv3,LOC,sub-01,0,2,0.006324,0.001293
Feedback Alignment,Conv3,LOC,sub-02,0,2,0.005139,0.008937
Feedback Alignment,Conv3,LOC,sub-03,0,2,-0.000211,0.914636
Feedback Alignment,Conv3,IT,sub-01,0,2,0.009239,3e-06
Feedback Alignment,Conv3,IT,sub-02,0,2,0.003095,0.115402
Feedback Alignment,Conv3,IT,sub-03,0,2,0.00181,0.357193
Feedback Alignment,FC1,V1,sub-01,0,2,0.0546,0.0
Feedback Alignment,FC1,V1,sub-02,0,2,0.066927,0.0
Feedback Alignment,FC1,V1,sub-03,0,2,0.016898,0.0
Feedback Alignment,FC1,V2,sub-01,0,2,0.033148,0.0
Feedback Alignment,FC1,V2,sub-02,0,2,0.042244,0.0
Feedback Alignment,FC1,V2,sub-03,0,2,0.006818,0.000523
Feedback Alignment,FC1,V3,sub-01,0,2,0.027718,0.0
Feedback Alignment,FC1,V3,sub-02,0,2,0.032117,0.0
Feedback Alignment,FC1,V3,sub-03,0,2,0.006099,0.001916
Feedback Alignment,FC1,V4,sub-01,0,2,0.012263,0.0
Feedback Alignment,FC1,V4,sub-02,0,2,0.013708,0.0
Feedback Alignment,FC1,V4,sub-03,0,2,0.006845,0.000496
Feedback Alignment,FC1,LOC,sub-01,0,2,0.005581,0.004523
Feedback Alignment,FC1,LOC,sub-02,0,2,-0.003815,0.052278
Feedback Alignment,FC1,LOC,sub-03,0,2,0.000757,0.699996
Feedback Alignment,FC1,IT,sub-01,0,2,0.008078,4e-05
Feedback Alignment,FC1,IT,sub-02,0,2,0.005777,0.00329
Feedback Alignment,FC1,IT,sub-03,0,2,0.002259,0.250531
Feedback Alignment,Conv1,V1,sub-01,0,5,0.012451,0.0
Feedback Alignment,Conv1,V1,sub-02,0,5,0.024929,0.0
Feedback Alignment,Conv1,V1,sub-03,0,5,0.005984,0.002332
Feedback Alignment,Conv1,V2,sub-01,0,5,0.005237,0.007716
Feedback Alignment,Conv1,V2,sub-02,0,5,0.010821,0.0
Feedback Alignment,Conv1,V2,sub-03,0,5,0.000532,0.786565
Feedback Alignment,Conv1,V3,sub-01,0,5,0.007959,5.1e-05
Feedback Alignment,Conv1,V3,sub-02,0,5,0.008732,9e-06
Feedback Alignment,Conv1,V3,sub-03,0,5,0.001004,0.609393
Feedback Alignment,Conv1,V4,sub-01,0,5,0.001165,0.553306
Feedback Alignment,Conv1,V4,sub-02,0,5,0.006233,0.001519
Feedback Alignment,Conv1,V4,sub-03,0,5,0.005311,0.006888
Feedback Alignment,Conv1,LOC,sub-01,0,5,0.003347,0.088567
Feedback Alignment,Conv1,LOC,sub-02,0,5,0.006661,0.000702
Feedback Alignment,Conv1,LOC,sub-03,0,5,-0.001408,0.47388
Feedback Alignment,Conv1,IT,sub-01,0,5,0.004557,0.020414
Feedback Alignment,Conv1,IT,sub-02,0,5,0.005455,0.005512
Feedback Alignment,Conv1,IT,sub-03,0,5,0.001306,0.506277
Feedback Alignment,Conv2,V1,sub-01,0,5,0.014747,0.0
Feedback Alignment,Conv2,V1,sub-02,0,5,0.025941,0.0
Feedback Alignment,Conv2,V1,sub-03,0,5,0.006771,0.000571
Feedback Alignment,Conv2,V2,sub-01,0,5,0.00986,1e-06
Feedback Alignment,Conv2,V2,sub-02,0,5,0.012126,0.0
Feedback Alignment,Conv2,V2,sub-03,0,5,0.001149,0.558725
Feedback Alignment,Conv2,V3,sub-01,0,5,0.011251,0.0
Feedback Alignment,Conv2,V3,sub-02,0,5,0.004667,0.017583
Feedback Alignment,Conv2,V3,sub-03,0,5,0.002657,0.176407
Feedback Alignment,Conv2,V4,sub-01,0,5,0.002621,0.182419
Feedback Alignment,Conv2,V4,sub-02,0,5,0.003861,0.049497
Feedback Alignment,Conv2,V4,sub-03,0,5,0.007263,0.00022
Feedback Alignment,Conv2,LOC,sub-01,0,5,0.00607,0.002013
Feedback Alignment,Conv2,LOC,sub-02,0,5,0.0034,0.083681
Feedback Alignment,Conv2,LOC,sub-03,0,5,-0.000695,0.723514
Feedback Alignment,Conv2,IT,sub-01,0,5,0.008208,3e-05
Feedback Alignment,Conv2,IT,sub-02,0,5,0.00381,0.052575
Feedback Alignment,Conv2,IT,sub-03,0,5,0.001137,0.562837
Feedback Alignment,Conv3,V1,sub-01,0,5,0.004786,0.014887
Feedback Alignment,Conv3,V1,sub-02,0,5,0.003912,0.046575
Feedback Alignment,Conv3,V1,sub-03,0,5,0.007955,5.2e-05
Feedback Alignment,Conv3,V2,sub-01,0,5,0.003559,0.070189
Feedback Alignment,Conv3,V2,sub-02,0,5,-0.001377,0.483595
Feedback Alignment,Conv3,V2,sub-03,0,5,0.003781,0.054375
Feedback Alignment,Conv3,V3,sub-01,0,5,0.006804,0.000536
Feedback Alignment,Conv3,V3,sub-02,0,5,-0.006112,0.001875
Feedback Alignment,Conv3,V3,sub-03,0,5,0.004014,0.041145
Feedback Alignment,Conv3,V4,sub-01,0,5,-0.000602,0.759288
Feedback Alignment,Conv3,V4,sub-02,0,5,-0.000855,0.663657
Feedback Alignment,Conv3,V4,sub-03,0,5,0.009576,1e-06
Feedback Alignment,Conv3,LOC,sub-01,0,5,0.006198,0.001615
Feedback Alignment,Conv3,LOC,sub-02,0,5,0.004849,0.013621
Feedback Alignment,Conv3,LOC,sub-03,0,5,-0.000233,0.905594
Feedback Alignment,Conv3,IT,sub-01,0,5,0.009014,5e-06
Feedback Alignment,Conv3,IT,sub-02,0,5,0.003286,0.094612
Feedback Alignment,Conv3,IT,sub-03,0,5,0.00184,0.349103
Feedback Alignment,FC1,V1,sub-01,0,5,0.050778,0.0
Feedback Alignment,FC1,V1,sub-02,0,5,0.06469,0.0
Feedback Alignment,FC1,V1,sub-03,0,5,0.016308,0.0
Feedback Alignment,FC1,V2,sub-01,0,5,0.030873,0.0
Feedback Alignment,FC1,V2,sub-02,0,5,0.041228,0.0
Feedback Alignment,FC1,V2,sub-03,0,5,0.006427,0.001076
Feedback Alignment,FC1,V3,sub-01,0,5,0.026085,0.0
Feedback Alignment,FC1,V3,sub-02,0,5,0.031532,0.0
Feedback Alignment,FC1,V3,sub-03,0,5,0.005552,0.004735
Feedback Alignment,FC1,V4,sub-01,0,5,0.011925,0.0
Feedback Alignment,FC1,V4,sub-02,0,5,0.014341,0.0
Feedback Alignment,FC1,V4,sub-03,0,5,0.006681,0.000677
Feedback Alignment,FC1,LOC,sub-01,0,5,0.006079,0.001982
Feedback Alignment,FC1,LOC,sub-02,0,5,0.000681,0.72908
Feedback Alignment,FC1,LOC,sub-03,0,5,0.000512,0.79432
Feedback Alignment,FC1,IT,sub-01,0,5,0.008274,2.6e-05
Feedback Alignment,FC1,IT,sub-02,0,5,0.00817,3.2e-05
Feedback Alignment,FC1,IT,sub-03,0,5,0.001887,0.337095
Feedback Alignment,Conv1,V1,sub-01,0,10,0.010473,0.0
Feedback Alignment,Conv1,V1,sub-02,0,10,0.021271,0.0
Feedback Alignment,Conv1,V1,sub-03,0,10,0.005397,0.006036
Feedback Alignment,Conv1,V2,sub-01,0,10,0.004079,0.037948
Feedback Alignment,Conv1,V2,sub-02,0,10,0.008458,1.7e-05
Feedback Alignment,Conv1,V2,sub-03,0,10,0.000399,0.839265
Feedback Alignment,Conv1,V3,sub-01,0,10,0.007102,0.000302
Feedback Alignment,Conv1,V3,sub-02,0,10,0.007217,0.000241
Feedback Alignment,Conv1,V3,sub-03,0,10,0.000974,0.620228
Feedback Alignment,Conv1,V4,sub-01,0,10,0.0006,0.760095
Feedback Alignment,Conv1,V4,sub-02,0,10,0.005352,0.006467
Feedback Alignment,Conv1,V4,sub-03,0,10,0.005456,0.005504
Feedback Alignment,Conv1,LOC,sub-01,0,10,0.003224,0.100966
Feedback Alignment,Conv1,LOC,sub-02,0,10,0.006888,0.000458
Feedback Alignment,Conv1,LOC,sub-03,0,10,-0.001566,0.4255
Feedback Alignment,Conv1,IT,sub-01,0,10,0.004587,0.019615
Feedback Alignment,Conv1,IT,sub-02,0,10,0.005316,0.006837
Feedback Alignment,Conv1,IT,sub-03,0,10,0.001271,0.517959
Feedback Alignment,Conv2,V1,sub-01,0,10,0.012549,0.0
Feedback Alignment,Conv2,V1,sub-02,0,10,0.022248,0.0
Feedback Alignment,Conv2,V1,sub-03,0,10,0.006097,0.001924
Feedback Alignment,Conv2,V2,sub-01,0,10,0.008475,1.6e-05
Feedback Alignment,Conv2,V2,sub-02,0,10,0.009623,1e-06
Feedback Alignment,Conv2,V2,sub-03,0,10,0.000887,0.651638
Feedback Alignment,Conv2,V3,sub-01,0,10,0.010241,0.0
Feedback Alignment,Conv2,V3,sub-02,0,10,0.003161,0.107783
Feedback Alignment,Conv2,V3,sub-03,0,10,0.002467,0.209369
Feedback Alignment,Conv2,V4,sub-01,0,10,0.002063,0.293805
Feedback Alignment,Conv2,V4,sub-02,0,10,0.003184,0.105205
Feedback Alignment,Conv2,V4,sub-03,0,10,0.007351,0.000184
Feedback Alignment,Conv2,LOC,sub-01,0,10,0.005942,0.002503
Feedback Alignment,Conv2,LOC,sub-02,0,10,0.003799,0.053293
Feedback Alignment,Conv2,LOC,sub-03,0,10,-0.000855,0.663434
Feedback Alignment,Conv2,IT,sub-01,0,10,0.008184,3.1e-05
Feedback Alignment,Conv2,IT,sub-02,0,10,0.003698,0.059945
Feedback Alignment,Conv2,IT,sub-03,0,10,0.001051,0.592994
Feedback Alignment,Conv3,V1,sub-01,0,10,0.002663,0.175546
Feedback Alignment,Conv3,V1,sub-02,0,10,0.000559,0.776088
Feedback Alignment,Conv3,V1,sub-03,0,10,0.007335,0.00019
Feedback Alignment,Conv3,V2,sub-01,0,10,0.002347,0.23247
Feedback Alignment,Conv3,V2,sub-02,0,10,-0.003303,0.09285
Feedback Alignment,Conv3,V2,sub-03,0,10,0.003631,0.064696
Feedback Alignment,Conv3,V3,sub-01,0,10,0.005846,0.002937
Feedback Alignment,Conv3,V3,sub-02,0,10,-0.007203,0.000248
Feedback Alignment,Conv3,V3,sub-03,0,10,0.003918,0.046212
Feedback Alignment,Conv3,V4,sub-01,0,10,-0.00112,0.568903
Feedback Alignment,Conv3,V4,sub-02,0,10,-0.001472,0.453839
Feedback Alignment,Conv3,V4,sub-03,0,10,0.009625,1e-06
Feedback Alignment,Conv3,LOC,sub-01,0,10,0.005979,0.002351
Feedback Alignment,Conv3,LOC,sub-02,0,10,0.00531,0.006901
Feedback Alignment,Conv3,LOC,sub-03,0,10,-0.00035,0.858543
Feedback Alignment,Conv3,IT,sub-01,0,10,0.008857,7e-06
Feedback Alignment,Conv3,IT,sub-02,0,10,0.003355,0.08784
Feedback Alignment,Conv3,IT,sub-03,0,10,0.001753,0.372393
Feedback Alignment,FC1,V1,sub-01,0,10,0.041813,0.0
Feedback Alignment,FC1,V1,sub-02,0,10,0.05227,0.0
Feedback Alignment,FC1,V1,sub-03,0,10,0.01469,0.0
Feedback Alignment,FC1,V2,sub-01,0,10,0.025501,0.0
Feedback Alignment,FC1,V2,sub-02,0,10,0.033734,0.0
Feedback Alignment,FC1,V2,sub-03,0,10,0.005832,0.003006
Feedback Alignment,FC1,V3,sub-01,0,10,0.021449,0.0
Feedback Alignment,FC1,V3,sub-02,0,10,0.025524,0.0
Feedback Alignment,FC1,V3,sub-03,0,10,0.004892,0.012812
Feedback Alignment,FC1,V4,sub-01,0,10,0.009629,1e-06
Feedback Alignment,FC1,V4,sub-02,0,10,0.012357,0.0
Feedback Alignment,FC1,V4,sub-03,0,10,0.007157,0.000271
Feedback Alignment,FC1,LOC,sub-01,0,10,0.005903,0.002673
Feedback Alignment,FC1,LOC,sub-02,0,10,0.003853,0.049944
Feedback Alignment,FC1,LOC,sub-03,0,10,0.000323,0.869553
Feedback Alignment,FC1,IT,sub-01,0,10,0.008248,2.7e-05
Feedback Alignment,FC1,IT,sub-02,0,10,0.00894,5e-06
Feedback Alignment,FC1,IT,sub-03,0,10,0.001888,0.336712
Feedback Alignment,Conv1,V1,sub-01,0,20,0.013246,0.0
Feedback Alignment,Conv1,V1,sub-02,0,20,0.026533,0.0
Feedback Alignment,Conv1,V1,sub-03,0,20,0.006158,0.001732
Feedback Alignment,Conv1,V2,sub-01,0,20,0.005638,0.004128
Feedback Alignment,Conv1,V2,sub-02,0,20,0.012139,0.0
Feedback Alignment,Conv1,V2,sub-03,0,20,0.000714,0.716455
Feedback Alignment,Conv1,V3,sub-01,0,20,0.008329,2.3e-05
Feedback Alignment,Conv1,V3,sub-02,0,20,0.00988,0.0
Feedback Alignment,Conv1,V3,sub-03,0,20,0.001082,0.581953
Feedback Alignment,Conv1,V4,sub-01,0,20,0.001344,0.494205
Feedback Alignment,Conv1,V4,sub-02,0,20,0.006903,0.000445
Feedback Alignment,Conv1,V4,sub-03,0,20,0.005294,0.007076
Feedback Alignment,Conv1,LOC,sub-01,0,20,0.003261,0.097088
Feedback Alignment,Conv1,LOC,sub-02,0,20,0.006621,0.000756
Feedback Alignment,Conv1,LOC,sub-03,0,20,-0.001318,0.502433
Feedback Alignment,Conv1,IT,sub-01,0,20,0.004465,0.023114
Feedback Alignment,Conv1,IT,sub-02,0,20,0.005631,0.004173
Feedback Alignment,Conv1,IT,sub-03,0,20,0.001367,0.486901
Feedback Alignment,Conv2,V1,sub-01,0,20,0.015081,0.0
Feedback Alignment,Conv2,V1,sub-02,0,20,0.027046,0.0
Feedback Alignment,Conv2,V1,sub-03,0,20,0.006861,0.000482
Feedback Alignment,Conv2,V2,sub-01,0,20,0.009933,0.0
Feedback Alignment,Conv2,V2,sub-02,0,20,0.012984,0.0
Feedback Alignment,Conv2,V2,sub-03,0,20,0.001183,0.547215
Feedback Alignment,Conv2,V3,sub-01,0,20,0.011344,0.0
Feedback Alignment,Conv2,V3,sub-02,0,20,0.005773,0.003311
Feedback Alignment,Conv2,V3,sub-03,0,20,0.002634,0.180205
Feedback Alignment,Conv2,V4,sub-01,0,20,0.002612,0.183904
Feedback Alignment,Conv2,V4,sub-02,0,20,0.004447,0.023676
Feedback Alignment,Conv2,V4,sub-03,0,20,0.007119,0.000292
Feedback Alignment,Conv2,LOC,sub-01,0,20,0.005824,0.003045
Feedback Alignment,Conv2,LOC,sub-02,0,20,0.00358,0.068517
Feedback Alignment,Conv2,LOC,sub-03,0,20,-0.000768,0.696044
Feedback Alignment,Conv2,IT,sub-01,0,20,0.007959,5.1e-05
Feedback Alignment,Conv2,IT,sub-02,0,20,0.004031,0.040287
Feedback Alignment,Conv2,IT,sub-03,0,20,0.00109,0.579129
Feedback Alignment,Conv3,V1,sub-01,0,20,0.003175,0.106292
Feedback Alignment,Conv3,V1,sub-02,0,20,0.001796,0.360816
Feedback Alignment,Conv3,V1,sub-03,0,20,0.007786,7.5e-05
Feedback Alignment,Conv3,V2,sub-01,0,20,0.002658,0.17623
Feedback Alignment,Conv3,V2,sub-02,0,20,-0.00189,0.336167
Feedback Alignment,Conv3,V2,sub-03,0,20,0.003979,0.042928
Feedback Alignment,Conv3,V3,sub-01,0,20,0.005996,0.002283
Feedback Alignment,Conv3,V3,sub-02,0,20,-0.005904,0.002665
Feedback Alignment,Conv3,V3,sub-03,0,20,0.004205,0.032391
Feedback Alignment,Conv3,V4,sub-01,0,20,-0.001185,0.546617
Feedback Alignment,Conv3,V4,sub-02,0,20,-0.000923,0.638718
Feedback Alignment,Conv3,V4,sub-03,0,20,0.009633,1e-06
Feedback Alignment,Conv3,LOC,sub-01,0,20,0.005755,0.00341
Feedback Alignment,Conv3,LOC,sub-02,0,20,0.005527,0.004925
Feedback Alignment,Conv3,LOC,sub-03,0,20,-0.000292,0.881989
Feedback Alignment,Conv3,IT,sub-01,0,20,0.008618,1.2e-05
Feedback Alignment,Conv3,IT,sub-02,0,20,0.003798,0.053332
Feedback Alignment,Conv3,IT,sub-03,0,20,0.001957,0.319509
Feedback Alignment,FC1,V1,sub-01,0,20,0.033309,0.0
Feedback Alignment,FC1,V1,sub-02,0,20,0.04053,0.0
Feedback Alignment,FC1,V1,sub-03,0,20,0.013775,0.0
Feedback Alignment,FC1,V2,sub-01,0,20,0.021188,0.0
Feedback Alignment,FC1,V2,sub-02,0,20,0.028392,0.0
Feedback Alignment,FC1,V2,sub-03,0,20,0.00596,0.002429
Feedback Alignment,FC1,V3,sub-01,0,20,0.017574,0.0
Feedback Alignment,FC1,V3,sub-02,0,20,0.021572,0.0
Feedback Alignment,FC1,V3,sub-03,0,20,0.004791,0.014792
Feedback Alignment,FC1,V4,sub-01,0,20,0.007331,0.000192
Feedback Alignment,FC1,V4,sub-02,0,20,0.011416,0.0
Feedback Alignment,FC1,V4,sub-03,0,20,0.007728,8.4e-05
Feedback Alignment,FC1,LOC,sub-01,0,20,0.00586,0.002871
Feedback Alignment,FC1,LOC,sub-02,0,20,0.006584,0.000809
Feedback Alignment,FC1,LOC,sub-03,0,20,0.000671,0.732699
Feedback Alignment,FC1,IT,sub-01,0,20,0.008139,3.5e-05
Feedback Alignment,FC1,IT,sub-02,0,20,0.010047,0.0
Feedback Alignment,FC1,IT,sub-03,0,20,0.002485,0.206168
Feedback Alignment,Conv1,V1,sub-01,0,30,0.01203,0.0
Feedback Alignment,Conv1,V1,sub-02,0,30,0.024082,0.0
Feedback Alignment,Conv1,V1,sub-03,0,30,0.005844,0.002949
Feedback Alignment,Conv1,V2,sub-01,0,30,0.00494,0.011961
Feedback Alignment,Conv1,V2,sub-02,0,30,0.010338,0.0
Feedback Alignment,Conv1,V2,sub-03,0,30,0.000524,0.789848
Feedback Alignment,Conv1,V3,sub-01,0,30,0.007743,8.2e-05
Feedback Alignment,Conv1,V3,sub-02,0,30,0.008409,1.9e-05
Feedback Alignment,Conv1,V3,sub-03,0,30,0.001031,0.599834
Feedback Alignment,Conv1,V4,sub-01,0,30,0.001039,0.597028
Feedback Alignment,Conv1,V4,sub-02,0,30,0.00601,0.002229
Feedback Alignment,Conv1,V4,sub-03,0,30,0.005377,0.006223
Feedback Alignment,Conv1,LOC,sub-01,0,30,0.003291,0.094081
Feedback Alignment,Conv1,LOC,sub-02,0,30,0.006704,0.000648
Feedback Alignment,Conv1,LOC,sub-03,0,30,-0.00142,0.469875
Feedback Alignment,Conv1,IT,sub-01,0,30,0.00456,0.020337
Feedback Alignment,Conv1,IT,sub-02,0,30,0.005409,0.005924
Feedback Alignment,Conv1,IT,sub-03,0,30,0.001337,0.496362
Feedback Alignment,Conv2,V1,sub-01,0,30,0.013866,0.0
Feedback Alignment,Conv2,V1,sub-02,0,30,0.024542,0.0
Feedback Alignment,Conv2,V1,sub-03,0,30,0.006591,0.000799
Feedback Alignment,Conv2,V2,sub-01,0,30,0.009353,2e-06
Feedback Alignment,Conv2,V2,sub-02,0,30,0.011373,0.0
Feedback Alignment,Conv2,V2,sub-03,0,30,0.001098,0.576436
Feedback Alignment,Conv2,V3,sub-01,0,30,0.010888,0.0
Feedback Alignment,Conv2,V3,sub-02,0,30,0.004459,0.023296
Feedback Alignment,Conv2,V3,sub-03,0,30,0.002664,0.175328
Feedback Alignment,Conv2,V4,sub-01,0,30,0.002433,0.215701
Feedback Alignment,Conv2,V4,sub-02,0,30,0.003545,0.071329
Feedback Alignment,Conv2,V4,sub-03,0,30,0.00731,0.0002
Feedback Alignment,Conv2,LOC,sub-01,0,30,0.005862,0.002858
Feedback Alignment,Conv2,LOC,sub-02,0,30,0.003695,0.060104
Feedback Alignment,Conv2,LOC,sub-03,0,30,-0.000903,0.645875
Feedback Alignment,Conv2,IT,sub-01,0,30,0.008035,4.4e-05
Feedback Alignment,Conv2,IT,sub-02,0,30,0.003904,0.04701
Feedback Alignment,Conv2,IT,sub-03,0,30,0.001025,0.601933
Feedback Alignment,Conv3,V1,sub-01,0,30,0.001219,0.534987
Feedback Alignment,Conv3,V1,sub-02,0,30,-0.0015,0.445392
Feedback Alignment,Conv3,V1,sub-03,0,30,0.007342,0.000187
Feedback Alignment,Conv3,V2,sub-01,0,30,0.001732,0.378149
Feedback Alignment,Conv3,V2,sub-02,0,30,-0.003723,0.058178
Feedback Alignment,Conv3,V2,sub-03,0,30,0.003899,0.047275
Feedback Alignment,Conv3,V3,sub-01,0,30,0.005248,0.00758
Feedback Alignment,Conv3,V3,sub-02,0,30,-0.007249,0.000226
Feedback Alignment,Conv3,V3,sub-03,0,30,0.004201,0.032587
Feedback Alignment,Conv3,V4,sub-01,0,30,-0.001563,0.42643
Feedback Alignment,Conv3,V4,sub-02,0,30,-0.001825,0.353237
Feedback Alignment,Conv3,V4,sub-03,0,30,0.009842,1e-06
Feedback Alignment,Conv3,LOC,sub-01,0,30,0.005721,0.003606
Feedback Alignment,Conv3,LOC,sub-02,0,30,0.005746,0.003461
Feedback Alignment,Conv3,LOC,sub-03,0,30,-0.000368,0.851407
Feedback Alignment,Conv3,IT,sub-01,0,30,0.008631,1.1e-05
Feedback Alignment,Conv3,IT,sub-02,0,30,0.003713,0.058912
Feedback Alignment,Conv3,IT,sub-03,0,30,0.001959,0.318975
Feedback Alignment,FC1,V1,sub-01,0,30,0.028628,0.0
Feedback Alignment,FC1,V1,sub-02,0,30,0.03288,0.0
Feedback Alignment,FC1,V1,sub-03,0,30,0.012935,0.0
Feedback Alignment,FC1,V2,sub-01,0,30,0.018829,0.0
Feedback Alignment,FC1,V2,sub-02,0,30,0.024116,0.0
Feedback Alignment,FC1,V2,sub-03,0,30,0.005804,0.003151
Feedback Alignment,FC1,V3,sub-01,0,30,0.01562,0.0
Feedback Alignment,FC1,V3,sub-02,0,30,0.018017,0.0
Feedback Alignment,FC1,V3,sub-03,0,30,0.004577,0.019867
Feedback Alignment,FC1,V4,sub-01,0,30,0.006225,0.00154
Feedback Alignment,FC1,V4,sub-02,0,30,0.009745,1e-06
Feedback Alignment,FC1,V4,sub-03,0,30,0.008089,3.9e-05
Feedback Alignment,FC1,LOC,sub-01,0,30,0.005866,0.002841
Feedback Alignment,FC1,LOC,sub-02,0,30,0.007317,0.000197
Feedback Alignment,FC1,LOC,sub-03,0,30,0.000738,0.707285
Feedback Alignment,FC1,IT,sub-01,0,30,0.008169,3.2e-05
Feedback Alignment,FC1,IT,sub-02,0,30,0.009947,0.0
Feedback Alignment,FC1,IT,sub-03,0,30,0.002542,0.195896
Feedback Alignment,Conv1,V1,sub-01,0,40,0.012362,0.0
Feedback Alignment,Conv1,V1,sub-02,0,40,0.024468,0.0
Feedback Alignment,Conv1,V1,sub-03,0,40,0.005886,0.00275
Feedback Alignment,Conv1,V2,sub-01,0,40,0.005135,0.008985
Feedback Alignment,Conv1,V2,sub-02,0,40,0.010498,0.0
Feedback Alignment,Conv1,V2,sub-03,0,40,0.000525,0.789283
Feedback Alignment,Conv1,V3,sub-01,0,40,0.007877,6.1e-05
Feedback Alignment,Conv1,V3,sub-02,0,40,0.008476,1.6e-05
Feedback Alignment,Conv1,V3,sub-03,0,40,0.001006,0.608764
Feedback Alignment,Conv1,V4,sub-01,0,40,0.001135,0.563493
Feedback Alignment,Conv1,V4,sub-02,0,40,0.006117,0.001858
Feedback Alignment,Conv1,V4,sub-03,0,40,0.005329,0.006706
Feedback Alignment,Conv1,LOC,sub-01,0,40,0.003301,0.093102
Feedback Alignment,Conv1,LOC,sub-02,0,40,0.006616,0.000763
Feedback Alignment,Conv1,LOC,sub-03,0,40,-0.001406,0.47439
Feedback Alignment,Conv1,IT,sub-01,0,40,0.004552,0.020575
Feedback Alignment,Conv1,IT,sub-02,0,40,0.005375,0.006249
Feedback Alignment,Conv1,IT,sub-03,0,40,0.001303,0.507378
Feedback Alignment,Conv2,V1,sub-01,0,40,0.014237,0.0
Feedback Alignment,Conv2,V1,sub-02,0,40,0.024986,0.0
Feedback Alignment,Conv2,V1,sub-03,0,40,0.006683,0.000673
Feedback Alignment,Conv2,V2,sub-01,0,40,0.009625,1e-06
Feedback Alignment,Conv2,V2,sub-02,0,40,0.011635,0.0
Feedback Alignment,Conv2,V2,sub-03,0,40,0.001149,0.558827
Feedback Alignment,Conv2,V3,sub-01,0,40,0.011088,0.0
Feedback Alignment,Conv2,V3,sub-02,0,40,0.004583,0.019706
Feedback Alignment,Conv2,V3,sub-03,0,40,0.002707,0.168424
Feedback Alignment,Conv2,V4,sub-01,0,40,0.002522,0.199373
Feedback Alignment,Conv2,V4,sub-02,0,40,0.00359,0.06776
Feedback Alignment,Conv2,V4,sub-03,0,40,0.007289,0.000209
Feedback Alignment,Conv2,LOC,sub-01,0,40,0.005884,0.002755
Feedback Alignment,Conv2,LOC,sub-02,0,40,0.003549,0.07098
Feedback Alignment,Conv2,LOC,sub-03,0,40,-0.00089,0.650875
Feedback Alignment,Conv2,IT,sub-01,0,40,0.008043,4.3e-05
Feedback Alignment,Conv2,IT,sub-02,0,40,0.003873,0.048806
Feedback Alignment,Conv2,IT,sub-03,0,40,0.001002,0.610077
Feedback Alignment,Conv3,V1,sub-01,0,40,0.001041,0.596399
Feedback Alignment,Conv3,V1,sub-02,0,40,-0.001869,0.341737
Feedback Alignment,Conv3,V1,sub-03,0,40,0.007314,0.000198
Feedback Alignment,Conv3,V2,sub-01,0,40,0.001692,0.389404
Feedback Alignment,Conv3,V2,sub-02,0,40,-0.00392,0.046099
Feedback Alignment,Conv3,V2,sub-03,0,40,0.003929,0.045616
Feedback Alignment,Conv3,V3,sub-01,0,40,0.005217,0.007955
Feedback Alignment,Conv3,V3,sub-02,0,40,-0.007377,0.000175
Feedback Alignment,Conv3,V3,sub-03,0,40,0.004231,0.03134
Feedback Alignment,Conv3,V4,sub-01,0,40,-0.001622,0.409246
Feedback Alignment,Conv3,V4,sub-02,0,40,-0.001913,0.330326
Feedback Alignment,Conv3,V4,sub-03,0,40,0.009871,1e-06
Feedback Alignment,Conv3,LOC,sub-01,0,40,0.005713,0.003652
Feedback Alignment,Conv3,LOC,sub-02,0,40,0.00572,0.003612
Feedback Alignment,Conv3,LOC,sub-03,0,40,-0.000384,0.845301
Feedback Alignment,Conv3,IT,sub-01,0,40,0.008623,1.1e-05
Feedback Alignment,Conv3,IT,sub-02,0,40,0.003693,0.060255
Feedback Alignment,Conv3,IT,sub-03,0,40,0.001949,0.32132
Feedback Alignment,FC1,V1,sub-01,0,40,0.027711,0.0
Feedback Alignment,FC1,V1,sub-02,0,40,0.03144,0.0
Feedback Alignment,FC1,V1,sub-03,0,40,0.012804,0.0
Feedback Alignment,FC1,V2,sub-01,0,40,0.018399,0.0
Feedback Alignment,FC1,V2,sub-02,0,40,0.023309,0.0
Feedback Alignment,FC1,V2,sub-03,0,40,0.005787,0.003235
Feedback Alignment,FC1,V3,sub-01,0,40,0.015276,0.0
Feedback Alignment,FC1,V3,sub-02,0,40,0.01735,0.0
Feedback Alignment,FC1,V3,sub-03,0,40,0.004557,0.020438
Feedback Alignment,FC1,V4,sub-01,0,40,0.005992,0.002298
Feedback Alignment,FC1,V4,sub-02,0,40,0.009438,2e-06
Feedback Alignment,FC1,V4,sub-03,0,40,0.008145,3.4e-05
Feedback Alignment,FC1,LOC,sub-01,0,40,0.005862,0.002859
Feedback Alignment,FC1,LOC,sub-02,0,40,0.007436,0.000155
Feedback Alignment,FC1,LOC,sub-03,0,40,0.00075,0.702717
Feedback Alignment,FC1,IT,sub-01,0,40,0.00816,3.3e-05
Feedback Alignment,FC1,IT,sub-02,0,40,0.009924,0.0
Feedback Alignment,FC1,IT,sub-03,0,40,0.002547,0.19509
Predictive Coding,Conv1,V1,sub-01,0,0,0.038281,0.0
Predictive Coding,Conv1,V1,sub-02,0,0,0.059131,0.0
Predictive Coding,Conv1,V1,sub-03,0,0,0.010888,0.0
Predictive Coding,Conv1,V2,sub-01,0,0,0.021809,0.0
Predictive Coding,Conv1,V2,sub-02,0,0,0.031431,0.0
Predictive Coding,Conv1,V2,sub-03,0,0,0.000494,0.801564
Predictive Coding,Conv1,V3,sub-01,0,0,0.01632,0.0
Predictive Coding,Conv1,V3,sub-02,0,0,0.020118,0.0
Predictive Coding,Conv1,V3,sub-03,0,0,0.003376,0.085859
Predictive Coding,Conv1,V4,sub-01,0,0,0.007825,6.9e-05
Predictive Coding,Conv1,V4,sub-02,0,0,0.010644,0.0
Predictive Coding,Conv1,V4,sub-03,0,0,0.005093,0.009568
Predictive Coding,Conv1,LOC,sub-01,0,0,0.007303,0.000203
Predictive Coding,Conv1,LOC,sub-02,0,0,0.001701,0.386864
Predictive Coding,Conv1,LOC,sub-03,0,0,0.000552,0.778684
Predictive Coding,Conv1,IT,sub-01,0,0,0.008374,2e-05
Predictive Coding,Conv1,IT,sub-02,0,0,0.004749,0.015682
Predictive Coding,Conv1,IT,sub-03,0,0,0.002696,0.17019
Predictive Coding,Conv2,V1,sub-01,0,0,0.03626,0.0
Predictive Coding,Conv2,V1,sub-02,0,0,0.049818,0.0
Predictive Coding,Conv2,V1,sub-03,0,0,0.010593,0.0
Predictive Coding,Conv2,V2,sub-01,0,0,0.018655,0.0
Predictive Coding,Conv2,V2,sub-02,0,0,0.021984,0.0
Predictive Coding,Conv2,V2,sub-03,0,0,0.000367,0.851715
Predictive Coding,Conv2,V3,sub-01,0,0,0.013071,0.0
Predictive Coding,Conv2,V3,sub-02,0,0,0.018184,0.0
Predictive Coding,Conv2,V3,sub-03,0,0,0.002801,0.154134
Predictive Coding,Conv2,V4,sub-01,0,0,0.006955,0.000402
Predictive Coding,Conv2,V4,sub-02,0,0,0.012119,0.0
Predictive Coding,Conv2,V4,sub-03,0,0,0.006471,0.000995
Predictive Coding,Conv2,LOC,sub-01,0,0,0.007757,7.9e-05
Predictive Coding,Conv2,LOC,sub-02,0,0,0.003859,0.049605
Predictive Coding,Conv2,LOC,sub-03,0,0,0.000409,0.835167
Predictive Coding,Conv2,IT,sub-01,0,0,0.009107,4e-06
Predictive Coding,Conv2,IT,sub-02,0,0,0.006781,0.000561
Predictive Coding,Conv2,IT,sub-03,0,0,0.003164,0.1075
Predictive Coding,Conv3,V1,sub-01,0,0,0.06931,0.0
Predictive Coding,Conv3,V1,sub-02,0,0,0.081766,0.0
Predictive Coding,Conv3,V1,sub-03,0,0,0.020938,0.0
Predictive Coding,Conv3,V2,sub-01,0,0,0.035726,0.0
Predictive Coding,Conv3,V2,sub-02,0,0,0.040246,0.0
Predictive Coding,Conv3,V2,sub-03,0,0,0.004531,0.021141
Predictive Coding,Conv3,V3,sub-01,0,0,0.023172,0.0
Predictive Coding,Conv3,V3,sub-02,0,0,0.034705,0.0
Predictive Coding,Conv3,V3,sub-03,0,0,0.006055,0.002067
Predictive Coding,Conv3,V4,sub-01,0,0,0.014964,0.0
Predictive Coding,Conv3,V4,sub-02,0,0,0.024075,0.0
Predictive Coding,Conv3,V4,sub-03,0,0,0.008203,3e-05
Predictive Coding,Conv3,LOC,sub-01,0,0,0.009387,2e-06
Predictive Coding,Conv3,LOC,sub-02,0,0,0.005239,0.007688
Predictive Coding,Conv3,LOC,sub-03,0,0,0.001594,0.417301
Predictive Coding,Conv3,IT,sub-01,0,0,0.009789,1e-06
Predictive Coding,Conv3,IT,sub-02,0,0,0.010707,0.0
Predictive Coding,Conv3,IT,sub-03,0,0,0.006653,0.000713
Predictive Coding,FC1,V1,sub-01,0,0,0.116625,0.0
Predictive Coding,FC1,V1,sub-02,0,0,0.146725,0.0
Predictive Coding,FC1,V1,sub-03,0,0,0.029896,0.0
Predictive Coding,FC1,V2,sub-01,0,0,0.070923,0.0
Predictive Coding,FC1,V2,sub-02,0,0,0.09604,0.0
Predictive Coding,FC1,V2,sub-03,0,0,0.008191,3.1e-05
Predictive Coding,FC1,V3,sub-01,0,0,0.04853,0.0
Predictive Coding,FC1,V3,sub-02,0,0,0.077852,0.0
Predictive Coding,FC1,V3,sub-03,0,0,0.009449,2e-06
Predictive Coding,FC1,V4,sub-01,0,0,0.029132,0.0
Predictive Coding,FC1,V4,sub-02,0,0,0.038747,0.0
Predictive Coding,FC1,V4,sub-03,0,0,0.006717,0.000633
Predictive Coding,FC1,LOC,sub-01,0,0,0.006855,0.000488
Predictive Coding,FC1,LOC,sub-02,0,0,-0.013492,0.0
Predictive Coding,FC1,LOC,sub-03,0,0,0.000435,0.824829
Predictive Coding,FC1,IT,sub-01,0,0,0.007281,0.000212
Predictive Coding,FC1,IT,sub-02,0,0,0.005678,0.003866
Predictive Coding,FC1,IT,sub-03,0,0,0.005253,0.007524
Predictive Coding,Conv1,V1,sub-01,0,1,0.038291,0.0
Predictive Coding,Conv1,V1,sub-02,0,1,0.059118,0.0
Predictive Coding,Conv1,V1,sub-03,0,1,0.010895,0.0
Predictive Coding,Conv1,V2,sub-01,0,1,0.021818,0.0
Predictive Coding,Conv1,V2,sub-02,0,1,0.031435,0.0
Predictive Coding,Conv1,V2,sub-03,0,1,0.000501,0.79896
Predictive Coding,Conv1,V3,sub-01,0,1,0.016334,0.0
Predictive Coding,Conv1,V3,sub-02,0,1,0.020099,0.0
Predictive Coding,Conv1,V3,sub-03,0,1,0.003387,0.084883
Predictive Coding,Conv1,V4,sub-01,0,1,0.007835,6.7e-05
Predictive Coding,Conv1,V4,sub-02,0,1,0.01064,0.0
Predictive Coding,Conv1,V4,sub-03,0,1,0.005099,0.009485
Predictive Coding,Conv1,LOC,sub-01,0,1,0.007315,0.000198
Predictive Coding,Conv1,LOC,sub-02,0,1,0.001706,0.385481
Predictive Coding,Conv1,LOC,sub-03,0,1,0.000554,0.77809
Predictive Coding,Conv1,IT,sub-01,0,1,0.008384,2e-05
Predictive Coding,Conv1,IT,sub-02,0,1,0.004756,0.015541
Predictive Coding,Conv1,IT,sub-03,0,1,0.002694,0.170509
Predictive Coding,Conv2,V1,sub-01,0,1,0.036571,0.0
Predictive Coding,Conv2,V1,sub-02,0,1,0.050237,0.0
Predictive Coding,Conv2,V1,sub-03,0,1,0.010675,0.0
Predictive Coding,Conv2,V2,sub-01,0,1,0.018804,0.0
Predictive Coding,Conv2,V2,sub-02,0,1,0.022145,0.0
Predictive Coding,Conv2,V2,sub-03,0,1,0.00037,0.850829
Predictive Coding,Conv2,V3,sub-01,0,1,0.013127,0.0
Predictive Coding,Conv2,V3,sub-02,0,1,0.01834,0.0
Predictive Coding,Conv2,V3,sub-03,0,1,0.002792,0.155402
Predictive Coding,Conv2,V4,sub-01,0,1,0.00702,0.000355
Predictive Coding,Conv2,V4,sub-02,0,1,0.012201,0.0
Predictive Coding,Conv2,V4,sub-03,0,1,0.006478,0.000982
Predictive Coding,Conv2,LOC,sub-01,0,1,0.007705,8.9e-05
Predictive Coding,Conv2,LOC,sub-02,0,1,0.003858,0.049645
Predictive Coding,Conv2,LOC,sub-03,0,1,0.000402,0.83805
Predictive Coding,Conv2,IT,sub-01,0,1,0.009058,4e-06
Predictive Coding,Conv2,IT,sub-02,0,1,0.006788,0.000553
Predictive Coding,Conv2,IT,sub-03,0,1,0.003153,0.108739
Predictive Coding,Conv3,V1,sub-01,0,1,0.069335,0.0
Predictive Coding,Conv3,V1,sub-02,0,1,0.08181,0.0
Predictive Coding,Conv3,V1,sub-03,0,1,0.020893,0.0
Predictive Coding,Conv3,V2,sub-01,0,1,0.035809,0.0
Predictive Coding,Conv3,V2,sub-02,0,1,0.040428,0.0
Predictive Coding,Conv3,V2,sub-03,0,1,0.004522,0.021409
Predictive Coding,Conv3,V3,sub-01,0,1,0.023258,0.0
Predictive Coding,Conv3,V3,sub-02,0,1,0.034852,0.0
Predictive Coding,Conv3,V3,sub-03,0,1,0.006065,0.00203
Predictive Coding,Conv3,V4,sub-01,0,1,0.014972,0.0
Predictive Coding,Conv3,V4,sub-02,0,1,0.024079,0.0
Predictive Coding,Conv3,V4,sub-03,0,1,0.008208,3e-05
Predictive Coding,Conv3,LOC,sub-01,0,1,0.009429,2e-06
Predictive Coding,Conv3,LOC,sub-02,0,1,0.005228,0.007823
Predictive Coding,Conv3,LOC,sub-03,0,1,0.001583,0.420535
Predictive Coding,Conv3,IT,sub-01,0,1,0.009842,1e-06
Predictive Coding,Conv3,IT,sub-02,0,1,0.010704,0.0
Predictive Coding,Conv3,IT,sub-03,0,1,0.006618,0.00076
Predictive Coding,FC1,V1,sub-01,0,1,0.101934,0.0
Predictive Coding,FC1,V1,sub-02,0,1,0.112131,0.0
Predictive Coding,FC1,V1,sub-03,0,1,0.02461,0.0
Predictive Coding,FC1,V2,sub-01,0,1,0.058957,0.0
Predictive Coding,FC1,V2,sub-02,0,1,0.064138,0.0
Predictive Coding,FC1,V2,sub-03,0,1,0.007734,8.3e-05
Predictive Coding,FC1,V3,sub-01,0,1,0.035936,0.0
Predictive Coding,FC1,V3,sub-02,0,1,0.056353,0.0
Predictive Coding,FC1,V3,sub-03,0,1,0.009106,4e-06
Predictive Coding,FC1,V4,sub-01,0,1,0.022244,0.0
Predictive Coding,FC1,V4,sub-02,0,1,0.034571,0.0
Predictive Coding,FC1,V4,sub-03,0,1,0.009526,1e-06
Predictive Coding,FC1,LOC,sub-01,0,1,0.005359,0.006402
Predictive Coding,FC1,LOC,sub-02,0,1,0.002343,0.233303
Predictive Coding,FC1,LOC,sub-03,0,1,0.0016,0.415664
Predictive Coding,FC1,IT,sub-01,0,1,0.006269,0.001426
Predictive Coding,FC1,IT,sub-02,0,1,0.010478,0.0
Predictive Coding,FC1,IT,sub-03,0,1,0.006015,0.002211
Predictive Coding,Conv1,V1,sub-01,0,2,0.038301,0.0
Predictive Coding,Conv1,V1,sub-02,0,2,0.059102,0.0
Predictive Coding,Conv1,V1,sub-03,0,2,0.010902,0.0
Predictive Coding,Conv1,V2,sub-01,0,2,0.021828,0.0
Predictive Coding,Conv1,V2,sub-02,0,2,0.031439,0.0
Predictive Coding,Conv1,V2,sub-03,0,2,0.000508,0.796087
Predictive Coding,Conv1,V3,sub-01,0,2,0.016347,0.0
Predictive Coding,Conv1,V3,sub-02,0,2,0.020079,0.0
Predictive Coding,Conv1,V3,sub-03,0,2,0.003398,0.08385
Predictive Coding,Conv1,V4,sub-01,0,2,0.007846,6.6e-05
Predictive Coding,Conv1,V4,sub-02,0,2,0.010636,0.0
Predictive Coding,Conv1,V4,sub-03,0,2,0.005105,0.009403
Predictive Coding,Conv1,LOC,sub-01,0,2,0.007326,0.000194
Predictive Coding,Conv1,LOC,sub-02,0,2,0.001711,0.384025
Predictive Coding,Conv1,LOC,sub-03,0,2,0.000556,0.77745
Predictive Coding,Conv1,IT,sub-01,0,2,0.008393,2e-05
Predictive Coding,Conv1,IT,sub-02,0,2,0.004762,0.015403
Predictive Coding,Conv1,IT,sub-03,0,2,0.002692,0.17081
Predictive Coding,Conv2,V1,sub-01,0,2,0.036881,0.0
Predictive Coding,Conv2,V1,sub-02,0,2,0.050655,0.0
Predictive Coding,Conv2,V1,sub-03,0,2,0.010756,0.0
Predictive Coding,Conv2,V2,sub-01,0,2,0.018953,0.0
Predictive Coding,Conv2,V2,sub-02,0,2,0.022306,0.0
Predictive Coding,Conv2,V2,sub-03,0,2,0.000372,0.850048
Predictive Coding,Conv2,V3,sub-01,0,2,0.013182,0.0
Predictive Coding,Conv2,V3,sub-02,0,2,0.018495,0.0
Predictive Coding,Conv2,V3,sub-03,0,2,0.002784,0.156629
Predictive Coding,Conv2,V4,sub-01,0,2,0.007085,0.000313
Predictive Coding,Conv2,V4,sub-02,0,2,0.012284,0.0
Predictive Coding,Conv2,V4,sub-03,0,2,0.006484,0.000971
Predictive Coding,Conv2,LOC,sub-01,0,2,0.007652,9.9e-05
Predictive Coding,Conv2,LOC,sub-02,0,2,0.003856,0.049796
Predictive Coding,Conv2,LOC,sub-03,0,2,0.000395,0.840848
Predictive Coding,Conv2,IT,sub-01,0,2,0.009009,5e-06
Predictive Coding,Conv2,IT,sub-02,0,2,0.006794,0.000547
Predictive Coding,Conv2,IT,sub-03,0,2,0.003141,0.110045
Predictive Coding,Conv3,V1,sub-01,0,2,0.069347,0.0
Predictive Coding,Conv3,V1,sub-02,0,2,0.081843,0.0
Predictive Coding,Conv3,V1,sub-03,0,2,0.020845,0.0
Predictive Coding,Conv3,V2,sub-01,0,2,0.035887,0.0
Predictive Coding,Conv3,V2,sub-02,0,2,0.040604,0.0
Predictive Coding,Conv3,V2,sub-03,0,2,0.004512,0.021711
Predictive Coding,Conv3,V3,sub-01,0,2,0.023341,0.0
Predictive Coding,Conv3,V3,sub-02,0,2,0.034996,0.0
Predictive Coding,Conv3,V3,sub-03,0,2,0.006074,0.002001
Predictive Coding,Conv3,V4,sub-01,0,2,0.014974,0.0
Predictive Coding,Conv3,V4,sub-02,0,2,0.024079,0.0
Predictive Coding,Conv3,V4,sub-03,0,2,0.008212,2.9e-05
Predictive Coding,Conv3,LOC,sub-01,0,2,0.009468,1e-06
Predictive Coding,Conv3,LOC,sub-02,0,2,0.005216,0.00796
Predictive Coding,Conv3,LOC,sub-03,0,2,0.001569,0.424673
Predictive Coding,Conv3,IT,sub-01,0,2,0.009891,0.0
Predictive Coding,Conv3,IT,sub-02,0,2,0.010701,0.0
Predictive Coding,Conv3,IT,sub-03,0,2,0.006581,0.000813
Predictive Coding,FC1,V1,sub-01,0,2,0.099833,0.0
Predictive Coding,FC1,V1,sub-02,0,2,0.104468,0.0
Predictive Coding,FC1,V1,sub-03,0,2,0.024302,0.0
Predictive Coding,FC1,V2,sub-01,0,2,0.059407,0.0
Predictive Coding,FC1,V2,sub-02,0,2,0.058656,0.0
Predictive Coding,FC1,V2,sub-03,0,2,0.007305,0.000202
Predictive Coding,FC1,V3,sub-01,0,2,0.038095,0.0
Predictive Coding,FC1,V3,sub-02,0,2,0.050307,0.0
Predictive Coding,FC1,V3,sub-03,0,2,0.00916,3e-06
Predictive Coding,FC1,V4,sub-01,0,2,0.023154,0.0
Predictive Coding,FC1,V4,sub-02,0,2,0.033489,0.0
Predictive Coding,FC1,V4,sub-03,0,2,0.009276,2e-06
Predictive Coding,FC1,LOC,sub-01,0,2,0.006203,0.0016
Predictive Coding,FC1,LOC,sub-02,0,2,0.001995,0.310083
Predictive Coding,FC1,LOC,sub-03,0,2,0.001185,0.546424
Predictive Coding,FC1,IT,sub-01,0,2,0.008092,3.8e-05
Predictive Coding,FC1,IT,sub-02,0,2,0.009853,1e-06
Predictive Coding,FC1,IT,sub-03,0,2,0.005823,0.003052
Predictive Coding,Conv1,V1,sub-01,0,5,0.038327,0.0
Predictive Coding,Conv1,V1,sub-02,0,5,0.059048,0.0
Predictive Coding,Conv1,V1,sub-03,0,5,0.010922,0.0
Predictive Coding,Conv1,V2,sub-01,0,5,0.021855,0.0
Predictive Coding,Conv1,V2,sub-02,0,5,0.03144,0.0
Predictive Coding,Conv1,V2,sub-03,0,5,0.000526,0.788906
Predictive Coding,Conv1,V3,sub-01,0,5,0.016384,0.0
Predictive Coding,Conv1,V3,sub-02,0,5,0.020011,0.0
Predictive Coding,Conv1,V3,sub-03,0,5,0.003428,0.081115
Predictive Coding,Conv1,V4,sub-01,0,5,0.007877,6.1e-05
Predictive Coding,Conv1,V4,sub-02,0,5,0.010622,0.0
Predictive Coding,Conv1,V4,sub-03,0,5,0.005121,0.009174
Predictive Coding,Conv1,LOC,sub-01,0,5,0.007357,0.000182
Predictive Coding,Conv1,LOC,sub-02,0,5,0.001726,0.379913
Predictive Coding,Conv1,LOC,sub-03,0,5,0.000558,0.776567
Predictive Coding,Conv1,IT,sub-01,0,5,0.008418,1.8e-05
Predictive Coding,Conv1,IT,sub-02,0,5,0.004779,0.015046
Predictive Coding,Conv1,IT,sub-03,0,5,0.002684,0.172103
Predictive Coding,Conv2,V1,sub-01,0,5,0.037795,0.0
Predictive Coding,Conv2,V1,sub-02,0,5,0.051897,0.0
Predictive Coding,Conv2,V1,sub-03,0,5,0.010984,0.0
Predictive Coding,Conv2,V2,sub-01,0,5,0.019397,0.0
Predictive Coding,Conv2,V2,sub-02,0,5,0.022781,0.0
Predictive Coding,Conv2,V2,sub-03,0,5,0.000369,0.850997
Predictive Coding,Conv2,V3,sub-01,0,5,0.013344,0.0
Predictive Coding,Conv2,V3,sub-02,0,5,0.018949,0.0
Predictive Coding,Conv2,V3,sub-03,0,5,0.00275,0.161804
Predictive Coding,Conv2,V4,sub-01,0,5,0.007272,0.000216
Predictive Coding,Conv2,V4,sub-02,0,5,0.012526,0.0
Predictive Coding,Conv2,V4,sub-03,0,5,0.006491,0.000958
Predictive Coding,Conv2,LOC,sub-01,0,5,0.007486,0.00014
Predictive Coding,Conv2,LOC,sub-02,0,5,0.003831,0.0513
Predictive Coding,Conv2,LOC,sub-03,0,5,0.000376,0.848349
Predictive Coding,Conv2,IT,sub-01,0,5,0.008853,7e-06
Predictive Coding,Conv2,IT,sub-02,0,5,0.006795,0.000546
Predictive Coding,Conv2,IT,sub-03,0,5,0.003104,0.11429
Predictive Coding,Conv3,V1,sub-01,0,5,0.06933,0.0
Predictive Coding,Conv3,V1,sub-02,0,5,0.0819,0.0
Predictive Coding,Conv3,V1,sub-03,0,5,0.020693,0.0
Predictive Coding,Conv3,V2,sub-01,0,5,0.036096,0.0
Predictive Coding,Conv3,V2,sub-02,0,5,0.041109,0.0
Predictive Coding,Conv3,V2,sub-03,0,5,0.00448,0.022659
Predictive Coding,Conv3,V3,sub-01,0,5,0.023574,0.0
Predictive Coding,Conv3,V3,sub-02,0,5,0.035402,0.0
Predictive Coding,Conv3,V3,sub-03,0,5,0.006096,0.001925
Predictive Coding,Conv3,V4,sub-01,0,5,0.014962,0.0
Predictive Coding,Conv3,V4,sub-02,0,5,0.024052,0.0
Predictive Coding,Conv3,V4,sub-03,0,5,0.008216,2.9e-05
Predictive Coding,Conv3,LOC,sub-01,0,5,0.009575,1e-06
Predictive Coding,Conv3,LOC,sub-02,0,5,0.005179,0.008421
Predictive Coding,Conv3,LOC,sub-03,0,5,0.001522,0.438676
Predictive Coding,Conv3,IT,sub-01,0,5,0.010028,0.0
Predictive Coding,Conv3,IT,sub-02,0,5,0.010683,0.0
Predictive Coding,Conv3,IT,sub-03,0,5,0.00647,0.000996
Predictive Coding,FC1,V1,sub-01,0,5,0.106671,0.0
Predictive Coding,FC1,V1,sub-02,0,5,0.115646,0.0
Predictive Coding,FC1,V1,sub-03,0,5,0.022898,0.0
Predictive Coding,FC1,V2,sub-01,0,5,0.05797,0.0
Predictive Coding,FC1,V2,sub-02,0,5,0.062461,0.0
Predictive Coding,FC1,V2,sub-03,0,5,0.007056,0.000331
Predictive Coding,FC1,V3,sub-01,0,5,0.041239,0.0
Predictive Coding,FC1,V3,sub-02,0,5,0.058282,0.0
Predictive Coding,FC1,V3,sub-03,0,5,0.009571,1e-06
Predictive Coding,FC1,V4,sub-01,0,5,0.022607,0.0
Predictive Coding,FC1,V4,sub-02,0,5,0.035144,0.0
Predictive Coding,FC1,V4,sub-03,0,5,0.00878,8e-06
Predictive Coding,FC1,LOC,sub-01,0,5,0.007421,0.00016
Predictive Coding,FC1,LOC,sub-02,0,5,0.001381,0.48246
Predictive Coding,FC1,LOC,sub-03,0,5,0.000841,0.668787
Predictive Coding,FC1,IT,sub-01,0,5,0.009629,1e-06
Predictive Coding,FC1,IT,sub-02,0,5,0.011239,0.0
Predictive Coding,FC1,IT,sub-03,0,5,0.004326,0.027747
Predictive Coding,Conv1,V1,sub-01,0,10,0.038365,0.0
Predictive Coding,Conv1,V1,sub-02,0,10,0.058926,0.0
Predictive Coding,Conv1,V1,sub-03,0,10,0.010952,0.0
Predictive Coding,Conv1,V2,sub-01,0,10,0.021897,0.0
Predictive Coding,Conv1,V2,sub-02,0,10,0.031414,0.0
Predictive Coding,Conv1,V2,sub-03,0,10,0.000555,0.777592
Predictive Coding,Conv1,V3,sub-01,0,10,0.016437,0.0
Predictive Coding,Conv1,V3,sub-02,0,10,0.019876,0.0
Predictive Coding,Conv1,V3,sub-03,0,10,0.003478,0.076804
Predictive Coding,Conv1,V4,sub-01,0,10,0.007925,5.5e-05
Predictive Coding,Conv1,V4,sub-02,0,10,0.010592,0.0
Predictive Coding,Conv1,V4,sub-03,0,10,0.005151,0.008773
Predictive Coding,Conv1,LOC,sub-01,0,10,0.007402,0.000166
Predictive Coding,Conv1,LOC,sub-02,0,10,0.001748,0.373817
Predictive Coding,Conv1,LOC,sub-03,0,10,0.000559,0.776116
Predictive Coding,Conv1,IT,sub-01,0,10,0.008454,1.7e-05
Predictive Coding,Conv1,IT,sub-02,0,10,0.0048,0.014603
Predictive Coding,Conv1,IT,sub-03,0,10,0.002668,0.174728
Predictive Coding,Conv2,V1,sub-01,0,10,0.039291,0.0
Predictive Coding,Conv2,V1,sub-02,0,10,0.053947,0.0
Predictive Coding,Conv2,V1,sub-03,0,10,0.01133,0.0
Predictive Coding,Conv2,V2,sub-01,0,10,0.020131,0.0
Predictive Coding,Conv2,V2,sub-02,0,10,0.023574,0.0
Predictive Coding,Conv2,V2,sub-03,0,10,0.00035,0.858813
Predictive Coding,Conv2,V3,sub-01,0,10,0.013605,0.0
Predictive Coding,Conv2,V3,sub-02,0,10,0.019685,0.0
Predictive Coding,Conv2,V3,sub-03,0,10,0.002676,0.173331
Predictive Coding,Conv2,V4,sub-01,0,10,0.00756,0.00012
Predictive Coding,Conv2,V4,sub-02,0,10,0.012909,0.0
Predictive Coding,Conv2,V4,sub-03,0,10,0.006475,0.000987
Predictive Coding,Conv2,LOC,sub-01,0,10,0.007192,0.000253
Predictive Coding,Conv2,LOC,sub-02,0,10,0.003728,0.057848
Predictive Coding,Conv2,LOC,sub-03,0,10,0.000351,0.858323
Predictive Coding,Conv2,IT,sub-01,0,10,0.008575,1.3e-05
Predictive Coding,Conv2,IT,sub-02,0,10,0.006748,0.000597
Predictive Coding,Conv2,IT,sub-03,0,10,0.00304,0.121918
Predictive Coding,Conv3,V1,sub-01,0,10,0.069069,0.0
Predictive Coding,Conv3,V1,sub-02,0,10,0.081799,0.0
Predictive Coding,Conv3,V1,sub-03,0,10,0.020401,0.0
Predictive Coding,Conv3,V2,sub-01,0,10,0.036334,0.0
Predictive Coding,Conv3,V2,sub-02,0,10,0.041826,0.0
Predictive Coding,Conv3,V2,sub-03,0,10,0.004425,0.024366
Predictive Coding,Conv3,V3,sub-01,0,10,0.023872,0.0
Predictive Coding,Conv3,V3,sub-02,0,10,0.035951,0.0
Predictive Coding,Conv3,V3,sub-03,0,10,0.006115,0.001863
Predictive Coding,Conv3,V4,sub-01,0,10,0.014867,0.0
Predictive Coding,Conv3,V4,sub-02,0,10,0.023914,0.0
Predictive Coding,Conv3,V4,sub-03,0,10,0.008198,3e-05
Predictive Coding,Conv3,LOC,sub-01,0,10,0.009696,1e-06
Predictive Coding,Conv3,LOC,sub-02,0,10,0.005093,0.009567
Predictive Coding,Conv3,LOC,sub-03,0,10,0.001433,0.465918
Predictive Coding,Conv3,IT,sub-01,0,10,0.010193,0.0
Predictive Coding,Conv3,IT,sub-02,0,10,0.010609,0.0
Predictive Coding,Conv3,IT,sub-03,0,10,0.006272,0.001417
Predictive Coding,FC1,V1,sub-01,0,10,0.088898,0.0
Predictive Coding,FC1,V1,sub-02,0,10,0.088598,0.0
Predictive Coding,FC1,V1,sub-03,0,10,0.019719,0.0
Predictive Coding,FC1,V2,sub-01,0,10,0.051579,0.0
Predictive Coding,FC1,V2,sub-02,0,10,0.048224,0.0
Predictive Coding,FC1,V2,sub-03,0,10,0.006984,0.000381
Predictive Coding,FC1,V3,sub-01,0,10,0.03598,0.0
Predictive Coding,FC1,V3,sub-02,0,10,0.044632,0.0
Predictive Coding,FC1,V3,sub-03,0,10,0.009314,2e-06
Predictive Coding,FC1,V4,sub-01,0,10,0.019742,0.0
Predictive Coding,FC1,V4,sub-02,0,10,0.025122,0.0
Predictive Coding,FC1,V4,sub-03,0,10,0.009769,1e-06
Predictive Coding,FC1,LOC,sub-01,0,10,0.008774,8e-06
Predictive Coding,FC1,LOC,sub-02,0,10,-0.001987,0.311994
Predictive Coding,FC1,LOC,sub-03,0,10,0.000843,0.667977
Predictive Coding,FC1,IT,sub-01,0,10,0.0114,0.0
Predictive Coding,FC1,IT,sub-02,0,10,0.006459,0.001016
Predictive Coding,FC1,IT,sub-03,0,10,0.003635,0.064376
Predictive Coding,Conv1,V1,sub-01,0,20,0.038386,0.0
Predictive Coding,Conv1,V1,sub-02,0,20,0.058578,0.0
Predictive Coding,Conv1,V1,sub-03,0,20,0.010992,0.0
Predictive Coding,Conv1,V2,sub-01,0,20,0.021946,0.0
Predictive Coding,Conv1,V2,sub-02,0,20,0.031256,0.0
Predictive Coding,Conv1,V2,sub-03,0,20,0.000599,0.760578
Predictive Coding,Conv1,V3,sub-01,0,20,0.0165,0.0
Predictive Coding,Conv1,V3,sub-02,0,20,0.019528,0.0
Predictive Coding,Conv1,V3,sub-03,0,20,0.003558,0.070249
Predictive Coding,Conv1,V4,sub-01,0,20,0.008004,4.7e-05
Predictive Coding,Conv1,V4,sub-02,0,20,0.010492,0.0
Predictive Coding,Conv1,V4,sub-03,0,20,0.005207,0.008068
Predictive Coding,Conv1,LOC,sub-01,0,20,0.007457,0.000148
Predictive Coding,Conv1,LOC,sub-02,0,20,0.00177,0.367836
Predictive Coding,Conv1,LOC,sub-03,0,20,0.000548,0.780317
Predictive Coding,Conv1,IT,sub-01,0,20,0.008487,1.6e-05
Predictive Coding,Conv1,IT,sub-02,0,20,0.004806,0.014489
Predictive Coding,Conv1,IT,sub-03,0,20,0.002617,0.183095
Predictive Coding,Conv2,V1,sub-01,0,20,0.042062,0.0
Predictive Coding,Conv2,V1,sub-02,0,20,0.057974,0.0
Predictive Coding,Conv2,V1,sub-03,0,20,0.011882,0.0
Predictive Coding,Conv2,V2,sub-01,0,20,0.021529,0.0
Predictive Coding,Conv2,V2,sub-02,0,20,0.025187,0.0
Predictive Coding,Conv2,V2,sub-03,0,20,0.000282,0.885879
Predictive Coding,Conv2,V3,sub-01,0,20,0.014105,0.0
Predictive Coding,Conv2,V3,sub-02,0,20,0.021164,0.0
Predictive Coding,Conv2,V3,sub-03,0,20,0.002518,0.200125
Predictive Coding,Conv2,V4,sub-01,0,20,0.008077,4e-05
Predictive Coding,Conv2,V4,sub-02,0,20,0.013598,0.0
Predictive Coding,Conv2,V4,sub-03,0,20,0.006315,0.001314
Predictive Coding,Conv2,LOC,sub-01,0,20,0.00652,0.00091
Predictive Coding,Conv2,LOC,sub-02,0,20,0.003377,0.085744
Predictive Coding,Conv2,LOC,sub-03,0,20,0.000349,0.858937
Predictive Coding,Conv2,IT,sub-01,0,20,0.007938,5.4e-05
Predictive Coding,Conv2,IT,sub-02,0,20,0.006522,0.000907
Predictive Coding,Conv2,IT,sub-03,0,20,0.00291,0.138689
Predictive Coding,Conv3,V1,sub-01,0,20,0.067684,0.0
Predictive Coding,Conv3,V1,sub-02,0,20,0.080726,0.0
Predictive Coding,Conv3,V1,sub-03,0,20,0.019583,0.0
Predictive Coding,Conv3,V2,sub-01,0,20,0.036299,0.0
Predictive Coding,Conv3,V2,sub-02,0,20,0.042702,0.0
Predictive Coding,Conv3,V2,sub-03,0,20,0.004281,0.029423
Predictive Coding,Conv3,V3,sub-01,0,20,0.024085,0.0
Predictive Coding,Conv3,V3,sub-02,0,20,0.036479,0.0
Predictive Coding,Conv3,V3,sub-03,0,20,0.006066,0.002029
Predictive Coding,Conv3,V4,sub-01,0,20,0.014427,0.0
Predictive Coding,Conv3,V4,sub-02,0,20,0.023259,0.0
Predictive Coding,Conv3,V4,sub-03,0,20,0.00804,4.3e-05
Predictive Coding,Conv3,LOC,sub-01,0,20,0.009716,1e-06
Predictive Coding,Conv3,LOC,sub-02,0,20,0.004814,0.014314
Predictive Coding,Conv3,LOC,sub-03,0,20,0.00125,0.524656
Predictive Coding,Conv3,IT,sub-01,0,20,0.010263,0.0
Predictive Coding,Conv3,IT,sub-02,0,20,0.010248,0.0
Predictive Coding,Conv3,IT,sub-03,0,20,0.005746,0.003464
Predictive Coding,FC1,V1,sub-01,0,20,0.092494,0.0
Predictive Coding,FC1,V1,sub-02,0,20,0.096357,0.0
Predictive Coding,FC1,V1,sub-03,0,20,0.022036,0.0
Predictive Coding,FC1,V2,sub-01,0,20,0.053431,0.0
Predictive Coding,FC1,V2,sub-02,0,20,0.056634,0.0
Predictive Coding,FC1,V2,sub-03,0,20,0.00716,0.00027
Predictive Coding,FC1,V3,sub-01,0,20,0.039699,0.0
Predictive Coding,FC1,V3,sub-02,0,20,0.052097,0.0
Predictive Coding,FC1,V3,sub-03,0,20,0.009549,1e-06
Predictive Coding,FC1,V4,sub-01,0,20,0.021007,0.0
Predictive Coding,FC1,V4,sub-02,0,20,0.027891,0.0
Predictive Coding,FC1,V4,sub-03,0,20,0.008876,6e-06
Predictive Coding,FC1,LOC,sub-01,0,20,0.008552,1.4e-05
Predictive Coding,FC1,LOC,sub-02,0,20,-0.00188,0.338849
Predictive Coding,FC1,LOC,sub-03,0,20,-0.000448,0.819589
Predictive Coding,FC1,IT,sub-01,0,20,0.011366,0.0
Predictive Coding,FC1,IT,sub-02,0,20,0.009335,2e-06
Predictive Coding,FC1,IT,sub-03,0,20,0.002556,0.193419
Predictive Coding,Conv1,V1,sub-01,0,30,0.03835,0.0
Predictive Coding,Conv1,V1,sub-02,0,30,0.058134,0.0
Predictive Coding,Conv1,V1,sub-03,0,30,0.011014,0.0
Predictive Coding,Conv1,V2,sub-01,0,30,0.021957,0.0
Predictive Coding,Conv1,V2,sub-02,0,30,0.030988,0.0
Predictive Coding,Conv1,V2,sub-03,0,30,0.000629,0.748812
Predictive Coding,Conv1,V3,sub-01,0,30,0.016519,0.0
Predictive Coding,Conv1,V3,sub-02,0,30,0.019105,0.0
Predictive Coding,Conv1,V3,sub-03,0,30,0.003617,0.06577
Predictive Coding,Conv1,V4,sub-01,0,30,0.008051,4.2e-05
Predictive Coding,Conv1,V4,sub-02,0,30,0.010352,0.0
Predictive Coding,Conv1,V4,sub-03,0,30,0.005255,0.0075
Predictive Coding,Conv1,LOC,sub-01,0,30,0.007454,0.000149
Predictive Coding,Conv1,LOC,sub-02,0,30,0.001762,0.370137
Predictive Coding,Conv1,LOC,sub-03,0,30,0.000526,0.789116
Predictive Coding,Conv1,IT,sub-01,0,30,0.008459,1.7e-05
Predictive Coding,Conv1,IT,sub-02,0,30,0.004766,0.015328
Predictive Coding,Conv1,IT,sub-03,0,30,0.00255,0.194445
Predictive Coding,Conv2,V1,sub-01,0,30,0.044375,0.0
Predictive Coding,Conv2,V1,sub-02,0,30,0.061788,0.0
Predictive Coding,Conv2,V1,sub-03,0,30,0.012207,0.0
Predictive Coding,Conv2,V2,sub-01,0,30,0.022691,0.0
Predictive Coding,Conv2,V2,sub-02,0,30,0.026874,0.0
Predictive Coding,Conv2,V2,sub-03,0,30,0.000188,0.92392
Predictive Coding,Conv2,V3,sub-01,0,30,0.014524,0.0
Predictive Coding,Conv2,V3,sub-02,0,30,0.022785,0.0
Predictive Coding,Conv2,V3,sub-03,0,30,0.00236,0.229943
Predictive Coding,Conv2,V4,sub-01,0,30,0.008491,1.6e-05
Predictive Coding,Conv2,V4,sub-02,0,30,0.014248,0.0
Predictive Coding,Conv2,V4,sub-03,0,30,0.005988,0.002316
Predictive Coding,Conv2,LOC,sub-01,0,30,0.005763,0.003369
Predictive Coding,Conv2,LOC,sub-02,0,30,0.002959,0.132254
Predictive Coding,Conv2,LOC,sub-03,0,30,0.000392,0.84178
Predictive Coding,Conv2,IT,sub-01,0,30,0.007173,0.000263
Predictive Coding,Conv2,IT,sub-02,0,30,0.006248,0.001479
Predictive Coding,Conv2,IT,sub-03,0,30,0.002758,0.160642
Predictive Coding,Conv3,V1,sub-01,0,30,0.064762,0.0
Predictive Coding,Conv3,V1,sub-02,0,30,0.077821,0.0
Predictive Coding,Conv3,V1,sub-03,0,30,0.018335,0.0
Predictive Coding,Conv3,V2,sub-01,0,30,0.035284,0.0
Predictive Coding,Conv3,V2,sub-02,0,30,0.042214,0.0
Predictive Coding,Conv3,V2,sub-03,0,30,0.003978,0.042976
Predictive Coding,Conv3,V3,sub-01,0,30,0.023667,0.0
Predictive Coding,Conv3,V3,sub-02,0,30,0.035789,0.0
Predictive Coding,Conv3,V3,sub-03,0,30,0.005829,0.003023
Predictive Coding,Conv3,V4,sub-01,0,30,0.013608,0.0
Predictive Coding,Conv3,V4,sub-02,0,30,0.021892,0.0
Predictive Coding,Conv3,V4,sub-03,0,30,0.00772,8.6e-05
Predictive Coding,Conv3,LOC,sub-01,0,30,0.00947,1e-06
Predictive Coding,Conv3,LOC,sub-02,0,30,0.004441,0.023862
Predictive Coding,Conv3,LOC,sub-03,0,30,0.001063,0.588787
Predictive Coding,Conv3,IT,sub-01,0,30,0.010001,0.0
Predictive Coding,Conv3,IT,sub-02,0,30,0.009578,1e-06
Predictive Coding,Conv3,IT,sub-03,0,30,0.005026,0.010555
Predictive Coding,FC1,V1,sub-01,0,30,0.088204,0.0
Predictive Coding,FC1,V1,sub-02,0,30,0.089175,0.0
Predictive Coding,FC1,V1,sub-03,0,30,0.022703,0.0
Predictive Coding,FC1,V2,sub-01,0,30,0.052374,0.0
Predictive Coding,FC1,V2,sub-02,0,30,0.048623,0.0
Predictive Coding,FC1,V2,sub-03,0,30,0.006184,0.001654
Predictive Coding,FC1,V3,sub-01,0,30,0.037782,0.0
Predictive Coding,FC1,V3,sub-02,0,30,0.045558,0.0
Predictive Coding,FC1,V3,sub-03,0,30,0.008868,6e-06
Predictive Coding,FC1,V4,sub-01,0,30,0.020724,0.0
Predictive Coding,FC1,V4,sub-02,0,30,0.02822,0.0
Predictive Coding,FC1,V4,sub-03,0,30,0.00873,9e-06
Predictive Coding,FC1,LOC,sub-01,0,30,0.008167,3.2e-05
Predictive Coding,FC1,LOC,sub-02,0,30,-0.001004,0.609406
Predictive Coding,FC1,LOC,sub-03,0,30,0.001343,0.494417
Predictive Coding,FC1,IT,sub-01,0,30,0.011058,0.0
Predictive Coding,FC1,IT,sub-02,0,30,0.008715,9e-06
Predictive Coding,FC1,IT,sub-03,0,30,0.003595,0.067425
Predictive Coding,Conv1,V1,sub-01,0,40,0.038329,0.0
Predictive Coding,Conv1,V1,sub-02,0,40,0.057756,0.0
Predictive Coding,Conv1,V1,sub-03,0,40,0.011057,0.0
Predictive Coding,Conv1,V2,sub-01,0,40,0.02196,0.0
Predictive Coding,Conv1,V2,sub-02,0,40,0.030696,0.0
Predictive Coding,Conv1,V2,sub-03,0,40,0.000656,0.73866
Predictive Coding,Conv1,V3,sub-01,0,40,0.016513,0.0
Predictive Coding,Conv1,V3,sub-02,0,40,0.018668,0.0
Predictive Coding,Conv1,V3,sub-03,0,40,0.003663,0.062348
Predictive Coding,Conv1,V4,sub-01,0,40,0.008062,4.1e-05
Predictive Coding,Conv1,V4,sub-02,0,40,0.0102,0.0
Predictive Coding,Conv1,V4,sub-03,0,40,0.005295,0.007062
Predictive Coding,Conv1,LOC,sub-01,0,40,0.007393,0.000169
Predictive Coding,Conv1,LOC,sub-02,0,40,0.001707,0.385079
Predictive Coding,Conv1,LOC,sub-03,0,40,0.000496,0.800874
Predictive Coding,Conv1,IT,sub-01,0,40,0.008367,2.1e-05
Predictive Coding,Conv1,IT,sub-02,0,40,0.004683,0.017194
Predictive Coding,Conv1,IT,sub-03,0,40,0.002473,0.20825
Predictive Coding,Conv2,V1,sub-01,0,40,0.046273,0.0
Predictive Coding,Conv2,V1,sub-02,0,40,0.065112,0.0
Predictive Coding,Conv2,V1,sub-03,0,40,0.012353,0.0
Predictive Coding,Conv2,V2,sub-01,0,40,0.023611,0.0
Predictive Coding,Conv2,V2,sub-02,0,40,0.028418,0.0
Predictive Coding,Conv2,V2,sub-03,0,40,6.7e-05,0.972901
Predictive Coding,Conv2,V3,sub-01,0,40,0.014799,0.0
Predictive Coding,Conv2,V3,sub-02,0,40,0.024361,0.0
Predictive Coding,Conv2,V3,sub-03,0,40,0.002199,0.263181
Predictive Coding,Conv2,V4,sub-01,0,40,0.008828,7e-06
Predictive Coding,Conv2,V4,sub-02,0,40,0.014886,0.0
Predictive Coding,Conv2,V4,sub-03,0,40,0.005565,0.004638
Predictive Coding,Conv2,LOC,sub-01,0,40,0.004978,0.011319
Predictive Coding,Conv2,LOC,sub-02,0,40,0.002551,0.19441
Predictive Coding,Conv2,LOC,sub-03,0,40,0.000472,0.81017
Predictive Coding,Conv2,IT,sub-01,0,40,0.006344,0.001248
Predictive Coding,Conv2,IT,sub-02,0,40,0.005917,0.002608
Predictive Coding,Conv2,IT,sub-03,0,40,0.002616,0.183252
Predictive Coding,Conv3,V1,sub-01,0,40,0.060563,0.0
Predictive Coding,Conv3,V1,sub-02,0,40,0.073252,0.0
Predictive Coding,Conv3,V1,sub-03,0,40,0.016835,0.0
Predictive Coding,Conv3,V2,sub-01,0,40,0.033393,0.0
Predictive Coding,Conv3,V2,sub-02,0,40,0.040159,0.0
Predictive Coding,Conv3,V2,sub-03,0,40,0.003527,0.072783
Predictive Coding,Conv3,V3,sub-01,0,40,0.022664,0.0
Predictive Coding,Conv3,V3,sub-02,0,40,0.033779,0.0
Predictive Coding,Conv3,V3,sub-03,0,40,0.005414,0.005875
Predictive Coding,Conv3,V4,sub-01,0,40,0.012573,0.0
Predictive Coding,Conv3,V4,sub-02,0,40,0.020027,0.0
Predictive Coding,Conv3,V4,sub-03,0,40,0.007293,0.000207
Predictive Coding,Conv3,LOC,sub-01,0,40,0.008976,5e-06
Predictive Coding,Conv3,LOC,sub-02,0,40,0.004072,0.038303
Predictive Coding,Conv3,LOC,sub-03,0,40,0.000866,0.659362
Predictive Coding,Conv3,IT,sub-01,0,40,0.009476,1e-06
Predictive Coding,Conv3,IT,sub-02,0,40,0.008681,1e-05
Predictive Coding,Conv3,IT,sub-03,0,40,0.004256,0.030353
Predictive Coding,FC1,V1,sub-01,0,40,0.093725,0.0
Predictive Coding,FC1,V1,sub-02,0,40,0.102985,0.0
Predictive Coding,FC1,V1,sub-03,0,40,0.023638,0.0
Predictive Coding,FC1,V2,sub-01,0,40,0.0545,0.0
Predictive Coding,FC1,V2,sub-02,0,40,0.055291,0.0
Predictive Coding,FC1,V2,sub-03,0,40,0.00613,0.001818
Predictive Coding,FC1,V3,sub-01,0,40,0.038925,0.0
Predictive Coding,FC1,V3,sub-02,0,40,0.049616,0.0
Predictive Coding,FC1,V3,sub-03,0,40,0.008345,2.2e-05
Predictive Coding,FC1,V4,sub-01,0,40,0.022273,0.0
Predictive Coding,FC1,V4,sub-02,0,40,0.029834,0.0
Predictive Coding,FC1,V4,sub-03,0,40,0.007955,5.2e-05
Predictive Coding,FC1,LOC,sub-01,0,40,0.008262,2.6e-05
Predictive Coding,FC1,LOC,sub-02,0,40,-0.00029,0.882718
Predictive Coding,FC1,LOC,sub-03,0,40,0.001411,0.472979
Predictive Coding,FC1,IT,sub-01,0,40,0.011647,0.0
Predictive Coding,FC1,IT,sub-02,0,40,0.009238,3e-06
Predictive Coding,FC1,IT,sub-03,0,40,0.003429,0.081064
STDP,Conv1,V1,sub-01,0,0,0.03727,0.0
STDP,Conv1,V1,sub-02,0,0,0.065665,0.0
STDP,Conv1,V1,sub-03,0,0,0.010355,0.0
STDP,Conv1,V2,sub-01,0,0,0.020573,0.0
STDP,Conv1,V2,sub-02,0,0,0.03599,0.0
STDP,Conv1,V2,sub-03,0,0,0.000391,0.842357
STDP,Conv1,V3,sub-01,0,0,0.017092,0.0
STDP,Conv1,V3,sub-02,0,0,0.02436,0.0
STDP,Conv1,V3,sub-03,0,0,0.002958,0.132344
STDP,Conv1,V4,sub-01,0,0,0.008086,3.9e-05
STDP,Conv1,V4,sub-02,0,0,0.013251,0.0
STDP,Conv1,V4,sub-03,0,0,0.004119,0.036122
STDP,Conv1,LOC,sub-01,0,0,0.007345,0.000186
STDP,Conv1,LOC,sub-02,0,0,0.003614,0.065928
STDP,Conv1,LOC,sub-03,0,0,-0.000231,0.906281
STDP,Conv1,IT,sub-01,0,0,0.007085,0.000313
STDP,Conv1,IT,sub-02,0,0,0.007258,0.000222
STDP,Conv1,IT,sub-03,0,0,0.001422,0.46949
STDP,Conv2,V1,sub-01,0,0,0.032303,0.0
STDP,Conv2,V1,sub-02,0,0,0.054973,0.0
STDP,Conv2,V1,sub-03,0,0,0.008653,1.1e-05
STDP,Conv2,V2,sub-01,0,0,0.019183,0.0
STDP,Conv2,V2,sub-02,0,0,0.029067,0.0
STDP,Conv2,V2,sub-03,0,0,-0.000643,0.743531
STDP,Conv2,V3,sub-01,0,0,0.013943,0.0
STDP,Conv2,V3,sub-02,0,0,0.020891,0.0
STDP,Conv2,V3,sub-03,0,0,0.001783,0.364251
STDP,Conv2,V4,sub-01,0,0,0.006657,0.000707
STDP,Conv2,V4,sub-02,0,0,0.009296,2e-06
STDP,Conv2,V4,sub-03,0,0,0.005344,0.006546
STDP,Conv2,LOC,sub-01,0,0,0.006371,0.00119
STDP,Conv2,LOC,sub-02,0,0,0.000901,0.646516
STDP,Conv2,LOC,sub-03,0,0,-0.002399,0.222209
STDP,Conv2,IT,sub-01,0,0,0.006456,0.001021
STDP,Conv2,IT,sub-02,0,0,0.005609,0.004321
STDP,Conv2,IT,sub-03,0,0,0.000695,0.723558
STDP,Conv3,V1,sub-01,0,0,0.039744,0.0
STDP,Conv3,V1,sub-02,0,0,0.062038,0.0
STDP,Conv3,V1,sub-03,0,0,0.012781,0.0
STDP,Conv3,V2,sub-01,0,0,0.021486,0.0
STDP,Conv3,V2,sub-02,0,0,0.033399,0.0
STDP,Conv3,V2,sub-03,0,0,0.001626,0.408021
STDP,Conv3,V3,sub-01,0,0,0.016531,0.0
STDP,Conv3,V3,sub-02,0,0,0.026825,0.0
STDP,Conv3,V3,sub-03,0,0,0.003321,0.091113
STDP,Conv3,V4,sub-01,0,0,0.007938,5.4e-05
STDP,Conv3,V4,sub-02,0,0,0.013556,0.0
STDP,Conv3,V4,sub-03,0,0,0.006038,0.002126
STDP,Conv3,LOC,sub-01,0,0,0.006952,0.000404
STDP,Conv3,LOC,sub-02,0,0,0.002327,0.236514
STDP,Conv3,LOC,sub-03,0,0,-0.001123,0.567759
STDP,Conv3,IT,sub-01,0,0,0.006823,0.000518
STDP,Conv3,IT,sub-02,0,0,0.007998,4.7e-05
STDP,Conv3,IT,sub-03,0,0,0.001176,0.549496
STDP,FC1,V1,sub-01,0,0,0.118379,0.0
STDP,FC1,V1,sub-02,0,0,0.15839,0.0
STDP,FC1,V1,sub-03,0,0,0.02764,0.0
STDP,FC1,V2,sub-01,0,0,0.0748,0.0
STDP,FC1,V2,sub-02,0,0,0.11472,0.0
STDP,FC1,V2,sub-03,0,0,0.009373,2e-06
STDP,FC1,V3,sub-01,0,0,0.050607,0.0
STDP,FC1,V3,sub-02,0,0,0.101451,0.0
STDP,FC1,V3,sub-03,0,0,0.011229,0.0
STDP,FC1,V4,sub-01,0,0,0.030592,0.0
STDP,FC1,V4,sub-02,0,0,0.036114,0.0
STDP,FC1,V4,sub-03,0,0,0.001017,0.604892
STDP,FC1,LOC,sub-01,0,0,0.002861,0.145489
STDP,FC1,LOC,sub-02,0,0,-0.016476,0.0
STDP,FC1,LOC,sub-03,0,0,0.000783,0.690531
STDP,FC1,IT,sub-01,0,0,0.003604,0.066685
STDP,FC1,IT,sub-02,0,0,0.006564,0.000839
STDP,FC1,IT,sub-03,0,0,0.003169,0.106879
STDP,Conv1,V1,sub-01,0,1,0.038003,0.0
STDP,Conv1,V1,sub-02,0,1,0.0658,0.0
STDP,Conv1,V1,sub-03,0,1,0.010311,0.0
STDP,Conv1,V2,sub-01,0,1,0.020735,0.0
STDP,Conv1,V2,sub-02,0,1,0.035986,0.0
STDP,Conv1,V2,sub-03,0,1,0.000449,0.81935
STDP,Conv1,V3,sub-01,0,1,0.017203,0.0
STDP,Conv1,V3,sub-02,0,1,0.024578,0.0
STDP,Conv1,V3,sub-03,0,1,0.002962,0.131776
STDP,Conv1,V4,sub-01,0,1,0.008053,4.2e-05
STDP,Conv1,V4,sub-02,0,1,0.013299,0.0
STDP,Conv1,V4,sub-03,0,1,0.004112,0.036448
STDP,Conv1,LOC,sub-01,0,1,0.007296,0.000206
STDP,Conv1,LOC,sub-02,0,1,0.003202,0.103286
STDP,Conv1,LOC,sub-03,0,1,-0.000181,0.926461
STDP,Conv1,IT,sub-01,0,1,0.007104,0.000301
STDP,Conv1,IT,sub-02,0,1,0.007037,0.000343
STDP,Conv1,IT,sub-03,0,1,0.001393,0.478451
STDP,Conv2,V1,sub-01,0,1,0.035085,0.0
STDP,Conv2,V1,sub-02,0,1,0.058486,0.0
STDP,Conv2,V1,sub-03,0,1,0.00924,3e-06
STDP,Conv2,V2,sub-01,0,1,0.020779,0.0
STDP,Conv2,V2,sub-02,0,1,0.031024,0.0
STDP,Conv2,V2,sub-03,0,1,-0.000435,0.824817
STDP,Conv2,V3,sub-01,0,1,0.015032,0.0
STDP,Conv2,V3,sub-02,0,1,0.022212,0.0
STDP,Conv2,V3,sub-03,0,1,0.002013,0.305753
STDP,Conv2,V4,sub-01,0,1,0.007247,0.000227
STDP,Conv2,V4,sub-02,0,1,0.01009,0.0
STDP,Conv2,V4,sub-03,0,1,0.00537,0.006296
STDP,Conv2,LOC,sub-01,0,1,0.006451,0.001031
STDP,Conv2,LOC,sub-02,0,1,0.00074,0.706697
STDP,Conv2,LOC,sub-03,0,1,-0.002323,0.237335
STDP,Conv2,IT,sub-01,0,1,0.006545,0.00087
STDP,Conv2,IT,sub-02,0,1,0.005766,0.003352
STDP,Conv2,IT,sub-03,0,1,0.000657,0.738153
STDP,Conv3,V1,sub-01,0,1,0.040319,0.0
STDP,Conv3,V1,sub-02,0,1,0.062345,0.0
STDP,Conv3,V1,sub-03,0,1,0.013005,0.0
STDP,Conv3,V2,sub-01,0,1,0.021886,0.0
STDP,Conv3,V2,sub-02,0,1,0.033734,0.0
STDP,Conv3,V2,sub-03,0,1,0.00181,0.357235
STDP,Conv3,V3,sub-01,0,1,0.016836,0.0
STDP,Conv3,V3,sub-02,0,1,0.02701,0.0
STDP,Conv3,V3,sub-03,0,1,0.003483,0.076372
STDP,Conv3,V4,sub-01,0,1,0.008063,4.1e-05
STDP,Conv3,V4,sub-02,0,1,0.013764,0.0
STDP,Conv3,V4,sub-03,0,1,0.006053,0.002073
STDP,Conv3,LOC,sub-01,0,1,0.006953,0.000404
STDP,Conv3,LOC,sub-02,0,1,0.002662,0.175581
STDP,Conv3,LOC,sub-03,0,1,-0.001041,0.596515
STDP,Conv3,IT,sub-01,0,1,0.006769,0.000574
STDP,Conv3,IT,sub-02,0,1,0.008267,2.6e-05
STDP,Conv3,IT,sub-03,0,1,0.001082,0.582124
STDP,FC1,V1,sub-01,0,1,0.081112,0.0
STDP,FC1,V1,sub-02,0,1,0.10585,0.0
STDP,FC1,V1,sub-03,0,1,0.018571,0.0
STDP,FC1,V2,sub-01,0,1,0.055193,0.0
STDP,FC1,V2,sub-02,0,1,0.074202,0.0
STDP,FC1,V2,sub-03,0,1,0.006686,0.000669
STDP,FC1,V3,sub-01,0,1,0.030924,0.0
STDP,FC1,V3,sub-02,0,1,0.059252,0.0
STDP,FC1,V3,sub-03,0,1,0.00655,0.000861
STDP,FC1,V4,sub-01,0,1,0.017789,0.0
STDP,FC1,V4,sub-02,0,1,0.024581,0.0
STDP,FC1,V4,sub-03,0,1,0.004607,0.019077
STDP,FC1,LOC,sub-01,0,1,0.004819,0.014207
STDP,FC1,LOC,sub-02,0,1,-0.008635,1.1e-05
STDP,FC1,LOC,sub-03,0,1,-0.000207,0.916113
STDP,FC1,IT,sub-01,0,1,0.004347,0.026992
STDP,FC1,IT,sub-02,0,1,0.004292,0.028998
STDP,FC1,IT,sub-03,0,1,0.001489,0.448833
STDP,Conv1,V1,sub-01,0,2,0.039523,0.0
STDP,Conv1,V1,sub-02,0,2,0.067321,0.0
STDP,Conv1,V1,sub-03,0,2,0.01046,0.0
STDP,Conv1,V2,sub-01,0,2,0.021499,0.0
STDP,Conv1,V2,sub-02,0,2,0.037065,0.0
STDP,Conv1,V2,sub-03,0,2,0.000589,0.764505
STDP,Conv1,V3,sub-01,0,2,0.01771,0.0
STDP,Conv1,V3,sub-02,0,2,0.025686,0.0
STDP,Conv1,V3,sub-03,0,2,0.003083,0.116758
STDP,Conv1,V4,sub-01,0,2,0.008304,2.4e-05
STDP,Conv1,V4,sub-02,0,2,0.01366,0.0
STDP,Conv1,V4,sub-03,0,2,0.004118,0.036147
STDP,Conv1,LOC,sub-01,0,2,0.007286,0.00021
STDP,Conv1,LOC,sub-02,0,2,0.002755,0.161079
STDP,Conv1,LOC,sub-03,0,2,-9.4e-05,0.961795
STDP,Conv1,IT,sub-01,0,2,0.007162,0.000269
STDP,Conv1,IT,sub-02,0,2,0.006946,0.000409
STDP,Conv1,IT,sub-03,0,2,0.001403,0.475485
STDP,Conv2,V1,sub-01,0,2,0.036349,0.0
STDP,Conv2,V1,sub-02,0,2,0.059975,0.0
STDP,Conv2,V1,sub-03,0,2,0.009417,2e-06
STDP,Conv2,V2,sub-01,0,2,0.021567,0.0
STDP,Conv2,V2,sub-02,0,2,0.032159,0.0
STDP,Conv2,V2,sub-03,0,2,-0.000292,0.881771
STDP,Conv2,V3,sub-01,0,2,0.015593,0.0
STDP,Conv2,V3,sub-02,0,2,0.023237,0.0
STDP,Conv2,V3,sub-03,0,2,0.002135,0.277471
STDP,Conv2,V4,sub-01,0,2,0.007473,0.000143
STDP,Conv2,V4,sub-02,0,2,0.010663,0.0
STDP,Conv2,V4,sub-03,0,2,0.005348,0.006512
STDP,Conv2,LOC,sub-01,0,2,0.006502,0.00094
STDP,Conv2,LOC,sub-02,0,2,0.000879,0.654766
STDP,Conv2,LOC,sub-03,0,2,-0.002184,0.266524
STDP,Conv2,IT,sub-01,0,2,0.006577,0.00082
STDP,Conv2,IT,sub-02,0,2,0.006025,0.002173
STDP,Conv2,IT,sub-03,0,2,0.000606,0.757928
STDP,Conv3,V1,sub-01,0,2,0.040814,0.0
STDP,Conv3,V1,sub-02,0,2,0.062682,0.0
STDP,Conv3,V1,sub-03,0,2,0.013076,0.0
STDP,Conv3,V2,sub-01,0,2,0.022303,0.0
STDP,Conv3,V2,sub-02,0,2,0.034267,0.0
STDP,Conv3,V2,sub-03,0,2,0.001973,0.315498
STDP,Conv3,V3,sub-01,0,2,0.017109,0.0
STDP,Conv3,V3,sub-02,0,2,0.027554,0.0
STDP,Conv3,V3,sub-03,0,2,0.003617,0.065717
STDP,Conv3,V4,sub-01,0,2,0.008136,3.5e-05
STDP,Conv3,V4,sub-02,0,2,0.013889,0.0
STDP,Conv3,V4,sub-03,0,2,0.006115,0.001865
STDP,Conv3,LOC,sub-01,0,2,0.006988,0.000378
STDP,Conv3,LOC,sub-02,0,2,0.002755,0.161056
STDP,Conv3,LOC,sub-03,0,2,-0.000859,0.662239
STDP,Conv3,IT,sub-01,0,2,0.006773,0.000569
STDP,Conv3,IT,sub-02,0,2,0.008387,2e-05
STDP,Conv3,IT,sub-03,0,2,0.001074,0.584832
STDP,FC1,V1,sub-01,0,2,0.093009,0.0
STDP,FC1,V1,sub-02,0,2,0.121505,0.0
STDP,FC1,V1,sub-03,0,2,0.020641,0.0
STDP,FC1,V2,sub-01,0,2,0.059303,0.0
STDP,FC1,V2,sub-02,0,2,0.084149,0.0
STDP,FC1,V2,sub-03,0,2,0.008212,2.9e-05
STDP,FC1,V3,sub-01,0,2,0.035611,0.0
STDP,FC1,V3,sub-02,0,2,0.070143,0.0
STDP,FC1,V3,sub-03,0,2,0.007795,7.3e-05
STDP,FC1,V4,sub-01,0,2,0.020574,0.0
STDP,FC1,V4,sub-02,0,2,0.029422,0.0
STDP,FC1,V4,sub-03,0,2,0.006367,0.001198
STDP,FC1,LOC,sub-01,0,2,0.005348,0.006514
STDP,FC1,LOC,sub-02,0,2,-0.007321,0.000195
STDP,FC1,LOC,sub-03,0,2,0.000261,0.894169
STDP,FC1,IT,sub-01,0,2,0.005507,0.005082
STDP,FC1,IT,sub-02,0,2,0.006232,0.00152
STDP,FC1,IT,sub-03,0,2,0.001588,0.419206
STDP,Conv1,V1,sub-01,0,5,0.043334,0.0
STDP,Conv1,V1,sub-02,0,5,0.072003,0.0
STDP,Conv1,V1,sub-03,0,5,0.010998,0.0
STDP,Conv1,V2,sub-01,0,5,0.023674,0.0
STDP,Conv1,V2,sub-02,0,5,0.040334,0.0
STDP,Conv1,V2,sub-03,0,5,0.000959,0.625454
STDP,Conv1,V3,sub-01,0,5,0.019256,0.0
STDP,Conv1,V3,sub-02,0,5,0.028661,0.0
STDP,Conv1,V3,sub-03,0,5,0.00343,0.080935
STDP,Conv1,V4,sub-01,0,5,0.009135,3e-06
STDP,Conv1,V4,sub-02,0,5,0.014567,0.0
STDP,Conv1,V4,sub-03,0,5,0.004135,0.035399
STDP,Conv1,LOC,sub-01,0,5,0.007261,0.000221
STDP,Conv1,LOC,sub-02,0,5,0.001513,0.441593
STDP,Conv1,LOC,sub-03,0,5,4.2e-05,0.983062
STDP,Conv1,IT,sub-01,0,5,0.007251,0.000225
STDP,Conv1,IT,sub-02,0,5,0.00664,0.00073
STDP,Conv1,IT,sub-03,0,5,0.001402,0.475749
STDP,Conv2,V1,sub-01,0,5,0.038365,0.0
STDP,Conv2,V1,sub-02,0,5,0.062182,0.0
STDP,Conv2,V1,sub-03,0,5,0.009622,1e-06
STDP,Conv2,V2,sub-01,0,5,0.023073,0.0
STDP,Conv2,V2,sub-02,0,5,0.033981,0.0
STDP,Conv2,V2,sub-03,0,5,-3.8e-05,0.984476
STDP,Conv2,V3,sub-01,0,5,0.016601,0.0
STDP,Conv2,V3,sub-02,0,5,0.025423,0.0
STDP,Conv2,V3,sub-03,0,5,0.002345,0.232873
STDP,Conv2,V4,sub-01,0,5,0.007917,5.6e-05
STDP,Conv2,V4,sub-02,0,5,0.011714,0.0
STDP,Conv2,V4,sub-03,0,5,0.005284,0.007185
STDP,Conv2,LOC,sub-01,0,5,0.006544,0.000871
STDP,Conv2,LOC,sub-02,0,5,0.00078,0.691537
STDP,Conv2,LOC,sub-03,0,5,-0.001974,0.315303
STDP,Conv2,IT,sub-01,0,5,0.0067,0.000653
STDP,Conv2,IT,sub-02,0,5,0.006396,0.001138
STDP,Conv2,IT,sub-03,0,5,0.000508,0.796169
STDP,Conv3,V1,sub-01,0,5,0.04139,0.0
STDP,Conv3,V1,sub-02,0,5,0.062714,0.0
STDP,Conv3,V1,sub-03,0,5,0.013125,0.0
STDP,Conv3,V2,sub-01,0,5,0.022956,0.0
STDP,Conv3,V2,sub-02,0,5,0.034974,0.0
STDP,Conv3,V2,sub-03,0,5,0.002166,0.270442
STDP,Conv3,V3,sub-01,0,5,0.017583,0.0
STDP,Conv3,V3,sub-02,0,5,0.028393,0.0
STDP,Conv3,V3,sub-03,0,5,0.003766,0.055352
STDP,Conv3,V4,sub-01,0,5,0.008243,2.7e-05
STDP,Conv3,V4,sub-02,0,5,0.014095,0.0
STDP,Conv3,V4,sub-03,0,5,0.006227,0.001535
STDP,Conv3,LOC,sub-01,0,5,0.007014,0.000359
STDP,Conv3,LOC,sub-02,0,5,0.002864,0.145042
STDP,Conv3,LOC,sub-03,0,5,-0.000705,0.719759
STDP,Conv3,IT,sub-01,0,5,0.006852,0.00049
STDP,Conv3,IT,sub-02,0,5,0.008588,1.2e-05
STDP,Conv3,IT,sub-03,0,5,0.000952,0.628089
STDP,FC1,V1,sub-01,0,5,0.090229,0.0
STDP,FC1,V1,sub-02,0,5,0.103828,0.0
STDP,FC1,V1,sub-03,0,5,0.018982,0.0
STDP,FC1,V2,sub-01,0,5,0.0573,0.0
STDP,FC1,V2,sub-02,0,5,0.072189,0.0
STDP,FC1,V2,sub-03,0,5,0.009063,4e-06
STDP,FC1,V3,sub-01,0,5,0.036417,0.0
STDP,FC1,V3,sub-02,0,5,0.069847,0.0
STDP,FC1,V3,sub-03,0,5,0.008444,1.7e-05
STDP,FC1,V4,sub-01,0,5,0.020426,0.0
STDP,FC1,V4,sub-02,0,5,0.023189,0.0
STDP,FC1,V4,sub-03,0,5,0.00727,0.000217
STDP,FC1,LOC,sub-01,0,5,0.006012,0.002223
STDP,FC1,LOC,sub-02,0,5,-0.00894,5e-06
STDP,FC1,LOC,sub-03,0,5,-0.000222,0.910125
STDP,FC1,IT,sub-01,0,5,0.006711,0.00064
STDP,FC1,IT,sub-02,0,5,0.004136,0.035359
STDP,FC1,IT,sub-03,0,5,0.001777,0.365945
STDP,Conv1,V1,sub-01,0,10,0.047971,0.0
STDP,Conv1,V1,sub-02,0,10,0.078479,0.0
STDP,Conv1,V1,sub-03,0,10,0.011819,0.0
STDP,Conv1,V2,sub-01,0,10,0.026543,0.0
STDP,Conv1,V2,sub-02,0,10,0.044812,0.0
STDP,Conv1,V2,sub-03,0,10,0.001435,0.46537
STDP,Conv1,V3,sub-01,0,10,0.021326,0.0
STDP,Conv1,V3,sub-02,0,10,0.032599,0.0
STDP,Conv1,V3,sub-03,0,10,0.003917,0.046278
STDP,Conv1,V4,sub-01,0,10,0.01029,0.0
STDP,Conv1,V4,sub-02,0,10,0.015739,0.0
STDP,Conv1,V4,sub-03,0,10,0.004239,0.031035
STDP,Conv1,LOC,sub-01,0,10,0.007259,0.000222
STDP,Conv1,LOC,sub-02,0,10,0.000141,0.942848
STDP,Conv1,LOC,sub-03,0,10,8.5e-05,0.96545
STDP,Conv1,IT,sub-01,0,10,0.007352,0.000184
STDP,Conv1,IT,sub-02,0,10,0.006425,0.001079
STDP,Conv1,IT,sub-03,0,10,0.001409,0.473546
STDP,Conv2,V1,sub-01,0,10,0.039726,0.0
STDP,Conv2,V1,sub-02,0,10,0.063506,0.0
STDP,Conv2,V1,sub-03,0,10,0.009672,1e-06
STDP,Conv2,V2,sub-01,0,10,0.024465,0.0
STDP,Conv2,V2,sub-02,0,10,0.035455,0.0
STDP,Conv2,V2,sub-03,0,10,0.00021,0.914875
STDP,Conv2,V3,sub-01,0,10,0.017536,0.0
STDP,Conv2,V3,sub-02,0,10,0.02745,0.0
STDP,Conv2,V3,sub-03,0,10,0.002636,0.17989
STDP,Conv2,V4,sub-01,0,10,0.008377,2e-05
STDP,Conv2,V4,sub-02,0,10,0.012542,0.0
STDP,Conv2,V4,sub-03,0,10,0.00534,0.00659
STDP,Conv2,LOC,sub-01,0,10,0.006627,0.000747
STDP,Conv2,LOC,sub-02,0,10,0.000366,0.852457
STDP,Conv2,LOC,sub-03,0,10,-0.001774,0.366671
STDP,Conv2,IT,sub-01,0,10,0.006953,0.000404
STDP,Conv2,IT,sub-02,0,10,0.00653,0.000893
STDP,Conv2,IT,sub-03,0,10,0.000445,0.820771
STDP,Conv3,V1,sub-01,0,10,0.041864,0.0
STDP,Conv3,V1,sub-02,0,10,0.06256,0.0
STDP,Conv3,V1,sub-03,0,10,0.013048,0.0
STDP,Conv3,V2,sub-01,0,10,0.023537,0.0
STDP,Conv3,V2,sub-02,0,10,0.035668,0.0
STDP,Conv3,V2,sub-03,0,10,0.002267,0.248801
STDP,Conv3,V3,sub-01,0,10,0.01797,0.0
STDP,Conv3,V3,sub-02,0,10,0.029028,0.0
STDP,Conv3,V3,sub-03,0,10,0.003915,0.046414
STDP,Conv3,V4,sub-01,0,10,0.008347,2.2e-05
STDP,Conv3,V4,sub-02,0,10,0.014111,0.0
STDP,Conv3,V4,sub-03,0,10,0.006407,0.001116
STDP,Conv3,LOC,sub-01,0,10,0.007134,0.000284
STDP,Conv3,LOC,sub-02,0,10,0.002505,0.202496
STDP,Conv3,LOC,sub-03,0,10,-0.000557,0.776748
STDP,Conv3,IT,sub-01,0,10,0.007071,0.000322
STDP,Conv3,IT,sub-02,0,10,0.008529,1.4e-05
STDP,Conv3,IT,sub-03,0,10,0.000983,0.61685
STDP,FC1,V1,sub-01,0,10,0.077407,0.0
STDP,FC1,V1,sub-02,0,10,0.101558,0.0
STDP,FC1,V1,sub-03,0,10,0.020758,0.0
STDP,FC1,V2,sub-01,0,10,0.055313,0.0
STDP,FC1,V2,sub-02,0,10,0.080642,0.0
STDP,FC1,V2,sub-03,0,10,0.012008,0.0
STDP,FC1,V3,sub-01,0,10,0.036871,0.0
STDP,FC1,V3,sub-02,0,10,0.073051,0.0
STDP,FC1,V3,sub-03,0,10,0.010732,0.0
STDP,FC1,V4,sub-01,0,10,0.019629,0.0
STDP,FC1,V4,sub-02,0,10,0.029792,0.0
STDP,FC1,V4,sub-03,0,10,0.00956,1e-06
STDP,FC1,LOC,sub-01,0,10,0.009234,3e-06
STDP,FC1,LOC,sub-02,0,10,-0.000778,0.692133
STDP,FC1,LOC,sub-03,0,10,0.000578,0.768823
STDP,FC1,IT,sub-01,0,10,0.008983,5e-06
STDP,FC1,IT,sub-02,0,10,0.011023,0.0
STDP,FC1,IT,sub-03,0,10,0.003367,0.086667
STDP,Conv1,V1,sub-01,0,20,0.052482,0.0
STDP,Conv1,V1,sub-02,0,20,0.085303,0.0
STDP,Conv1,V1,sub-03,0,20,0.012727,0.0
STDP,Conv1,V2,sub-01,0,20,0.029574,0.0
STDP,Conv1,V2,sub-02,0,20,0.049466,0.0
STDP,Conv1,V2,sub-03,0,20,0.001897,0.33437
STDP,Conv1,V3,sub-01,0,20,0.023549,0.0
STDP,Conv1,V3,sub-02,0,20,0.036641,0.0
STDP,Conv1,V3,sub-03,0,20,0.00441,0.024863
STDP,Conv1,V4,sub-01,0,20,0.011565,0.0
STDP,Conv1,V4,sub-02,0,20,0.016939,0.0
STDP,Conv1,V4,sub-03,0,20,0.00435,0.026892
STDP,Conv1,LOC,sub-01,0,20,0.00725,0.000226
STDP,Conv1,LOC,sub-02,0,20,-0.001078,0.58325
STDP,Conv1,LOC,sub-03,0,20,0.000139,0.943646
STDP,Conv1,IT,sub-01,0,20,0.007399,0.000167
STDP,Conv1,IT,sub-02,0,20,0.006269,0.001425
STDP,Conv1,IT,sub-03,0,20,0.001407,0.47409
STDP,Conv2,V1,sub-01,0,20,0.042114,0.0
STDP,Conv2,V1,sub-02,0,20,0.065836,0.0
STDP,Conv2,V1,sub-03,0,20,0.010054,0.0
STDP,Conv2,V2,sub-01,0,20,0.026487,0.0
STDP,Conv2,V2,sub-02,0,20,0.037316,0.0
STDP,Conv2,V2,sub-03,0,20,0.0005,0.799134
STDP,Conv2,V3,sub-01,0,20,0.018905,0.0
STDP,Conv2,V3,sub-02,0,20,0.02945,0.0
STDP,Conv2,V3,sub-03,0,20,0.003034,0.122719
STDP,Conv2,V4,sub-01,0,20,0.009234,3e-06
STDP,Conv2,V4,sub-02,0,20,0.013566,0.0
STDP,Conv2,V4,sub-03,0,20,0.005587,0.004476
STDP,Conv2,LOC,sub-01,0,20,0.00658,0.000815
STDP,Conv2,LOC,sub-02,0,20,-0.000347,0.859857
STDP,Conv2,LOC,sub-03,0,20,-0.001819,0.354826
STDP,Conv2,IT,sub-01,0,20,0.007239,0.000231
STDP,Conv2,IT,sub-02,0,20,0.006238,0.001504
STDP,Conv2,IT,sub-03,0,20,0.000462,0.814122
STDP,Conv3,V1,sub-01,0,20,0.04357,0.0
STDP,Conv3,V1,sub-02,0,20,0.06375,0.0
STDP,Conv3,V1,sub-03,0,20,0.013264,0.0
STDP,Conv3,V2,sub-01,0,20,0.024962,0.0
STDP,Conv3,V2,sub-02,0,20,0.037419,0.0
STDP,Conv3,V2,sub-03,0,20,0.002467,0.209424
STDP,Conv3,V3,sub-01,0,20,0.019035,0.0
STDP,Conv3,V3,sub-02,0,20,0.03092,0.0
STDP,Conv3,V3,sub-03,0,20,0.004146,0.0349
STDP,Conv3,V4,sub-01,0,20,0.008849,7e-06
STDP,Conv3,V4,sub-02,0,20,0.014834,0.0
STDP,Conv3,V4,sub-03,0,20,0.006666,0.000695
STDP,Conv3,LOC,sub-01,0,20,0.007428,0.000157
STDP,Conv3,LOC,sub-02,0,20,0.00242,0.218191
STDP,Conv3,LOC,sub-03,0,20,-0.000652,0.740276
STDP,Conv3,IT,sub-01,0,20,0.007584,0.000114
STDP,Conv3,IT,sub-02,0,20,0.008779,8e-06
STDP,Conv3,IT,sub-03,0,20,0.001,0.610795
STDP,FC1,V1,sub-01,0,20,0.086584,0.0
STDP,FC1,V1,sub-02,0,20,0.11107,0.0
STDP,FC1,V1,sub-03,0,20,0.023207,0.0
STDP,FC1,V2,sub-01,0,20,0.066459,0.0
STDP,FC1,V2,sub-02,0,20,0.090092,0.0
STDP,FC1,V2,sub-03,0,20,0.011903,0.0
STDP,FC1,V3,sub-01,0,20,0.041856,0.0
STDP,FC1,V3,sub-02,0,20,0.079037,0.0
STDP,FC1,V3,sub-03,0,20,0.011684,0.0
STDP,FC1,V4,sub-01,0,20,0.023467,0.0
STDP,FC1,V4,sub-02,0,20,0.030936,0.0
STDP,FC1,V4,sub-03,0,20,0.007639,0.000102
STDP,FC1,LOC,sub-01,0,20,0.008348,2.2e-05
STDP,FC1,LOC,sub-02,0,20,-0.00668,0.000678
STDP,FC1,LOC,sub-03,0,20,0.002606,0.184976
STDP,FC1,IT,sub-01,0,20,0.010423,0.0
STDP,FC1,IT,sub-02,0,20,0.009638,1e-06
STDP,FC1,IT,sub-03,0,20,0.00343,0.080984
STDP,Conv1,V1,sub-01,0,30,0.055517,0.0
STDP,Conv1,V1,sub-02,0,30,0.089946,0.0
STDP,Conv1,V1,sub-03,0,30,0.013316,0.0
STDP,Conv1,V2,sub-01,0,30,0.031623,0.0
STDP,Conv1,V2,sub-02,0,30,0.052798,0.0
STDP,Conv1,V2,sub-03,0,30,0.002262,0.249747
STDP,Conv1,V3,sub-01,0,30,0.025156,0.0
STDP,Conv1,V3,sub-02,0,30,0.039641,0.0
STDP,Conv1,V3,sub-03,0,30,0.004799,0.014634
STDP,Conv1,V4,sub-01,0,30,0.012391,0.0
STDP,Conv1,V4,sub-02,0,30,0.01787,0.0
STDP,Conv1,V4,sub-03,0,30,0.004424,0.024406
STDP,Conv1,LOC,sub-01,0,30,0.007251,0.000225
STDP,Conv1,LOC,sub-02,0,30,-0.001838,0.349695
STDP,Conv1,LOC,sub-03,0,30,0.000247,0.899829
STDP,Conv1,IT,sub-01,0,30,0.007439,0.000154
STDP,Conv1,IT,sub-02,0,30,0.006239,0.001503
STDP,Conv1,IT,sub-03,0,30,0.001512,0.441768
STDP,Conv2,V1,sub-01,0,30,0.04405,0.0
STDP,Conv2,V1,sub-02,0,30,0.067793,0.0
STDP,Conv2,V1,sub-03,0,30,0.010526,0.0
STDP,Conv2,V2,sub-01,0,30,0.028014,0.0
STDP,Conv2,V2,sub-02,0,30,0.039061,0.0
STDP,Conv2,V2,sub-03,0,30,0.000869,0.65851
STDP,Conv2,V3,sub-01,0,30,0.020046,0.0
STDP,Conv2,V3,sub-02,0,30,0.031318,0.0
STDP,Conv2,V3,sub-03,0,30,0.003505,0.074519
STDP,Conv2,V4,sub-01,0,30,0.009952,0.0
STDP,Conv2,V4,sub-02,0,30,0.014487,0.0
STDP,Conv2,V4,sub-03,0,30,0.005964,0.002413
STDP,Conv2,LOC,sub-01,0,30,0.006499,0.000945
STDP,Conv2,LOC,sub-02,0,30,-0.000551,0.779061
STDP,Conv2,LOC,sub-03,0,30,-0.001699,0.387316
STDP,Conv2,IT,sub-01,0,30,0.007296,0.000206
STDP,Conv2,IT,sub-02,0,30,0.006113,0.00187
STDP,Conv2,IT,sub-03,0,30,0.000674,0.731547
STDP,Conv3,V1,sub-01,0,30,0.044325,0.0
STDP,Conv3,V1,sub-02,0,30,0.063468,0.0
STDP,Conv3,V1,sub-03,0,30,0.013478,0.0
STDP,Conv3,V2,sub-01,0,30,0.025778,0.0
STDP,Conv3,V2,sub-02,0,30,0.037816,0.0
STDP,Conv3,V2,sub-03,0,30,0.002616,0.183208
STDP,Conv3,V3,sub-01,0,30,0.019582,0.0
STDP,Conv3,V3,sub-02,0,30,0.031199,0.0
STDP,Conv3,V3,sub-03,0,30,0.004391,0.025478
STDP,Conv3,V4,sub-01,0,30,0.009163,3e-06
STDP,Conv3,V4,sub-02,0,30,0.014981,0.0
STDP,Conv3,V4,sub-03,0,30,0.006936,0.000418
STDP,Conv3,LOC,sub-01,0,30,0.007556,0.000121
STDP,Conv3,LOC,sub-02,0,30,0.002416,0.219064
STDP,Conv3,LOC,sub-03,0,30,-0.000546,0.78115
STDP,Conv3,IT,sub-01,0,30,0.007867,6.3e-05
STDP,Conv3,IT,sub-02,0,30,0.008792,8e-06
STDP,Conv3,IT,sub-03,0,30,0.001105,0.573965
STDP,FC1,V1,sub-01,0,30,0.08023,0.0
STDP,FC1,V1,sub-02,0,30,0.099677,0.0
STDP,FC1,V1,sub-03,0,30,0.021858,0.0
STDP,FC1,V2,sub-01,0,30,0.064191,0.0
STDP,FC1,V2,sub-02,0,30,0.07908,0.0
STDP,FC1,V2,sub-03,0,30,0.011442,0.0
STDP,FC1,V3,sub-01,0,30,0.039907,0.0
STDP,FC1,V3,sub-02,0,30,0.068938,0.0
STDP,FC1,V3,sub-03,0,30,0.012278,0.0
STDP,FC1,V4,sub-01,0,30,0.022183,0.0
STDP,FC1,V4,sub-02,0,30,0.03026,0.0
STDP,FC1,V4,sub-03,0,30,0.009765,1e-06
STDP,FC1,LOC,sub-01,0,30,0.008957,5e-06
STDP,FC1,LOC,sub-02,0,30,-0.006457,0.001019
STDP,FC1,LOC,sub-03,0,30,0.001992,0.31096
STDP,FC1,IT,sub-01,0,30,0.010573,0.0
STDP,FC1,IT,sub-02,0,30,0.007884,6e-05
STDP,FC1,IT,sub-03,0,30,0.005856,0.002887
STDP,Conv1,V1,sub-01,0,40,0.056273,0.0
STDP,Conv1,V1,sub-02,0,40,0.090925,0.0
STDP,Conv1,V1,sub-03,0,40,0.013448,0.0
STDP,Conv1,V2,sub-01,0,40,0.032169,0.0
STDP,Conv1,V2,sub-02,0,40,0.053599,0.0
STDP,Conv1,V2,sub-03,0,40,0.002377,0.226629
STDP,Conv1,V3,sub-01,0,40,0.025657,0.0
STDP,Conv1,V3,sub-02,0,40,0.040597,0.0
STDP,Conv1,V3,sub-03,0,40,0.004949,0.01181
STDP,Conv1,V4,sub-01,0,40,0.012694,0.0
STDP,Conv1,V4,sub-02,0,40,0.018149,0.0
STDP,Conv1,V4,sub-03,0,40,0.004499,0.02208
STDP,Conv1,LOC,sub-01,0,40,0.007223,0.000238
STDP,Conv1,LOC,sub-02,0,40,-0.002018,0.304638
STDP,Conv1,LOC,sub-03,0,40,0.000267,0.891929
STDP,Conv1,IT,sub-01,0,40,0.00742,0.00016
STDP,Conv1,IT,sub-02,0,40,0.006223,0.001545
STDP,Conv1,IT,sub-03,0,40,0.001523,0.438317
STDP,Conv2,V1,sub-01,0,40,0.045034,0.0
STDP,Conv2,V1,sub-02,0,40,0.068201,0.0
STDP,Conv2,V1,sub-03,0,40,0.010796,0.0
STDP,Conv2,V2,sub-01,0,40,0.028842,0.0
STDP,Conv2,V2,sub-02,0,40,0.039611,0.0
STDP,Conv2,V2,sub-03,0,40,0.001046,0.59476
STDP,Conv2,V3,sub-01,0,40,0.02073,0.0
STDP,Conv2,V3,sub-02,0,40,0.032265,0.0
STDP,Conv2,V3,sub-03,0,40,0.003747,0.056633
STDP,Conv2,V4,sub-01,0,40,0.010382,0.0
STDP,Conv2,V4,sub-02,0,40,0.015089,0.0
STDP,Conv2,V4,sub-03,0,40,0.006172,0.00169
STDP,Conv2,LOC,sub-01,0,40,0.006358,0.001218
STDP,Conv2,LOC,sub-02,0,40,-0.000674,0.731691
STDP,Conv2,LOC,sub-03,0,40,-0.001614,0.411468
STDP,Conv2,IT,sub-01,0,40,0.007329,0.000193
STDP,Conv2,IT,sub-02,0,40,0.005982,0.00234
STDP,Conv2,IT,sub-03,0,40,0.000792,0.687162
STDP,Conv3,V1,sub-01,0,40,0.044118,0.0
STDP,Conv3,V1,sub-02,0,40,0.06241,0.0
STDP,Conv3,V1,sub-03,0,40,0.013568,0.0
STDP,Conv3,V2,sub-01,0,40,0.025932,0.0
STDP,Conv3,V2,sub-02,0,40,0.037406,0.0
STDP,Conv3,V2,sub-03,0,40,0.002661,0.175805
STDP,Conv3,V3,sub-01,0,40,0.019798,0.0
STDP,Conv3,V3,sub-02,0,40,0.031121,0.0
STDP,Conv3,V3,sub-03,0,40,0.004469,0.022986
STDP,Conv3,V4,sub-01,0,40,0.009216,3e-06
STDP,Conv3,V4,sub-02,0,40,0.014882,0.0
STDP,Conv3,V4,sub-03,0,40,0.007068,0.000323
STDP,Conv3,LOC,sub-01,0,40,0.007538,0.000125
STDP,Conv3,LOC,sub-02,0,40,0.002412,0.219752
STDP,Conv3,LOC,sub-03,0,40,-0.000584,0.766546
STDP,Conv3,IT,sub-01,0,40,0.007941,5.3e-05
STDP,Conv3,IT,sub-02,0,40,0.008819,7e-06
STDP,Conv3,IT,sub-03,0,40,0.001077,0.583658
STDP,FC1,V1,sub-01,0,40,0.07773,0.0
STDP,FC1,V1,sub-02,0,40,0.090602,0.0
STDP,FC1,V1,sub-03,0,40,0.019671,0.0
STDP,FC1,V2,sub-01,0,40,0.062679,0.0
STDP,FC1,V2,sub-02,0,40,0.070844,0.0
STDP,FC1,V2,sub-03,0,40,0.009497,1e-06
STDP,FC1,V3,sub-01,0,40,0.039308,0.0
STDP,FC1,V3,sub-02,0,40,0.065478,0.0
STDP,FC1,V3,sub-03,0,40,0.011162,0.0
STDP,FC1,V4,sub-01,0,40,0.023078,0.0
STDP,FC1,V4,sub-02,0,40,0.030847,0.0
STDP,FC1,V4,sub-03,0,40,0.009871,1e-06
STDP,FC1,LOC,sub-01,0,40,0.008199,3e-05
STDP,FC1,LOC,sub-02,0,40,-0.005779,0.003283
STDP,FC1,LOC,sub-03,0,40,0.001997,0.309648
STDP,FC1,IT,sub-01,0,40,0.010633,0.0
STDP,FC1,IT,sub-02,0,40,0.006327,0.001286
STDP,FC1,IT,sub-03,0,40,0.003804,0.052968
Random Weights,Conv1,V1,sub-01,1,0,0.04268,0.0
Random Weights,Conv1,V1,sub-02,1,0,0.075544,0.0
Random Weights,Conv1,V1,sub-03,1,0,0.013572,0.0
Random Weights,Conv1,V2,sub-01,1,0,0.027309,0.0
Random Weights,Conv1,V2,sub-02,1,0,0.043571,0.0
Random Weights,Conv1,V2,sub-03,1,0,0.000883,0.653095
Random Weights,Conv1,V3,sub-01,1,0,0.021062,0.0
Random Weights,Conv1,V3,sub-02,1,0,0.030224,0.0
Random Weights,Conv1,V3,sub-03,1,0,0.002657,0.176373
Random Weights,Conv1,V4,sub-01,1,0,0.009886,0.0
Random Weights,Conv1,V4,sub-02,1,0,0.011115,0.0
Random Weights,Conv1,V4,sub-03,1,0,0.004218,0.03186
Random Weights,Conv1,LOC,sub-01,1,0,0.00458,0.019808
Random Weights,Conv1,LOC,sub-02,1,0,-0.001603,0.414879
Random Weights,Conv1,LOC,sub-03,1,0,-0.001776,0.366274
Random Weights,Conv1,IT,sub-01,1,0,0.004086,0.03763
Random Weights,Conv1,IT,sub-02,1,0,0.0018,0.359729
Random Weights,Conv1,IT,sub-03,1,0,0.001819,0.354838
Random Weights,Conv2,V1,sub-01,1,0,0.062344,0.0
Random Weights,Conv2,V1,sub-02,1,0,0.104988,0.0
Random Weights,Conv2,V1,sub-03,1,0,0.017146,0.0
Random Weights,Conv2,V2,sub-01,1,0,0.040085,0.0
Random Weights,Conv2,V2,sub-02,1,0,0.066847,0.0
Random Weights,Conv2,V2,sub-03,1,0,0.002136,0.277125
Random Weights,Conv2,V3,sub-01,1,0,0.03132,0.0
Random Weights,Conv2,V3,sub-02,1,0,0.05178,0.0
Random Weights,Conv2,V3,sub-03,1,0,0.004766,0.01531
Random Weights,Conv2,V4,sub-01,1,0,0.015853,0.0
Random Weights,Conv2,V4,sub-02,1,0,0.018444,0.0
Random Weights,Conv2,V4,sub-03,1,0,0.004443,0.023798
Random Weights,Conv2,LOC,sub-01,1,0,0.00618,0.001667
Random Weights,Conv2,LOC,sub-02,1,0,-0.003066,0.118767
Random Weights,Conv2,LOC,sub-03,1,0,-0.001971,0.316004
Random Weights,Conv2,IT,sub-01,1,0,0.005775,0.003301
Random Weights,Conv2,IT,sub-02,1,0,0.002729,0.165064
Random Weights,Conv2,IT,sub-03,1,0,0.002263,0.249525
Random Weights,Conv3,V1,sub-01,1,0,0.069072,0.0
Random Weights,Conv3,V1,sub-02,1,0,0.113745,0.0
Random Weights,Conv3,V1,sub-03,1,0,0.017942,0.0
Random Weights,Conv3,V2,sub-01,1,0,0.04388,0.0
Random Weights,Conv3,V2,sub-02,1,0,0.074112,0.0
Random Weights,Conv3,V2,sub-03,1,0,0.002247,0.253049
Random Weights,Conv3,V3,sub-01,1,0,0.033874,0.0
Random Weights,Conv3,V3,sub-02,1,0,0.059411,0.0
Random Weights,Conv3,V3,sub-03,1,0,0.0049,0.012665
Random Weights,Conv3,V4,sub-01,1,0,0.017323,0.0
Random Weights,Conv3,V4,sub-02,1,0,0.020708,0.0
Random Weights,Conv3,V4,sub-03,1,0,0.003819,0.052011
Random Weights,Conv3,LOC,sub-01,1,0,0.005451,0.005548
Random Weights,Conv3,LOC,sub-02,1,0,-0.005743,0.003479
Random Weights,Conv3,LOC,sub-03,1,0,-0.0025,0.203362
Random Weights,Conv3,IT,sub-01,1,0,0.005464,0.005438
Random Weights,Conv3,IT,sub-02,1,0,0.001351,0.491932
Random Weights,Conv3,IT,sub-03,1,0,0.002699,0.169778
Random Weights,FC1,V1,sub-01,1,0,0.105794,0.0
Random Weights,FC1,V1,sub-02,1,0,0.154133,0.0
Random Weights,FC1,V1,sub-03,1,0,0.026794,0.0
Random Weights,FC1,V2,sub-01,1,0,0.064614,0.0
Random Weights,FC1,V2,sub-02,1,0,0.107957,0.0
Random Weights,FC1,V2,sub-03,1,0,0.007178,0.00026
Random Weights,FC1,V3,sub-01,1,0,0.043799,0.0
Random Weights,FC1,V3,sub-02,1,0,0.09154,0.0
Random Weights,FC1,V3,sub-03,1,0,0.007242,0.000229
Random Weights,FC1,V4,sub-01,1,0,0.026922,0.0
Random Weights,FC1,V4,sub-02,1,0,0.039063,0.0
Random Weights,FC1,V4,sub-03,1,0,0.001504,0.444311
Random Weights,FC1,LOC,sub-01,1,0,0.000973,0.620406
Random Weights,FC1,LOC,sub-02,1,0,-0.006333,0.001274
Random Weights,FC1,LOC,sub-03,1,0,-0.000837,0.670392
Random Weights,FC1,IT,sub-01,1,0,0.00184,0.349311
Random Weights,FC1,IT,sub-02,1,0,0.009109,4e-06
Random Weights,FC1,IT,sub-03,1,0,0.003878,0.04848
Backprop,Conv1,V1,sub-01,1,0,0.04268,0.0
Backprop,Conv1,V1,sub-02,1,0,0.075544,0.0
Backprop,Conv1,V1,sub-03,1,0,0.013572,0.0
Backprop,Conv1,V2,sub-01,1,0,0.027309,0.0
Backprop,Conv1,V2,sub-02,1,0,0.043571,0.0
Backprop,Conv1,V2,sub-03,1,0,0.000883,0.653095
Backprop,Conv1,V3,sub-01,1,0,0.021062,0.0
Backprop,Conv1,V3,sub-02,1,0,0.030224,0.0
Backprop,Conv1,V3,sub-03,1,0,0.002657,0.176373
Backprop,Conv1,V4,sub-01,1,0,0.009886,0.0
Backprop,Conv1,V4,sub-02,1,0,0.011115,0.0
Backprop,Conv1,V4,sub-03,1,0,0.004218,0.03186
Backprop,Conv1,LOC,sub-01,1,0,0.00458,0.019808
Backprop,Conv1,LOC,sub-02,1,0,-0.001603,0.414879
Backprop,Conv1,LOC,sub-03,1,0,-0.001776,0.366274
Backprop,Conv1,IT,sub-01,1,0,0.004086,0.03763
Backprop,Conv1,IT,sub-02,1,0,0.0018,0.359729
Backprop,Conv1,IT,sub-03,1,0,0.001819,0.354838
Backprop,Conv2,V1,sub-01,1,0,0.062344,0.0
Backprop,Conv2,V1,sub-02,1,0,0.104988,0.0
Backprop,Conv2,V1,sub-03,1,0,0.017146,0.0
Backprop,Conv2,V2,sub-01,1,0,0.040085,0.0
Backprop,Conv2,V2,sub-02,1,0,0.066847,0.0
Backprop,Conv2,V2,sub-03,1,0,0.002136,0.277125
Backprop,Conv2,V3,sub-01,1,0,0.03132,0.0
Backprop,Conv2,V3,sub-02,1,0,0.05178,0.0
Backprop,Conv2,V3,sub-03,1,0,0.004766,0.01531
Backprop,Conv2,V4,sub-01,1,0,0.015853,0.0
Backprop,Conv2,V4,sub-02,1,0,0.018444,0.0
Backprop,Conv2,V4,sub-03,1,0,0.004443,0.023798
Backprop,Conv2,LOC,sub-01,1,0,0.00618,0.001667
Backprop,Conv2,LOC,sub-02,1,0,-0.003066,0.118767
Backprop,Conv2,LOC,sub-03,1,0,-0.001971,0.316004
Backprop,Conv2,IT,sub-01,1,0,0.005775,0.003301
Backprop,Conv2,IT,sub-02,1,0,0.002729,0.165064
Backprop,Conv2,IT,sub-03,1,0,0.002263,0.249525
Backprop,Conv3,V1,sub-01,1,0,0.069072,0.0
Backprop,Conv3,V1,sub-02,1,0,0.113745,0.0
Backprop,Conv3,V1,sub-03,1,0,0.017942,0.0
Backprop,Conv3,V2,sub-01,1,0,0.04388,0.0
Backprop,Conv3,V2,sub-02,1,0,0.074112,0.0
Backprop,Conv3,V2,sub-03,1,0,0.002247,0.253049
Backprop,Conv3,V3,sub-01,1,0,0.033874,0.0
Backprop,Conv3,V3,sub-02,1,0,0.059411,0.0
Backprop,Conv3,V3,sub-03,1,0,0.0049,0.012665
Backprop,Conv3,V4,sub-01,1,0,0.017323,0.0
Backprop,Conv3,V4,sub-02,1,0,0.020708,0.0
Backprop,Conv3,V4,sub-03,1,0,0.003819,0.052011
Backprop,Conv3,LOC,sub-01,1,0,0.005451,0.005548
Backprop,Conv3,LOC,sub-02,1,0,-0.005743,0.003479
Backprop,Conv3,LOC,sub-03,1,0,-0.0025,0.203362
Backprop,Conv3,IT,sub-01,1,0,0.005464,0.005438
Backprop,Conv3,IT,sub-02,1,0,0.001351,0.491932
Backprop,Conv3,IT,sub-03,1,0,0.002699,0.169778
Backprop,FC1,V1,sub-01,1,0,0.105794,0.0
Backprop,FC1,V1,sub-02,1,0,0.154133,0.0
Backprop,FC1,V1,sub-03,1,0,0.026794,0.0
Backprop,FC1,V2,sub-01,1,0,0.064614,0.0
Backprop,FC1,V2,sub-02,1,0,0.107957,0.0
Backprop,FC1,V2,sub-03,1,0,0.007178,0.00026
Backprop,FC1,V3,sub-01,1,0,0.043799,0.0
Backprop,FC1,V3,sub-02,1,0,0.09154,0.0
Backprop,FC1,V3,sub-03,1,0,0.007242,0.000229
Backprop,FC1,V4,sub-01,1,0,0.026922,0.0
Backprop,FC1,V4,sub-02,1,0,0.039063,0.0
Backprop,FC1,V4,sub-03,1,0,0.001504,0.444311
Backprop,FC1,LOC,sub-01,1,0,0.000973,0.620406
Backprop,FC1,LOC,sub-02,1,0,-0.006333,0.001274
Backprop,FC1,LOC,sub-03,1,0,-0.000837,0.670392
Backprop,FC1,IT,sub-01,1,0,0.00184,0.349311
Backprop,FC1,IT,sub-02,1,0,0.009109,4e-06
Backprop,FC1,IT,sub-03,1,0,0.003878,0.04848
Backprop,Conv1,V1,sub-01,1,1,0.004199,0.032657
Backprop,Conv1,V1,sub-02,1,1,0.019515,0.0
Backprop,Conv1,V1,sub-03,1,1,0.003278,0.095393
Backprop,Conv1,V2,sub-01,1,1,0.001948,0.321641
Backprop,Conv1,V2,sub-02,1,1,0.010406,0.0
Backprop,Conv1,V2,sub-03,1,1,-5e-05,0.979564
Backprop,Conv1,V3,sub-01,1,1,0.0055,0.005135
Backprop,Conv1,V3,sub-02,1,1,0.011589,0.0
Backprop,Conv1,V3,sub-03,1,1,-0.000171,0.930715
Backprop,Conv1,V4,sub-01,1,1,-0.00109,0.579109
Backprop,Conv1,V4,sub-02,1,1,0.010099,0.0
Backprop,Conv1,V4,sub-03,1,1,0.004914,0.012413
Backprop,Conv1,LOC,sub-01,1,1,0.004411,0.024812
Backprop,Conv1,LOC,sub-02,1,1,0.009239,3e-06
Backprop,Conv1,LOC,sub-03,1,1,-0.0009,0.647005
Backprop,Conv1,IT,sub-01,1,1,0.005879,0.002781
Backprop,Conv1,IT,sub-02,1,1,0.007304,0.000202
Backprop,Conv1,IT,sub-03,1,1,0.001143,0.560733
Backprop,Conv2,V1,sub-01,1,1,-0.004361,0.026503
Backprop,Conv2,V1,sub-02,1,1,-0.000297,0.879917
Backprop,Conv2,V1,sub-03,1,1,0.004554,0.020498
Backprop,Conv2,V2,sub-01,1,1,0.000564,0.774171
Backprop,Conv2,V2,sub-02,1,1,-0.001665,0.396914
Backprop,Conv2,V2,sub-03,1,1,0.001403,0.475468
Backprop,Conv2,V3,sub-01,1,1,0.003913,0.046531
Backprop,Conv2,V3,sub-02,1,1,-0.001829,0.352226
Backprop,Conv2,V3,sub-03,1,1,0.002615,0.18346
Backprop,Conv2,V4,sub-01,1,1,-0.003648,0.063477
Backprop,Conv2,V4,sub-02,1,1,0.003199,0.103573
Backprop,Conv2,V4,sub-03,1,1,0.009843,1e-06
Backprop,Conv2,LOC,sub-01,1,1,0.00611,0.001879
Backprop,Conv2,LOC,sub-02,1,1,0.010726,0.0
Backprop,Conv2,LOC,sub-03,1,1,0.001067,0.587291
Backprop,Conv2,IT,sub-01,1,1,0.008145,3.4e-05
Backprop,Conv2,IT,sub-02,1,1,0.007727,8.4e-05
Backprop,Conv2,IT,sub-03,1,1,0.0017,0.38715
Backprop,Conv3,V1,sub-01,1,1,-0.016084,0.0
Backprop,Conv3,V1,sub-02,1,1,-0.028016,0.0
Backprop,Conv3,V1,sub-03,1,1,0.003999,0.041914
Backprop,Conv3,V2,sub-01,1,1,-0.004467,0.023055
Backprop,Conv3,V2,sub-02,1,1,-0.019427,0.0
Backprop,Conv3,V2,sub-03,1,1,0.001291,0.511428
Backprop,Conv3,V3,sub-01,1,1,-0.001926,0.327118
Backprop,Conv3,V3,sub-02,1,1,-0.020044,0.0
Backprop,Conv3,V3,sub-03,1,1,0.002875,0.143537
Backprop,Conv3,V4,sub-01,1,1,-0.006424,0.001083
Backprop,Conv3,V4,sub-02,1,1,-0.007158,0.000271
Backprop,Conv3,V4,sub-03,1,1,0.01127,0.0
Backprop,Conv3,LOC,sub-01,1,1,0.005894,0.002714
Backprop,Conv3,LOC,sub-02,1,1,0.007065,0.000325
Backprop,Conv3,LOC,sub-03,1,1,-0.00031,0.874644
Backprop,Conv3,IT,sub-01,1,1,0.007274,0.000215
Backprop,Conv3,IT,sub-02,1,1,0.003039,0.122051
Backprop,Conv3,IT,sub-03,1,1,0.001085,0.580818
Backprop,FC1,V1,sub-01,1,1,0.000476,0.80858
Backprop,FC1,V1,sub-02,1,1,0.00038,0.84682
Backprop,FC1,V1,sub-03,1,1,0.009299,2e-06
Backprop,FC1,V2,sub-01,1,1,0.00609,0.001944
Backprop,FC1,V2,sub-02,1,1,0.006478,0.000981
Backprop,FC1,V2,sub-03,1,1,0.003407,0.083023
Backprop,FC1,V3,sub-01,1,1,0.004304,0.028532
Backprop,FC1,V3,sub-02,1,1,0.002072,0.29176
Backprop,FC1,V3,sub-03,1,1,0.003053,0.120419
Backprop,FC1,V4,sub-01,1,1,-0.002047,0.297574
Backprop,FC1,V4,sub-02,1,1,0.002625,0.181728
Backprop,FC1,V4,sub-03,1,1,0.009992,0.0
Backprop,FC1,LOC,sub-01,1,1,0.005117,0.009236
Backprop,FC1,LOC,sub-02,1,1,0.0044,0.025188
Backprop,FC1,LOC,sub-03,1,1,-0.000559,0.776035
Backprop,FC1,IT,sub-01,1,1,0.005518,0.004997
Backprop,FC1,IT,sub-02,1,1,0.004395,0.025354
Backprop,FC1,IT,sub-03,1,1,0.001968,0.316774
Backprop,Conv1,V1,sub-01,1,2,0.007044,0.000339
Backprop,Conv1,V1,sub-02,1,2,0.023289,0.0
Backprop,Conv1,V1,sub-03,1,2,0.004039,0.039878
Backprop,Conv1,V2,sub-01,1,2,0.003341,0.089139
Backprop,Conv1,V2,sub-02,1,2,0.01178,0.0
Backprop,Conv1,V2,sub-03,1,2,0.000129,0.947573
Backprop,Conv1,V3,sub-01,1,2,0.006664,0.000698
Backprop,Conv1,V3,sub-02,1,2,0.011611,0.0
Backprop,Conv1,V3,sub-03,1,2,0.000111,0.955002
Backprop,Conv1,V4,sub-01,1,2,-0.000305,0.876534
Backprop,Conv1,V4,sub-02,1,2,0.010764,0.0
Backprop,Conv1,V4,sub-03,1,2,0.004971,0.011434
Backprop,Conv1,LOC,sub-01,1,2,0.004631,0.018476
Backprop,Conv1,LOC,sub-02,1,2,0.008785,8e-06
Backprop,Conv1,LOC,sub-03,1,2,-0.000575,0.769873
Backprop,Conv1,IT,sub-01,1,2,0.00605,0.002084
Backprop,Conv1,IT,sub-02,1,2,0.007123,0.00029
Backprop,Conv1,IT,sub-03,1,2,0.001268,0.518914
Backprop,Conv2,V1,sub-01,1,2,-0.006566,0.000836
Backprop,Conv2,V1,sub-02,1,2,-0.011633,0.0
Backprop,Conv2,V1,sub-03,1,2,0.004227,0.031513
Backprop,Conv2,V2,sub-01,1,2,7.1e-05,0.971216
Backprop,Conv2,V2,sub-02,1,2,-0.010994,0.0
Backprop,Conv2,V2,sub-03,1,2,0.001983,0.312959
Backprop,Conv2,V3,sub-01,1,2,0.003376,0.085845
Backprop,Conv2,V3,sub-02,1,2,-0.011025,0.0
Backprop,Conv2,V3,sub-03,1,2,0.003444,0.079787
Backprop,Conv2,V4,sub-01,1,2,-0.002865,0.144883
Backprop,Conv2,V4,sub-02,1,2,-0.001481,0.451286
Backprop,Conv2,V4,sub-03,1,2,0.01056,0.0
Backprop,Conv2,LOC,sub-01,1,2,0.006832,0.000509
Backprop,Conv2,LOC,sub-02,1,2,0.00977,1e-06
Backprop,Conv2,LOC,sub-03,1,2,0.001506,0.443668
Backprop,Conv2,IT,sub-01,1,2,0.009121,3e-06
Backprop,Conv2,IT,sub-02,1,2,0.005877,0.00279
Backprop,Conv2,IT,sub-03,1,2,0.001435,0.465226
Backprop,Conv3,V1,sub-01,1,2,-0.018894,0.0
Backprop,Conv3,V1,sub-02,1,2,-0.040515,0.0
Backprop,Conv3,V1,sub-03,1,2,0.002447,0.213137
Backprop,Conv3,V2,sub-01,1,2,-0.006333,0.001274
Backprop,Conv3,V2,sub-02,1,2,-0.031437,0.0
Backprop,Conv3,V2,sub-03,1,2,0.002009,0.306706
Backprop,Conv3,V3,sub-01,1,2,-0.00272,0.166397
Backprop,Conv3,V3,sub-02,1,2,-0.029106,0.0
Backprop,Conv3,V3,sub-03,1,2,0.003578,0.068675
Backprop,Conv3,V4,sub-01,1,2,-0.006004,0.002252
Backprop,Conv3,V4,sub-02,1,2,-0.009635,1e-06
Backprop,Conv3,V4,sub-03,1,2,0.012062,0.0
Backprop,Conv3,LOC,sub-01,1,2,0.005613,0.004293
Backprop,Conv3,LOC,sub-02,1,2,0.008324,2.3e-05
Backprop,Conv3,LOC,sub-03,1,2,0.000811,0.680081
Backprop,Conv3,IT,sub-01,1,2,0.008049,4.2e-05
Backprop,Conv3,IT,sub-02,1,2,0.001667,0.396339
Backprop,Conv3,IT,sub-03,1,2,0.00119,0.544815
Backprop,FC1,V1,sub-01,1,2,-0.005536,0.004855
Backprop,FC1,V1,sub-02,1,2,-0.018587,0.0
Backprop,FC1,V1,sub-03,1,2,0.007008,0.000363
Backprop,FC1,V2,sub-01,1,2,0.002992,0.127978
Backprop,FC1,V2,sub-02,1,2,-0.010615,0.0
Backprop,FC1,V2,sub-03,1,2,0.004292,0.028988
Backprop,FC1,V3,sub-01,1,2,0.002515,0.200794
Backprop,FC1,V3,sub-02,1,2,-0.012949,0.0
Backprop,FC1,V3,sub-03,1,2,0.004628,0.018533
Backprop,FC1,V4,sub-01,1,2,-0.002453,0.212098
Backprop,FC1,V4,sub-02,1,2,-0.004758,0.015495
Backprop,FC1,V4,sub-03,1,2,0.011502,0.0
Backprop,FC1,LOC,sub-01,1,2,0.004239,0.03104
Backprop,FC1,LOC,sub-02,1,2,0.007726,8.5e-05
Backprop,FC1,LOC,sub-03,1,2,0.001498,0.445979
Backprop,FC1,IT,sub-01,1,2,0.00629,0.001374
Backprop,FC1,IT,sub-02,1,2,0.004393,0.025413
Backprop,FC1,IT,sub-03,1,2,0.001806,0.358293
Backprop,Conv1,V1,sub-01,1,5,0.01138,0.0
Backprop,Conv1,V1,sub-02,1,5,0.027396,0.0
Backprop,Conv1,V1,sub-03,1,5,0.005289,0.007132
Backprop,Conv1,V2,sub-01,1,5,0.005872,0.002811
Backprop,Conv1,V2,sub-02,1,5,0.014021,0.0
Backprop,Conv1,V2,sub-03,1,5,0.000924,0.638161
Backprop,Conv1,V3,sub-01,1,5,0.008373,2e-05
Backprop,Conv1,V3,sub-02,1,5,0.01324,0.0
Backprop,Conv1,V3,sub-03,1,5,0.001057,0.590823
Backprop,Conv1,V4,sub-01,1,5,0.000564,0.774116
Backprop,Conv1,V4,sub-02,1,5,0.012739,0.0
Backprop,Conv1,V4,sub-03,1,5,0.0049,0.012666
Backprop,Conv1,LOC,sub-01,1,5,0.005228,0.007823
Backprop,Conv1,LOC,sub-02,1,5,0.007593,0.000112
Backprop,Conv1,LOC,sub-03,1,5,0.000768,0.696159
Backprop,Conv1,IT,sub-01,1,5,0.006679,0.000679
Backprop,Conv1,IT,sub-02,1,5,0.006967,0.000393
Backprop,Conv1,IT,sub-03,1,5,0.001689,0.390172
Backprop,Conv2,V1,sub-01,1,5,-0.019824,0.0
Backprop,Conv2,V1,sub-02,1,5,-0.036205,0.0
Backprop,Conv2,V1,sub-03,1,5,0.001977,0.31441
Backprop,Conv2,V2,sub-01,1,5,-0.007239,0.000231
Backprop,Conv2,V2,sub-02,1,5,-0.027688,0.0
Backprop,Conv2,V2,sub-03,1,5,0.001814,0.356036
Backprop,Conv2,V3,sub-01,1,5,-0.002797,0.154689
Backprop,Conv2,V3,sub-02,1,5,-0.024716,0.0
Backprop,Conv2,V3,sub-03,1,5,0.002613,0.183714
Backprop,Conv2,V4,sub-01,1,5,-0.006386,0.001159
Backprop,Conv2,V4,sub-02,1,5,-0.00499,0.01112
Backprop,Conv2,V4,sub-03,1,5,0.010794,0.0
Backprop,Conv2,LOC,sub-01,1,5,0.006882,0.000463
Backprop,Conv2,LOC,sub-02,1,5,0.007706,8.8e-05
Backprop,Conv2,LOC,sub-03,1,5,0.002036,0.300396
Backprop,Conv2,IT,sub-01,1,5,0.009462,1e-06
Backprop,Conv2,IT,sub-02,1,5,0.002184,0.266523
Backprop,Conv2,IT,sub-03,1,5,0.001941,0.323295
Backprop,Conv3,V1,sub-01,1,5,-0.026092,0.0
Backprop,Conv3,V1,sub-02,1,5,-0.050094,0.0
Backprop,Conv3,V1,sub-03,1,5,0.00221,0.26089
Backprop,Conv3,V2,sub-01,1,5,-0.010374,0.0
Backprop,Conv3,V2,sub-02,1,5,-0.03774,0.0
Backprop,Conv3,V2,sub-03,1,5,0.002535,0.197074
Backprop,Conv3,V3,sub-01,1,5,-0.006454,0.001026
Backprop,Conv3,V3,sub-02,1,5,-0.033895,0.0
Backprop,Conv3,V3,sub-03,1,5,0.002989,0.128325
Backprop,Conv3,V4,sub-01,1,5,-0.007999,4.7e-05
Backprop,Conv3,V4,sub-02,1,5,-0.004631,0.018466
Backprop,Conv3,V4,sub-03,1,5,0.011978,0.0
Backprop,Conv3,LOC,sub-01,1,5,0.006542,0.000873
Backprop,Conv3,LOC,sub-02,1,5,0.009529,1e-06
Backprop,Conv3,LOC,sub-03,1,5,0.002754,0.16116
Backprop,Conv3,IT,sub-01,1,5,0.00897,5e-06
Backprop,Conv3,IT,sub-02,1,5,0.000796,0.685567
Backprop,Conv3,IT,sub-03,1,5,0.003344,0.088849
Backprop,FC1,V1,sub-01,1,5,-0.020966,0.0
Backprop,FC1,V1,sub-02,1,5,-0.050619,0.0
Backprop,FC1,V1,sub-03,1,5,0.003847,0.050302
Backprop,FC1,V2,sub-01,1,5,-0.006384,0.001162
Backprop,FC1,V2,sub-02,1,5,-0.034397,0.0
Backprop,FC1,V2,sub-03,1,5,0.004549,0.020641
Backprop,FC1,V3,sub-01,1,5,-0.00566,0.003984
Backprop,FC1,V3,sub-02,1,5,-0.02995,0.0
Backprop,FC1,V3,sub-03,1,5,0.003272,0.095978
Backprop,FC1,V4,sub-01,1,5,-0.005794,0.003201
Backprop,FC1,V4,sub-02,1,5,-0.003548,0.071032
Backprop,FC1,V4,sub-03,1,5,0.013898,0.0
Backprop,FC1,LOC,sub-01,1,5,0.007497,0.000136
Backprop,FC1,LOC,sub-02,1,5,0.010531,0.0
Backprop,FC1,LOC,sub-03,1,5,0.004522,0.021417
Backprop,FC1,IT,sub-01,1,5,0.009481,1e-06
Backprop,FC1,IT,sub-02,1,5,0.001649,0.401481
Backprop,FC1,IT,sub-03,1,5,0.005589,0.004459
Backprop,Conv1,V1,sub-01,1,10,0.018015,0.0
Backprop,Conv1,V1,sub-02,1,10,0.035548,0.0
Backprop,Conv1,V1,sub-03,1,10,0.006717,0.000632
Backprop,Conv1,V2,sub-01,1,10,0.00988,0.0
Backprop,Conv1,V2,sub-02,1,10,0.019686,0.0
Backprop,Conv1,V2,sub-03,1,10,0.001457,0.458423
Backprop,Conv1,V3,sub-01,1,10,0.010866,0.0
Backprop,Conv1,V3,sub-02,1,10,0.017987,0.0
Backprop,Conv1,V3,sub-03,1,10,0.00222,0.258603
Backprop,Conv1,V4,sub-01,1,10,0.002354,0.231002
Backprop,Conv1,V4,sub-02,1,10,0.014678,0.0
Backprop,Conv1,V4,sub-03,1,10,0.005098,0.009489
Backprop,Conv1,LOC,sub-01,1,10,0.005691,0.003785
Backprop,Conv1,LOC,sub-02,1,10,0.00727,0.000217
Backprop,Conv1,LOC,sub-03,1,10,0.00083,0.672914
Backprop,Conv1,IT,sub-01,1,10,0.007386,0.000172
Backprop,Conv1,IT,sub-02,1,10,0.007702,8.9e-05
Backprop,Conv1,IT,sub-03,1,10,0.001826,0.352764
Backprop,Conv2,V1,sub-01,1,10,-0.018896,0.0
Backprop,Conv2,V1,sub-02,1,10,-0.039477,0.0
Backprop,Conv2,V1,sub-03,1,10,0.003004,0.126492
Backprop,Conv2,V2,sub-01,1,10,-0.006242,0.001496
Backprop,Conv2,V2,sub-02,1,10,-0.030007,0.0
Backprop,Conv2,V2,sub-03,1,10,0.002813,0.152414
Backprop,Conv2,V3,sub-01,1,10,-0.002566,0.19173
Backprop,Conv2,V3,sub-02,1,10,-0.027006,0.0
Backprop,Conv2,V3,sub-03,1,10,0.003676,0.061427
Backprop,Conv2,V4,sub-01,1,10,-0.006308,0.001331
Backprop,Conv2,V4,sub-02,1,10,-0.006312,0.00132
Backprop,Conv2,V4,sub-03,1,10,0.011146,0.0
Backprop,Conv2,LOC,sub-01,1,10,0.006398,0.001134
Backprop,Conv2,LOC,sub-02,1,10,0.006727,0.000621
Backprop,Conv2,LOC,sub-03,1,10,0.001702,0.386481
Backprop,Conv2,IT,sub-01,1,10,0.008957,5e-06
Backprop,Conv2,IT,sub-02,1,10,0.001332,0.497831
Backprop,Conv2,IT,sub-03,1,10,0.001691,0.389724
Backprop,Conv3,V1,sub-01,1,10,-0.026502,0.0
Backprop,Conv3,V1,sub-02,1,10,-0.047044,0.0
Backprop,Conv3,V1,sub-03,1,10,0.002836,0.149051
Backprop,Conv3,V2,sub-01,1,10,-0.010114,0.0
Backprop,Conv3,V2,sub-02,1,10,-0.03636,0.0
Backprop,Conv3,V2,sub-03,1,10,0.002945,0.134005
Backprop,Conv3,V3,sub-01,1,10,-0.007027,0.00035
Backprop,Conv3,V3,sub-02,1,10,-0.031221,0.0
Backprop,Conv3,V3,sub-03,1,10,0.003548,0.071083
Backprop,Conv3,V4,sub-01,1,10,-0.008201,3e-05
Backprop,Conv3,V4,sub-02,1,10,-0.002817,0.151738
Backprop,Conv3,V4,sub-03,1,10,0.011048,0.0
Backprop,Conv3,LOC,sub-01,1,10,0.005502,0.005124
Backprop,Conv3,LOC,sub-02,1,10,0.011096,0.0
Backprop,Conv3,LOC,sub-03,1,10,0.003323,0.090957
Backprop,Conv3,IT,sub-01,1,10,0.007674,9.4e-05
Backprop,Conv3,IT,sub-02,1,10,0.001723,0.380746
Backprop,Conv3,IT,sub-03,1,10,0.002835,0.149259
Backprop,FC1,V1,sub-01,1,10,-0.019013,0.0
Backprop,FC1,V1,sub-02,1,10,-0.035796,0.0
Backprop,FC1,V1,sub-03,1,10,0.005644,0.004082
Backprop,FC1,V2,sub-01,1,10,-0.004646,0.018094
Backprop,FC1,V2,sub-02,1,10,-0.017972,0.0
Backprop,FC1,V2,sub-03,1,10,0.004848,0.01365
Backprop,FC1,V3,sub-01,1,10,-0.004331,0.027567
Backprop,FC1,V3,sub-02,1,10,-0.015976,0.0
Backprop,FC1,V3,sub-03,1,10,0.003072,0.118023
Backprop,FC1,V4,sub-01,1,10,-0.005405,0.005964
Backprop,FC1,V4,sub-02,1,10,0.00104,0.596699
Backprop,FC1,V4,sub-03,1,10,0.012686,0.0
Backprop,FC1,LOC,sub-01,1,10,0.005932,0.002544
Backprop,FC1,LOC,sub-02,1,10,0.014102,0.0
Backprop,FC1,LOC,sub-03,1,10,0.00461,0.019
Backprop,FC1,IT,sub-01,1,10,0.007381,0.000173
Backprop,FC1,IT,sub-02,1,10,0.006783,0.000559
Backprop,FC1,IT,sub-03,1,10,0.005261,0.00744
Backprop,Conv1,V1,sub-01,1,20,0.019876,0.0
Backprop,Conv1,V1,sub-02,1,20,0.036761,0.0
Backprop,Conv1,V1,sub-03,1,20,0.00767,9.5e-05
Backprop,Conv1,V2,sub-01,1,20,0.01105,0.0
Backprop,Conv1,V2,sub-02,1,20,0.021009,0.0
Backprop,Conv1,V2,sub-03,1,20,0.002005,0.307701
Backprop,Conv1,V3,sub-01,1,20,0.011482,0.0
Backprop,Conv1,V3,sub-02,1,20,0.019408,0.0
Backprop,Conv1,V3,sub-03,1,20,0.003101,0.114595
Backprop,Conv1,V4,sub-01,1,20,0.002771,0.158639
Backprop,Conv1,V4,sub-02,1,20,0.014933,0.0
Backprop,Conv1,V4,sub-03,1,20,0.00564,0.004109
Backprop,Conv1,LOC,sub-01,1,20,0.006132,0.001808
Backprop,Conv1,LOC,sub-02,1,20,0.007653,9.9e-05
Backprop,Conv1,LOC,sub-03,1,20,0.001316,0.503293
Backprop,Conv1,IT,sub-01,1,20,0.007567,0.000118
Backprop,Conv1,IT,sub-02,1,20,0.008079,3.9e-05
Backprop,Conv1,IT,sub-03,1,20,0.002414,0.219419
Backprop,Conv2,V1,sub-01,1,20,-0.01992,0.0
Backprop,Conv2,V1,sub-02,1,20,-0.043923,0.0
Backprop,Conv2,V1,sub-03,1,20,0.003065,0.118863
Backprop,Conv2,V2,sub-01,1,20,-0.007562,0.000119
Backprop,Conv2,V2,sub-02,1,20,-0.034379,0.0
Backprop,Conv2,V2,sub-03,1,20,0.002976,0.130028
Backprop,Conv2,V3,sub-01,1,20,-0.003967,0.043558
Backprop,Conv2,V3,sub-02,1,20,-0.030533,0.0
Backprop,Conv2,V3,sub-03,1,20,0.003572,0.069168
Backprop,Conv2,V4,sub-01,1,20,-0.007214,0.000242
Backprop,Conv2,V4,sub-02,1,20,-0.006567,0.000835
Backprop,Conv2,V4,sub-03,1,20,0.010712,0.0
Backprop,Conv2,LOC,sub-01,1,20,0.006848,0.000494
Backprop,Conv2,LOC,sub-02,1,20,0.005501,0.00513
Backprop,Conv2,LOC,sub-03,1,20,0.003086,0.116438
Backprop,Conv2,IT,sub-01,1,20,0.009496,1e-06
Backprop,Conv2,IT,sub-02,1,20,-0.00017,0.931066
Backprop,Conv2,IT,sub-03,1,20,0.002668,0.174699
Backprop,Conv3,V1,sub-01,1,20,-0.022907,0.0
Backprop,Conv3,V1,sub-02,1,20,-0.047826,0.0
Backprop,Conv3,V1,sub-03,1,20,0.003903,0.047069
Backprop,Conv3,V2,sub-01,1,20,-0.009969,0.0
Backprop,Conv3,V2,sub-02,1,20,-0.040812,0.0
Backprop,Conv3,V2,sub-03,1,20,0.003622,0.06534
Backprop,Conv3,V3,sub-01,1,20,-0.006431,0.001069
Backprop,Conv3,V3,sub-02,1,20,-0.035381,0.0
Backprop,Conv3,V3,sub-03,1,20,0.003566,0.069643
Backprop,Conv3,V4,sub-01,1,20,-0.007495,0.000137
Backprop,Conv3,V4,sub-02,1,20,-0.001897,0.334608
Backprop,Conv3,V4,sub-03,1,20,0.010556,0.0
Backprop,Conv3,LOC,sub-01,1,20,0.005199,0.008173
Backprop,Conv3,LOC,sub-02,1,20,0.011097,0.0
Backprop,Conv3,LOC,sub-03,1,20,0.004687,0.017103
Backprop,Conv3,IT,sub-01,1,20,0.008059,4.1e-05
Backprop,Conv3,IT,sub-02,1,20,0.000917,0.640773
Backprop,Conv3,IT,sub-03,1,20,0.003762,0.055595
Backprop,FC1,V1,sub-01,1,20,-0.004514,0.021632
Backprop,FC1,V1,sub-02,1,20,-0.013196,0.0
Backprop,FC1,V1,sub-03,1,20,0.010524,0.0
Backprop,FC1,V2,sub-01,1,20,0.00516,0.008664
Backprop,FC1,V2,sub-02,1,20,-0.008426,1.8e-05
Backprop,FC1,V2,sub-03,1,20,0.007693,9.1e-05
Backprop,FC1,V3,sub-01,1,20,0.00209,0.287576
Backprop,FC1,V3,sub-02,1,20,-0.009785,1e-06
Backprop,FC1,V3,sub-03,1,20,0.004924,0.012235
Backprop,FC1,V4,sub-01,1,20,-0.000848,0.666156
Backprop,FC1,V4,sub-02,1,20,0.0093,2e-06
Backprop,FC1,V4,sub-03,1,20,0.011605,0.0
Backprop,FC1,LOC,sub-01,1,20,0.008568,1.3e-05
Backprop,FC1,LOC,sub-02,1,20,0.013245,0.0
Backprop,FC1,LOC,sub-03,1,20,0.005247,0.0076
Backprop,FC1,IT,sub-01,1,20,0.010515,0.0
Backprop,FC1,IT,sub-02,1,20,0.006291,0.001371
Backprop,FC1,IT,sub-03,1,20,0.00596,0.002427
Backprop,Conv1,V1,sub-01,1,30,0.02095,0.0
Backprop,Conv1,V1,sub-02,1,30,0.037558,0.0
Backprop,Conv1,V1,sub-03,1,30,0.007716,8.6e-05
Backprop,Conv1,V2,sub-01,1,30,0.011896,0.0
Backprop,Conv1,V2,sub-02,1,30,0.021452,0.0
Backprop,Conv1,V2,sub-03,1,30,0.001946,0.322134
Backprop,Conv1,V3,sub-01,1,30,0.011709,0.0
Backprop,Conv1,V3,sub-02,1,30,0.019448,0.0
Backprop,Conv1,V3,sub-03,1,30,0.003313,0.091848
Backprop,Conv1,V4,sub-01,1,30,0.003109,0.113747
Backprop,Conv1,V4,sub-02,1,30,0.015063,0.0
Backprop,Conv1,V4,sub-03,1,30,0.005637,0.004129
Backprop,Conv1,LOC,sub-01,1,30,0.006459,0.001016
Backprop,Conv1,LOC,sub-02,1,30,0.007017,0.000357
Backprop,Conv1,LOC,sub-03,1,30,0.001705,0.385675
Backprop,Conv1,IT,sub-01,1,30,0.008035,4.3e-05
Backprop,Conv1,IT,sub-02,1,30,0.007692,9.1e-05
Backprop,Conv1,IT,sub-03,1,30,0.00259,0.187653
Backprop,Conv2,V1,sub-01,1,30,-0.024864,0.0
Backprop,Conv2,V1,sub-02,1,30,-0.049814,0.0
Backprop,Conv2,V1,sub-03,1,30,0.002036,0.300186
Backprop,Conv2,V2,sub-01,1,30,-0.009852,1e-06
Backprop,Conv2,V2,sub-02,1,30,-0.03744,0.0
Backprop,Conv2,V2,sub-03,1,30,0.002366,0.228673
Backprop,Conv2,V3,sub-01,1,30,-0.006142,0.00178
Backprop,Conv2,V3,sub-02,1,30,-0.032642,0.0
Backprop,Conv2,V3,sub-03,1,30,0.003108,0.113815
Backprop,Conv2,V4,sub-01,1,30,-0.008213,2.9e-05
Backprop,Conv2,V4,sub-02,1,30,-0.008878,6e-06
Backprop,Conv2,V4,sub-03,1,30,0.010392,0.0
Backprop,Conv2,LOC,sub-01,1,30,0.006648,0.000718
Backprop,Conv2,LOC,sub-02,1,30,0.005564,0.004647
Backprop,Conv2,LOC,sub-03,1,30,0.002692,0.170778
Backprop,Conv2,IT,sub-01,1,30,0.009158,3e-06
Backprop,Conv2,IT,sub-02,1,30,-0.00015,0.939279
Backprop,Conv2,IT,sub-03,1,30,0.002361,0.229722
Backprop,Conv3,V1,sub-01,1,30,-0.026973,0.0
Backprop,Conv3,V1,sub-02,1,30,-0.048811,0.0
Backprop,Conv3,V1,sub-03,1,30,0.002576,0.189974
Backprop,Conv3,V2,sub-01,1,30,-0.01145,0.0
Backprop,Conv3,V2,sub-02,1,30,-0.039283,0.0
Backprop,Conv3,V2,sub-03,1,30,0.00294,0.134652
Backprop,Conv3,V3,sub-01,1,30,-0.007378,0.000174
Backprop,Conv3,V3,sub-02,1,30,-0.032692,0.0
Backprop,Conv3,V3,sub-03,1,30,0.003198,0.103774
Backprop,Conv3,V4,sub-01,1,30,-0.007994,4.8e-05
Backprop,Conv3,V4,sub-02,1,30,-0.000308,0.875518
Backprop,Conv3,V4,sub-03,1,30,0.010505,0.0
Backprop,Conv3,LOC,sub-01,1,30,0.00545,0.005556
Backprop,Conv3,LOC,sub-02,1,30,0.013473,0.0
Backprop,Conv3,LOC,sub-03,1,30,0.004799,0.014628
Backprop,Conv3,IT,sub-01,1,30,0.008622,1.2e-05
Backprop,Conv3,IT,sub-02,1,30,0.002124,0.279777
Backprop,Conv3,IT,sub-03,1,30,0.003872,0.048869
Backprop,FC1,V1,sub-01,1,30,-0.002582,0.189022
Backprop,FC1,V1,sub-02,1,30,-0.006479,0.000979
Backprop,FC1,V1,sub-03,1,30,0.010454,0.0
Backprop,FC1,V2,sub-01,1,30,0.005838,0.002978
Backprop,FC1,V2,sub-02,1,30,-0.000383,0.845652
Backprop,FC1,V2,sub-03,1,30,0.006917,0.000433
Backprop,FC1,V3,sub-01,1,30,0.003402,0.083484
Backprop,FC1,V3,sub-02,1,30,-0.00078,0.691363
Backprop,FC1,V3,sub-03,1,30,0.00498,0.011296
Backprop,FC1,V4,sub-01,1,30,-0.001918,0.329217
Backprop,FC1,V4,sub-02,1,30,0.012807,0.0
Backprop,FC1,V4,sub-03,1,30,0.012128,0.0
Backprop,FC1,LOC,sub-01,1,30,0.009049,4e-06
Backprop,FC1,LOC,sub-02,1,30,0.018853,0.0
Backprop,FC1,LOC,sub-03,1,30,0.006347,0.001242
Backprop,FC1,IT,sub-01,1,30,0.010647,0.0
Backprop,FC1,IT,sub-02,1,30,0.009998,0.0
Backprop,FC1,IT,sub-03,1,30,0.006375,0.001182
Backprop,Conv1,V1,sub-01,1,40,0.021637,0.0
Backprop,Conv1,V1,sub-02,1,40,0.038927,0.0
Backprop,Conv1,V1,sub-03,1,40,0.007861,6.4e-05
Backprop,Conv1,V2,sub-01,1,40,0.012023,0.0
Backprop,Conv1,V2,sub-02,1,40,0.022399,0.0
Backprop,Conv1,V2,sub-03,1,40,0.002018,0.304538
Backprop,Conv1,V3,sub-01,1,40,0.011824,0.0
Backprop,Conv1,V3,sub-02,1,40,0.020205,0.0
Backprop,Conv1,V3,sub-03,1,40,0.003296,0.093614
Backprop,Conv1,V4,sub-01,1,40,0.003247,0.098539
Backprop,Conv1,V4,sub-02,1,40,0.015523,0.0
Backprop,Conv1,V4,sub-03,1,40,0.005513,0.005037
Backprop,Conv1,LOC,sub-01,1,40,0.006411,0.001107
Backprop,Conv1,LOC,sub-02,1,40,0.00722,0.000239
Backprop,Conv1,LOC,sub-03,1,40,0.001686,0.390929
Backprop,Conv1,IT,sub-01,1,40,0.007888,6e-05
Backprop,Conv1,IT,sub-02,1,40,0.008034,4.4e-05
Backprop,Conv1,IT,sub-03,1,40,0.002557,0.193364
Backprop,Conv2,V1,sub-01,1,40,-0.02525,0.0
Backprop,Conv2,V1,sub-02,1,40,-0.050354,0.0
Backprop,Conv2,V1,sub-03,1,40,0.001837,0.350105
Backprop,Conv2,V2,sub-01,1,40,-0.010336,0.0
Backprop,Conv2,V2,sub-02,1,40,-0.038111,0.0
Backprop,Conv2,V2,sub-03,1,40,0.00228,0.246038
Backprop,Conv2,V3,sub-01,1,40,-0.006563,0.000841
Backprop,Conv2,V3,sub-02,1,40,-0.033317,0.0
Backprop,Conv2,V3,sub-03,1,40,0.002942,0.134467
Backprop,Conv2,V4,sub-01,1,40,-0.00823,2.8e-05
Backprop,Conv2,V4,sub-02,1,40,-0.008702,1e-05
Backprop,Conv2,V4,sub-03,1,40,0.010162,0.0
Backprop,Conv2,LOC,sub-01,1,40,0.006672,0.000688
Backprop,Conv2,LOC,sub-02,1,40,0.005695,0.003762
Backprop,Conv2,LOC,sub-03,1,40,0.002685,0.17201
Backprop,Conv2,IT,sub-01,1,40,0.009235,3e-06
Backprop,Conv2,IT,sub-02,1,40,-0.000105,0.957357
Backprop,Conv2,IT,sub-03,1,40,0.002276,0.246932
Backprop,Conv3,V1,sub-01,1,40,-0.025162,0.0
Backprop,Conv3,V1,sub-02,1,40,-0.046572,0.0
Backprop,Conv3,V1,sub-03,1,40,0.002663,0.175463
Backprop,Conv3,V2,sub-01,1,40,-0.011046,0.0
Backprop,Conv3,V2,sub-02,1,40,-0.038875,0.0
Backprop,Conv3,V2,sub-03,1,40,0.003061,0.119411
Backprop,Conv3,V3,sub-01,1,40,-0.007133,0.000284
Backprop,Conv3,V3,sub-02,1,40,-0.032636,0.0
Backprop,Conv3,V3,sub-03,1,40,0.003211,0.102357
Backprop,Conv3,V4,sub-01,1,40,-0.007231,0.000234
Backprop,Conv3,V4,sub-02,1,40,0.000427,0.828027
Backprop,Conv3,V4,sub-03,1,40,0.010121,0.0
Backprop,Conv3,LOC,sub-01,1,40,0.005454,0.005525
Backprop,Conv3,LOC,sub-02,1,40,0.013787,0.0
Backprop,Conv3,LOC,sub-03,1,40,0.004489,0.022368
Backprop,Conv3,IT,sub-01,1,40,0.008764,8e-06
Backprop,Conv3,IT,sub-02,1,40,0.002313,0.239243
Backprop,Conv3,IT,sub-03,1,40,0.003642,0.063914
Backprop,FC1,V1,sub-01,1,40,-0.002916,0.137915
Backprop,FC1,V1,sub-02,1,40,-0.008436,1.8e-05
Backprop,FC1,V1,sub-03,1,40,0.00999,0.0
Backprop,FC1,V2,sub-01,1,40,0.005058,0.010066
Backprop,FC1,V2,sub-02,1,40,-0.003824,0.051702
Backprop,FC1,V2,sub-03,1,40,0.007202,0.000248
Backprop,FC1,V3,sub-01,1,40,0.002545,0.195442
Backprop,FC1,V3,sub-02,1,40,-0.00425,0.030605
Backprop,FC1,V3,sub-03,1,40,0.00492,0.012303
Backprop,FC1,V4,sub-01,1,40,-0.001099,0.576092
Backprop,FC1,V4,sub-02,1,40,0.01149,0.0
Backprop,FC1,V4,sub-03,1,40,0.011298,0.0
Backprop,FC1,LOC,sub-01,1,40,0.008354,2.1e-05
Backprop,FC1,LOC,sub-02,1,40,0.01857,0.0
Backprop,FC1,LOC,sub-03,1,40,0.006184,0.001655
Backprop,FC1,IT,sub-01,1,40,0.010349,0.0
Backprop,FC1,IT,sub-02,1,40,0.009001,5e-06
Backprop,FC1,IT,sub-03,1,40,0.006098,0.001921
Feedback Alignment,Conv1,V1,sub-01,1,0,0.047731,0.0
Feedback Alignment,Conv1,V1,sub-02,1,0,0.081008,0.0
Feedback Alignment,Conv1,V1,sub-03,1,0,0.014194,0.0
Feedback Alignment,Conv1,V2,sub-01,1,0,0.030499,0.0
Feedback Alignment,Conv1,V2,sub-02,1,0,0.047096,0.0
Feedback Alignment,Conv1,V2,sub-03,1,0,0.000608,0.757109
Feedback Alignment,Conv1,V3,sub-01,1,0,0.022372,0.0
Feedback Alignment,Conv1,V3,sub-02,1,0,0.031342,0.0
Feedback Alignment,Conv1,V3,sub-03,1,0,0.002818,0.151709
Feedback Alignment,Conv1,V4,sub-01,1,0,0.010983,0.0
Feedback Alignment,Conv1,V4,sub-02,1,0,0.009978,0.0
Feedback Alignment,Conv1,V4,sub-03,1,0,0.004047,0.03951
Feedback Alignment,Conv1,LOC,sub-01,1,0,0.005869,0.002828
Feedback Alignment,Conv1,LOC,sub-02,1,0,-0.003217,0.101737
Feedback Alignment,Conv1,LOC,sub-03,1,0,-0.002209,0.26102
Feedback Alignment,Conv1,IT,sub-01,1,0,0.00614,0.001785
Feedback Alignment,Conv1,IT,sub-02,1,0,0.00143,0.466861
Feedback Alignment,Conv1,IT,sub-03,1,0,0.001172,0.551109
Feedback Alignment,Conv2,V1,sub-01,1,0,0.063268,0.0
Feedback Alignment,Conv2,V1,sub-02,1,0,0.095001,0.0
Feedback Alignment,Conv2,V1,sub-03,1,0,0.016562,0.0
Feedback Alignment,Conv2,V2,sub-01,1,0,0.041368,0.0
Feedback Alignment,Conv2,V2,sub-02,1,0,0.061083,0.0
Feedback Alignment,Conv2,V2,sub-03,1,0,0.001408,0.473704
Feedback Alignment,Conv2,V3,sub-01,1,0,0.030403,0.0
Feedback Alignment,Conv2,V3,sub-02,1,0,0.045978,0.0
Feedback Alignment,Conv2,V3,sub-03,1,0,0.0043,0.028702
Feedback Alignment,Conv2,V4,sub-01,1,0,0.01458,0.0
Feedback Alignment,Conv2,V4,sub-02,1,0,0.01472,0.0
Feedback Alignment,Conv2,V4,sub-03,1,0,0.004097,0.037131
Feedback Alignment,Conv2,LOC,sub-01,1,0,0.005897,0.002699
Feedback Alignment,Conv2,LOC,sub-02,1,0,-0.008755,8e-06
Feedback Alignment,Conv2,LOC,sub-03,1,0,-0.003154,0.108541
Feedback Alignment,Conv2,IT,sub-01,1,0,0.007115,0.000295
Feedback Alignment,Conv2,IT,sub-02,1,0,-0.0009,0.647094
Feedback Alignment,Conv2,IT,sub-03,1,0,0.001609,0.413146
Feedback Alignment,Conv3,V1,sub-01,1,0,0.066797,0.0
Feedback Alignment,Conv3,V1,sub-02,1,0,0.100738,0.0
Feedback Alignment,Conv3,V1,sub-03,1,0,0.016368,0.0
Feedback Alignment,Conv3,V2,sub-01,1,0,0.045123,0.0
Feedback Alignment,Conv3,V2,sub-02,1,0,0.070261,0.0
Feedback Alignment,Conv3,V2,sub-03,1,0,0.001689,0.390116
Feedback Alignment,Conv3,V3,sub-01,1,0,0.033529,0.0
Feedback Alignment,Conv3,V3,sub-02,1,0,0.056905,0.0
Feedback Alignment,Conv3,V3,sub-03,1,0,0.004439,0.02393
Feedback Alignment,Conv3,V4,sub-01,1,0,0.015794,0.0
Feedback Alignment,Conv3,V4,sub-02,1,0,0.018995,0.0
Feedback Alignment,Conv3,V4,sub-03,1,0,0.003969,0.043461
Feedback Alignment,Conv3,LOC,sub-01,1,0,0.00678,0.000562
Feedback Alignment,Conv3,LOC,sub-02,1,0,-0.009114,4e-06
Feedback Alignment,Conv3,LOC,sub-03,1,0,-0.003123,0.112142
Feedback Alignment,Conv3,IT,sub-01,1,0,0.00821,3e-05
Feedback Alignment,Conv3,IT,sub-02,1,0,-0.000481,0.806564
Feedback Alignment,Conv3,IT,sub-03,1,0,0.002,0.308892
Feedback Alignment,FC1,V1,sub-01,1,0,0.102177,0.0
Feedback Alignment,FC1,V1,sub-02,1,0,0.148796,0.0
Feedback Alignment,FC1,V1,sub-03,1,0,0.025271,0.0
Feedback Alignment,FC1,V2,sub-01,1,0,0.062474,0.0
Feedback Alignment,FC1,V2,sub-02,1,0,0.106527,0.0
Feedback Alignment,FC1,V2,sub-03,1,0,0.004542,0.020847
Feedback Alignment,FC1,V3,sub-01,1,0,0.042863,0.0
Feedback Alignment,FC1,V3,sub-02,1,0,0.089899,0.0
Feedback Alignment,FC1,V3,sub-03,1,0,0.005505,0.005097
Feedback Alignment,FC1,V4,sub-01,1,0,0.025841,0.0
Feedback Alignment,FC1,V4,sub-02,1,0,0.03705,0.0
Feedback Alignment,FC1,V4,sub-03,1,0,0.001404,0.47496
Feedback Alignment,FC1,LOC,sub-01,1,0,0.003555,0.070528
Feedback Alignment,FC1,LOC,sub-02,1,0,-0.010738,0.0
Feedback Alignment,FC1,LOC,sub-03,1,0,-0.001682,0.392061
Feedback Alignment,FC1,IT,sub-01,1,0,0.005148,0.00882
Feedback Alignment,FC1,IT,sub-02,1,0,0.007069,0.000323
Feedback Alignment,FC1,IT,sub-03,1,0,0.003689,0.060566
Feedback Alignment,Conv1,V1,sub-01,1,1,0.002004,0.307888
Feedback Alignment,Conv1,V1,sub-02,1,1,0.016644,0.0
Feedback Alignment,Conv1,V1,sub-03,1,1,0.003843,0.050566
Feedback Alignment,Conv1,V2,sub-01,1,1,-9.5e-05,0.961642
Feedback Alignment,Conv1,V2,sub-02,1,1,0.008733,9e-06
Feedback Alignment,Conv1,V2,sub-03,1,1,0.000105,0.957477
Feedback Alignment,Conv1,V3,sub-01,1,1,0.004066,0.038559
Feedback Alignment,Conv1,V3,sub-02,1,1,0.00954,1e-06
Feedback Alignment,Conv1,V3,sub-03,1,1,-0.000347,0.859683
Feedback Alignment,Conv1,V4,sub-01,1,1,-0.001771,0.36768
Feedback Alignment,Conv1,V4,sub-02,1,1,0.005455,0.005511
Feedback Alignment,Conv1,V4,sub-03,1,1,0.00386,0.049528
Feedback Alignment,Conv1,LOC,sub-01,1,1,0.00365,0.063314
Feedback Alignment,Conv1,LOC,sub-02,1,1,0.006681,0.000677
Feedback Alignment,Conv1,LOC,sub-03,1,1,-0.001908,0.331641
Feedback Alignment,Conv1,IT,sub-01,1,1,0.004864,0.01333
Feedback Alignment,Conv1,IT,sub-02,1,1,0.005063,0.010002
Feedback Alignment,Conv1,IT,sub-03,1,1,0.001517,0.44017
Feedback Alignment,Conv2,V1,sub-01,1,1,0.002917,0.137856
Feedback Alignment,Conv2,V1,sub-02,1,1,0.009479,1e-06
Feedback Alignment,Conv2,V1,sub-03,1,1,0.006123,0.001838
Feedback Alignment,Conv2,V2,sub-01,1,1,0.004292,0.028977
Feedback Alignment,Conv2,V2,sub-02,1,1,0.003029,0.123288
Feedback Alignment,Conv2,V2,sub-03,1,1,0.001791,0.362177
Feedback Alignment,Conv2,V3,sub-01,1,1,0.006023,0.002182
Feedback Alignment,Conv2,V3,sub-02,1,1,0.00133,0.49865
Feedback Alignment,Conv2,V3,sub-03,1,1,0.001992,0.310816
Feedback Alignment,Conv2,V4,sub-01,1,1,-0.000726,0.711683
Feedback Alignment,Conv2,V4,sub-02,1,1,-0.000325,0.868723
Feedback Alignment,Conv2,V4,sub-03,1,1,0.006788,0.000553
Feedback Alignment,Conv2,LOC,sub-01,1,1,0.006161,0.001723
Feedback Alignment,Conv2,LOC,sub-02,1,1,0.00358,0.068529
Feedback Alignment,Conv2,LOC,sub-03,1,1,-0.002251,0.252173
Feedback Alignment,Conv2,IT,sub-01,1,1,0.008228,2.8e-05
Feedback Alignment,Conv2,IT,sub-02,1,1,0.003472,0.077351
Feedback Alignment,Conv2,IT,sub-03,1,1,0.000827,0.673807
Feedback Alignment,Conv3,V1,sub-01,1,1,-0.006434,0.001062
Feedback Alignment,Conv3,V1,sub-02,1,1,-0.009754,1e-06
Feedback Alignment,Conv3,V1,sub-03,1,1,0.006069,0.002017
Feedback Alignment,Conv3,V2,sub-01,1,1,4.3e-05,0.982448
Feedback Alignment,Conv3,V2,sub-02,1,1,-0.007819,6.9e-05
Feedback Alignment,Conv3,V2,sub-03,1,1,0.003104,0.11431
Feedback Alignment,Conv3,V3,sub-01,1,1,0.003085,0.116538
Feedback Alignment,Conv3,V3,sub-02,1,1,-0.00897,5e-06
Feedback Alignment,Conv3,V3,sub-03,1,1,0.002674,0.173693
Feedback Alignment,Conv3,V4,sub-01,1,1,-0.002578,0.189602
Feedback Alignment,Conv3,V4,sub-02,1,1,-0.003276,0.095618
Feedback Alignment,Conv3,V4,sub-03,1,1,0.008984,5e-06
Feedback Alignment,Conv3,LOC,sub-01,1,1,0.00711,0.000297
Feedback Alignment,Conv3,LOC,sub-02,1,1,0.003649,0.063378
Feedback Alignment,Conv3,LOC,sub-03,1,1,-0.001438,0.464387
Feedback Alignment,Conv3,IT,sub-01,1,1,0.009765,1e-06
Feedback Alignment,Conv3,IT,sub-02,1,1,0.001849,0.346928
Feedback Alignment,Conv3,IT,sub-03,1,1,0.001033,0.599062
Feedback Alignment,FC1,V1,sub-01,1,1,0.045112,0.0
Feedback Alignment,FC1,V1,sub-02,1,1,0.052708,0.0
Feedback Alignment,FC1,V1,sub-03,1,1,0.015723,0.0
Feedback Alignment,FC1,V2,sub-01,1,1,0.026748,0.0
Feedback Alignment,FC1,V2,sub-02,1,1,0.037338,0.0
Feedback Alignment,FC1,V2,sub-03,1,1,0.005187,0.008317
Feedback Alignment,FC1,V3,sub-01,1,1,0.022111,0.0
Feedback Alignment,FC1,V3,sub-02,1,1,0.035654,0.0
Feedback Alignment,FC1,V3,sub-03,1,1,0.005165,0.008601
Feedback Alignment,FC1,V4,sub-01,1,1,0.008276,2.5e-05
Feedback Alignment,FC1,V4,sub-02,1,1,0.016199,0.0
Feedback Alignment,FC1,V4,sub-03,1,1,0.006974,0.000388
Feedback Alignment,FC1,LOC,sub-01,1,1,0.00644,0.001051
Feedback Alignment,FC1,LOC,sub-02,1,1,-0.000873,0.656788
Feedback Alignment,FC1,LOC,sub-03,1,1,-0.001159,0.555538
Feedback Alignment,FC1,IT,sub-01,1,1,0.008844,7e-06
Feedback Alignment,FC1,IT,sub-02,1,1,0.006989,0.000377
Feedback Alignment,FC1,IT,sub-03,1,1,0.003503,0.074702
Feedback Alignment,Conv1,V1,sub-01,1,2,0.004295,0.028878
Feedback Alignment,Conv1,V1,sub-02,1,2,0.020034,0.0
Feedback Alignment,Conv1,V1,sub-03,1,2,0.004443,0.023801
Feedback Alignment,Conv1,V2,sub-01,1,2,0.001184,0.546796
Feedback Alignment,Conv1,V2,sub-02,1,2,0.010521,0.0
Feedback Alignment,Conv1,V2,sub-03,1,2,0.000169,0.931673
Feedback Alignment,Conv1,V3,sub-01,1,2,0.004963,0.011575
Feedback Alignment,Conv1,V3,sub-02,1,2,0.01028,0.0
Feedback Alignment,Conv1,V3,sub-03,1,2,-0.000319,0.870998
Feedback Alignment,Conv1,V4,sub-01,1,2,-0.001087,0.580355
Feedback Alignment,Conv1,V4,sub-02,1,2,0.00595,0.002468
Feedback Alignment,Conv1,V4,sub-03,1,2,0.003706,0.059374
Feedback Alignment,Conv1,LOC,sub-01,1,2,0.003862,0.049403
Feedback Alignment,Conv1,LOC,sub-02,1,2,0.006193,0.001628
Feedback Alignment,Conv1,LOC,sub-03,1,2,-0.001802,0.359343
Feedback Alignment,Conv1,IT,sub-01,1,2,0.004946,0.011863
Feedback Alignment,Conv1,IT,sub-02,1,2,0.004871,0.013205
Feedback Alignment,Conv1,IT,sub-03,1,2,0.00153,0.436281
Feedback Alignment,Conv2,V1,sub-01,1,2,0.004464,0.02314
Feedback Alignment,Conv2,V1,sub-02,1,2,0.011798,0.0
Feedback Alignment,Conv2,V1,sub-03,1,2,0.006522,0.000907
Feedback Alignment,Conv2,V2,sub-01,1,2,0.005293,0.00708
Feedback Alignment,Conv2,V2,sub-02,1,2,0.004434,0.024075
Feedback Alignment,Conv2,V2,sub-03,1,2,0.001921,0.32837
Feedback Alignment,Conv2,V3,sub-01,1,2,0.00666,0.000703
Feedback Alignment,Conv2,V3,sub-02,1,2,0.002109,0.283239
Feedback Alignment,Conv2,V3,sub-03,1,2,0.002113,0.282477
Feedback Alignment,Conv2,V4,sub-01,1,2,-0.000365,0.852532
Feedback Alignment,Conv2,V4,sub-02,1,2,-0.000111,0.955084
Feedback Alignment,Conv2,V4,sub-03,1,2,0.006737,0.000609
Feedback Alignment,Conv2,LOC,sub-01,1,2,0.006228,0.001532
Feedback Alignment,Conv2,LOC,sub-02,1,2,0.003205,0.102943
Feedback Alignment,Conv2,LOC,sub-03,1,2,-0.002241,0.25414
Feedback Alignment,Conv2,IT,sub-01,1,2,0.008262,2.6e-05
Feedback Alignment,Conv2,IT,sub-02,1,2,0.003387,0.084898
Feedback Alignment,Conv2,IT,sub-03,1,2,0.000807,0.681405
Feedback Alignment,Conv3,V1,sub-01,1,2,-0.005539,0.004829
Feedback Alignment,Conv3,V1,sub-02,1,2,-0.008619,1.2e-05
Feedback Alignment,Conv3,V1,sub-03,1,2,0.006318,0.001307
Feedback Alignment,Conv3,V2,sub-01,1,2,0.000612,0.755516
Feedback Alignment,Conv3,V2,sub-02,1,2,-0.007248,0.000226
Feedback Alignment,Conv3,V2,sub-03,1,2,0.003169,0.106871
Feedback Alignment,Conv3,V3,sub-01,1,2,0.003438,0.080227
Feedback Alignment,Conv3,V3,sub-02,1,2,-0.008612,1.2e-05
Feedback Alignment,Conv3,V3,sub-03,1,2,0.002763,0.159844
Feedback Alignment,Conv3,V4,sub-01,1,2,-0.002461,0.210639
Feedback Alignment,Conv3,V4,sub-02,1,2,-0.003408,0.082922
Feedback Alignment,Conv3,V4,sub-03,1,2,0.008965,5e-06
Feedback Alignment,Conv3,LOC,sub-01,1,2,0.007099,0.000304
Feedback Alignment,Conv3,LOC,sub-02,1,2,0.003391,0.084513
Feedback Alignment,Conv3,LOC,sub-03,1,2,-0.001474,0.453165
Feedback Alignment,Conv3,IT,sub-01,1,2,0.009761,1e-06
Feedback Alignment,Conv3,IT,sub-02,1,2,0.001781,0.364947
Feedback Alignment,Conv3,IT,sub-03,1,2,0.001046,0.594741
Feedback Alignment,FC1,V1,sub-01,1,2,0.041744,0.0
Feedback Alignment,FC1,V1,sub-02,1,2,0.049169,0.0
Feedback Alignment,FC1,V1,sub-03,1,2,0.015387,0.0
Feedback Alignment,FC1,V2,sub-01,1,2,0.024834,0.0
Feedback Alignment,FC1,V2,sub-02,1,2,0.034607,0.0
Feedback Alignment,FC1,V2,sub-03,1,2,0.005112,0.009306
Feedback Alignment,FC1,V3,sub-01,1,2,0.020962,0.0
Feedback Alignment,FC1,V3,sub-02,1,2,0.033413,0.0
Feedback Alignment,FC1,V3,sub-03,1,2,0.005038,0.010373
Feedback Alignment,FC1,V4,sub-01,1,2,0.00743,0.000157
Feedback Alignment,FC1,V4,sub-02,1,2,0.015304,0.0
Feedback Alignment,FC1,V4,sub-03,1,2,0.007286,0.00021
Feedback Alignment,FC1,LOC,sub-01,1,2,0.006503,0.000938
Feedback Alignment,FC1,LOC,sub-02,1,2,0.000726,0.711721
Feedback Alignment,FC1,LOC,sub-03,1,2,-0.000857,0.66301
Feedback Alignment,FC1,IT,sub-01,1,2,0.008735,9e-06
Feedback Alignment,FC1,IT,sub-02,1,2,0.007758,7.9e-05
Feedback Alignment,FC1,IT,sub-03,1,2,0.003582,0.068393
Feedback Alignment,Conv1,V1,sub-01,1,5,0.002185,0.266231
Feedback Alignment,Conv1,V1,sub-02,1,5,0.016662,0.0
Feedback Alignment,Conv1,V1,sub-03,1,5,0.00385,0.050126
Feedback Alignment,Conv1,V2,sub-01,1,5,5.4e-05,0.978257
Feedback Alignment,Conv1,V2,sub-02,1,5,0.008594,1.2e-05
Feedback Alignment,Conv1,V2,sub-03,1,5,9.2e-05,0.962687
Feedback Alignment,Conv1,V3,sub-01,1,5,0.004134,0.035464
Feedback Alignment,Conv1,V3,sub-02,1,5,0.009383,2e-06
Feedback Alignment,Conv1,V3,sub-03,1,5,-0.000361,0.854322
Feedback Alignment,Conv1,V4,sub-01,1,5,-0.001708,0.38474
Feedback Alignment,Conv1,V4,sub-02,1,5,0.005417,0.005848
Feedback Alignment,Conv1,V4,sub-03,1,5,0.003854,0.049933
Feedback Alignment,Conv1,LOC,sub-01,1,5,0.003689,0.060552
Feedback Alignment,Conv1,LOC,sub-02,1,5,0.006581,0.000813
Feedback Alignment,Conv1,LOC,sub-03,1,5,-0.001906,0.332193
Feedback Alignment,Conv1,IT,sub-01,1,5,0.004892,0.012812
Feedback Alignment,Conv1,IT,sub-02,1,5,0.004979,0.011311
Feedback Alignment,Conv1,IT,sub-03,1,5,0.001479,0.451765
Feedback Alignment,Conv2,V1,sub-01,1,5,0.002688,0.171517
Feedback Alignment,Conv2,V1,sub-02,1,5,0.008928,6e-06
Feedback Alignment,Conv2,V1,sub-03,1,5,0.006009,0.002235
Feedback Alignment,Conv2,V2,sub-01,1,5,0.004384,0.025718
Feedback Alignment,Conv2,V2,sub-02,1,5,0.002788,0.156014
Feedback Alignment,Conv2,V2,sub-03,1,5,0.001845,0.347868
Feedback Alignment,Conv2,V3,sub-01,1,5,0.006067,0.002023
Feedback Alignment,Conv2,V3,sub-02,1,5,0.00112,0.568724
Feedback Alignment,Conv2,V3,sub-03,1,5,0.00205,0.29695
Feedback Alignment,Conv2,V4,sub-01,1,5,-0.00081,0.680428
Feedback Alignment,Conv2,V4,sub-02,1,5,-0.000575,0.769916
Feedback Alignment,Conv2,V4,sub-03,1,5,0.006836,0.000505
Feedback Alignment,Conv2,LOC,sub-01,1,5,0.006156,0.001737
Feedback Alignment,Conv2,LOC,sub-02,1,5,0.003318,0.091393
Feedback Alignment,Conv2,LOC,sub-03,1,5,-0.002225,0.257665
Feedback Alignment,Conv2,IT,sub-01,1,5,0.008226,2.9e-05
Feedback Alignment,Conv2,IT,sub-02,1,5,0.003307,0.092524
Feedback Alignment,Conv2,IT,sub-03,1,5,0.000779,0.691685
Feedback Alignment,Conv3,V1,sub-01,1,5,-0.006146,0.001766
Feedback Alignment,Conv3,V1,sub-02,1,5,-0.009116,4e-06
Feedback Alignment,Conv3,V1,sub-03,1,5,0.006099,0.001916
Feedback Alignment,Conv3,V2,sub-01,1,5,0.000254,0.897188
Feedback Alignment,Conv3,V2,sub-02,1,5,-0.007427,0.000158
Feedback Alignment,Conv3,V2,sub-03,1,5,0.00312,0.112474
Feedback Alignment,Conv3,V3,sub-01,1,5,0.003319,0.091254
Feedback Alignment,Conv3,V3,sub-02,1,5,-0.008651,1.1e-05
Feedback Alignment,Conv3,V3,sub-03,1,5,0.002687,0.171584
Feedback Alignment,Conv3,V4,sub-01,1,5,-0.002582,0.188965
Feedback Alignment,Conv3,V4,sub-02,1,5,-0.003491,0.075738
Feedback Alignment,Conv3,V4,sub-03,1,5,0.008914,6e-06
Feedback Alignment,Conv3,LOC,sub-01,1,5,0.007011,0.000361
Feedback Alignment,Conv3,LOC,sub-02,1,5,0.003628,0.064924
Feedback Alignment,Conv3,LOC,sub-03,1,5,-0.001473,0.45375
Feedback Alignment,Conv3,IT,sub-01,1,5,0.009632,1e-06
Feedback Alignment,Conv3,IT,sub-02,1,5,0.001936,0.324593
Feedback Alignment,Conv3,IT,sub-03,1,5,0.00099,0.614324
Feedback Alignment,FC1,V1,sub-01,1,5,0.031667,0.0
Feedback Alignment,FC1,V1,sub-02,1,5,0.040068,0.0
Feedback Alignment,FC1,V1,sub-03,1,5,0.013953,0.0
Feedback Alignment,FC1,V2,sub-01,1,5,0.019435,0.0
Feedback Alignment,FC1,V2,sub-02,1,5,0.028559,0.0
Feedback Alignment,FC1,V2,sub-03,1,5,0.004705,0.016685
Feedback Alignment,FC1,V3,sub-01,1,5,0.017499,0.0
Feedback Alignment,FC1,V3,sub-02,1,5,0.026968,0.0
Feedback Alignment,FC1,V3,sub-03,1,5,0.004356,0.026666
Feedback Alignment,FC1,V4,sub-01,1,5,0.005382,0.006181
Feedback Alignment,FC1,V4,sub-02,1,5,0.013764,0.0
Feedback Alignment,FC1,V4,sub-03,1,5,0.007623,0.000105
Feedback Alignment,FC1,LOC,sub-01,1,5,0.006637,0.000733
Feedback Alignment,FC1,LOC,sub-02,1,5,0.004011,0.0413
Feedback Alignment,FC1,LOC,sub-03,1,5,-0.0003,0.878686
Feedback Alignment,FC1,IT,sub-01,1,5,0.008701,1e-05
Feedback Alignment,FC1,IT,sub-02,1,5,0.009105,4e-06
Feedback Alignment,FC1,IT,sub-03,1,5,0.003287,0.094489
Feedback Alignment,Conv1,V1,sub-01,1,10,0.001945,0.322327
Feedback Alignment,Conv1,V1,sub-02,1,10,0.016406,0.0
Feedback Alignment,Conv1,V1,sub-03,1,10,0.003785,0.054133
Feedback Alignment,Conv1,V2,sub-01,1,10,-5e-05,0.979727
Feedback Alignment,Conv1,V2,sub-02,1,10,0.00851,1.5e-05
Feedback Alignment,Conv1,V2,sub-03,1,10,0.0001,0.959546
Feedback Alignment,Conv1,V3,sub-01,1,10,0.004064,0.038681
Feedback Alignment,Conv1,V3,sub-02,1,10,0.009471,1e-06
Feedback Alignment,Conv1,V3,sub-03,1,10,-0.000365,0.852704
Feedback Alignment,Conv1,V4,sub-01,1,10,-0.001792,0.361941
Feedback Alignment,Conv1,V4,sub-02,1,10,0.00545,0.005555
Feedback Alignment,Conv1,V4,sub-03,1,10,0.003857,0.049715
Feedback Alignment,Conv1,LOC,sub-01,1,10,0.003656,0.062866
Feedback Alignment,Conv1,LOC,sub-02,1,10,0.006637,0.000733
Feedback Alignment,Conv1,LOC,sub-03,1,10,-0.001919,0.328977
Feedback Alignment,Conv1,IT,sub-01,1,10,0.00486,0.013417
Feedback Alignment,Conv1,IT,sub-02,1,10,0.005031,0.010485
Feedback Alignment,Conv1,IT,sub-03,1,10,0.001459,0.457876
Feedback Alignment,Conv2,V1,sub-01,1,10,0.002752,0.161476
Feedback Alignment,Conv2,V1,sub-02,1,10,0.009157,3e-06
Feedback Alignment,Conv2,V1,sub-03,1,10,0.006016,0.002209
Feedback Alignment,Conv2,V2,sub-01,1,10,0.004468,0.023023
Feedback Alignment,Conv2,V2,sub-02,1,10,0.002973,0.130355
Feedback Alignment,Conv2,V2,sub-03,1,10,0.001878,0.339327
Feedback Alignment,Conv2,V3,sub-01,1,10,0.00614,0.001785
Feedback Alignment,Conv2,V3,sub-02,1,10,0.00124,0.528156
Feedback Alignment,Conv2,V3,sub-03,1,10,0.00207,0.292241
Feedback Alignment,Conv2,V4,sub-01,1,10,-0.000817,0.677644
Feedback Alignment,Conv2,V4,sub-02,1,10,-0.000484,0.805646
Feedback Alignment,Conv2,V4,sub-03,1,10,0.006843,0.000499
Feedback Alignment,Conv2,LOC,sub-01,1,10,0.006117,0.001856
Feedback Alignment,Conv2,LOC,sub-02,1,10,0.003268,0.096423
Feedback Alignment,Conv2,LOC,sub-03,1,10,-0.002182,0.26702
Feedback Alignment,Conv2,IT,sub-01,1,10,0.008187,3.1e-05
Feedback Alignment,Conv2,IT,sub-02,1,10,0.003294,0.093813
Feedback Alignment,Conv2,IT,sub-03,1,10,0.000793,0.686662
Feedback Alignment,Conv3,V1,sub-01,1,10,-0.006007,0.002241
Feedback Alignment,Conv3,V1,sub-02,1,10,-0.008566,1.3e-05
Feedback Alignment,Conv3,V1,sub-03,1,10,0.006146,0.001768
Feedback Alignment,Conv3,V2,sub-01,1,10,0.000227,0.90799
Feedback Alignment,Conv3,V2,sub-02,1,10,-0.007017,0.000357
Feedback Alignment,Conv3,V2,sub-03,1,10,0.003137,0.110488
Feedback Alignment,Conv3,V3,sub-01,1,10,0.003358,0.087547
Feedback Alignment,Conv3,V3,sub-02,1,10,-0.008201,3e-05
Feedback Alignment,Conv3,V3,sub-03,1,10,0.002683,0.172226
Feedback Alignment,Conv3,V4,sub-01,1,10,-0.002618,0.182867
Feedback Alignment,Conv3,V4,sub-02,1,10,-0.003371,0.086308
Feedback Alignment,Conv3,V4,sub-03,1,10,0.008864,6e-06
Feedback Alignment,Conv3,LOC,sub-01,1,10,0.006918,0.000432
Feedback Alignment,Conv3,LOC,sub-02,1,10,0.003914,0.046469
Feedback Alignment,Conv3,LOC,sub-03,1,10,-0.001477,0.45236
Feedback Alignment,Conv3,IT,sub-01,1,10,0.009534,1e-06
Feedback Alignment,Conv3,IT,sub-02,1,10,0.002236,0.255221
Feedback Alignment,Conv3,IT,sub-03,1,10,0.001005,0.608973
Feedback Alignment,FC1,V1,sub-01,1,10,0.023523,0.0
Feedback Alignment,FC1,V1,sub-02,1,10,0.031087,0.0
Feedback Alignment,FC1,V1,sub-03,1,10,0.012301,0.0
Feedback Alignment,FC1,V2,sub-01,1,10,0.014616,0.0
Feedback Alignment,FC1,V2,sub-02,1,10,0.022955,0.0
Feedback Alignment,FC1,V2,sub-03,1,10,0.004115,0.036278
Feedback Alignment,FC1,V3,sub-01,1,10,0.013551,0.0
Feedback Alignment,FC1,V3,sub-02,1,10,0.021845,0.0
Feedback Alignment,FC1,V3,sub-03,1,10,0.003529,0.072597
Feedback Alignment,FC1,V4,sub-01,1,10,0.003182,0.105465
Feedback Alignment,FC1,V4,sub-02,1,10,0.012571,0.0
Feedback Alignment,FC1,V4,sub-03,1,10,0.007738,8.3e-05
Feedback Alignment,FC1,LOC,sub-01,1,10,0.006811,0.00053
Feedback Alignment,FC1,LOC,sub-02,1,10,0.006435,0.00106
Feedback Alignment,FC1,LOC,sub-03,1,10,-0.000162,0.934499
Feedback Alignment,FC1,IT,sub-01,1,10,0.008847,7e-06
Feedback Alignment,FC1,IT,sub-02,1,10,0.009913,0.0
Feedback Alignment,FC1,IT,sub-03,1,10,0.002862,0.145425
Feedback Alignment,Conv1,V1,sub-01,1,20,0.001798,0.36035
Feedback Alignment,Conv1,V1,sub-02,1,20,0.015973,0.0
Feedback Alignment,Conv1,V1,sub-03,1,20,0.003754,0.056169
Feedback Alignment,Conv1,V2,sub-01,1,20,-0.000162,0.934194
Feedback Alignment,Conv1,V2,sub-02,1,20,0.008129,3.5e-05
Feedback Alignment,Conv1,V2,sub-03,1,20,7.7e-05,0.968718
Feedback Alignment,Conv1,V3,sub-01,1,20,0.003965,0.04368
Feedback Alignment,Conv1,V3,sub-02,1,20,0.009078,4e-06
Feedback Alignment,Conv1,V3,sub-03,1,20,-0.000366,0.852394
Feedback Alignment,Conv1,V4,sub-01,1,20,-0.001812,0.356496
Feedback Alignment,Conv1,V4,sub-02,1,20,0.005299,0.007023
Feedback Alignment,Conv1,V4,sub-03,1,20,0.003874,0.048759
Feedback Alignment,Conv1,LOC,sub-01,1,20,0.00367,0.061857
Feedback Alignment,Conv1,LOC,sub-02,1,20,0.006619,0.000758
Feedback Alignment,Conv1,LOC,sub-03,1,20,-0.001907,0.331838
Feedback Alignment,Conv1,IT,sub-01,1,20,0.00489,0.012857
Feedback Alignment,Conv1,IT,sub-02,1,20,0.004971,0.011431
Feedback Alignment,Conv1,IT,sub-03,1,20,0.001461,0.45718
Feedback Alignment,Conv2,V1,sub-01,1,20,0.003011,0.125538
Feedback Alignment,Conv2,V1,sub-02,1,20,0.009721,1e-06
Feedback Alignment,Conv2,V1,sub-03,1,20,0.006052,0.002075
Feedback Alignment,Conv2,V2,sub-01,1,20,0.004415,0.024681
Feedback Alignment,Conv2,V2,sub-02,1,20,0.003191,0.104516
Feedback Alignment,Conv2,V2,sub-03,1,20,0.001843,0.348461
Feedback Alignment,Conv2,V3,sub-01,1,20,0.006142,0.00178
Feedback Alignment,Conv2,V3,sub-02,1,20,0.001249,0.525206
Feedback Alignment,Conv2,V3,sub-03,1,20,0.002019,0.304447
Feedback Alignment,Conv2,V4,sub-01,1,20,-0.000732,0.709536
Feedback Alignment,Conv2,V4,sub-02,1,20,-0.000275,0.888725
Feedback Alignment,Conv2,V4,sub-03,1,20,0.006821,0.00052
Feedback Alignment,Conv2,LOC,sub-01,1,20,0.006121,0.001845
Feedback Alignment,Conv2,LOC,sub-02,1,20,0.003478,0.07678
Feedback Alignment,Conv2,LOC,sub-03,1,20,-0.002121,0.280582
Feedback Alignment,Conv2,IT,sub-01,1,20,0.008182,3.1e-05
Feedback Alignment,Conv2,IT,sub-02,1,20,0.003445,0.079692
Feedback Alignment,Conv2,IT,sub-03,1,20,0.000819,0.676915
Feedback Alignment,Conv3,V1,sub-01,1,20,-0.005985,0.002325
Feedback Alignment,Conv3,V1,sub-02,1,20,-0.008633,1.1e-05
Feedback Alignment,Conv3,V1,sub-03,1,20,0.006157,0.001732
Feedback Alignment,Conv3,V2,sub-01,1,20,-1.5e-05,0.994092
Feedback Alignment,Conv3,V2,sub-02,1,20,-0.007229,0.000235
Feedback Alignment,Conv3,V2,sub-03,1,20,0.003091,0.115764
Feedback Alignment,Conv3,V3,sub-01,1,20,0.003181,0.105574
Feedback Alignment,Conv3,V3,sub-02,1,20,-0.008338,2.2e-05
Feedback Alignment,Conv3,V3,sub-03,1,20,0.002631,0.180748
Feedback Alignment,Conv3,V4,sub-01,1,20,-0.002642,0.178955
Feedback Alignment,Conv3,V4,sub-02,1,20,-0.003188,0.104814
Feedback Alignment,Conv3,V4,sub-03,1,20,0.008851,7e-06
Feedback Alignment,Conv3,LOC,sub-01,1,20,0.006879,0.000465
Feedback Alignment,Conv3,LOC,sub-02,1,20,0.004476,0.022767
Feedback Alignment,Conv3,LOC,sub-03,1,20,-0.001357,0.489949
Feedback Alignment,Conv3,IT,sub-01,1,20,0.009496,1e-06
Feedback Alignment,Conv3,IT,sub-02,1,20,0.002671,0.174141
Feedback Alignment,Conv3,IT,sub-03,1,20,0.001032,0.599396
Feedback Alignment,FC1,V1,sub-01,1,20,0.018361,0.0
Feedback Alignment,FC1,V1,sub-02,1,20,0.023889,0.0
Feedback Alignment,FC1,V1,sub-03,1,20,0.011498,0.0
Feedback Alignment,FC1,V2,sub-01,1,20,0.011839,0.0
Feedback Alignment,FC1,V2,sub-02,1,20,0.019001,0.0
Feedback Alignment,FC1,V2,sub-03,1,20,0.004041,0.039778
Feedback Alignment,FC1,V3,sub-01,1,20,0.010799,0.0
Feedback Alignment,FC1,V3,sub-02,1,20,0.017999,0.0
Feedback Alignment,FC1,V3,sub-03,1,20,0.003186,0.10506
Feedback Alignment,FC1,V4,sub-01,1,20,0.00166,0.398349
Feedback Alignment,FC1,V4,sub-02,1,20,0.011446,0.0
Feedback Alignment,FC1,V4,sub-03,1,20,0.008006,4.6e-05
Feedback Alignment,FC1,LOC,sub-01,1,20,0.006639,0.000731
Feedback Alignment,FC1,LOC,sub-02,1,20,0.008147,3.4e-05
Feedback Alignment,FC1,LOC,sub-03,1,20,0.000159,0.935456
Feedback Alignment,FC1,IT,sub-01,1,20,0.008601,1.2e-05
Feedback Alignment,FC1,IT,sub-02,1,20,0.010332,0.0
Feedback Alignment,FC1,IT,sub-03,1,20,0.002879,0.14304
Feedback Alignment,Conv1,V1,sub-01,1,30,0.003574,0.068978
Feedback Alignment,Conv1,V1,sub-02,1,30,0.019007,0.0
Feedback Alignment,Conv1,V1,sub-03,1,30,0.004311,0.028298
Feedback Alignment,Conv1,V2,sub-01,1,30,0.000766,0.696719
Feedback Alignment,Conv1,V2,sub-02,1,30,0.009961,0.0
Feedback Alignment,Conv1,V2,sub-03,1,30,0.000157,0.936522
Feedback Alignment,Conv1,V3,sub-01,1,30,0.004685,0.017153
Feedback Alignment,Conv1,V3,sub-02,1,30,0.010025,0.0
Feedback Alignment,Conv1,V3,sub-03,1,30,-0.000312,0.873823
Feedback Alignment,Conv1,V4,sub-01,1,30,-0.00131,0.505052
Feedback Alignment,Conv1,V4,sub-02,1,30,0.005809,0.003125
Feedback Alignment,Conv1,V4,sub-03,1,30,0.003754,0.056128
Feedback Alignment,Conv1,LOC,sub-01,1,30,0.003801,0.053129
Feedback Alignment,Conv1,LOC,sub-02,1,30,0.006357,0.00122
Feedback Alignment,Conv1,LOC,sub-03,1,30,-0.001831,0.351532
Feedback Alignment,Conv1,IT,sub-01,1,30,0.004907,0.012537
Feedback Alignment,Conv1,IT,sub-02,1,30,0.004951,0.011765
Feedback Alignment,Conv1,IT,sub-03,1,30,0.001521,0.439057
Feedback Alignment,Conv2,V1,sub-01,1,30,0.004815,0.014288
Feedback Alignment,Conv2,V1,sub-02,1,30,0.012632,0.0
Feedback Alignment,Conv2,V1,sub-03,1,30,0.006631,0.000741
Feedback Alignment,Conv2,V2,sub-01,1,30,0.005414,0.005882
Feedback Alignment,Conv2,V2,sub-02,1,30,0.004909,0.012507
Feedback Alignment,Conv2,V2,sub-03,1,30,0.001956,0.319557
Feedback Alignment,Conv2,V3,sub-01,1,30,0.006813,0.000528
Feedback Alignment,Conv2,V3,sub-02,1,30,0.002211,0.260608
Feedback Alignment,Conv2,V3,sub-03,1,30,0.002143,0.275554
Feedback Alignment,Conv2,V4,sub-01,1,30,-0.000295,0.880606
Feedback Alignment,Conv2,V4,sub-02,1,30,6.1e-05,0.975156
Feedback Alignment,Conv2,V4,sub-03,1,30,0.00676,0.000583
Feedback Alignment,Conv2,LOC,sub-01,1,30,0.006156,0.001736
Feedback Alignment,Conv2,LOC,sub-02,1,30,0.003245,0.098728
Feedback Alignment,Conv2,LOC,sub-03,1,30,-0.00214,0.27623
Feedback Alignment,Conv2,IT,sub-01,1,30,0.008179,3.2e-05
Feedback Alignment,Conv2,IT,sub-02,1,30,0.003438,0.080309
Feedback Alignment,Conv2,IT,sub-03,1,30,0.00086,0.661686
Feedback Alignment,Conv3,V1,sub-01,1,30,-0.005061,0.010024
Feedback Alignment,Conv3,V1,sub-02,1,30,-0.007465,0.000146
Feedback Alignment,Conv3,V1,sub-03,1,30,0.006555,0.000853
Feedback Alignment,Conv3,V2,sub-01,1,30,0.000494,0.801397
Feedback Alignment,Conv3,V2,sub-02,1,30,-0.006569,0.000832
Feedback Alignment,Conv3,V2,sub-03,1,30,0.003188,0.104866
Feedback Alignment,Conv3,V3,sub-01,1,30,0.003466,0.077819
Feedback Alignment,Conv3,V3,sub-02,1,30,-0.008027,4.4e-05
Feedback Alignment,Conv3,V3,sub-03,1,30,0.002794,0.155213
Feedback Alignment,Conv3,V4,sub-01,1,30,-0.002475,0.207873
Feedback Alignment,Conv3,V4,sub-02,1,30,-0.003167,0.107115
Feedback Alignment,Conv3,V4,sub-03,1,30,0.008905,6e-06
Feedback Alignment,Conv3,LOC,sub-01,1,30,0.006867,0.000477
Feedback Alignment,Conv3,LOC,sub-02,1,30,0.004457,0.02335
Feedback Alignment,Conv3,LOC,sub-03,1,30,-0.00137,0.485745
Feedback Alignment,Conv3,IT,sub-01,1,30,0.009514,1e-06
Feedback Alignment,Conv3,IT,sub-02,1,30,0.002745,0.162522
Feedback Alignment,Conv3,IT,sub-03,1,30,0.001125,0.567074
Feedback Alignment,FC1,V1,sub-01,1,30,0.017257,0.0
Feedback Alignment,FC1,V1,sub-02,1,30,0.021938,0.0
Feedback Alignment,FC1,V1,sub-03,1,30,0.011536,0.0
Feedback Alignment,FC1,V2,sub-01,1,30,0.011391,0.0
Feedback Alignment,FC1,V2,sub-02,1,30,0.018064,0.0
Feedback Alignment,FC1,V2,sub-03,1,30,0.004132,0.035539
Feedback Alignment,FC1,V3,sub-01,1,30,0.010169,0.0
Feedback Alignment,FC1,V3,sub-02,1,30,0.016697,0.0
Feedback Alignment,FC1,V3,sub-03,1,30,0.003235,0.099743
Feedback Alignment,FC1,V4,sub-01,1,30,0.001294,0.510265
Feedback Alignment,FC1,V4,sub-02,1,30,0.010792,0.0
Feedback Alignment,FC1,V4,sub-03,1,30,0.008167,3.3e-05
Feedback Alignment,FC1,LOC,sub-01,1,30,0.006539,0.000879
Feedback Alignment,FC1,LOC,sub-02,1,30,0.008424,1.8e-05
Feedback Alignment,FC1,LOC,sub-03,1,30,0.000306,0.876309
Feedback Alignment,FC1,IT,sub-01,1,30,0.008474,1.6e-05
Feedback Alignment,FC1,IT,sub-02,1,30,0.010309,0.0
Feedback Alignment,FC1,IT,sub-03,1,30,0.002998,0.127218
Feedback Alignment,Conv1,V1,sub-01,1,40,0.003221,0.101237
Feedback Alignment,Conv1,V1,sub-02,1,40,0.018368,0.0
Feedback Alignment,Conv1,V1,sub-03,1,40,0.004166,0.034053
Feedback Alignment,Conv1,V2,sub-01,1,40,0.000628,0.749392
Feedback Alignment,Conv1,V2,sub-02,1,40,0.009558,1e-06
Feedback Alignment,Conv1,V2,sub-03,1,40,0.000138,0.943998
Feedback Alignment,Conv1,V3,sub-01,1,40,0.004564,0.020239
Feedback Alignment,Conv1,V3,sub-02,1,40,0.009874,1e-06
Feedback Alignment,Conv1,V3,sub-03,1,40,-0.000336,0.864141
Feedback Alignment,Conv1,V4,sub-01,1,40,-0.001418,0.470524
Feedback Alignment,Conv1,V4,sub-02,1,40,0.005722,0.003602
Feedback Alignment,Conv1,V4,sub-03,1,40,0.003777,0.054657
Feedback Alignment,Conv1,LOC,sub-01,1,40,0.003764,0.055516
Feedback Alignment,Conv1,LOC,sub-02,1,40,0.006388,0.001154
Feedback Alignment,Conv1,LOC,sub-03,1,40,-0.001865,0.342628
Feedback Alignment,Conv1,IT,sub-01,1,40,0.004883,0.012974
Feedback Alignment,Conv1,IT,sub-02,1,40,0.004937,0.012017
Feedback Alignment,Conv1,IT,sub-03,1,40,0.001473,0.453693
Feedback Alignment,Conv2,V1,sub-01,1,40,0.004245,0.030782
Feedback Alignment,Conv2,V1,sub-02,1,40,0.011635,0.0
Feedback Alignment,Conv2,V1,sub-03,1,40,0.006449,0.001035
Feedback Alignment,Conv2,V2,sub-01,1,40,0.005292,0.007096
Feedback Alignment,Conv2,V2,sub-02,1,40,0.00444,0.023874
Feedback Alignment,Conv2,V2,sub-03,1,40,0.001998,0.30951
Feedback Alignment,Conv2,V3,sub-01,1,40,0.006754,0.000589
Feedback Alignment,Conv2,V3,sub-02,1,40,0.00198,0.31387
Feedback Alignment,Conv2,V3,sub-03,1,40,0.002183,0.266795
Feedback Alignment,Conv2,V4,sub-01,1,40,-0.000441,0.822485
Feedback Alignment,Conv2,V4,sub-02,1,40,-0.000205,0.917017
Feedback Alignment,Conv2,V4,sub-03,1,40,0.006797,0.000544
Feedback Alignment,Conv2,LOC,sub-01,1,40,0.006125,0.001832
Feedback Alignment,Conv2,LOC,sub-02,1,40,0.003113,0.11327
Feedback Alignment,Conv2,LOC,sub-03,1,40,-0.002158,0.272279
Feedback Alignment,Conv2,IT,sub-01,1,40,0.008141,3.4e-05
Feedback Alignment,Conv2,IT,sub-02,1,40,0.003335,0.08979
Feedback Alignment,Conv2,IT,sub-03,1,40,0.00079,0.6876
Feedback Alignment,Conv3,V1,sub-01,1,40,-0.005184,0.008354
Feedback Alignment,Conv3,V1,sub-02,1,40,-0.00746,0.000148
Feedback Alignment,Conv3,V1,sub-03,1,40,0.006449,0.001035
Feedback Alignment,Conv3,V2,sub-01,1,40,0.00057,0.771933
Feedback Alignment,Conv3,V2,sub-02,1,40,-0.006394,0.001142
Feedback Alignment,Conv3,V2,sub-03,1,40,0.00319,0.104624
Feedback Alignment,Conv3,V3,sub-01,1,40,0.003521,0.073237
Feedback Alignment,Conv3,V3,sub-02,1,40,-0.007719,8.6e-05
Feedback Alignment,Conv3,V3,sub-03,1,40,0.002778,0.15757
Feedback Alignment,Conv3,V4,sub-01,1,40,-0.002561,0.192654
Feedback Alignment,Conv3,V4,sub-02,1,40,-0.003171,0.106717
Feedback Alignment,Conv3,V4,sub-03,1,40,0.00887,6e-06
Feedback Alignment,Conv3,LOC,sub-01,1,40,0.006779,0.000563
Feedback Alignment,Conv3,LOC,sub-02,1,40,0.004332,0.027533
Feedback Alignment,Conv3,LOC,sub-03,1,40,-0.001387,0.480502
Feedback Alignment,Conv3,IT,sub-01,1,40,0.009391,2e-06
Feedback Alignment,Conv3,IT,sub-02,1,40,0.002715,0.167183
Feedback Alignment,Conv3,IT,sub-03,1,40,0.001097,0.576827
Feedback Alignment,FC1,V1,sub-01,1,40,0.016583,0.0
Feedback Alignment,FC1,V1,sub-02,1,40,0.021271,0.0
Feedback Alignment,FC1,V1,sub-03,1,40,0.011357,0.0
Feedback Alignment,FC1,V2,sub-01,1,40,0.011167,0.0
Feedback Alignment,FC1,V2,sub-02,1,40,0.017952,0.0
Feedback Alignment,FC1,V2,sub-03,1,40,0.004104,0.036818
Feedback Alignment,FC1,V3,sub-01,1,40,0.009981,0.0
Feedback Alignment,FC1,V3,sub-02,1,40,0.016628,0.0
Feedback Alignment,FC1,V3,sub-03,1,40,0.003176,0.106126
Feedback Alignment,FC1,V4,sub-01,1,40,0.001089,0.579622
Feedback Alignment,FC1,V4,sub-02,1,40,0.010711,0.0
Feedback Alignment,FC1,V4,sub-03,1,40,0.008154,3.3e-05
Feedback Alignment,FC1,LOC,sub-01,1,40,0.006478,0.000981
Feedback Alignment,FC1,LOC,sub-02,1,40,0.008456,1.7e-05
Feedback Alignment,FC1,LOC,sub-03,1,40,0.000346,0.860459
Feedback Alignment,FC1,IT,sub-01,1,40,0.008372,2.1e-05
Feedback Alignment,FC1,IT,sub-02,1,40,0.010336,0.0
Feedback Alignment,FC1,IT,sub-03,1,40,0.002957,0.132466
Predictive Coding,Conv1,V1,sub-01,1,0,0.041835,0.0
Predictive Coding,Conv1,V1,sub-02,1,0,0.065758,0.0
Predictive Coding,Conv1,V1,sub-03,1,0,0.012134,0.0
Predictive Coding,Conv1,V2,sub-01,1,0,0.022609,0.0
Predictive Coding,Conv1,V2,sub-02,1,0,0.034238,0.0
Predictive Coding,Conv1,V2,sub-03,1,0,0.000496,0.800931
Predictive Coding,Conv1,V3,sub-01,1,0,0.017268,0.0
Predictive Coding,Conv1,V3,sub-02,1,0,0.021688,0.0
Predictive Coding,Conv1,V3,sub-03,1,0,0.003431,0.080881
Predictive Coding,Conv1,V4,sub-01,1,0,0.008834,7e-06
Predictive Coding,Conv1,V4,sub-02,1,0,0.01002,0.0
Predictive Coding,Conv1,V4,sub-03,1,0,0.00424,0.030999
Predictive Coding,Conv1,LOC,sub-01,1,0,0.00539,0.006104
Predictive Coding,Conv1,LOC,sub-02,1,0,0.001077,0.58371
Predictive Coding,Conv1,LOC,sub-03,1,0,-0.000855,0.663666
Predictive Coding,Conv1,IT,sub-01,1,0,0.005261,0.007439
Predictive Coding,Conv1,IT,sub-02,1,0,0.004158,0.034397
Predictive Coding,Conv1,IT,sub-03,1,0,0.001403,0.475459
Predictive Coding,Conv2,V1,sub-01,1,0,0.052707,0.0
Predictive Coding,Conv2,V1,sub-02,1,0,0.070518,0.0
Predictive Coding,Conv2,V1,sub-03,1,0,0.013567,0.0
Predictive Coding,Conv2,V2,sub-01,1,0,0.027383,0.0
Predictive Coding,Conv2,V2,sub-02,1,0,0.034553,0.0
Predictive Coding,Conv2,V2,sub-03,1,0,0.000969,0.621873
Predictive Coding,Conv2,V3,sub-01,1,0,0.018595,0.0
Predictive Coding,Conv2,V3,sub-02,1,0,0.026126,0.0
Predictive Coding,Conv2,V3,sub-03,1,0,0.003772,0.054992
Predictive Coding,Conv2,V4,sub-01,1,0,0.011306,0.0
Predictive Coding,Conv2,V4,sub-02,1,0,0.011493,0.0
Predictive Coding,Conv2,V4,sub-03,1,0,0.004905,0.012577
Predictive Coding,Conv2,LOC,sub-01,1,0,0.007258,0.000222
Predictive Coding,Conv2,LOC,sub-02,1,0,0.001884,0.337865
Predictive Coding,Conv2,LOC,sub-03,1,0,-0.000799,0.684425
Predictive Coding,Conv2,IT,sub-01,1,0,0.007324,0.000194
Predictive Coding,Conv2,IT,sub-02,1,0,0.006062,0.002043
Predictive Coding,Conv2,IT,sub-03,1,0,0.001278,0.515487
Predictive Coding,Conv3,V1,sub-01,1,0,0.057036,0.0
Predictive Coding,Conv3,V1,sub-02,1,0,0.063629,0.0
Predictive Coding,Conv3,V1,sub-03,1,0,0.014005,0.0
Predictive Coding,Conv3,V2,sub-01,1,0,0.028302,0.0
Predictive Coding,Conv3,V2,sub-02,1,0,0.029415,0.0
Predictive Coding,Conv3,V2,sub-03,1,0,0.0018,0.359738
Predictive Coding,Conv3,V3,sub-01,1,0,0.019275,0.0
Predictive Coding,Conv3,V3,sub-02,1,0,0.02767,0.0
Predictive Coding,Conv3,V3,sub-03,1,0,0.003945,0.044754
Predictive Coding,Conv3,V4,sub-01,1,0,0.014036,0.0
Predictive Coding,Conv3,V4,sub-02,1,0,0.019505,0.0
Predictive Coding,Conv3,V4,sub-03,1,0,0.005764,0.003363
Predictive Coding,Conv3,LOC,sub-01,1,0,0.008765,8e-06
Predictive Coding,Conv3,LOC,sub-02,1,0,0.0058,0.003172
Predictive Coding,Conv3,LOC,sub-03,1,0,5.3e-05,0.978373
Predictive Coding,Conv3,IT,sub-01,1,0,0.008875,6e-06
Predictive Coding,Conv3,IT,sub-02,1,0,0.009862,1e-06
Predictive Coding,Conv3,IT,sub-03,1,0,0.003362,0.087207
Predictive Coding,FC1,V1,sub-01,1,0,0.104693,0.0
Predictive Coding,FC1,V1,sub-02,1,0,0.121299,0.0
Predictive Coding,FC1,V1,sub-03,1,0,0.021685,0.0
Predictive Coding,FC1,V2,sub-01,1,0,0.06435,0.0
Predictive Coding,FC1,V2,sub-02,1,0,0.090291,0.0
Predictive Coding,FC1,V2,sub-03,1,0,0.008181,3.2e-05
Predictive Coding,FC1,V3,sub-01,1,0,0.044558,0.0
Predictive Coding,FC1,V3,sub-02,1,0,0.080475,0.0
Predictive Coding,FC1,V3,sub-03,1,0,0.007691,9.1e-05
Predictive Coding,FC1,V4,sub-01,1,0,0.027794,0.0
Predictive Coding,FC1,V4,sub-02,1,0,0.034479,0.0
Predictive Coding,FC1,V4,sub-03,1,0,0.002211,0.260536
Predictive Coding,FC1,LOC,sub-01,1,0,0.003635,0.064421
Predictive Coding,FC1,LOC,sub-02,1,0,-0.012749,0.0
Predictive Coding,FC1,LOC,sub-03,1,0,-0.000553,0.778276
Predictive Coding,FC1,IT,sub-01,1,0,0.004914,0.012417
Predictive Coding,FC1,IT,sub-02,1,0,0.005772,0.003321
Predictive Coding,FC1,IT,sub-03,1,0,0.003747,0.056607
Predictive Coding,Conv1,V1,sub-01,1,1,0.041887,0.0
Predictive Coding,Conv1,V1,sub-02,1,1,0.065852,0.0
Predictive Coding,Conv1,V1,sub-03,1,1,0.012153,0.0
Predictive Coding,Conv1,V2,sub-01,1,1,0.022639,0.0
Predictive Coding,Conv1,V2,sub-02,1,1,0.034292,0.0
Predictive Coding,Conv1,V2,sub-03,1,1,0.000502,0.798309
Predictive Coding,Conv1,V3,sub-01,1,1,0.017289,0.0
Predictive Coding,Conv1,V3,sub-02,1,1,0.021721,0.0
Predictive Coding,Conv1,V3,sub-03,1,1,0.003436,0.080439
Predictive Coding,Conv1,V4,sub-01,1,1,0.008851,7e-06
Predictive Coding,Conv1,V4,sub-02,1,1,0.01003,0.0
Predictive Coding,Conv1,V4,sub-03,1,1,0.004236,0.031148
Predictive Coding,Conv1,LOC,sub-01,1,1,0.005386,0.006143
Predictive Coding,Conv1,LOC,sub-02,1,1,0.001079,0.582964
Predictive Coding,Conv1,LOC,sub-03,1,1,-0.000853,0.664376
Predictive Coding,Conv1,IT,sub-01,1,1,0.005253,0.007527
Predictive Coding,Conv1,IT,sub-02,1,1,0.004167,0.034012
Predictive Coding,Conv1,IT,sub-03,1,1,0.0014,0.476247
Predictive Coding,Conv2,V1,sub-01,1,1,0.052742,0.0
Predictive Coding,Conv2,V1,sub-02,1,1,0.070474,0.0
Predictive Coding,Conv2,V1,sub-03,1,1,0.013535,0.0
Predictive Coding,Conv2,V2,sub-01,1,1,0.027404,0.0
Predictive Coding,Conv2,V2,sub-02,1,1,0.034448,0.0
Predictive Coding,Conv2,V2,sub-03,1,1,0.000945,0.630565
Predictive Coding,Conv2,V3,sub-01,1,1,0.018553,0.0
Predictive Coding,Conv2,V3,sub-02,1,1,0.026078,0.0
Predictive Coding,Conv2,V3,sub-03,1,1,0.00375,0.0564
Predictive Coding,Conv2,V4,sub-01,1,1,0.011291,0.0
Predictive Coding,Conv2,V4,sub-02,1,1,0.011434,0.0
Predictive Coding,Conv2,V4,sub-03,1,1,0.004885,0.012946
Predictive Coding,Conv2,LOC,sub-01,1,1,0.007218,0.000241
Predictive Coding,Conv2,LOC,sub-02,1,1,0.001846,0.347659
Predictive Coding,Conv2,LOC,sub-03,1,1,-0.000788,0.688315
Predictive Coding,Conv2,IT,sub-01,1,1,0.007294,0.000207
Predictive Coding,Conv2,IT,sub-02,1,1,0.006014,0.002214
Predictive Coding,Conv2,IT,sub-03,1,1,0.001256,0.522774
Predictive Coding,Conv3,V1,sub-01,1,1,0.05719,0.0
Predictive Coding,Conv3,V1,sub-02,1,1,0.063862,0.0
Predictive Coding,Conv3,V1,sub-03,1,1,0.014036,0.0
Predictive Coding,Conv3,V2,sub-01,1,1,0.028426,0.0
Predictive Coding,Conv3,V2,sub-02,1,1,0.029643,0.0
Predictive Coding,Conv3,V2,sub-03,1,1,0.001822,0.354052
Predictive Coding,Conv3,V3,sub-01,1,1,0.019392,0.0
Predictive Coding,Conv3,V3,sub-02,1,1,0.027839,0.0
Predictive Coding,Conv3,V3,sub-03,1,1,0.003964,0.043704
Predictive Coding,Conv3,V4,sub-01,1,1,0.014066,0.0
Predictive Coding,Conv3,V4,sub-02,1,1,0.019501,0.0
Predictive Coding,Conv3,V4,sub-03,1,1,0.005768,0.003338
Predictive Coding,Conv3,LOC,sub-01,1,1,0.008796,8e-06
Predictive Coding,Conv3,LOC,sub-02,1,1,0.005771,0.003324
Predictive Coding,Conv3,LOC,sub-03,1,1,5.9e-05,0.976044
Predictive Coding,Conv3,IT,sub-01,1,1,0.008902,6e-06
Predictive Coding,Conv3,IT,sub-02,1,1,0.009868,1e-06
Predictive Coding,Conv3,IT,sub-03,1,1,0.00336,0.087328
Predictive Coding,FC1,V1,sub-01,1,1,0.075862,0.0
Predictive Coding,FC1,V1,sub-02,1,1,0.08081,0.0
Predictive Coding,FC1,V1,sub-03,1,1,0.017081,0.0
Predictive Coding,FC1,V2,sub-01,1,1,0.044142,0.0
Predictive Coding,FC1,V2,sub-02,1,1,0.045392,0.0
Predictive Coding,FC1,V2,sub-03,1,1,0.005078,0.009774
Predictive Coding,FC1,V3,sub-01,1,1,0.026563,0.0
Predictive Coding,FC1,V3,sub-02,1,1,0.040153,0.0
Predictive Coding,FC1,V3,sub-03,1,1,0.004582,0.019732
Predictive Coding,FC1,V4,sub-01,1,1,0.017659,0.0
Predictive Coding,FC1,V4,sub-02,1,1,0.024511,0.0
Predictive Coding,FC1,V4,sub-03,1,1,0.00422,0.031815
Predictive Coding,FC1,LOC,sub-01,1,1,0.006401,0.001128
Predictive Coding,FC1,LOC,sub-02,1,1,-8.2e-05,0.966733
Predictive Coding,FC1,LOC,sub-03,1,1,0.00065,0.741016
Predictive Coding,FC1,IT,sub-01,1,1,0.00627,0.001424
Predictive Coding,FC1,IT,sub-02,1,1,0.007003,0.000367
Predictive Coding,FC1,IT,sub-03,1,1,0.003323,0.090958
Predictive Coding,Conv1,V1,sub-01,1,2,0.041939,0.0
Predictive Coding,Conv1,V1,sub-02,1,2,0.065946,0.0
Predictive Coding,Conv1,V1,sub-03,1,2,0.012172,0.0
Predictive Coding,Conv1,V2,sub-01,1,2,0.022669,0.0
Predictive Coding,Conv1,V2,sub-02,1,2,0.034347,0.0
Predictive Coding,Conv1,V2,sub-03,1,2,0.000509,0.795507
Predictive Coding,Conv1,V3,sub-01,1,2,0.017311,0.0
Predictive Coding,Conv1,V3,sub-02,1,2,0.021753,0.0
Predictive Coding,Conv1,V3,sub-03,1,2,0.003441,0.079983
Predictive Coding,Conv1,V4,sub-01,1,2,0.008868,6e-06
Predictive Coding,Conv1,V4,sub-02,1,2,0.01004,0.0
Predictive Coding,Conv1,V4,sub-03,1,2,0.004233,0.031276
Predictive Coding,Conv1,LOC,sub-01,1,2,0.005382,0.006175
Predictive Coding,Conv1,LOC,sub-02,1,2,0.001082,0.582093
Predictive Coding,Conv1,LOC,sub-03,1,2,-0.000851,0.665106
Predictive Coding,Conv1,IT,sub-01,1,2,0.005246,0.007609
Predictive Coding,Conv1,IT,sub-02,1,2,0.004176,0.033625
Predictive Coding,Conv1,IT,sub-03,1,2,0.001398,0.476981
Predictive Coding,Conv2,V1,sub-01,1,2,0.052769,0.0
Predictive Coding,Conv2,V1,sub-02,1,2,0.070419,0.0
Predictive Coding,Conv2,V1,sub-03,1,2,0.0135,0.0
Predictive Coding,Conv2,V2,sub-01,1,2,0.027421,0.0
Predictive Coding,Conv2,V2,sub-02,1,2,0.034337,0.0
Predictive Coding,Conv2,V2,sub-03,1,2,0.000921,0.639498
Predictive Coding,Conv2,V3,sub-01,1,2,0.018508,0.0
Predictive Coding,Conv2,V3,sub-02,1,2,0.026025,0.0
Predictive Coding,Conv2,V3,sub-03,1,2,0.003729,0.057837
Predictive Coding,Conv2,V4,sub-01,1,2,0.011276,0.0
Predictive Coding,Conv2,V4,sub-02,1,2,0.011374,0.0
Predictive Coding,Conv2,V4,sub-03,1,2,0.004865,0.013321
Predictive Coding,Conv2,LOC,sub-01,1,2,0.007177,0.000261
Predictive Coding,Conv2,LOC,sub-02,1,2,0.001809,0.357351
Predictive Coding,Conv2,LOC,sub-03,1,2,-0.000778,0.692174
Predictive Coding,Conv2,IT,sub-01,1,2,0.007263,0.00022
Predictive Coding,Conv2,IT,sub-02,1,2,0.005966,0.002404
Predictive Coding,Conv2,IT,sub-03,1,2,0.001235,0.529911
Predictive Coding,Conv3,V1,sub-01,1,2,0.05735,0.0
Predictive Coding,Conv3,V1,sub-02,1,2,0.064106,0.0
Predictive Coding,Conv3,V1,sub-03,1,2,0.014067,0.0
Predictive Coding,Conv3,V2,sub-01,1,2,0.028558,0.0
Predictive Coding,Conv3,V2,sub-02,1,2,0.029882,0.0
Predictive Coding,Conv3,V2,sub-03,1,2,0.001845,0.3478
Predictive Coding,Conv3,V3,sub-01,1,2,0.019517,0.0
Predictive Coding,Conv3,V3,sub-02,1,2,0.028014,0.0
Predictive Coding,Conv3,V3,sub-03,1,2,0.003985,0.042616
Predictive Coding,Conv3,V4,sub-01,1,2,0.014102,0.0
Predictive Coding,Conv3,V4,sub-02,1,2,0.019498,0.0
Predictive Coding,Conv3,V4,sub-03,1,2,0.005773,0.003314
Predictive Coding,Conv3,LOC,sub-01,1,2,0.008827,7e-06
Predictive Coding,Conv3,LOC,sub-02,1,2,0.005741,0.003492
Predictive Coding,Conv3,LOC,sub-03,1,2,6.5e-05,0.97361
Predictive Coding,Conv3,IT,sub-01,1,2,0.00893,6e-06
Predictive Coding,Conv3,IT,sub-02,1,2,0.009875,1e-06
Predictive Coding,Conv3,IT,sub-03,1,2,0.003359,0.087506
Predictive Coding,FC1,V1,sub-01,1,2,0.096129,0.0
Predictive Coding,FC1,V1,sub-02,1,2,0.102826,0.0
Predictive Coding,FC1,V1,sub-03,1,2,0.022293,0.0
Predictive Coding,FC1,V2,sub-01,1,2,0.05628,0.0
Predictive Coding,FC1,V2,sub-02,1,2,0.057904,0.0
Predictive Coding,FC1,V2,sub-03,1,2,0.007427,0.000158
Predictive Coding,FC1,V3,sub-01,1,2,0.034944,0.0
Predictive Coding,FC1,V3,sub-02,1,2,0.047601,0.0
Predictive Coding,FC1,V3,sub-03,1,2,0.00667,0.00069
Predictive Coding,FC1,V4,sub-01,1,2,0.02141,0.0
Predictive Coding,FC1,V4,sub-02,1,2,0.031041,0.0
Predictive Coding,FC1,V4,sub-03,1,2,0.005564,0.004642
Predictive Coding,FC1,LOC,sub-01,1,2,0.006058,0.002056
Predictive Coding,FC1,LOC,sub-02,1,2,-0.006574,0.000823
Predictive Coding,FC1,LOC,sub-03,1,2,0.002496,0.204209
Predictive Coding,FC1,IT,sub-01,1,2,0.007144,0.000278
Predictive Coding,FC1,IT,sub-02,1,2,0.004927,0.012194
Predictive Coding,FC1,IT,sub-03,1,2,0.004179,0.033491
Predictive Coding,Conv1,V1,sub-01,1,5,0.042098,0.0
Predictive Coding,Conv1,V1,sub-02,1,5,0.066233,0.0
Predictive Coding,Conv1,V1,sub-03,1,5,0.012231,0.0
Predictive Coding,Conv1,V2,sub-01,1,5,0.022763,0.0
Predictive Coding,Conv1,V2,sub-02,1,5,0.034519,0.0
Predictive Coding,Conv1,V2,sub-03,1,5,0.000529,0.787727
Predictive Coding,Conv1,V3,sub-01,1,5,0.017377,0.0
Predictive Coding,Conv1,V3,sub-02,1,5,0.021854,0.0
Predictive Coding,Conv1,V3,sub-03,1,5,0.003456,0.078657
Predictive Coding,Conv1,V4,sub-01,1,5,0.008923,6e-06
Predictive Coding,Conv1,V4,sub-02,1,5,0.010073,0.0
Predictive Coding,Conv1,V4,sub-03,1,5,0.004224,0.031641
Predictive Coding,Conv1,LOC,sub-01,1,5,0.005373,0.006261
Predictive Coding,Conv1,LOC,sub-02,1,5,0.001089,0.579702
Predictive Coding,Conv1,LOC,sub-03,1,5,-0.000843,0.66808
Predictive Coding,Conv1,IT,sub-01,1,5,0.005225,0.007855
Predictive Coding,Conv1,IT,sub-02,1,5,0.004204,0.032436
Predictive Coding,Conv1,IT,sub-03,1,5,0.001391,0.479126
Predictive Coding,Conv2,V1,sub-01,1,5,0.052807,0.0
Predictive Coding,Conv2,V1,sub-02,1,5,0.070201,0.0
Predictive Coding,Conv2,V1,sub-03,1,5,0.013382,0.0
Predictive Coding,Conv2,V2,sub-01,1,5,0.027452,0.0
Predictive Coding,Conv2,V2,sub-02,1,5,0.033974,0.0
Predictive Coding,Conv2,V2,sub-03,1,5,0.000843,0.668011
Predictive Coding,Conv2,V3,sub-01,1,5,0.018366,0.0
Predictive Coding,Conv2,V3,sub-02,1,5,0.025843,0.0
Predictive Coding,Conv2,V3,sub-03,1,5,0.003656,0.062852
Predictive Coding,Conv2,V4,sub-01,1,5,0.011222,0.0
Predictive Coding,Conv2,V4,sub-02,1,5,0.011189,0.0
Predictive Coding,Conv2,V4,sub-03,1,5,0.004801,0.014584
Predictive Coding,Conv2,LOC,sub-01,1,5,0.007052,0.000333
Predictive Coding,Conv2,LOC,sub-02,1,5,0.001693,0.389086
Predictive Coding,Conv2,LOC,sub-03,1,5,-0.000747,0.703851
Predictive Coding,Conv2,IT,sub-01,1,5,0.007167,0.000266
Predictive Coding,Conv2,IT,sub-02,1,5,0.005811,0.003113
Predictive Coding,Conv2,IT,sub-03,1,5,0.001173,0.550583
Predictive Coding,Conv3,V1,sub-01,1,5,0.057867,0.0
Predictive Coding,Conv3,V1,sub-02,1,5,0.064871,0.0
Predictive Coding,Conv3,V1,sub-03,1,5,0.014175,0.0
Predictive Coding,Conv3,V2,sub-01,1,5,0.028982,0.0
Predictive Coding,Conv3,V2,sub-02,1,5,0.030643,0.0
Predictive Coding,Conv3,V2,sub-03,1,5,0.001927,0.326968
Predictive Coding,Conv3,V3,sub-01,1,5,0.019918,0.0
Predictive Coding,Conv3,V3,sub-02,1,5,0.028574,0.0
Predictive Coding,Conv3,V3,sub-03,1,5,0.004053,0.039188
Predictive Coding,Conv3,V4,sub-01,1,5,0.014222,0.0
Predictive Coding,Conv3,V4,sub-02,1,5,0.01949,0.0
Predictive Coding,Conv3,V4,sub-03,1,5,0.005791,0.003214
Predictive Coding,Conv3,LOC,sub-01,1,5,0.008921,6e-06
Predictive Coding,Conv3,LOC,sub-02,1,5,0.005637,0.00413
Predictive Coding,Conv3,LOC,sub-03,1,5,9e-05,0.963546
Predictive Coding,Conv3,IT,sub-01,1,5,0.009012,5e-06
Predictive Coding,Conv3,IT,sub-02,1,5,0.00988,0.0
Predictive Coding,Conv3,IT,sub-03,1,5,0.003355,0.087795
Predictive Coding,FC1,V1,sub-01,1,5,0.086741,0.0
Predictive Coding,FC1,V1,sub-02,1,5,0.087937,0.0
Predictive Coding,FC1,V1,sub-03,1,5,0.020777,0.0
Predictive Coding,FC1,V2,sub-01,1,5,0.055979,0.0
Predictive Coding,FC1,V2,sub-02,1,5,0.055202,0.0
Predictive Coding,FC1,V2,sub-03,1,5,0.010269,0.0
Predictive Coding,FC1,V3,sub-01,1,5,0.03694,0.0
Predictive Coding,FC1,V3,sub-02,1,5,0.049255,0.0
Predictive Coding,FC1,V3,sub-03,1,5,0.008307,2.4e-05
Predictive Coding,FC1,V4,sub-01,1,5,0.022528,0.0
Predictive Coding,FC1,V4,sub-02,1,5,0.031328,0.0
Predictive Coding,FC1,V4,sub-03,1,5,0.010124,0.0
Predictive Coding,FC1,LOC,sub-01,1,5,0.008212,2.9e-05
Predictive Coding,FC1,LOC,sub-02,1,5,-0.002398,0.222431
Predictive Coding,FC1,LOC,sub-03,1,5,0.002903,0.139709
Predictive Coding,FC1,IT,sub-01,1,5,0.009877,1e-06
Predictive Coding,FC1,IT,sub-02,1,5,0.00717,0.000265
Predictive Coding,FC1,IT,sub-03,1,5,0.006638,0.000733
Predictive Coding,Conv1,V1,sub-01,1,10,0.042364,0.0
Predictive Coding,Conv1,V1,sub-02,1,10,0.066727,0.0
Predictive Coding,Conv1,V1,sub-03,1,10,0.012331,0.0
Predictive Coding,Conv1,V2,sub-01,1,10,0.022928,0.0
Predictive Coding,Conv1,V2,sub-02,1,10,0.034818,0.0
Predictive Coding,Conv1,V2,sub-03,1,10,0.000562,0.774841
Predictive Coding,Conv1,V3,sub-01,1,10,0.017489,0.0
Predictive Coding,Conv1,V3,sub-02,1,10,0.022026,0.0
Predictive Coding,Conv1,V3,sub-03,1,10,0.003486,0.076103
Predictive Coding,Conv1,V4,sub-01,1,10,0.009019,4e-06
Predictive Coding,Conv1,V4,sub-02,1,10,0.010135,0.0
Predictive Coding,Conv1,V4,sub-03,1,10,0.004211,0.032163
Predictive Coding,Conv1,LOC,sub-01,1,10,0.005362,0.006369
Predictive Coding,Conv1,LOC,sub-02,1,10,0.001101,0.575487
Predictive Coding,Conv1,LOC,sub-03,1,10,-0.000828,0.673544
Predictive Coding,Conv1,IT,sub-01,1,10,0.005191,0.008268
Predictive Coding,Conv1,IT,sub-02,1,10,0.004254,0.030448
Predictive Coding,Conv1,IT,sub-03,1,10,0.001386,0.480734
Predictive Coding,Conv2,V1,sub-01,1,10,0.052731,0.0
Predictive Coding,Conv2,V1,sub-02,1,10,0.069706,0.0
Predictive Coding,Conv2,V1,sub-03,1,10,0.013144,0.0
Predictive Coding,Conv2,V2,sub-01,1,10,0.027444,0.0
Predictive Coding,Conv2,V2,sub-02,1,10,0.033309,0.0
Predictive Coding,Conv2,V2,sub-03,1,10,0.000703,0.720551
Predictive Coding,Conv2,V3,sub-01,1,10,0.01809,0.0
Predictive Coding,Conv2,V3,sub-02,1,10,0.025497,0.0
Predictive Coding,Conv2,V3,sub-03,1,10,0.003517,0.073527
Predictive Coding,Conv2,V4,sub-01,1,10,0.011108,0.0
Predictive Coding,Conv2,V4,sub-02,1,10,0.010873,0.0
Predictive Coding,Conv2,V4,sub-03,1,10,0.004686,0.017128
Predictive Coding,Conv2,LOC,sub-01,1,10,0.006832,0.00051
Predictive Coding,Conv2,LOC,sub-02,1,10,0.001484,0.450264
Predictive Coding,Conv2,LOC,sub-03,1,10,-0.000687,0.726615
Predictive Coding,Conv2,IT,sub-01,1,10,0.00699,0.000376
Predictive Coding,Conv2,IT,sub-02,1,10,0.005531,0.004896
Predictive Coding,Conv2,IT,sub-03,1,10,0.001082,0.582089
Predictive Coding,Conv3,V1,sub-01,1,10,0.058715,0.0
Predictive Coding,Conv3,V1,sub-02,1,10,0.066149,0.0
Predictive Coding,Conv3,V1,sub-03,1,10,0.014361,0.0
Predictive Coding,Conv3,V2,sub-01,1,10,0.029736,0.0
Predictive Coding,Conv3,V2,sub-02,1,10,0.032007,0.0
Predictive Coding,Conv3,V2,sub-03,1,10,0.002086,0.288644
Predictive Coding,Conv3,V3,sub-01,1,10,0.02062,0.0
Predictive Coding,Conv3,V3,sub-02,1,10,0.02956,0.0
Predictive Coding,Conv3,V3,sub-03,1,10,0.004173,0.033754
Predictive Coding,Conv3,V4,sub-01,1,10,0.014438,0.0
Predictive Coding,Conv3,V4,sub-02,1,10,0.019452,0.0
Predictive Coding,Conv3,V4,sub-03,1,10,0.005821,0.003063
Predictive Coding,Conv3,LOC,sub-01,1,10,0.009063,4e-06
Predictive Coding,Conv3,LOC,sub-02,1,10,0.005424,0.005789
Predictive Coding,Conv3,LOC,sub-03,1,10,0.000145,0.94115
Predictive Coding,Conv3,IT,sub-01,1,10,0.009127,3e-06
Predictive Coding,Conv3,IT,sub-02,1,10,0.009846,1e-06
Predictive Coding,Conv3,IT,sub-03,1,10,0.003344,0.088885
Predictive Coding,FC1,V1,sub-01,1,10,0.074127,0.0
Predictive Coding,FC1,V1,sub-02,1,10,0.080407,0.0
Predictive Coding,FC1,V1,sub-03,1,10,0.0195,0.0
Predictive Coding,FC1,V2,sub-01,1,10,0.050969,0.0
Predictive Coding,FC1,V2,sub-02,1,10,0.050312,0.0
Predictive Coding,FC1,V2,sub-03,1,10,0.009496,1e-06
Predictive Coding,FC1,V3,sub-01,1,10,0.033633,0.0
Predictive Coding,FC1,V3,sub-02,1,10,0.043545,0.0
Predictive Coding,FC1,V3,sub-03,1,10,0.007786,7.5e-05
Predictive Coding,FC1,V4,sub-01,1,10,0.01973,0.0
Predictive Coding,FC1,V4,sub-02,1,10,0.027916,0.0
Predictive Coding,FC1,V4,sub-03,1,10,0.010295,0.0
Predictive Coding,FC1,LOC,sub-01,1,10,0.008015,4.5e-05
Predictive Coding,FC1,LOC,sub-02,1,10,-0.002736,0.163858
Predictive Coding,FC1,LOC,sub-03,1,10,0.003626,0.065057
Predictive Coding,FC1,IT,sub-01,1,10,0.010549,0.0
Predictive Coding,FC1,IT,sub-02,1,10,0.006335,0.001267
Predictive Coding,FC1,IT,sub-03,1,10,0.005644,0.004086
Predictive Coding,Conv1,V1,sub-01,1,20,0.042869,0.0
Predictive Coding,Conv1,V1,sub-02,1,20,0.067711,0.0
Predictive Coding,Conv1,V1,sub-03,1,20,0.012526,0.0
Predictive Coding,Conv1,V2,sub-01,1,20,0.02326,0.0
Predictive Coding,Conv1,V2,sub-02,1,20,0.035425,0.0
Predictive Coding,Conv1,V2,sub-03,1,20,0.000624,0.750706
Predictive Coding,Conv1,V3,sub-01,1,20,0.017718,0.0
Predictive Coding,Conv1,V3,sub-02,1,20,0.022366,0.0
Predictive Coding,Conv1,V3,sub-03,1,20,0.003553,0.07064
Predictive Coding,Conv1,V4,sub-01,1,20,0.009214,3e-06
Predictive Coding,Conv1,V4,sub-02,1,20,0.01025,0.0
Predictive Coding,Conv1,V4,sub-03,1,20,0.004193,0.032898
Predictive Coding,Conv1,LOC,sub-01,1,20,0.005354,0.00645
Predictive Coding,Conv1,LOC,sub-02,1,20,0.00112,0.56877
Predictive Coding,Conv1,LOC,sub-03,1,20,-0.000792,0.687014
Predictive Coding,Conv1,IT,sub-01,1,20,0.00513,0.009061
Predictive Coding,Conv1,IT,sub-02,1,20,0.004356,0.02668
Predictive Coding,Conv1,IT,sub-03,1,20,0.001386,0.480688
Predictive Coding,Conv2,V1,sub-01,1,20,0.052034,0.0
Predictive Coding,Conv2,V1,sub-02,1,20,0.068178,0.0
Predictive Coding,Conv2,V1,sub-03,1,20,0.012547,0.0
Predictive Coding,Conv2,V2,sub-01,1,20,0.027169,0.0
Predictive Coding,Conv2,V2,sub-02,1,20,0.031706,0.0
Predictive Coding,Conv2,V2,sub-03,1,20,0.000389,0.843122
Predictive Coding,Conv2,V3,sub-01,1,20,0.017393,0.0
Predictive Coding,Conv2,V3,sub-02,1,20,0.024603,0.0
Predictive Coding,Conv2,V3,sub-03,1,20,0.003187,0.104968
Predictive Coding,Conv2,V4,sub-01,1,20,0.010738,0.0
Predictive Coding,Conv2,V4,sub-02,1,20,0.01019,0.0
Predictive Coding,Conv2,V4,sub-03,1,20,0.004385,0.025694
Predictive Coding,Conv2,LOC,sub-01,1,20,0.006374,0.001184
Predictive Coding,Conv2,LOC,sub-02,1,20,0.001044,0.595205
Predictive Coding,Conv2,LOC,sub-03,1,20,-0.000536,0.785265
Predictive Coding,Conv2,IT,sub-01,1,20,0.006598,0.000788
Predictive Coding,Conv2,IT,sub-02,1,20,0.00491,0.012487
Predictive Coding,Conv2,IT,sub-03,1,20,0.000922,0.639135
Predictive Coding,Conv3,V1,sub-01,1,20,0.059706,0.0
Predictive Coding,Conv3,V1,sub-02,1,20,0.067994,0.0
Predictive Coding,Conv3,V1,sub-03,1,20,0.014625,0.0
Predictive Coding,Conv3,V2,sub-01,1,20,0.031054,0.0
Predictive Coding,Conv3,V2,sub-02,1,20,0.03463,0.0
Predictive Coding,Conv3,V2,sub-03,1,20,0.002455,0.211591
Predictive Coding,Conv3,V3,sub-01,1,20,0.021888,0.0
Predictive Coding,Conv3,V3,sub-02,1,20,0.031182,0.0
Predictive Coding,Conv3,V3,sub-03,1,20,0.004397,0.025283
Predictive Coding,Conv3,V4,sub-01,1,20,0.014776,0.0
Predictive Coding,Conv3,V4,sub-02,1,20,0.01893,0.0
Predictive Coding,Conv3,V4,sub-03,1,20,0.005797,0.003183
Predictive Coding,Conv3,LOC,sub-01,1,20,0.009214,3e-06
Predictive Coding,Conv3,LOC,sub-02,1,20,0.004793,0.014753
Predictive Coding,Conv3,LOC,sub-03,1,20,0.000294,0.881015
Predictive Coding,Conv3,IT,sub-01,1,20,0.009212,3e-06
Predictive Coding,Conv3,IT,sub-02,1,20,0.009495,1e-06
Predictive Coding,Conv3,IT,sub-03,1,20,0.003271,0.096098
Predictive Coding,FC1,V1,sub-01,1,20,0.072719,0.0
Predictive Coding,FC1,V1,sub-02,1,20,0.084173,0.0
Predictive Coding,FC1,V1,sub-03,1,20,0.019623,0.0
Predictive Coding,FC1,V2,sub-01,1,20,0.052926,0.0
Predictive Coding,FC1,V2,sub-02,1,20,0.055968,0.0
Predictive Coding,FC1,V2,sub-03,1,20,0.009078,4e-06
Predictive Coding,FC1,V3,sub-01,1,20,0.035506,0.0
Predictive Coding,FC1,V3,sub-02,1,20,0.049327,0.0
Predictive Coding,FC1,V3,sub-03,1,20,0.0075,0.000136
Predictive Coding,FC1,V4,sub-01,1,20,0.021147,0.0
Predictive Coding,FC1,V4,sub-02,1,20,0.031449,0.0
Predictive Coding,FC1,V4,sub-03,1,20,0.008511,1.5e-05
Predictive Coding,FC1,LOC,sub-01,1,20,0.00954,1e-06
Predictive Coding,FC1,LOC,sub-02,1,20,0.003438,0.080293
Predictive Coding,FC1,LOC,sub-03,1,20,0.003505,0.074516
Predictive Coding,FC1,IT,sub-01,1,20,0.011729,0.0
Predictive Coding,FC1,IT,sub-02,1,20,0.012149,0.0
Predictive Coding,FC1,IT,sub-03,1,20,0.004476,0.022767
Predictive Coding,Conv1,V1,sub-01,1,30,0.043323,0.0
Predictive Coding,Conv1,V1,sub-02,1,30,0.068595,0.0
Predictive Coding,Conv1,V1,sub-03,1,30,0.012719,0.0
Predictive Coding,Conv1,V2,sub-01,1,30,0.023595,0.0
Predictive Coding,Conv1,V2,sub-02,1,30,0.036002,0.0
Predictive Coding,Conv1,V2,sub-03,1,30,0.000683,0.728265
Predictive Coding,Conv1,V3,sub-01,1,30,0.017953,0.0
Predictive Coding,Conv1,V3,sub-02,1,30,0.022674,0.0
Predictive Coding,Conv1,V3,sub-03,1,30,0.003623,0.065324
Predictive Coding,Conv1,V4,sub-01,1,30,0.009415,2e-06
Predictive Coding,Conv1,V4,sub-02,1,30,0.010337,0.0
Predictive Coding,Conv1,V4,sub-03,1,30,0.004171,0.033836
Predictive Coding,Conv1,LOC,sub-01,1,30,0.005358,0.006408
Predictive Coding,Conv1,LOC,sub-02,1,30,0.001129,0.565747
Predictive Coding,Conv1,LOC,sub-03,1,30,-0.000737,0.707841
Predictive Coding,Conv1,IT,sub-01,1,30,0.005077,0.00979
Predictive Coding,Conv1,IT,sub-02,1,30,0.004449,0.023621
Predictive Coding,Conv1,IT,sub-03,1,30,0.001398,0.476969
Predictive Coding,Conv2,V1,sub-01,1,30,0.050713,0.0
Predictive Coding,Conv2,V1,sub-02,1,30,0.06598,0.0
Predictive Coding,Conv2,V1,sub-03,1,30,0.011863,0.0
Predictive Coding,Conv2,V2,sub-01,1,30,0.026553,0.0
Predictive Coding,Conv2,V2,sub-02,1,30,0.029755,0.0
Predictive Coding,Conv2,V2,sub-03,1,30,4.5e-05,0.98183
Predictive Coding,Conv2,V3,sub-01,1,30,0.016512,0.0
Predictive Coding,Conv2,V3,sub-02,1,30,0.023407,0.0
Predictive Coding,Conv2,V3,sub-03,1,30,0.002788,0.156028
Predictive Coding,Conv2,V4,sub-01,1,30,0.01017,0.0
Predictive Coding,Conv2,V4,sub-02,1,30,0.009352,2e-06
Predictive Coding,Conv2,V4,sub-03,1,30,0.00398,0.042878
Predictive Coding,Conv2,LOC,sub-01,1,30,0.005905,0.002662
Predictive Coding,Conv2,LOC,sub-02,1,30,0.000518,0.792018
Predictive Coding,Conv2,LOC,sub-03,1,30,-0.000383,0.845466
Predictive Coding,Conv2,IT,sub-01,1,30,0.006223,0.001546
Predictive Coding,Conv2,IT,sub-02,1,30,0.004206,0.032354
Predictive Coding,Conv2,IT,sub-03,1,30,0.000786,0.689347
Predictive Coding,Conv3,V1,sub-01,1,30,0.058448,0.0
Predictive Coding,Conv3,V1,sub-02,1,30,0.067375,0.0
Predictive Coding,Conv3,V1,sub-03,1,30,0.0144,0.0
Predictive Coding,Conv3,V2,sub-01,1,30,0.031274,0.0
Predictive Coding,Conv3,V2,sub-02,1,30,0.036032,0.0
Predictive Coding,Conv3,V2,sub-03,1,30,0.002715,0.167215
Predictive Coding,Conv3,V3,sub-01,1,30,0.022345,0.0
Predictive Coding,Conv3,V3,sub-02,1,30,0.031467,0.0
Predictive Coding,Conv3,V3,sub-03,1,30,0.004442,0.023818
Predictive Coding,Conv3,V4,sub-01,1,30,0.014596,0.0
Predictive Coding,Conv3,V4,sub-02,1,30,0.017492,0.0
Predictive Coding,Conv3,V4,sub-03,1,30,0.005549,0.004755
Predictive Coding,Conv3,LOC,sub-01,1,30,0.009194,3e-06
Predictive Coding,Conv3,LOC,sub-02,1,30,0.004022,0.040726
Predictive Coding,Conv3,LOC,sub-03,1,30,0.00049,0.803219
Predictive Coding,Conv3,IT,sub-01,1,30,0.009147,3e-06
Predictive Coding,Conv3,IT,sub-02,1,30,0.008796,8e-06
Predictive Coding,Conv3,IT,sub-03,1,30,0.003043,0.121577
Predictive Coding,FC1,V1,sub-01,1,30,0.08743,0.0
Predictive Coding,FC1,V1,sub-02,1,30,0.107654,0.0
Predictive Coding,FC1,V1,sub-03,1,30,0.021665,0.0
Predictive Coding,FC1,V2,sub-01,1,30,0.062434,0.0
Predictive Coding,FC1,V2,sub-02,1,30,0.077072,0.0
Predictive Coding,FC1,V2,sub-03,1,30,0.009343,2e-06
Predictive Coding,FC1,V3,sub-01,1,30,0.042546,0.0
Predictive Coding,FC1,V3,sub-02,1,30,0.067881,0.0
Predictive Coding,FC1,V3,sub-03,1,30,0.007751,8e-05
Predictive Coding,FC1,V4,sub-01,1,30,0.023456,0.0
Predictive Coding,FC1,V4,sub-02,1,30,0.034315,0.0
Predictive Coding,FC1,V4,sub-03,1,30,0.006373,0.001186
Predictive Coding,FC1,LOC,sub-01,1,30,0.008323,2.3e-05
Predictive Coding,FC1,LOC,sub-02,1,30,-0.002851,0.146919
Predictive Coding,FC1,LOC,sub-03,1,30,0.001653,0.400378
Predictive Coding,FC1,IT,sub-01,1,30,0.010605,0.0
Predictive Coding,FC1,IT,sub-02,1,30,0.009976,0.0
Predictive Coding,FC1,IT,sub-03,1,30,0.00392,0.046129
Predictive Coding,Conv1,V1,sub-01,1,40,0.043728,0.0
Predictive Coding,Conv1,V1,sub-02,1,40,0.069353,0.0
Predictive Coding,Conv1,V1,sub-03,1,40,0.012916,0.0
Predictive Coding,Conv1,V2,sub-01,1,40,0.023934,0.0
Predictive Coding,Conv1,V2,sub-02,1,40,0.03652,0.0
Predictive Coding,Conv1,V2,sub-03,1,40,0.000752,0.702183
Predictive Coding,Conv1,V3,sub-01,1,40,0.018193,0.0
Predictive Coding,Conv1,V3,sub-02,1,40,0.022926,0.0
Predictive Coding,Conv1,V3,sub-03,1,40,0.003699,0.059849
Predictive Coding,Conv1,V4,sub-01,1,40,0.009614,1e-06
Predictive Coding,Conv1,V4,sub-02,1,40,0.010389,0.0
Predictive Coding,Conv1,V4,sub-03,1,40,0.004156,0.034487
Predictive Coding,Conv1,LOC,sub-01,1,40,0.005377,0.006225
Predictive Coding,Conv1,LOC,sub-02,1,40,0.001124,0.567507
Predictive Coding,Conv1,LOC,sub-03,1,40,-0.000662,0.736193
Predictive Coding,Conv1,IT,sub-01,1,40,0.005041,0.01033
Predictive Coding,Conv1,IT,sub-02,1,40,0.004521,0.021427
Predictive Coding,Conv1,IT,sub-03,1,40,0.001424,0.468773
Predictive Coding,Conv2,V1,sub-01,1,40,0.049244,0.0
Predictive Coding,Conv2,V1,sub-02,1,40,0.063589,0.0
Predictive Coding,Conv2,V1,sub-03,1,40,0.011232,0.0
Predictive Coding,Conv2,V2,sub-01,1,40,0.025809,0.0
Predictive Coding,Conv2,V2,sub-02,1,40,0.027716,0.0
Predictive Coding,Conv2,V2,sub-03,1,40,-0.000268,0.891378
Predictive Coding,Conv2,V3,sub-01,1,40,0.015615,0.0
Predictive Coding,Conv2,V3,sub-02,1,40,0.022116,0.0
Predictive Coding,Conv2,V3,sub-03,1,40,0.002408,0.220525
Predictive Coding,Conv2,V4,sub-01,1,40,0.009518,1e-06
Predictive Coding,Conv2,V4,sub-02,1,40,0.008452,1.7e-05
Predictive Coding,Conv2,V4,sub-03,1,40,0.003562,0.06992
Predictive Coding,Conv2,LOC,sub-01,1,40,0.005465,0.005428
Predictive Coding,Conv2,LOC,sub-02,1,40,-9.3e-05,0.962129
Predictive Coding,Conv2,LOC,sub-03,1,40,-0.000279,0.887154
Predictive Coding,Conv2,IT,sub-01,1,40,0.005902,0.002675
Predictive Coding,Conv2,IT,sub-02,1,40,0.003456,0.078682
Predictive Coding,Conv2,IT,sub-03,1,40,0.000683,0.728239
Predictive Coding,Conv3,V1,sub-01,1,40,0.055128,0.0
Predictive Coding,Conv3,V1,sub-02,1,40,0.064298,0.0
Predictive Coding,Conv3,V1,sub-03,1,40,0.013569,0.0
Predictive Coding,Conv3,V2,sub-01,1,40,0.030185,0.0
Predictive Coding,Conv3,V2,sub-02,1,40,0.035698,0.0
Predictive Coding,Conv3,V2,sub-03,1,40,0.00274,0.163298
Predictive Coding,Conv3,V3,sub-01,1,40,0.021847,0.0
Predictive Coding,Conv3,V3,sub-02,1,40,0.03043,0.0
Predictive Coding,Conv3,V3,sub-03,1,40,0.004248,0.030671
Predictive Coding,Conv3,V4,sub-01,1,40,0.013832,0.0
Predictive Coding,Conv3,V4,sub-02,1,40,0.015455,0.0
Predictive Coding,Conv3,V4,sub-03,1,40,0.005105,0.009399
Predictive Coding,Conv3,LOC,sub-01,1,40,0.008985,5e-06
Predictive Coding,Conv3,LOC,sub-02,1,40,0.003264,0.096782
Predictive Coding,Conv3,LOC,sub-03,1,40,0.000752,0.702028
Predictive Coding,Conv3,IT,sub-01,1,40,0.008924,6e-06
Predictive Coding,Conv3,IT,sub-02,1,40,0.007898,5.9e-05
Predictive Coding,Conv3,IT,sub-03,1,40,0.002662,0.175584
Predictive Coding,FC1,V1,sub-01,1,40,0.08414,0.0
Predictive Coding,FC1,V1,sub-02,1,40,0.101669,0.0
Predictive Coding,FC1,V1,sub-03,1,40,0.020319,0.0
Predictive Coding,FC1,V2,sub-01,1,40,0.058826,0.0
Predictive Coding,FC1,V2,sub-02,1,40,0.06834,0.0
Predictive Coding,FC1,V2,sub-03,1,40,0.008197,3e-05
Predictive Coding,FC1,V3,sub-01,1,40,0.040791,0.0
Predictive Coding,FC1,V3,sub-02,1,40,0.058761,0.0
Predictive Coding,FC1,V3,sub-03,1,40,0.007549,0.000123
Predictive Coding,FC1,V4,sub-01,1,40,0.022098,0.0
Predictive Coding,FC1,V4,sub-02,1,40,0.034287,0.0
Predictive Coding,FC1,V4,sub-03,1,40,0.006015,0.002211
Predictive Coding,FC1,LOC,sub-01,1,40,0.008597,1.2e-05
Predictive Coding,FC1,LOC,sub-02,1,40,-0.001418,0.470796
Predictive Coding,FC1,LOC,sub-03,1,40,0.002175,0.268533
Predictive Coding,FC1,IT,sub-01,1,40,0.010603,0.0
Predictive Coding,FC1,IT,sub-02,1,40,0.009192,3e-06
Predictive Coding,FC1,IT,sub-03,1,40,0.003045,0.121385
STDP,Conv1,V1,sub-01,1,0,0.042613,0.0
STDP,Conv1,V1,sub-02,1,0,0.067617,0.0
STDP,Conv1,V1,sub-03,1,0,0.012085,0.0
STDP,Conv1,V2,sub-01,1,0,0.022585,0.0
STDP,Conv1,V2,sub-02,1,0,0.035974,0.0
STDP,Conv1,V2,sub-03,1,0,-0.000258,0.895383
STDP,Conv1,V3,sub-01,1,0,0.018493,0.0
STDP,Conv1,V3,sub-02,1,0,0.023887,0.0
STDP,Conv1,V3,sub-03,1,0,0.002694,0.17055
STDP,Conv1,V4,sub-01,1,0,0.009815,1e-06
STDP,Conv1,V4,sub-02,1,0,0.012658,0.0
STDP,Conv1,V4,sub-03,1,0,0.004178,0.033555
STDP,Conv1,LOC,sub-01,1,0,0.007813,7e-05
STDP,Conv1,LOC,sub-02,1,0,0.002525,0.198887
STDP,Conv1,LOC,sub-03,1,0,-0.001308,0.505777
STDP,Conv1,IT,sub-01,1,0,0.008138,3.5e-05
STDP,Conv1,IT,sub-02,1,0,0.006392,0.001146
STDP,Conv1,IT,sub-03,1,0,0.001304,0.506969
STDP,Conv2,V1,sub-01,1,0,0.051834,0.0
STDP,Conv2,V1,sub-02,1,0,0.073396,0.0
STDP,Conv2,V1,sub-03,1,0,0.014163,0.0
STDP,Conv2,V2,sub-01,1,0,0.030167,0.0
STDP,Conv2,V2,sub-02,1,0,0.036508,0.0
STDP,Conv2,V2,sub-03,1,0,-0.00016,0.934932
STDP,Conv2,V3,sub-01,1,0,0.02353,0.0
STDP,Conv2,V3,sub-02,1,0,0.025521,0.0
STDP,Conv2,V3,sub-03,1,0,0.003411,0.082686
STDP,Conv2,V4,sub-01,1,0,0.012257,0.0
STDP,Conv2,V4,sub-02,1,0,0.014012,0.0
STDP,Conv2,V4,sub-03,1,0,0.004949,0.011802
STDP,Conv2,LOC,sub-01,1,0,0.00826,2.6e-05
STDP,Conv2,LOC,sub-02,1,0,-0.001436,0.465147
STDP,Conv2,LOC,sub-03,1,0,-0.000871,0.657548
STDP,Conv2,IT,sub-01,1,0,0.009605,1e-06
STDP,Conv2,IT,sub-02,1,0,0.006149,0.001759
STDP,Conv2,IT,sub-03,1,0,0.00107,0.586108
STDP,Conv3,V1,sub-01,1,0,0.035732,0.0
STDP,Conv3,V1,sub-02,1,0,0.043742,0.0
STDP,Conv3,V1,sub-03,1,0,0.010132,0.0
STDP,Conv3,V2,sub-01,1,0,0.01968,0.0
STDP,Conv3,V2,sub-02,1,0,0.018072,0.0
STDP,Conv3,V2,sub-03,1,0,-0.000123,0.950235
STDP,Conv3,V3,sub-01,1,0,0.015114,0.0
STDP,Conv3,V3,sub-02,1,0,0.012516,0.0
STDP,Conv3,V3,sub-03,1,0,0.002296,0.242814
STDP,Conv3,V4,sub-01,1,0,0.00965,1e-06
STDP,Conv3,V4,sub-02,1,0,0.011189,0.0
STDP,Conv3,V4,sub-03,1,0,0.00527,0.007335
STDP,Conv3,LOC,sub-01,1,0,0.010533,0.0
STDP,Conv3,LOC,sub-02,1,0,0.001525,0.437731
STDP,Conv3,LOC,sub-03,1,0,-0.000455,0.816928
STDP,Conv3,IT,sub-01,1,0,0.012577,0.0
STDP,Conv3,IT,sub-02,1,0,0.00753,0.000128
STDP,Conv3,IT,sub-03,1,0,0.000793,0.686499
STDP,FC1,V1,sub-01,1,0,0.120334,0.0
STDP,FC1,V1,sub-02,1,0,0.147292,0.0
STDP,FC1,V1,sub-03,1,0,0.024951,0.0
STDP,FC1,V2,sub-01,1,0,0.075676,0.0
STDP,FC1,V2,sub-02,1,0,0.104052,0.0
STDP,FC1,V2,sub-03,1,0,0.011437,0.0
STDP,FC1,V3,sub-01,1,0,0.05105,0.0
STDP,FC1,V3,sub-02,1,0,0.088257,0.0
STDP,FC1,V3,sub-03,1,0,0.012066,0.0
STDP,FC1,V4,sub-01,1,0,0.034474,0.0
STDP,FC1,V4,sub-02,1,0,0.033716,0.0
STDP,FC1,V4,sub-03,1,0,0.005153,0.00875
STDP,FC1,LOC,sub-01,1,0,0.005837,0.002979
STDP,FC1,LOC,sub-02,1,0,-0.020321,0.0
STDP,FC1,LOC,sub-03,1,0,0.000795,0.685895
STDP,FC1,IT,sub-01,1,0,0.00763,0.000104
STDP,FC1,IT,sub-02,1,0,0.00316,0.107863
STDP,FC1,IT,sub-03,1,0,0.003726,0.057976
STDP,Conv1,V1,sub-01,1,1,0.043401,0.0
STDP,Conv1,V1,sub-02,1,1,0.068358,0.0
STDP,Conv1,V1,sub-03,1,1,0.012139,0.0
STDP,Conv1,V2,sub-01,1,1,0.022878,0.0
STDP,Conv1,V2,sub-02,1,1,0.03639,0.0
STDP,Conv1,V2,sub-03,1,1,-0.000154,0.937685
STDP,Conv1,V3,sub-01,1,1,0.018672,0.0
STDP,Conv1,V3,sub-02,1,1,0.024083,0.0
STDP,Conv1,V3,sub-03,1,1,0.002781,0.157065
STDP,Conv1,V4,sub-01,1,1,0.009912,0.0
STDP,Conv1,V4,sub-02,1,1,0.012978,0.0
STDP,Conv1,V4,sub-03,1,1,0.004158,0.034395
STDP,Conv1,LOC,sub-01,1,1,0.007746,8.1e-05
STDP,Conv1,LOC,sub-02,1,1,0.002197,0.263745
STDP,Conv1,LOC,sub-03,1,1,-0.001136,0.563164
STDP,Conv1,IT,sub-01,1,1,0.008142,3.4e-05
STDP,Conv1,IT,sub-02,1,1,0.006286,0.001383
STDP,Conv1,IT,sub-03,1,1,0.001395,0.477824
STDP,Conv2,V1,sub-01,1,1,0.052041,0.0
STDP,Conv2,V1,sub-02,1,1,0.074192,0.0
STDP,Conv2,V1,sub-03,1,1,0.014252,0.0
STDP,Conv2,V2,sub-01,1,1,0.029888,0.0
STDP,Conv2,V2,sub-02,1,1,0.036143,0.0
STDP,Conv2,V2,sub-03,1,1,-0.000196,0.920513
STDP,Conv2,V3,sub-01,1,1,0.02317,0.0
STDP,Conv2,V3,sub-02,1,1,0.025355,0.0
STDP,Conv2,V3,sub-03,1,1,0.003253,0.097925
STDP,Conv2,V4,sub-01,1,1,0.012048,0.0
STDP,Conv2,V4,sub-02,1,1,0.01453,0.0
STDP,Conv2,V4,sub-03,1,1,0.004854,0.013524
STDP,Conv2,LOC,sub-01,1,1,0.008082,3.9e-05
STDP,Conv2,LOC,sub-02,1,1,-0.001014,0.606097
STDP,Conv2,LOC,sub-03,1,1,-0.000809,0.680771
STDP,Conv2,IT,sub-01,1,1,0.009385,2e-06
STDP,Conv2,IT,sub-02,1,1,0.006227,0.001535
STDP,Conv2,IT,sub-03,1,1,0.001052,0.592503
STDP,Conv3,V1,sub-01,1,1,0.036127,0.0
STDP,Conv3,V1,sub-02,1,1,0.043806,0.0
STDP,Conv3,V1,sub-03,1,1,0.010313,0.0
STDP,Conv3,V2,sub-01,1,1,0.019716,0.0
STDP,Conv3,V2,sub-02,1,1,0.017901,0.0
STDP,Conv3,V2,sub-03,1,1,5e-06,0.998156
STDP,Conv3,V3,sub-01,1,1,0.014973,0.0
STDP,Conv3,V3,sub-02,1,1,0.012459,0.0
STDP,Conv3,V3,sub-03,1,1,0.002239,0.254651
STDP,Conv3,V4,sub-01,1,1,0.009547,1e-06
STDP,Conv3,V4,sub-02,1,1,0.011349,0.0
STDP,Conv3,V4,sub-03,1,1,0.005192,0.008251
STDP,Conv3,LOC,sub-01,1,1,0.010456,0.0
STDP,Conv3,LOC,sub-02,1,1,0.001956,0.319633
STDP,Conv3,LOC,sub-03,1,1,-0.000522,0.790493
STDP,Conv3,IT,sub-01,1,1,0.012374,0.0
STDP,Conv3,IT,sub-02,1,1,0.007603,0.00011
STDP,Conv3,IT,sub-03,1,1,0.000676,0.730975
STDP,FC1,V1,sub-01,1,1,0.086641,0.0
STDP,FC1,V1,sub-02,1,1,0.101105,0.0
STDP,FC1,V1,sub-03,1,1,0.018647,0.0
STDP,FC1,V2,sub-01,1,1,0.061488,0.0
STDP,FC1,V2,sub-02,1,1,0.068341,0.0
STDP,FC1,V2,sub-03,1,1,0.006115,0.001863
STDP,FC1,V3,sub-01,1,1,0.03632,0.0
STDP,FC1,V3,sub-02,1,1,0.049915,0.0
STDP,FC1,V3,sub-03,1,1,0.00664,0.00073
STDP,FC1,V4,sub-01,1,1,0.026469,0.0
STDP,FC1,V4,sub-02,1,1,0.021716,0.0
STDP,FC1,V4,sub-03,1,1,0.003309,0.092261
STDP,FC1,LOC,sub-01,1,1,0.006331,0.001278
STDP,FC1,LOC,sub-02,1,1,-0.020389,0.0
STDP,FC1,LOC,sub-03,1,1,-0.002679,0.172885
STDP,FC1,IT,sub-01,1,1,0.008478,1.6e-05
STDP,FC1,IT,sub-02,1,1,-0.001457,0.458681
STDP,FC1,IT,sub-03,1,1,0.001082,0.582161
STDP,Conv1,V1,sub-01,1,2,0.044018,0.0
STDP,Conv1,V1,sub-02,1,2,0.068704,0.0
STDP,Conv1,V1,sub-03,1,2,0.012176,0.0
STDP,Conv1,V2,sub-01,1,2,0.023128,0.0
STDP,Conv1,V2,sub-02,1,2,0.036852,0.0
STDP,Conv1,V2,sub-03,1,2,2.7e-05,0.988989
STDP,Conv1,V3,sub-01,1,2,0.018977,0.0
STDP,Conv1,V3,sub-02,1,2,0.024602,0.0
STDP,Conv1,V3,sub-03,1,2,0.002917,0.137823
STDP,Conv1,V4,sub-01,1,2,0.010015,0.0
STDP,Conv1,V4,sub-02,1,2,0.013414,0.0
STDP,Conv1,V4,sub-03,1,2,0.004135,0.035399
STDP,Conv1,LOC,sub-01,1,2,0.00766,9.7e-05
STDP,Conv1,LOC,sub-02,1,2,0.001977,0.314439
STDP,Conv1,LOC,sub-03,1,2,-0.000981,0.617815
STDP,Conv1,IT,sub-01,1,2,0.008107,3.7e-05
STDP,Conv1,IT,sub-02,1,2,0.006315,0.001315
STDP,Conv1,IT,sub-03,1,2,0.001525,0.437952
STDP,Conv2,V1,sub-01,1,2,0.053666,0.0
STDP,Conv2,V1,sub-02,1,2,0.077041,0.0
STDP,Conv2,V1,sub-03,1,2,0.0148,0.0
STDP,Conv2,V2,sub-01,1,2,0.030743,0.0
STDP,Conv2,V2,sub-02,1,2,0.037994,0.0
STDP,Conv2,V2,sub-03,1,2,2.4e-05,0.990168
STDP,Conv2,V3,sub-01,1,2,0.023714,0.0
STDP,Conv2,V3,sub-02,1,2,0.027013,0.0
STDP,Conv2,V3,sub-03,1,2,0.003366,0.086815
STDP,Conv2,V4,sub-01,1,2,0.012336,0.0
STDP,Conv2,V4,sub-02,1,2,0.015341,0.0
STDP,Conv2,V4,sub-03,1,2,0.00479,0.01481
STDP,Conv2,LOC,sub-01,1,2,0.008084,3.9e-05
STDP,Conv2,LOC,sub-02,1,2,-0.000708,0.71856
STDP,Conv2,LOC,sub-03,1,2,-0.000671,0.732631
STDP,Conv2,IT,sub-01,1,2,0.009274,2e-06
STDP,Conv2,IT,sub-02,1,2,0.006561,0.000844
STDP,Conv2,IT,sub-03,1,2,0.001142,0.561095
STDP,Conv3,V1,sub-01,1,2,0.03707,0.0
STDP,Conv3,V1,sub-02,1,2,0.044868,0.0
STDP,Conv3,V1,sub-03,1,2,0.010748,0.0
STDP,Conv3,V2,sub-01,1,2,0.020247,0.0
STDP,Conv3,V2,sub-02,1,2,0.018614,0.0
STDP,Conv3,V2,sub-03,1,2,0.000295,0.880835
STDP,Conv3,V3,sub-01,1,2,0.015123,0.0
STDP,Conv3,V3,sub-02,1,2,0.012983,0.0
STDP,Conv3,V3,sub-03,1,2,0.002399,0.222202
STDP,Conv3,V4,sub-01,1,2,0.009593,1e-06
STDP,Conv3,V4,sub-02,1,2,0.011697,0.0
STDP,Conv3,V4,sub-03,1,2,0.00521,0.008033
STDP,Conv3,LOC,sub-01,1,2,0.010507,0.0
STDP,Conv3,LOC,sub-02,1,2,0.002323,0.237298
STDP,Conv3,LOC,sub-03,1,2,-0.00049,0.80307
STDP,Conv3,IT,sub-01,1,2,0.012244,0.0
STDP,Conv3,IT,sub-02,1,2,0.007691,9.1e-05
STDP,Conv3,IT,sub-03,1,2,0.000677,0.7304
STDP,FC1,V1,sub-01,1,2,0.087993,0.0
STDP,FC1,V1,sub-02,1,2,0.103002,0.0
STDP,FC1,V1,sub-03,1,2,0.020249,0.0
STDP,FC1,V2,sub-01,1,2,0.060071,0.0
STDP,FC1,V2,sub-02,1,2,0.065259,0.0
STDP,FC1,V2,sub-03,1,2,0.007032,0.000347
STDP,FC1,V3,sub-01,1,2,0.035906,0.0
STDP,FC1,V3,sub-02,1,2,0.050898,0.0
STDP,FC1,V3,sub-03,1,2,0.006724,0.000624
STDP,FC1,V4,sub-01,1,2,0.026286,0.0
STDP,FC1,V4,sub-02,1,2,0.023351,0.0
STDP,FC1,V4,sub-03,1,2,0.005291,0.007108
STDP,FC1,LOC,sub-01,1,2,0.006796,0.000545
STDP,FC1,LOC,sub-02,1,2,-0.015572,0.0
STDP,FC1,LOC,sub-03,1,2,-0.001808,0.357668
STDP,FC1,IT,sub-01,1,2,0.008001,4.7e-05
STDP,FC1,IT,sub-02,1,2,0.001637,0.404888
STDP,FC1,IT,sub-03,1,2,0.001591,0.418128
STDP,Conv1,V1,sub-01,1,5,0.047843,0.0
STDP,Conv1,V1,sub-02,1,5,0.074286,0.0
STDP,Conv1,V1,sub-03,1,5,0.01305,0.0
STDP,Conv1,V2,sub-01,1,5,0.025844,0.0
STDP,Conv1,V2,sub-02,1,5,0.041613,0.0
STDP,Conv1,V2,sub-03,1,5,0.000722,0.713261
STDP,Conv1,V3,sub-01,1,5,0.021192,0.0
STDP,Conv1,V3,sub-02,1,5,0.028655,0.0
STDP,Conv1,V3,sub-03,1,5,0.003522,0.073176
STDP,Conv1,V4,sub-01,1,5,0.011169,0.0
STDP,Conv1,V4,sub-02,1,5,0.015411,0.0
STDP,Conv1,V4,sub-03,1,5,0.004031,0.040273
STDP,Conv1,LOC,sub-01,1,5,0.007539,0.000125
STDP,Conv1,LOC,sub-02,1,5,0.001046,0.594615
STDP,Conv1,LOC,sub-03,1,5,-0.000654,0.739457
STDP,Conv1,IT,sub-01,1,5,0.008077,4e-05
STDP,Conv1,IT,sub-02,1,5,0.006585,0.000807
STDP,Conv1,IT,sub-03,1,5,0.001857,0.344878
STDP,Conv2,V1,sub-01,1,5,0.058065,0.0
STDP,Conv2,V1,sub-02,1,5,0.084089,0.0
STDP,Conv2,V1,sub-03,1,5,0.016219,0.0
STDP,Conv2,V2,sub-01,1,5,0.033546,0.0
STDP,Conv2,V2,sub-02,1,5,0.043396,0.0
STDP,Conv2,V2,sub-03,1,5,0.000774,0.693731
STDP,Conv2,V3,sub-01,1,5,0.025708,0.0
STDP,Conv2,V3,sub-02,1,5,0.032197,0.0
STDP,Conv2,V3,sub-03,1,5,0.003961,0.043858
STDP,Conv2,V4,sub-01,1,5,0.013321,0.0
STDP,Conv2,V4,sub-02,1,5,0.017342,0.0
STDP,Conv2,V4,sub-03,1,5,0.004577,0.019885
STDP,Conv2,LOC,sub-01,1,5,0.008105,3.7e-05
STDP,Conv2,LOC,sub-02,1,5,-0.000577,0.768911
STDP,Conv2,LOC,sub-03,1,5,-0.000216,0.912368
STDP,Conv2,IT,sub-01,1,5,0.009161,3e-06
STDP,Conv2,IT,sub-02,1,5,0.007289,0.000208
STDP,Conv2,IT,sub-03,1,5,0.001539,0.433504
STDP,Conv3,V1,sub-01,1,5,0.039712,0.0
STDP,Conv3,V1,sub-02,1,5,0.048168,0.0
STDP,Conv3,V1,sub-03,1,5,0.011785,0.0
STDP,Conv3,V2,sub-01,1,5,0.021825,0.0
STDP,Conv3,V2,sub-02,1,5,0.020971,0.0
STDP,Conv3,V2,sub-03,1,5,0.000993,0.61332
STDP,Conv3,V3,sub-01,1,5,0.015991,0.0
STDP,Conv3,V3,sub-02,1,5,0.01501,0.0
STDP,Conv3,V3,sub-03,1,5,0.002992,0.12795
STDP,Conv3,V4,sub-01,1,5,0.010103,0.0
STDP,Conv3,V4,sub-02,1,5,0.012757,0.0
STDP,Conv3,V4,sub-03,1,5,0.005177,0.008439
STDP,Conv3,LOC,sub-01,1,5,0.010816,0.0
STDP,Conv3,LOC,sub-02,1,5,0.002761,0.160165
STDP,Conv3,LOC,sub-03,1,5,-0.000259,0.895353
STDP,Conv3,IT,sub-01,1,5,0.012307,0.0
STDP,Conv3,IT,sub-02,1,5,0.008015,4.5e-05
STDP,Conv3,IT,sub-03,1,5,0.000797,0.685182
STDP,FC1,V1,sub-01,1,5,0.093009,0.0
STDP,FC1,V1,sub-02,1,5,0.116166,0.0
STDP,FC1,V1,sub-03,1,5,0.022841,0.0
STDP,FC1,V2,sub-01,1,5,0.0629,0.0
STDP,FC1,V2,sub-02,1,5,0.074618,0.0
STDP,FC1,V2,sub-03,1,5,0.008747,9e-06
STDP,FC1,V3,sub-01,1,5,0.040351,0.0
STDP,FC1,V3,sub-02,1,5,0.059172,0.0
STDP,FC1,V3,sub-03,1,5,0.008188,3.1e-05
STDP,FC1,V4,sub-01,1,5,0.026177,0.0
STDP,FC1,V4,sub-02,1,5,0.027627,0.0
STDP,FC1,V4,sub-03,1,5,0.008026,4.4e-05
STDP,FC1,LOC,sub-01,1,5,0.006906,0.000442
STDP,FC1,LOC,sub-02,1,5,-0.013491,0.0
STDP,FC1,LOC,sub-03,1,5,-0.001412,0.47241
STDP,FC1,IT,sub-01,1,5,0.007778,7.6e-05
STDP,FC1,IT,sub-02,1,5,0.003183,0.105374
STDP,FC1,IT,sub-03,1,5,0.001933,0.325424
STDP,Conv1,V1,sub-01,1,10,0.050148,0.0
STDP,Conv1,V1,sub-02,1,10,0.078209,0.0
STDP,Conv1,V1,sub-03,1,10,0.013517,0.0
STDP,Conv1,V2,sub-01,1,10,0.027884,0.0
STDP,Conv1,V2,sub-02,1,10,0.045772,0.0
STDP,Conv1,V2,sub-03,1,10,0.001345,0.493906
STDP,Conv1,V3,sub-01,1,10,0.023081,0.0
STDP,Conv1,V3,sub-02,1,10,0.032955,0.0
STDP,Conv1,V3,sub-03,1,10,0.004004,0.041627
STDP,Conv1,V4,sub-01,1,10,0.012023,0.0
STDP,Conv1,V4,sub-02,1,10,0.017232,0.0
STDP,Conv1,V4,sub-03,1,10,0.003916,0.046341
STDP,Conv1,LOC,sub-01,1,10,0.007358,0.000182
STDP,Conv1,LOC,sub-02,1,10,0.000617,0.753606
STDP,Conv1,LOC,sub-03,1,10,-0.000365,0.852753
STDP,Conv1,IT,sub-01,1,10,0.007974,5e-05
STDP,Conv1,IT,sub-02,1,10,0.007147,0.000277
STDP,Conv1,IT,sub-03,1,10,0.002156,0.272642
STDP,Conv2,V1,sub-01,1,10,0.060982,0.0
STDP,Conv2,V1,sub-02,1,10,0.088723,0.0
STDP,Conv2,V1,sub-03,1,10,0.017389,0.0
STDP,Conv2,V2,sub-01,1,10,0.035727,0.0
STDP,Conv2,V2,sub-02,1,10,0.047204,0.0
STDP,Conv2,V2,sub-03,1,10,0.001319,0.502226
STDP,Conv2,V3,sub-01,1,10,0.027165,0.0
STDP,Conv2,V3,sub-02,1,10,0.035581,0.0
STDP,Conv2,V3,sub-03,1,10,0.004386,0.025658
STDP,Conv2,V4,sub-01,1,10,0.014005,0.0
STDP,Conv2,V4,sub-02,1,10,0.018273,0.0
STDP,Conv2,V4,sub-03,1,10,0.004655,0.017874
STDP,Conv2,LOC,sub-01,1,10,0.007969,5e-05
STDP,Conv2,LOC,sub-02,1,10,-0.000813,0.67923
STDP,Conv2,LOC,sub-03,1,10,-7e-06,0.997169
STDP,Conv2,IT,sub-01,1,10,0.008989,5e-06
STDP,Conv2,IT,sub-02,1,10,0.007339,0.000189
STDP,Conv2,IT,sub-03,1,10,0.00182,0.354443
STDP,Conv3,V1,sub-01,1,10,0.042761,0.0
STDP,Conv3,V1,sub-02,1,10,0.051964,0.0
STDP,Conv3,V1,sub-03,1,10,0.012738,0.0
STDP,Conv3,V2,sub-01,1,10,0.023828,0.0
STDP,Conv3,V2,sub-02,1,10,0.023823,0.0
STDP,Conv3,V2,sub-03,1,10,0.001447,0.461726
STDP,Conv3,V3,sub-01,1,10,0.017182,0.0
STDP,Conv3,V3,sub-02,1,10,0.017357,0.0
STDP,Conv3,V3,sub-03,1,10,0.003456,0.078698
STDP,Conv3,V4,sub-01,1,10,0.010794,0.0
STDP,Conv3,V4,sub-02,1,10,0.013591,0.0
STDP,Conv3,V4,sub-03,1,10,0.005112,0.009302
STDP,Conv3,LOC,sub-01,1,10,0.010684,0.0
STDP,Conv3,LOC,sub-02,1,10,0.002589,0.187708
STDP,Conv3,LOC,sub-03,1,10,-7.7e-05,0.968685
STDP,Conv3,IT,sub-01,1,10,0.012053,0.0
STDP,Conv3,IT,sub-02,1,10,0.007947,5.3e-05
STDP,Conv3,IT,sub-03,1,10,0.000909,0.643581
STDP,FC1,V1,sub-01,1,10,0.080424,0.0
STDP,FC1,V1,sub-02,1,10,0.090768,0.0
STDP,FC1,V1,sub-03,1,10,0.021879,0.0
STDP,FC1,V2,sub-01,1,10,0.05693,0.0
STDP,FC1,V2,sub-02,1,10,0.057735,0.0
STDP,FC1,V2,sub-03,1,10,0.00886,7e-06
STDP,FC1,V3,sub-01,1,10,0.037665,0.0
STDP,FC1,V3,sub-02,1,10,0.045928,0.0
STDP,FC1,V3,sub-03,1,10,0.007635,0.000103
STDP,FC1,V4,sub-01,1,10,0.022956,0.0
STDP,FC1,V4,sub-02,1,10,0.025171,0.0
STDP,FC1,V4,sub-03,1,10,0.010193,0.0
STDP,FC1,LOC,sub-01,1,10,0.007916,5.6e-05
STDP,FC1,LOC,sub-02,1,10,-0.008917,6e-06
STDP,FC1,LOC,sub-03,1,10,0.00018,0.926925
STDP,FC1,IT,sub-01,1,10,0.009724,1e-06
STDP,FC1,IT,sub-02,1,10,0.004148,0.034849
STDP,FC1,IT,sub-03,1,10,0.003454,0.078844
STDP,Conv1,V1,sub-01,1,20,0.052625,0.0
STDP,Conv1,V1,sub-02,1,20,0.083801,0.0
STDP,Conv1,V1,sub-03,1,20,0.013835,0.0
STDP,Conv1,V2,sub-01,1,20,0.030438,0.0
STDP,Conv1,V2,sub-02,1,20,0.051995,0.0
STDP,Conv1,V2,sub-03,1,20,0.002068,0.29266
STDP,Conv1,V3,sub-01,1,20,0.025571,0.0
STDP,Conv1,V3,sub-02,1,20,0.03988,0.0
STDP,Conv1,V3,sub-03,1,20,0.004466,0.023083
STDP,Conv1,V4,sub-01,1,20,0.013045,0.0
STDP,Conv1,V4,sub-02,1,20,0.019664,0.0
STDP,Conv1,V4,sub-03,1,20,0.003824,0.051731
STDP,Conv1,LOC,sub-01,1,20,0.007052,0.000333
STDP,Conv1,LOC,sub-02,1,20,0.000227,0.90798
STDP,Conv1,LOC,sub-03,1,20,-0.000197,0.920342
STDP,Conv1,IT,sub-01,1,20,0.00776,7.9e-05
STDP,Conv1,IT,sub-02,1,20,0.008115,3.6e-05
STDP,Conv1,IT,sub-03,1,20,0.002561,0.192679
STDP,Conv2,V1,sub-01,1,20,0.065581,0.0
STDP,Conv2,V1,sub-02,1,20,0.096464,0.0
STDP,Conv2,V1,sub-03,1,20,0.018583,0.0
STDP,Conv2,V2,sub-01,1,20,0.039656,0.0
STDP,Conv2,V2,sub-02,1,20,0.054675,0.0
STDP,Conv2,V2,sub-03,1,20,0.002076,0.290795
STDP,Conv2,V3,sub-01,1,20,0.030019,0.0
STDP,Conv2,V3,sub-02,1,20,0.042433,0.0
STDP,Conv2,V3,sub-03,1,20,0.004996,0.011027
STDP,Conv2,V4,sub-01,1,20,0.015573,0.0
STDP,Conv2,V4,sub-02,1,20,0.019922,0.0
STDP,Conv2,V4,sub-03,1,20,0.004753,0.015609
STDP,Conv2,LOC,sub-01,1,20,0.007783,7.5e-05
STDP,Conv2,LOC,sub-02,1,20,-0.001705,0.38558
STDP,Conv2,LOC,sub-03,1,20,0.00014,0.943279
STDP,Conv2,IT,sub-01,1,20,0.008886,6e-06
STDP,Conv2,IT,sub-02,1,20,0.007546,0.000123
STDP,Conv2,IT,sub-03,1,20,0.002194,0.264425
STDP,Conv3,V1,sub-01,1,20,0.047038,0.0
STDP,Conv3,V1,sub-02,1,20,0.057931,0.0
STDP,Conv3,V1,sub-03,1,20,0.013654,0.0
STDP,Conv3,V2,sub-01,1,20,0.026661,0.0
STDP,Conv3,V2,sub-02,1,20,0.028824,0.0
STDP,Conv3,V2,sub-03,1,20,0.00198,0.313818
STDP,Conv3,V3,sub-01,1,20,0.018994,0.0
STDP,Conv3,V3,sub-02,1,20,0.021754,0.0
STDP,Conv3,V3,sub-03,1,20,0.003999,0.041898
STDP,Conv3,V4,sub-01,1,20,0.012031,0.0
STDP,Conv3,V4,sub-02,1,20,0.015344,0.0
STDP,Conv3,V4,sub-03,1,20,0.005138,0.008949
STDP,Conv3,LOC,sub-01,1,20,0.010414,0.0
STDP,Conv3,LOC,sub-02,1,20,0.002255,0.251177
STDP,Conv3,LOC,sub-03,1,20,0.00021,0.914837
STDP,Conv3,IT,sub-01,1,20,0.011835,0.0
STDP,Conv3,IT,sub-02,1,20,0.008198,3e-05
STDP,Conv3,IT,sub-03,1,20,0.001098,0.576479
STDP,FC1,V1,sub-01,1,20,0.068549,0.0
STDP,FC1,V1,sub-02,1,20,0.075881,0.0
STDP,FC1,V1,sub-03,1,20,0.019425,0.0
STDP,FC1,V2,sub-01,1,20,0.051767,0.0
STDP,FC1,V2,sub-02,1,20,0.050381,0.0
STDP,FC1,V2,sub-03,1,20,0.008286,2.5e-05
STDP,FC1,V3,sub-01,1,20,0.034305,0.0
STDP,FC1,V3,sub-02,1,20,0.043047,0.0
STDP,FC1,V3,sub-03,1,20,0.007215,0.000242
STDP,FC1,V4,sub-01,1,20,0.020884,0.0
STDP,FC1,V4,sub-02,1,20,0.026054,0.0
STDP,FC1,V4,sub-03,1,20,0.010042,0.0
STDP,FC1,LOC,sub-01,1,20,0.008953,5e-06
STDP,FC1,LOC,sub-02,1,20,0.000321,0.870118
STDP,FC1,LOC,sub-03,1,20,0.000297,0.87998
STDP,FC1,IT,sub-01,1,20,0.010317,0.0
STDP,FC1,IT,sub-02,1,20,0.01007,0.0
STDP,FC1,IT,sub-03,1,20,0.002848,0.147301
STDP,Conv1,V1,sub-01,1,30,0.052346,0.0
STDP,Conv1,V1,sub-02,1,30,0.084335,0.0
STDP,Conv1,V1,sub-03,1,30,0.013545,0.0
STDP,Conv1,V2,sub-01,1,30,0.030612,0.0
STDP,Conv1,V2,sub-02,1,30,0.053386,0.0
STDP,Conv1,V2,sub-03,1,30,0.002297,0.242574
STDP,Conv1,V3,sub-01,1,30,0.026126,0.0
STDP,Conv1,V3,sub-02,1,30,0.042238,0.0
STDP,Conv1,V3,sub-03,1,30,0.004518,0.021532
STDP,Conv1,V4,sub-01,1,30,0.013056,0.0
STDP,Conv1,V4,sub-02,1,30,0.020528,0.0
STDP,Conv1,V4,sub-03,1,30,0.003755,0.056065
STDP,Conv1,LOC,sub-01,1,30,0.006721,0.000628
STDP,Conv1,LOC,sub-02,1,30,0.000418,0.831463
STDP,Conv1,LOC,sub-03,1,30,-0.000193,0.921859
STDP,Conv1,IT,sub-01,1,30,0.007507,0.000134
STDP,Conv1,IT,sub-02,1,30,0.008579,1.3e-05
STDP,Conv1,IT,sub-03,1,30,0.002682,0.172459
STDP,Conv2,V1,sub-01,1,30,0.067632,0.0
STDP,Conv2,V1,sub-02,1,30,0.100123,0.0
STDP,Conv2,V1,sub-03,1,30,0.019028,0.0
STDP,Conv2,V2,sub-01,1,30,0.041428,0.0
STDP,Conv2,V2,sub-02,1,30,0.05809,0.0
STDP,Conv2,V2,sub-03,1,30,0.00236,0.229917
STDP,Conv2,V3,sub-01,1,30,0.031244,0.0
STDP,Conv2,V3,sub-02,1,30,0.04563,0.0
STDP,Conv2,V3,sub-03,1,30,0.005279,0.007234
STDP,Conv2,V4,sub-01,1,30,0.016248,0.0
STDP,Conv2,V4,sub-02,1,30,0.020807,0.0
STDP,Conv2,V4,sub-03,1,30,0.004892,0.012823
STDP,Conv2,LOC,sub-01,1,30,0.007625,0.000105
STDP,Conv2,LOC,sub-02,1,30,-0.002307,0.240442
STDP,Conv2,LOC,sub-03,1,30,5e-05,0.979777
STDP,Conv2,IT,sub-01,1,30,0.008749,9e-06
STDP,Conv2,IT,sub-02,1,30,0.007483,0.000141
STDP,Conv2,IT,sub-03,1,30,0.002355,0.230783
STDP,Conv3,V1,sub-01,1,30,0.048809,0.0
STDP,Conv3,V1,sub-02,1,30,0.060323,0.0
STDP,Conv3,V1,sub-03,1,30,0.014057,0.0
STDP,Conv3,V2,sub-01,1,30,0.027939,0.0
STDP,Conv3,V2,sub-02,1,30,0.030785,0.0
STDP,Conv3,V2,sub-03,1,30,0.002176,0.268348
STDP,Conv3,V3,sub-01,1,30,0.019825,0.0
STDP,Conv3,V3,sub-02,1,30,0.023616,0.0
STDP,Conv3,V3,sub-03,1,30,0.004198,0.032693
STDP,Conv3,V4,sub-01,1,30,0.012705,0.0
STDP,Conv3,V4,sub-02,1,30,0.016242,0.0
STDP,Conv3,V4,sub-03,1,30,0.005242,0.007651
STDP,Conv3,LOC,sub-01,1,30,0.010408,0.0
STDP,Conv3,LOC,sub-02,1,30,0.002126,0.279373
STDP,Conv3,LOC,sub-03,1,30,0.000421,0.830284
STDP,Conv3,IT,sub-01,1,30,0.011794,0.0
STDP,Conv3,IT,sub-02,1,30,0.008355,2.1e-05
STDP,Conv3,IT,sub-03,1,30,0.001192,0.54416
STDP,FC1,V1,sub-01,1,30,0.069122,0.0
STDP,FC1,V1,sub-02,1,30,0.085313,0.0
STDP,FC1,V1,sub-03,1,30,0.020223,0.0
STDP,FC1,V2,sub-01,1,30,0.05599,0.0
STDP,FC1,V2,sub-02,1,30,0.061217,0.0
STDP,FC1,V2,sub-03,1,30,0.008462,1.7e-05
STDP,FC1,V3,sub-01,1,30,0.035221,0.0
STDP,FC1,V3,sub-02,1,30,0.048874,0.0
STDP,FC1,V3,sub-03,1,30,0.007279,0.000213
STDP,FC1,V4,sub-01,1,30,0.022309,0.0
STDP,FC1,V4,sub-02,1,30,0.025824,0.0
STDP,FC1,V4,sub-03,1,30,0.009922,0.0
STDP,FC1,LOC,sub-01,1,30,0.009081,4e-06
STDP,FC1,LOC,sub-02,1,30,-0.002074,0.291407
STDP,FC1,LOC,sub-03,1,30,0.000737,0.707566
STDP,FC1,IT,sub-01,1,30,0.00972,1e-06
STDP,FC1,IT,sub-02,1,30,0.009622,1e-06
STDP,FC1,IT,sub-03,1,30,0.00279,0.155706
STDP,Conv1,V1,sub-01,1,40,0.05084,0.0
STDP,Conv1,V1,sub-02,1,40,0.082552,0.0
STDP,Conv1,V1,sub-03,1,40,0.013175,0.0
STDP,Conv1,V2,sub-01,1,40,0.029937,0.0
STDP,Conv1,V2,sub-02,1,40,0.052714,0.0
STDP,Conv1,V2,sub-03,1,40,0.002259,0.250435
STDP,Conv1,V3,sub-01,1,40,0.025725,0.0
STDP,Conv1,V3,sub-02,1,40,0.042464,0.0
STDP,Conv1,V3,sub-03,1,40,0.004438,0.023942
STDP,Conv1,V4,sub-01,1,40,0.012751,0.0
STDP,Conv1,V4,sub-02,1,40,0.020507,0.0
STDP,Conv1,V4,sub-03,1,40,0.003847,0.05032
STDP,Conv1,LOC,sub-01,1,40,0.006591,0.000798
STDP,Conv1,LOC,sub-02,1,40,0.000897,0.648043
STDP,Conv1,LOC,sub-03,1,40,-0.000275,0.888542
STDP,Conv1,IT,sub-01,1,40,0.007426,0.000158
STDP,Conv1,IT,sub-02,1,40,0.008825,7e-06
STDP,Conv1,IT,sub-03,1,40,0.002772,0.158501
STDP,Conv2,V1,sub-01,1,40,0.068538,0.0
STDP,Conv2,V1,sub-02,1,40,0.101329,0.0
STDP,Conv2,V1,sub-03,1,40,0.019234,0.0
STDP,Conv2,V2,sub-01,1,40,0.042432,0.0
STDP,Conv2,V2,sub-02,1,40,0.059356,0.0
STDP,Conv2,V2,sub-03,1,40,0.002535,0.197076
STDP,Conv2,V3,sub-01,1,40,0.031808,0.0
STDP,Conv2,V3,sub-02,1,40,0.046647,0.0
STDP,Conv2,V3,sub-03,1,40,0.005481,0.005293
STDP,Conv2,V4,sub-01,1,40,0.016582,0.0
STDP,Conv2,V4,sub-02,1,40,0.020827,0.0
STDP,Conv2,V4,sub-03,1,40,0.005064,0.009979
STDP,Conv2,LOC,sub-01,1,40,0.007569,0.000118
STDP,Conv2,LOC,sub-02,1,40,-0.002944,0.134242
STDP,Conv2,LOC,sub-03,1,40,-0.000119,0.951683
STDP,Conv2,IT,sub-01,1,40,0.008728,9e-06
STDP,Conv2,IT,sub-02,1,40,0.007113,0.000296
STDP,Conv2,IT,sub-03,1,40,0.002395,0.222949
STDP,Conv3,V1,sub-01,1,40,0.049997,0.0
STDP,Conv3,V1,sub-02,1,40,0.061942,0.0
STDP,Conv3,V1,sub-03,1,40,0.014504,0.0
STDP,Conv3,V2,sub-01,1,40,0.028785,0.0
STDP,Conv3,V2,sub-02,1,40,0.032036,0.0
STDP,Conv3,V2,sub-03,1,40,0.002419,0.218454
STDP,Conv3,V3,sub-01,1,40,0.020388,0.0
STDP,Conv3,V3,sub-02,1,40,0.024897,0.0
STDP,Conv3,V3,sub-03,1,40,0.004394,0.025384
STDP,Conv3,V4,sub-01,1,40,0.013079,0.0
STDP,Conv3,V4,sub-02,1,40,0.016693,0.0
STDP,Conv3,V4,sub-03,1,40,0.005401,0.006
STDP,Conv3,LOC,sub-01,1,40,0.010345,0.0
STDP,Conv3,LOC,sub-02,1,40,0.002055,0.29581
STDP,Conv3,LOC,sub-03,1,40,0.000509,0.795663
STDP,Conv3,IT,sub-01,1,40,0.011712,0.0
STDP,Conv3,IT,sub-02,1,40,0.008425,1.8e-05
STDP,Conv3,IT,sub-03,1,40,0.001338,0.495943
STDP,FC1,V1,sub-01,1,40,0.057661,0.0
STDP,FC1,V1,sub-02,1,40,0.075361,0.0
STDP,FC1,V1,sub-03,1,40,0.018443,0.0
STDP,FC1,V2,sub-01,1,40,0.05016,0.0
STDP,FC1,V2,sub-02,1,40,0.056098,0.0
STDP,FC1,V2,sub-03,1,40,0.00873,9e-06
STDP,FC1,V3,sub-01,1,40,0.033318,0.0
STDP,FC1,V3,sub-02,1,40,0.049054,0.0
STDP,FC1,V3,sub-03,1,40,0.006696,0.000657
STDP,FC1,V4,sub-01,1,40,0.022177,0.0
STDP,FC1,V4,sub-02,1,40,0.027892,0.0
STDP,FC1,V4,sub-03,1,40,0.008686,1e-05
STDP,FC1,LOC,sub-01,1,40,0.009583,1e-06
STDP,FC1,LOC,sub-02,1,40,0.001897,0.334596
STDP,FC1,LOC,sub-03,1,40,0.000212,0.914068
STDP,FC1,IT,sub-01,1,40,0.010657,0.0
STDP,FC1,IT,sub-02,1,40,0.011774,0.0
STDP,FC1,IT,sub-03,1,40,0.002348,0.232336
Random Weights,Conv1,V1,sub-01,2,0,0.056173,0.0
Random Weights,Conv1,V1,sub-02,2,0,0.090989,0.0
Random Weights,Conv1,V1,sub-03,2,0,0.016399,0.0
Random Weights,Conv1,V2,sub-01,2,0,0.035035,0.0
Random Weights,Conv1,V2,sub-02,2,0,0.051807,0.0
Random Weights,Conv1,V2,sub-03,2,0,0.001887,0.337111
Random Weights,Conv1,V3,sub-01,2,0,0.025498,0.0
Random Weights,Conv1,V3,sub-02,2,0,0.031569,0.0
Random Weights,Conv1,V3,sub-03,2,0,0.004202,0.032526
Random Weights,Conv1,V4,sub-01,2,0,0.01347,0.0
Random Weights,Conv1,V4,sub-02,2,0,0.00889,6e-06
Random Weights,Conv1,V4,sub-03,2,0,0.004563,0.020257
Random Weights,Conv1,LOC,sub-01,2,0,0.006189,0.001639
Random Weights,Conv1,LOC,sub-02,2,0,-0.005818,0.003075
Random Weights,Conv1,LOC,sub-03,2,0,-0.001216,0.535982
Random Weights,Conv1,IT,sub-01,2,0,0.00582,0.003064
Random Weights,Conv1,IT,sub-02,2,0,-0.000155,0.937122
Random Weights,Conv1,IT,sub-03,2,0,0.002418,0.218704
Random Weights,Conv2,V1,sub-01,2,0,0.071915,0.0
Random Weights,Conv2,V1,sub-02,2,0,0.113792,0.0
Random Weights,Conv2,V1,sub-03,2,0,0.018458,0.0
Random Weights,Conv2,V2,sub-01,2,0,0.045227,0.0
Random Weights,Conv2,V2,sub-02,2,0,0.070365,0.0
Random Weights,Conv2,V2,sub-03,2,0,0.003253,0.09793
Random Weights,Conv2,V3,sub-01,2,0,0.03406,0.0
Random Weights,Conv2,V3,sub-02,2,0,0.051689,0.0
Random Weights,Conv2,V3,sub-03,2,0,0.005718,0.003622
Random Weights,Conv2,V4,sub-01,2,0,0.017512,0.0
Random Weights,Conv2,V4,sub-02,2,0,0.017243,0.0
Random Weights,Conv2,V4,sub-03,2,0,0.004138,0.035272
Random Weights,Conv2,LOC,sub-01,2,0,0.006517,0.000915
Random Weights,Conv2,LOC,sub-02,2,0,-0.007162,0.000269
Random Weights,Conv2,LOC,sub-03,2,0,-0.001269,0.51856
Random Weights,Conv2,IT,sub-01,2,0,0.006345,0.001246
Random Weights,Conv2,IT,sub-02,2,0,0.0011,0.575557
Random Weights,Conv2,IT,sub-03,2,0,0.003294,0.093786
Random Weights,Conv3,V1,sub-01,2,0,0.069683,0.0
Random Weights,Conv3,V1,sub-02,2,0,0.106757,0.0
Random Weights,Conv3,V1,sub-03,2,0,0.017794,0.0
Random Weights,Conv3,V2,sub-01,2,0,0.043963,0.0
Random Weights,Conv3,V2,sub-02,2,0,0.070509,0.0
Random Weights,Conv3,V2,sub-03,2,0,0.003433,0.080747
Random Weights,Conv3,V3,sub-01,2,0,0.033615,0.0
Random Weights,Conv3,V3,sub-02,2,0,0.054741,0.0
Random Weights,Conv3,V3,sub-03,2,0,0.006085,0.001962
Random Weights,Conv3,V4,sub-01,2,0,0.017142,0.0
Random Weights,Conv3,V4,sub-02,2,0,0.017236,0.0
Random Weights,Conv3,V4,sub-03,2,0,0.005743,0.003479
Random Weights,Conv3,LOC,sub-01,2,0,0.00749,0.000138
Random Weights,Conv3,LOC,sub-02,2,0,-0.006749,0.000595
Random Weights,Conv3,LOC,sub-03,2,0,-0.001779,0.365307
Random Weights,Conv3,IT,sub-01,2,0,0.007597,0.000111
Random Weights,Conv3,IT,sub-02,2,0,0.000868,0.658919
Random Weights,Conv3,IT,sub-03,2,0,0.00428,0.029459
Random Weights,FC1,V1,sub-01,2,0,0.112621,0.0
Random Weights,FC1,V1,sub-02,2,0,0.168809,0.0
Random Weights,FC1,V1,sub-03,2,0,0.028182,0.0
Random Weights,FC1,V2,sub-01,2,0,0.068791,0.0
Random Weights,FC1,V2,sub-02,2,0,0.118819,0.0
Random Weights,FC1,V2,sub-03,2,0,0.007065,0.000325
Random Weights,FC1,V3,sub-01,2,0,0.047225,0.0
Random Weights,FC1,V3,sub-02,2,0,0.099757,0.0
Random Weights,FC1,V3,sub-03,2,0,0.007986,4.8e-05
Random Weights,FC1,V4,sub-01,2,0,0.026734,0.0
Random Weights,FC1,V4,sub-02,2,0,0.043567,0.0
Random Weights,FC1,V4,sub-03,2,0,0.004176,0.033617
Random Weights,FC1,LOC,sub-01,2,0,0.003001,0.126782
Random Weights,FC1,LOC,sub-02,2,0,-0.001199,0.541863
Random Weights,FC1,LOC,sub-03,2,0,0.001027,0.601218
Random Weights,FC1,IT,sub-01,2,0,0.004014,0.041135
Random Weights,FC1,IT,sub-02,2,0,0.014759,0.0
Random Weights,FC1,IT,sub-03,2,0,0.004142,0.035105
Backprop,Conv1,V1,sub-01,2,0,0.056173,0.0
Backprop,Conv1,V1,sub-02,2,0,0.090989,0.0
Backprop,Conv1,V1,sub-03,2,0,0.016399,0.0
Backprop,Conv1,V2,sub-01,2,0,0.035035,0.0
Backprop,Conv1,V2,sub-02,2,0,0.051807,0.0
Backprop,Conv1,V2,sub-03,2,0,0.001887,0.337111
Backprop,Conv1,V3,sub-01,2,0,0.025498,0.0
Backprop,Conv1,V3,sub-02,2,0,0.031569,0.0
Backprop,Conv1,V3,sub-03,2,0,0.004202,0.032526
Backprop,Conv1,V4,sub-01,2,0,0.01347,0.0
Backprop,Conv1,V4,sub-02,2,0,0.00889,6e-06
Backprop,Conv1,V4,sub-03,2,0,0.004563,0.020257
Backprop,Conv1,LOC,sub-01,2,0,0.006189,0.001639
Backprop,Conv1,LOC,sub-02,2,0,-0.005818,0.003075
Backprop,Conv1,LOC,sub-03,2,0,-0.001216,0.535982
Backprop,Conv1,IT,sub-01,2,0,0.00582,0.003064
Backprop,Conv1,IT,sub-02,2,0,-0.000155,0.937122
Backprop,Conv1,IT,sub-03,2,0,0.002418,0.218704
Backprop,Conv2,V1,sub-01,2,0,0.071915,0.0
Backprop,Conv2,V1,sub-02,2,0,0.113792,0.0
Backprop,Conv2,V1,sub-03,2,0,0.018458,0.0
Backprop,Conv2,V2,sub-01,2,0,0.045227,0.0
Backprop,Conv2,V2,sub-02,2,0,0.070365,0.0
Backprop,Conv2,V2,sub-03,2,0,0.003253,0.09793
Backprop,Conv2,V3,sub-01,2,0,0.03406,0.0
Backprop,Conv2,V3,sub-02,2,0,0.051689,0.0
Backprop,Conv2,V3,sub-03,2,0,0.005718,0.003622
Backprop,Conv2,V4,sub-01,2,0,0.017512,0.0
Backprop,Conv2,V4,sub-02,2,0,0.017243,0.0
Backprop,Conv2,V4,sub-03,2,0,0.004138,0.035272
Backprop,Conv2,LOC,sub-01,2,0,0.006517,0.000915
Backprop,Conv2,LOC,sub-02,2,0,-0.007162,0.000269
Backprop,Conv2,LOC,sub-03,2,0,-0.001269,0.51856
Backprop,Conv2,IT,sub-01,2,0,0.006345,0.001246
Backprop,Conv2,IT,sub-02,2,0,0.0011,0.575557
Backprop,Conv2,IT,sub-03,2,0,0.003294,0.093786
Backprop,Conv3,V1,sub-01,2,0,0.069683,0.0
Backprop,Conv3,V1,sub-02,2,0,0.106757,0.0
Backprop,Conv3,V1,sub-03,2,0,0.017794,0.0
Backprop,Conv3,V2,sub-01,2,0,0.043963,0.0
Backprop,Conv3,V2,sub-02,2,0,0.070509,0.0
Backprop,Conv3,V2,sub-03,2,0,0.003433,0.080747
Backprop,Conv3,V3,sub-01,2,0,0.033615,0.0
Backprop,Conv3,V3,sub-02,2,0,0.054741,0.0
Backprop,Conv3,V3,sub-03,2,0,0.006085,0.001962
Backprop,Conv3,V4,sub-01,2,0,0.017142,0.0
Backprop,Conv3,V4,sub-02,2,0,0.017236,0.0
Backprop,Conv3,V4,sub-03,2,0,0.005743,0.003479
Backprop,Conv3,LOC,sub-01,2,0,0.00749,0.000138
Backprop,Conv3,LOC,sub-02,2,0,-0.006749,0.000595
Backprop,Conv3,LOC,sub-03,2,0,-0.001779,0.365307
Backprop,Conv3,IT,sub-01,2,0,0.007597,0.000111
Backprop,Conv3,IT,sub-02,2,0,0.000868,0.658919
Backprop,Conv3,IT,sub-03,2,0,0.00428,0.029459
Backprop,FC1,V1,sub-01,2,0,0.112621,0.0
Backprop,FC1,V1,sub-02,2,0,0.168809,0.0
Backprop,FC1,V1,sub-03,2,0,0.028182,0.0
Backprop,FC1,V2,sub-01,2,0,0.068791,0.0
Backprop,FC1,V2,sub-02,2,0,0.118819,0.0
Backprop,FC1,V2,sub-03,2,0,0.007065,0.000325
Backprop,FC1,V3,sub-01,2,0,0.047225,0.0
Backprop,FC1,V3,sub-02,2,0,0.099757,0.0
Backprop,FC1,V3,sub-03,2,0,0.007986,4.8e-05
Backprop,FC1,V4,sub-01,2,0,0.026734,0.0
Backprop,FC1,V4,sub-02,2,0,0.043567,0.0
Backprop,FC1,V4,sub-03,2,0,0.004176,0.033617
Backprop,FC1,LOC,sub-01,2,0,0.003001,0.126782
Backprop,FC1,LOC,sub-02,2,0,-0.001199,0.541863
Backprop,FC1,LOC,sub-03,2,0,0.001027,0.601218
Backprop,FC1,IT,sub-01,2,0,0.004014,0.041135
Backprop,FC1,IT,sub-02,2,0,0.014759,0.0
Backprop,FC1,IT,sub-03,2,0,0.004142,0.035105
Backprop,Conv1,V1,sub-01,2,1,0.007706,8.8e-05
Backprop,Conv1,V1,sub-02,2,1,0.029028,0.0
Backprop,Conv1,V1,sub-03,2,1,0.004761,0.015436
Backprop,Conv1,V2,sub-01,2,1,0.003439,0.080221
Backprop,Conv1,V2,sub-02,2,1,0.017027,0.0
Backprop,Conv1,V2,sub-03,2,1,0.000756,0.700522
Backprop,Conv1,V3,sub-01,2,1,0.007101,0.000303
Backprop,Conv1,V3,sub-02,2,1,0.015927,0.0
Backprop,Conv1,V3,sub-03,2,1,0.000427,0.827855
Backprop,Conv1,V4,sub-01,2,1,-0.000154,0.93746
Backprop,Conv1,V4,sub-02,2,1,0.012526,0.0
Backprop,Conv1,V4,sub-03,2,1,0.005,0.010957
Backprop,Conv1,LOC,sub-01,2,1,0.003845,0.050428
Backprop,Conv1,LOC,sub-02,2,1,0.009353,2e-06
Backprop,Conv1,LOC,sub-03,2,1,-0.000121,0.950778
Backprop,Conv1,IT,sub-01,2,1,0.005424,0.005792
Backprop,Conv1,IT,sub-02,2,1,0.007718,8.6e-05
Backprop,Conv1,IT,sub-03,2,1,0.002533,0.19752
Backprop,Conv2,V1,sub-01,2,1,0.004004,0.041658
Backprop,Conv2,V1,sub-02,2,1,0.007733,8.3e-05
Backprop,Conv2,V1,sub-03,2,1,0.006792,0.000549
Backprop,Conv2,V2,sub-01,2,1,0.004528,0.021228
Backprop,Conv2,V2,sub-02,2,1,-0.001328,0.499259
Backprop,Conv2,V2,sub-03,2,1,0.000929,0.636515
Backprop,Conv2,V3,sub-01,2,1,0.007137,0.000282
Backprop,Conv2,V3,sub-02,2,1,-0.002768,0.159045
Backprop,Conv2,V3,sub-03,2,1,0.003252,0.097984
Backprop,Conv2,V4,sub-01,2,1,-0.001431,0.466583
Backprop,Conv2,V4,sub-02,2,1,0.000107,0.956569
Backprop,Conv2,V4,sub-03,2,1,0.009814,1e-06
Backprop,Conv2,LOC,sub-01,2,1,0.00598,0.002347
Backprop,Conv2,LOC,sub-02,2,1,0.009096,4e-06
Backprop,Conv2,LOC,sub-03,2,1,-0.000602,0.759242
Backprop,Conv2,IT,sub-01,2,1,0.008778,8e-06
Backprop,Conv2,IT,sub-02,2,1,0.006267,0.001431
Backprop,Conv2,IT,sub-03,2,1,0.001364,0.487864
Backprop,Conv3,V1,sub-01,2,1,-0.007158,0.000271
Backprop,Conv3,V1,sub-02,2,1,-0.009477,1e-06
Backprop,Conv3,V1,sub-03,2,1,0.005048,0.010218
Backprop,Conv3,V2,sub-01,2,1,-0.00011,0.955551
Backprop,Conv3,V2,sub-02,2,1,-0.007567,0.000118
Backprop,Conv3,V2,sub-03,2,1,0.001021,0.603556
Backprop,Conv3,V3,sub-01,2,1,0.002751,0.161683
Backprop,Conv3,V3,sub-02,2,1,-0.01096,0.0
Backprop,Conv3,V3,sub-03,2,1,0.003017,0.124793
Backprop,Conv3,V4,sub-01,2,1,-0.004261,0.030153
Backprop,Conv3,V4,sub-02,2,1,-0.004084,0.037707
Backprop,Conv3,V4,sub-03,2,1,0.010692,0.0
Backprop,Conv3,LOC,sub-01,2,1,0.004065,0.038642
Backprop,Conv3,LOC,sub-02,2,1,0.008865,6e-06
Backprop,Conv3,LOC,sub-03,2,1,0.000515,0.793326
Backprop,Conv3,IT,sub-01,2,1,0.005642,0.004097
Backprop,Conv3,IT,sub-02,2,1,0.004718,0.016379
Backprop,Conv3,IT,sub-03,2,1,0.000924,0.638238
Backprop,FC1,V1,sub-01,2,1,0.006126,0.00183
Backprop,FC1,V1,sub-02,2,1,0.014836,0.0
Backprop,FC1,V1,sub-03,2,1,0.007827,6.8e-05
Backprop,FC1,V2,sub-01,2,1,0.008742,9e-06
Backprop,FC1,V2,sub-02,2,1,0.015238,0.0
Backprop,FC1,V2,sub-03,2,1,0.00278,0.157242
Backprop,FC1,V3,sub-01,2,1,0.007109,0.000299
Backprop,FC1,V3,sub-02,2,1,0.008435,1.8e-05
Backprop,FC1,V3,sub-03,2,1,0.00296,0.132039
Backprop,FC1,V4,sub-01,2,1,-0.000351,0.858127
Backprop,FC1,V4,sub-02,2,1,0.005108,0.009356
Backprop,FC1,V4,sub-03,2,1,0.009031,4e-06
Backprop,FC1,LOC,sub-01,2,1,0.002873,0.143796
Backprop,FC1,LOC,sub-02,2,1,0.008264,2.6e-05
Backprop,FC1,LOC,sub-03,2,1,0.002616,0.183257
Backprop,FC1,IT,sub-01,2,1,0.003028,0.1234
Backprop,FC1,IT,sub-02,2,1,0.00746,0.000147
Backprop,FC1,IT,sub-03,2,1,0.000562,0.774931
Backprop,Conv1,V1,sub-01,2,2,0.009233,3e-06
Backprop,Conv1,V1,sub-02,2,2,0.031396,0.0
Backprop,Conv1,V1,sub-03,2,2,0.005091,0.009599
Backprop,Conv1,V2,sub-01,2,2,0.004398,0.02526
Backprop,Conv1,V2,sub-02,2,2,0.01826,0.0
Backprop,Conv1,V2,sub-03,2,2,0.000925,0.63795
Backprop,Conv1,V3,sub-01,2,2,0.007587,0.000113
Backprop,Conv1,V3,sub-02,2,2,0.016227,0.0
Backprop,Conv1,V3,sub-03,2,2,0.000669,0.733661
Backprop,Conv1,V4,sub-01,2,2,0.000358,0.855569
Backprop,Conv1,V4,sub-02,2,2,0.01323,0.0
Backprop,Conv1,V4,sub-03,2,2,0.00513,0.00906
Backprop,Conv1,LOC,sub-01,2,2,0.004011,0.041303
Backprop,Conv1,LOC,sub-02,2,2,0.009366,2e-06
Backprop,Conv1,LOC,sub-03,2,2,0.000136,0.944684
Backprop,Conv1,IT,sub-01,2,2,0.005476,0.005339
Backprop,Conv1,IT,sub-02,2,2,0.007893,5.9e-05
Backprop,Conv1,IT,sub-03,2,2,0.002553,0.194016
Backprop,Conv2,V1,sub-01,2,2,-0.003379,0.085599
Backprop,Conv2,V1,sub-02,2,2,-0.01023,0.0
Backprop,Conv2,V1,sub-03,2,2,0.005498,0.005158
Backprop,Conv2,V2,sub-01,2,2,0.000657,0.738336
Backprop,Conv2,V2,sub-02,2,2,-0.014062,0.0
Backprop,Conv2,V2,sub-03,2,2,0.001953,0.320303
Backprop,Conv2,V3,sub-01,2,2,0.004074,0.03819
Backprop,Conv2,V3,sub-02,2,2,-0.01361,0.0
Backprop,Conv2,V3,sub-03,2,2,0.003757,0.055962
Backprop,Conv2,V4,sub-01,2,2,-0.002363,0.229304
Backprop,Conv2,V4,sub-02,2,2,-0.002652,0.177221
Backprop,Conv2,V4,sub-03,2,2,0.01049,0.0
Backprop,Conv2,LOC,sub-01,2,2,0.007366,0.000179
Backprop,Conv2,LOC,sub-02,2,2,0.009463,1e-06
Backprop,Conv2,LOC,sub-03,2,2,0.000205,0.916899
Backprop,Conv2,IT,sub-01,2,2,0.010481,0.0
Backprop,Conv2,IT,sub-02,2,2,0.004737,0.015961
Backprop,Conv2,IT,sub-03,2,2,0.000796,0.68542
Backprop,Conv3,V1,sub-01,2,2,-0.022467,0.0
Backprop,Conv3,V1,sub-02,2,2,-0.046381,0.0
Backprop,Conv3,V1,sub-03,2,2,0.002709,0.168208
Backprop,Conv3,V2,sub-01,2,2,-0.009541,1e-06
Backprop,Conv3,V2,sub-02,2,2,-0.036493,0.0
Backprop,Conv3,V2,sub-03,2,2,0.002205,0.26198
Backprop,Conv3,V3,sub-01,2,2,-0.005331,0.006686
Backprop,Conv3,V3,sub-02,2,2,-0.032426,0.0
Backprop,Conv3,V3,sub-03,2,2,0.003244,0.09886
Backprop,Conv3,V4,sub-01,2,2,-0.008132,3.5e-05
Backprop,Conv3,V4,sub-02,2,2,-0.007227,0.000236
Backprop,Conv3,V4,sub-03,2,2,0.011149,0.0
Backprop,Conv3,LOC,sub-01,2,2,0.005784,0.003252
Backprop,Conv3,LOC,sub-02,2,2,0.009322,2e-06
Backprop,Conv3,LOC,sub-03,2,2,0.001649,0.40156
Backprop,Conv3,IT,sub-01,2,2,0.007657,9.8e-05
Backprop,Conv3,IT,sub-02,2,2,0.001327,0.499504
Backprop,Conv3,IT,sub-03,2,2,0.001778,0.365711
Backprop,FC1,V1,sub-01,2,2,-0.01419,0.0
Backprop,FC1,V1,sub-02,2,2,-0.035634,0.0
Backprop,FC1,V1,sub-03,2,2,0.006269,0.001426
Backprop,FC1,V2,sub-01,2,2,-0.001699,0.387306
Backprop,FC1,V2,sub-02,2,2,-0.021717,0.0
Backprop,FC1,V2,sub-03,2,2,0.005008,0.010837
Backprop,FC1,V3,sub-01,2,2,-0.001203,0.540589
Backprop,FC1,V3,sub-02,2,2,-0.021049,0.0
Backprop,FC1,V3,sub-03,2,2,0.004527,0.021266
Backprop,FC1,V4,sub-01,2,2,-0.005589,0.004463
Backprop,FC1,V4,sub-02,2,2,-0.002448,0.212902
Backprop,FC1,V4,sub-03,2,2,0.012133,0.0
Backprop,FC1,LOC,sub-01,2,2,0.002876,0.143458
Backprop,FC1,LOC,sub-02,2,2,0.008953,5e-06
Backprop,FC1,LOC,sub-03,2,2,0.004463,0.023168
Backprop,FC1,IT,sub-01,2,2,0.004037,0.039967
Backprop,FC1,IT,sub-02,2,2,0.00262,0.182565
Backprop,FC1,IT,sub-03,2,2,0.003671,0.061796
Backprop,Conv1,V1,sub-01,2,5,0.01555,0.0
Backprop,Conv1,V1,sub-02,2,5,0.037585,0.0
Backprop,Conv1,V1,sub-03,2,5,0.006346,0.001243
Backprop,Conv1,V2,sub-01,2,5,0.00797,5e-05
Backprop,Conv1,V2,sub-02,2,5,0.022459,0.0
Backprop,Conv1,V2,sub-03,2,5,0.001726,0.379778
Backprop,Conv1,V3,sub-01,2,5,0.01038,0.0
Backprop,Conv1,V3,sub-02,2,5,0.020597,0.0
Backprop,Conv1,V3,sub-03,2,5,0.001425,0.468568
Backprop,Conv1,V4,sub-01,2,5,0.002004,0.307943
Backprop,Conv1,V4,sub-02,2,5,0.015748,0.0
Backprop,Conv1,V4,sub-03,2,5,0.005514,0.005025
Backprop,Conv1,LOC,sub-01,2,5,0.004425,0.024372
Backprop,Conv1,LOC,sub-02,2,5,0.009503,1e-06
Backprop,Conv1,LOC,sub-03,2,5,0.000637,0.745892
Backprop,Conv1,IT,sub-01,2,5,0.005921,0.002593
Backprop,Conv1,IT,sub-02,2,5,0.008545,1.4e-05
Backprop,Conv1,IT,sub-03,2,5,0.002668,0.174741
Backprop,Conv2,V1,sub-01,2,5,-0.017373,0.0
Backprop,Conv2,V1,sub-02,2,5,-0.033921,0.0
Backprop,Conv2,V1,sub-03,2,5,0.004541,0.020864
Backprop,Conv2,V2,sub-01,2,5,-0.005534,0.004868
Backprop,Conv2,V2,sub-02,2,5,-0.026829,0.0
Backprop,Conv2,V2,sub-03,2,5,0.00295,0.133357
Backprop,Conv2,V3,sub-01,2,5,-0.001624,0.408662
Backprop,Conv2,V3,sub-02,2,5,-0.025736,0.0
Backprop,Conv2,V3,sub-03,2,5,0.003787,0.054034
Backprop,Conv2,V4,sub-01,2,5,-0.006106,0.001894
Backprop,Conv2,V4,sub-02,2,5,-0.008999,5e-06
Backprop,Conv2,V4,sub-03,2,5,0.011247,0.0
Backprop,Conv2,LOC,sub-01,2,5,0.006605,0.000778
Backprop,Conv2,LOC,sub-02,2,5,0.006769,0.000573
Backprop,Conv2,LOC,sub-03,2,5,0.000242,0.901919
Backprop,Conv2,IT,sub-01,2,5,0.009175,3e-06
Backprop,Conv2,IT,sub-02,2,5,0.000596,0.761729
Backprop,Conv2,IT,sub-03,2,5,0.001501,0.445089
Backprop,Conv3,V1,sub-01,2,5,-0.022481,0.0
Backprop,Conv3,V1,sub-02,2,5,-0.044559,0.0
Backprop,Conv3,V1,sub-03,2,5,0.004457,0.023359
Backprop,Conv3,V2,sub-01,2,5,-0.007849,6.5e-05
Backprop,Conv3,V2,sub-02,2,5,-0.03323,0.0
Backprop,Conv3,V2,sub-03,2,5,0.003747,0.056631
Backprop,Conv3,V3,sub-01,2,5,-0.004859,0.013424
Backprop,Conv3,V3,sub-02,2,5,-0.033156,0.0
Backprop,Conv3,V3,sub-03,2,5,0.003542,0.07152
Backprop,Conv3,V4,sub-01,2,5,-0.007793,7.4e-05
Backprop,Conv3,V4,sub-02,2,5,-0.006809,0.000532
Backprop,Conv3,V4,sub-03,2,5,0.010961,0.0
Backprop,Conv3,LOC,sub-01,2,5,0.005778,0.003288
Backprop,Conv3,LOC,sub-02,2,5,0.007565,0.000119
Backprop,Conv3,LOC,sub-03,2,5,0.002103,0.284705
Backprop,Conv3,IT,sub-01,2,5,0.008035,4.3e-05
Backprop,Conv3,IT,sub-02,2,5,-0.000876,0.655906
Backprop,Conv3,IT,sub-03,2,5,0.002591,0.187421
Backprop,FC1,V1,sub-01,2,5,-0.014518,0.0
Backprop,FC1,V1,sub-02,2,5,-0.028591,0.0
Backprop,FC1,V1,sub-03,2,5,0.007139,0.000281
Backprop,FC1,V2,sub-01,2,5,0.001405,0.474852
Backprop,FC1,V2,sub-02,2,5,-0.013172,0.0
Backprop,FC1,V2,sub-03,2,5,0.006911,0.000438
Backprop,FC1,V3,sub-01,2,5,-0.001078,0.583245
Backprop,FC1,V3,sub-02,2,5,-0.01982,0.0
Backprop,FC1,V3,sub-03,2,5,0.004928,0.012178
Backprop,FC1,V4,sub-01,2,5,-0.003079,0.117279
Backprop,FC1,V4,sub-02,2,5,-0.005484,0.005268
Backprop,FC1,V4,sub-03,2,5,0.010768,0.0
Backprop,FC1,LOC,sub-01,2,5,0.003745,0.056736
Backprop,FC1,LOC,sub-02,2,5,0.00685,0.000492
Backprop,FC1,LOC,sub-03,2,5,0.002609,0.184347
Backprop,FC1,IT,sub-01,2,5,0.004907,0.012539
Backprop,FC1,IT,sub-02,2,5,0.000412,0.833897
Backprop,FC1,IT,sub-03,2,5,0.003805,0.05286
Backprop,Conv1,V1,sub-01,2,10,0.01206,0.0
Backprop,Conv1,V1,sub-02,2,10,0.029245,0.0
Backprop,Conv1,V1,sub-03,2,10,0.005238,0.007701
Backprop,Conv1,V2,sub-01,2,10,0.00582,0.003064
Backprop,Conv1,V2,sub-02,2,10,0.017801,0.0
Backprop,Conv1,V2,sub-03,2,10,0.001981,0.313625
Backprop,Conv1,V3,sub-01,2,10,0.009021,4e-06
Backprop,Conv1,V3,sub-02,2,10,0.01818,0.0
Backprop,Conv1,V3,sub-03,2,10,0.001653,0.400416
Backprop,Conv1,V4,sub-01,2,10,0.000979,0.618287
Backprop,Conv1,V4,sub-02,2,10,0.015735,0.0
Backprop,Conv1,V4,sub-03,2,10,0.005503,0.005114
Backprop,Conv1,LOC,sub-01,2,10,0.004982,0.011256
Backprop,Conv1,LOC,sub-02,2,10,0.009305,2e-06
Backprop,Conv1,LOC,sub-03,2,10,0.001418,0.470706
Backprop,Conv1,IT,sub-01,2,10,0.007181,0.000259
Backprop,Conv1,IT,sub-02,2,10,0.008556,1.3e-05
Backprop,Conv1,IT,sub-03,2,10,0.002996,0.127456
Backprop,Conv2,V1,sub-01,2,10,-0.018338,0.0
Backprop,Conv2,V1,sub-02,2,10,-0.039249,0.0
Backprop,Conv2,V1,sub-03,2,10,0.004461,0.023234
Backprop,Conv2,V2,sub-01,2,10,-0.006917,0.000433
Backprop,Conv2,V2,sub-02,2,10,-0.031164,0.0
Backprop,Conv2,V2,sub-03,2,10,0.003077,0.117508
Backprop,Conv2,V3,sub-01,2,10,-0.002363,0.229369
Backprop,Conv2,V3,sub-02,2,10,-0.028059,0.0
Backprop,Conv2,V3,sub-03,2,10,0.004112,0.036443
Backprop,Conv2,V4,sub-01,2,10,-0.006347,0.001242
Backprop,Conv2,V4,sub-02,2,10,-0.007449,0.000151
Backprop,Conv2,V4,sub-03,2,10,0.01175,0.0
Backprop,Conv2,LOC,sub-01,2,10,0.007796,7.3e-05
Backprop,Conv2,LOC,sub-02,2,10,0.008843,7e-06
Backprop,Conv2,LOC,sub-03,2,10,0.00154,0.433195
Backprop,Conv2,IT,sub-01,2,10,0.01063,0.0
Backprop,Conv2,IT,sub-02,2,10,0.001433,0.465969
Backprop,Conv2,IT,sub-03,2,10,0.002318,0.238278
Backprop,Conv3,V1,sub-01,2,10,-0.021402,0.0
Backprop,Conv3,V1,sub-02,2,10,-0.044193,0.0
Backprop,Conv3,V1,sub-03,2,10,0.004625,0.018618
Backprop,Conv3,V2,sub-01,2,10,-0.009854,1e-06
Backprop,Conv3,V2,sub-02,2,10,-0.035597,0.0
Backprop,Conv3,V2,sub-03,2,10,0.003912,0.046549
Backprop,Conv3,V3,sub-01,2,10,-0.004885,0.012938
Backprop,Conv3,V3,sub-02,2,10,-0.03282,0.0
Backprop,Conv3,V3,sub-03,2,10,0.004161,0.034248
Backprop,Conv3,V4,sub-01,2,10,-0.008187,3.1e-05
Backprop,Conv3,V4,sub-02,2,10,-0.00379,0.053808
Backprop,Conv3,V4,sub-03,2,10,0.011501,0.0
Backprop,Conv3,LOC,sub-01,2,10,0.007784,7.5e-05
Backprop,Conv3,LOC,sub-02,2,10,0.010884,0.0
Backprop,Conv3,LOC,sub-03,2,10,0.00386,0.04956
Backprop,Conv3,IT,sub-01,2,10,0.010093,0.0
Backprop,Conv3,IT,sub-02,2,10,0.000853,0.664401
Backprop,Conv3,IT,sub-03,2,10,0.003455,0.078787
Backprop,FC1,V1,sub-01,2,10,-0.009706,1e-06
Backprop,FC1,V1,sub-02,2,10,-0.022351,0.0
Backprop,FC1,V1,sub-03,2,10,0.009883,0.0
Backprop,FC1,V2,sub-01,2,10,-0.000583,0.766597
Backprop,FC1,V2,sub-02,2,10,-0.009534,1e-06
Backprop,FC1,V2,sub-03,2,10,0.007465,0.000146
Backprop,FC1,V3,sub-01,2,10,-0.001362,0.4885
Backprop,FC1,V3,sub-02,2,10,-0.010667,0.0
Backprop,FC1,V3,sub-03,2,10,0.006301,0.001348
Backprop,FC1,V4,sub-01,2,10,-0.004742,0.015848
Backprop,FC1,V4,sub-02,2,10,-0.001139,0.562369
Backprop,FC1,V4,sub-03,2,10,0.013786,0.0
Backprop,FC1,LOC,sub-01,2,10,0.007661,9.7e-05
Backprop,FC1,LOC,sub-02,2,10,0.016046,0.0
Backprop,FC1,LOC,sub-03,2,10,0.005508,0.005075
Backprop,FC1,IT,sub-01,2,10,0.009203,3e-06
Backprop,FC1,IT,sub-02,2,10,0.009267,2e-06
Backprop,FC1,IT,sub-03,2,10,0.005287,0.007149
Backprop,Conv1,V1,sub-01,2,20,0.015849,0.0
Backprop,Conv1,V1,sub-02,2,20,0.032236,0.0
Backprop,Conv1,V1,sub-03,2,20,0.005979,0.002352
Backprop,Conv1,V2,sub-01,2,20,0.008839,7e-06
Backprop,Conv1,V2,sub-02,2,20,0.020353,0.0
Backprop,Conv1,V2,sub-03,2,20,0.002234,0.255641
Backprop,Conv1,V3,sub-01,2,20,0.010864,0.0
Backprop,Conv1,V3,sub-02,2,20,0.020756,0.0
Backprop,Conv1,V3,sub-03,2,20,0.002223,0.258152
Backprop,Conv1,V4,sub-01,2,20,0.002592,0.187181
Backprop,Conv1,V4,sub-02,2,20,0.016461,0.0
Backprop,Conv1,V4,sub-03,2,20,0.00555,0.004746
Backprop,Conv1,LOC,sub-01,2,20,0.005332,0.006671
Backprop,Conv1,LOC,sub-02,2,20,0.008731,9e-06
Backprop,Conv1,LOC,sub-03,2,20,0.001275,0.516432
Backprop,Conv1,IT,sub-01,2,20,0.007519,0.000131
Backprop,Conv1,IT,sub-02,2,20,0.008576,1.3e-05
Backprop,Conv1,IT,sub-03,2,20,0.002794,0.155201
Backprop,Conv2,V1,sub-01,2,20,-0.021698,0.0
Backprop,Conv2,V1,sub-02,2,20,-0.044238,0.0
Backprop,Conv2,V1,sub-03,2,20,0.003637,0.064263
Backprop,Conv2,V2,sub-01,2,20,-0.009232,3e-06
Backprop,Conv2,V2,sub-02,2,20,-0.035083,0.0
Backprop,Conv2,V2,sub-03,2,20,0.002834,0.149364
Backprop,Conv2,V3,sub-01,2,20,-0.005114,0.009269
Backprop,Conv2,V3,sub-02,2,20,-0.031788,0.0
Backprop,Conv2,V3,sub-03,2,20,0.004169,0.033932
Backprop,Conv2,V4,sub-01,2,20,-0.006905,0.000443
Backprop,Conv2,V4,sub-02,2,20,-0.006454,0.001025
Backprop,Conv2,V4,sub-03,2,20,0.011304,0.0
Backprop,Conv2,LOC,sub-01,2,20,0.007389,0.00017
Backprop,Conv2,LOC,sub-02,2,20,0.008368,2.1e-05
Backprop,Conv2,LOC,sub-03,2,20,0.001613,0.411791
Backprop,Conv2,IT,sub-01,2,20,0.010123,0.0
Backprop,Conv2,IT,sub-02,2,20,0.000369,0.851036
Backprop,Conv2,IT,sub-03,2,20,0.002404,0.221393
Backprop,Conv3,V1,sub-01,2,20,-0.027729,0.0
Backprop,Conv3,V1,sub-02,2,20,-0.050803,0.0
Backprop,Conv3,V1,sub-03,2,20,0.003487,0.07602
Backprop,Conv3,V2,sub-01,2,20,-0.016075,0.0
Backprop,Conv3,V2,sub-02,2,20,-0.041961,0.0
Backprop,Conv3,V2,sub-03,2,20,0.003932,0.045433
Backprop,Conv3,V3,sub-01,2,20,-0.010407,0.0
Backprop,Conv3,V3,sub-02,2,20,-0.038435,0.0
Backprop,Conv3,V3,sub-03,2,20,0.00394,0.045025
Backprop,Conv3,V4,sub-01,2,20,-0.009474,1e-06
Backprop,Conv3,V4,sub-02,2,20,-0.00277,0.158731
Backprop,Conv3,V4,sub-03,2,20,0.010494,0.0
Backprop,Conv3,LOC,sub-01,2,20,0.006848,0.000494
Backprop,Conv3,LOC,sub-02,2,20,0.011783,0.0
Backprop,Conv3,LOC,sub-03,2,20,0.005465,0.005426
Backprop,Conv3,IT,sub-01,2,20,0.008721,9e-06
Backprop,Conv3,IT,sub-02,2,20,0.000653,0.739671
Backprop,Conv3,IT,sub-03,2,20,0.004006,0.041541
Backprop,FC1,V1,sub-01,2,20,-0.014677,0.0
Backprop,FC1,V1,sub-02,2,20,-0.02502,0.0
Backprop,FC1,V1,sub-03,2,20,0.00608,0.001979
Backprop,FC1,V2,sub-01,2,20,-0.004658,0.017786
Backprop,FC1,V2,sub-02,2,20,-0.012704,0.0
Backprop,FC1,V2,sub-03,2,20,0.006033,0.002146
Backprop,FC1,V3,sub-01,2,20,-0.004974,0.011387
Backprop,FC1,V3,sub-02,2,20,-0.011693,0.0
Backprop,FC1,V3,sub-03,2,20,0.004895,0.012756
Backprop,FC1,V4,sub-01,2,20,-0.005284,0.007181
Backprop,FC1,V4,sub-02,2,20,0.006545,0.00087
Backprop,FC1,V4,sub-03,2,20,0.013046,0.0
Backprop,FC1,LOC,sub-01,2,20,0.009796,1e-06
Backprop,FC1,LOC,sub-02,2,20,0.017147,0.0
Backprop,FC1,LOC,sub-03,2,20,0.007735,8.3e-05
Backprop,FC1,IT,sub-01,2,20,0.010054,0.0
Backprop,FC1,IT,sub-02,2,20,0.007783,7.5e-05
Backprop,FC1,IT,sub-03,2,20,0.005285,0.007166
Backprop,Conv1,V1,sub-01,2,30,0.017866,0.0
Backprop,Conv1,V1,sub-02,2,30,0.033747,0.0
Backprop,Conv1,V1,sub-03,2,30,0.006251,0.001472
Backprop,Conv1,V2,sub-01,2,30,0.009851,1e-06
Backprop,Conv1,V2,sub-02,2,30,0.020685,0.0
Backprop,Conv1,V2,sub-03,2,30,0.002223,0.258053
Backprop,Conv1,V3,sub-01,2,30,0.011127,0.0
Backprop,Conv1,V3,sub-02,2,30,0.020028,0.0
Backprop,Conv1,V3,sub-03,2,30,0.00239,0.223913
Backprop,Conv1,V4,sub-01,2,30,0.00307,0.118265
Backprop,Conv1,V4,sub-02,2,30,0.016527,0.0
Backprop,Conv1,V4,sub-03,2,30,0.005575,0.004563
Backprop,Conv1,LOC,sub-01,2,30,0.005379,0.006203
Backprop,Conv1,LOC,sub-02,2,30,0.008228,2.8e-05
Backprop,Conv1,LOC,sub-03,2,30,0.001343,0.494548
Backprop,Conv1,IT,sub-01,2,30,0.007672,9.5e-05
Backprop,Conv1,IT,sub-02,2,30,0.008401,1.9e-05
Backprop,Conv1,IT,sub-03,2,30,0.002676,0.173446
Backprop,Conv2,V1,sub-01,2,30,-0.023841,0.0
Backprop,Conv2,V1,sub-02,2,30,-0.047148,0.0
Backprop,Conv2,V1,sub-03,2,30,0.003171,0.106632
Backprop,Conv2,V2,sub-01,2,30,-0.010285,0.0
Backprop,Conv2,V2,sub-02,2,30,-0.036865,0.0
Backprop,Conv2,V2,sub-03,2,30,0.002699,0.169671
Backprop,Conv2,V3,sub-01,2,30,-0.005755,0.003414
Backprop,Conv2,V3,sub-02,2,30,-0.033053,0.0
Backprop,Conv2,V3,sub-03,2,30,0.004126,0.035812
Backprop,Conv2,V4,sub-01,2,30,-0.007643,0.000101
Backprop,Conv2,V4,sub-02,2,30,-0.007644,0.000101
Backprop,Conv2,V4,sub-03,2,30,0.011087,0.0
Backprop,Conv2,LOC,sub-01,2,30,0.007135,0.000283
Backprop,Conv2,LOC,sub-02,2,30,0.00885,7e-06
Backprop,Conv2,LOC,sub-03,2,30,0.001246,0.526066
Backprop,Conv2,IT,sub-01,2,30,0.009885,0.0
Backprop,Conv2,IT,sub-02,2,30,0.000585,0.765901
Backprop,Conv2,IT,sub-03,2,30,0.002192,0.264685
Backprop,Conv3,V1,sub-01,2,30,-0.029508,0.0
Backprop,Conv3,V1,sub-02,2,30,-0.053754,0.0
Backprop,Conv3,V1,sub-03,2,30,0.002854,0.146463
Backprop,Conv3,V2,sub-01,2,30,-0.016275,0.0
Backprop,Conv3,V2,sub-02,2,30,-0.043561,0.0
Backprop,Conv3,V2,sub-03,2,30,0.003685,0.06081
Backprop,Conv3,V3,sub-01,2,30,-0.010052,0.0
Backprop,Conv3,V3,sub-02,2,30,-0.039743,0.0
Backprop,Conv3,V3,sub-03,2,30,0.004197,0.032741
Backprop,Conv3,V4,sub-01,2,30,-0.009819,1e-06
Backprop,Conv3,V4,sub-02,2,30,-0.004408,0.024929
Backprop,Conv3,V4,sub-03,2,30,0.010426,0.0
Backprop,Conv3,LOC,sub-01,2,30,0.007195,0.000251
Backprop,Conv3,LOC,sub-02,2,30,0.013115,0.0
Backprop,Conv3,LOC,sub-03,2,30,0.004418,0.024606
Backprop,Conv3,IT,sub-01,2,30,0.009074,4e-06
Backprop,Conv3,IT,sub-02,2,30,0.001326,0.500007
Backprop,Conv3,IT,sub-03,2,30,0.003684,0.060896
Backprop,FC1,V1,sub-01,2,30,-0.021398,0.0
Backprop,FC1,V1,sub-02,2,30,-0.034587,0.0
Backprop,FC1,V1,sub-03,2,30,0.005297,0.007045
Backprop,FC1,V2,sub-01,2,30,-0.00773,8.4e-05
Backprop,FC1,V2,sub-02,2,30,-0.017511,0.0
Backprop,FC1,V2,sub-03,2,30,0.005339,0.006604
Backprop,FC1,V3,sub-01,2,30,-0.006655,0.000709
Backprop,FC1,V3,sub-02,2,30,-0.016045,0.0
Backprop,FC1,V3,sub-03,2,30,0.004753,0.015592
Backprop,FC1,V4,sub-01,2,30,-0.006834,0.000507
Backprop,FC1,V4,sub-02,2,30,0.004004,0.041635
Backprop,FC1,V4,sub-03,2,30,0.011508,0.0
Backprop,FC1,LOC,sub-01,2,30,0.00973,1e-06
Backprop,FC1,LOC,sub-02,2,30,0.020796,0.0
Backprop,FC1,LOC,sub-03,2,30,0.007834,6.7e-05
Backprop,FC1,IT,sub-01,2,30,0.009541,1e-06
Backprop,FC1,IT,sub-02,2,30,0.010324,0.0
Backprop,FC1,IT,sub-03,2,30,0.005542,0.004811
Backprop,Conv1,V1,sub-01,2,40,0.015845,0.0
Backprop,Conv1,V1,sub-02,2,40,0.030982,0.0
Backprop,Conv1,V1,sub-03,2,40,0.005687,0.003813
Backprop,Conv1,V2,sub-01,2,40,0.008684,1e-05
Backprop,Conv1,V2,sub-02,2,40,0.01904,0.0
Backprop,Conv1,V2,sub-03,2,40,0.00212,0.280803
Backprop,Conv1,V3,sub-01,2,40,0.010261,0.0
Backprop,Conv1,V3,sub-02,2,40,0.019066,0.0
Backprop,Conv1,V3,sub-03,2,40,0.002268,0.248464
Backprop,Conv1,V4,sub-01,2,40,0.002514,0.200966
Backprop,Conv1,V4,sub-02,2,40,0.016231,0.0
Backprop,Conv1,V4,sub-03,2,40,0.005534,0.004868
Backprop,Conv1,LOC,sub-01,2,40,0.005187,0.00832
Backprop,Conv1,LOC,sub-02,2,40,0.008215,2.9e-05
Backprop,Conv1,LOC,sub-03,2,40,0.001325,0.500328
Backprop,Conv1,IT,sub-01,2,40,0.007604,0.00011
Backprop,Conv1,IT,sub-02,2,40,0.008291,2.5e-05
Backprop,Conv1,IT,sub-03,2,40,0.002731,0.164713
Backprop,Conv2,V1,sub-01,2,40,-0.02435,0.0
Backprop,Conv2,V1,sub-02,2,40,-0.047906,0.0
Backprop,Conv2,V1,sub-03,2,40,0.002967,0.131228
Backprop,Conv2,V2,sub-01,2,40,-0.01079,0.0
Backprop,Conv2,V2,sub-02,2,40,-0.037775,0.0
Backprop,Conv2,V2,sub-03,2,40,0.002481,0.206932
Backprop,Conv2,V3,sub-01,2,40,-0.006254,0.001463
Backprop,Conv2,V3,sub-02,2,40,-0.034003,0.0
Backprop,Conv2,V3,sub-03,2,40,0.00382,0.051966
Backprop,Conv2,V4,sub-01,2,40,-0.007609,0.000108
Backprop,Conv2,V4,sub-02,2,40,-0.007282,0.000212
Backprop,Conv2,V4,sub-03,2,40,0.010962,0.0
Backprop,Conv2,LOC,sub-01,2,40,0.007305,0.000202
Backprop,Conv2,LOC,sub-02,2,40,0.008884,6e-06
Backprop,Conv2,LOC,sub-03,2,40,0.001296,0.509613
Backprop,Conv2,IT,sub-01,2,40,0.010127,0.0
Backprop,Conv2,IT,sub-02,2,40,0.000701,0.721416
Backprop,Conv2,IT,sub-03,2,40,0.00223,0.256512
Backprop,Conv3,V1,sub-01,2,40,-0.030433,0.0
Backprop,Conv3,V1,sub-02,2,40,-0.05475,0.0
Backprop,Conv3,V1,sub-03,2,40,0.002317,0.238503
Backprop,Conv3,V2,sub-01,2,40,-0.016955,0.0
Backprop,Conv3,V2,sub-02,2,40,-0.045362,0.0
Backprop,Conv3,V2,sub-03,2,40,0.00341,0.082727
Backprop,Conv3,V3,sub-01,2,40,-0.010603,0.0
Backprop,Conv3,V3,sub-02,2,40,-0.042326,0.0
Backprop,Conv3,V3,sub-03,2,40,0.003904,0.04703
Backprop,Conv3,V4,sub-01,2,40,-0.00961,1e-06
Backprop,Conv3,V4,sub-02,2,40,-0.004404,0.025037
Backprop,Conv3,V4,sub-03,2,40,0.010134,0.0
Backprop,Conv3,LOC,sub-01,2,40,0.007329,0.000192
Backprop,Conv3,LOC,sub-02,2,40,0.01205,0.0
Backprop,Conv3,LOC,sub-03,2,40,0.004464,0.023137
Backprop,Conv3,IT,sub-01,2,40,0.009211,3e-06
Backprop,Conv3,IT,sub-02,2,40,0.00063,0.748554
Backprop,Conv3,IT,sub-03,2,40,0.003864,0.049308
Backprop,FC1,V1,sub-01,2,40,-0.025162,0.0
Backprop,FC1,V1,sub-02,2,40,-0.039071,0.0
Backprop,FC1,V1,sub-03,2,40,0.004064,0.038695
Backprop,FC1,V2,sub-01,2,40,-0.011103,0.0
Backprop,FC1,V2,sub-02,2,40,-0.022213,0.0
Backprop,FC1,V2,sub-03,2,40,0.005155,0.00873
Backprop,FC1,V3,sub-01,2,40,-0.008416,1.9e-05
Backprop,FC1,V3,sub-02,2,40,-0.020355,0.0
Backprop,FC1,V3,sub-03,2,40,0.004673,0.01744
Backprop,FC1,V4,sub-01,2,40,-0.008199,3e-05
Backprop,FC1,V4,sub-02,2,40,0.003654,0.063014
Backprop,FC1,V4,sub-03,2,40,0.011405,0.0
Backprop,FC1,LOC,sub-01,2,40,0.009811,1e-06
Backprop,FC1,LOC,sub-02,2,40,0.020092,0.0
Backprop,FC1,LOC,sub-03,2,40,0.007845,6.6e-05
Backprop,FC1,IT,sub-01,2,40,0.009615,1e-06
Backprop,FC1,IT,sub-02,2,40,0.008921,6e-06
Backprop,FC1,IT,sub-03,2,40,0.005812,0.00311
Feedback Alignment,Conv1,V1,sub-01,2,0,0.009936,0.0
Feedback Alignment,Conv1,V1,sub-02,2,0,0.022837,0.0
Feedback Alignment,Conv1,V1,sub-03,2,0,0.005179,0.00842
Feedback Alignment,Conv1,V2,sub-01,2,0,0.007934,5.4e-05
Feedback Alignment,Conv1,V2,sub-02,2,0,0.014221,0.0
Feedback Alignment,Conv1,V2,sub-03,2,0,-0.001689,0.390129
Feedback Alignment,Conv1,V3,sub-01,2,0,0.007186,0.000256
Feedback Alignment,Conv1,V3,sub-02,2,0,0.011853,0.0
Feedback Alignment,Conv1,V3,sub-03,2,0,-9e-06,0.996455
Feedback Alignment,Conv1,V4,sub-01,2,0,0.001765,0.369143
Feedback Alignment,Conv1,V4,sub-02,2,0,0.004827,0.014054
Feedback Alignment,Conv1,V4,sub-03,2,0,0.004392,0.02544
Feedback Alignment,Conv1,LOC,sub-01,2,0,0.005002,0.010931
Feedback Alignment,Conv1,LOC,sub-02,2,0,0.001821,0.354136
Feedback Alignment,Conv1,LOC,sub-03,2,0,-0.002494,0.204503
Feedback Alignment,Conv1,IT,sub-01,2,0,0.005828,0.003028
Feedback Alignment,Conv1,IT,sub-02,2,0,0.000514,0.793677
Feedback Alignment,Conv1,IT,sub-03,2,0,0.002095,0.286596
Feedback Alignment,Conv2,V1,sub-01,2,0,0.042653,0.0
Feedback Alignment,Conv2,V1,sub-02,2,0,0.073675,0.0
Feedback Alignment,Conv2,V1,sub-03,2,0,0.012387,0.0
Feedback Alignment,Conv2,V2,sub-01,2,0,0.029135,0.0
Feedback Alignment,Conv2,V2,sub-02,2,0,0.048718,0.0
Feedback Alignment,Conv2,V2,sub-03,2,0,-7.6e-05,0.969333
Feedback Alignment,Conv2,V3,sub-01,2,0,0.022375,0.0
Feedback Alignment,Conv2,V3,sub-02,2,0,0.039871,0.0
Feedback Alignment,Conv2,V3,sub-03,2,0,0.002823,0.150956
Feedback Alignment,Conv2,V4,sub-01,2,0,0.010021,0.0
Feedback Alignment,Conv2,V4,sub-02,2,0,0.015675,0.0
Feedback Alignment,Conv2,V4,sub-03,2,0,0.004004,0.041663
Feedback Alignment,Conv2,LOC,sub-01,2,0,0.005164,0.008604
Feedback Alignment,Conv2,LOC,sub-02,2,0,-0.003973,0.043245
Feedback Alignment,Conv2,LOC,sub-03,2,0,-0.002462,0.210451
Feedback Alignment,Conv2,IT,sub-01,2,0,0.005842,0.002957
Feedback Alignment,Conv2,IT,sub-02,2,0,3.6e-05,0.98552
Feedback Alignment,Conv2,IT,sub-03,2,0,0.002684,0.172118
Feedback Alignment,Conv3,V1,sub-01,2,0,0.053678,0.0
Feedback Alignment,Conv3,V1,sub-02,2,0,0.088271,0.0
Feedback Alignment,Conv3,V1,sub-03,2,0,0.01415,0.0
Feedback Alignment,Conv3,V2,sub-01,2,0,0.035875,0.0
Feedback Alignment,Conv3,V2,sub-02,2,0,0.059462,0.0
Feedback Alignment,Conv3,V2,sub-03,2,0,0.000614,0.754673
Feedback Alignment,Conv3,V3,sub-01,2,0,0.027158,0.0
Feedback Alignment,Conv3,V3,sub-02,2,0,0.047935,0.0
Feedback Alignment,Conv3,V3,sub-03,2,0,0.003651,0.063231
Feedback Alignment,Conv3,V4,sub-01,2,0,0.012005,0.0
Feedback Alignment,Conv3,V4,sub-02,2,0,0.017573,0.0
Feedback Alignment,Conv3,V4,sub-03,2,0,0.004121,0.03603
Feedback Alignment,Conv3,LOC,sub-01,2,0,0.006153,0.001746
Feedback Alignment,Conv3,LOC,sub-02,2,0,-0.006813,0.000528
Feedback Alignment,Conv3,LOC,sub-03,2,0,-0.002857,0.146129
Feedback Alignment,Conv3,IT,sub-01,2,0,0.007213,0.000243
Feedback Alignment,Conv3,IT,sub-02,2,0,-0.000778,0.692066
Feedback Alignment,Conv3,IT,sub-03,2,0,0.003158,0.108178
Feedback Alignment,FC1,V1,sub-01,2,0,0.079323,0.0
Feedback Alignment,FC1,V1,sub-02,2,0,0.122623,0.0
Feedback Alignment,FC1,V1,sub-03,2,0,0.020885,0.0
Feedback Alignment,FC1,V2,sub-01,2,0,0.047329,0.0
Feedback Alignment,FC1,V2,sub-02,2,0,0.089174,0.0
Feedback Alignment,FC1,V2,sub-03,2,0,0.003242,0.099035
Feedback Alignment,FC1,V3,sub-01,2,0,0.032714,0.0
Feedback Alignment,FC1,V3,sub-02,2,0,0.079624,0.0
Feedback Alignment,FC1,V3,sub-03,2,0,0.003569,0.06937
Feedback Alignment,FC1,V4,sub-01,2,0,0.019715,0.0
Feedback Alignment,FC1,V4,sub-02,2,0,0.035236,0.0
Feedback Alignment,FC1,V4,sub-03,2,0,0.00095,0.628895
Feedback Alignment,FC1,LOC,sub-01,2,0,0.002998,0.127155
Feedback Alignment,FC1,LOC,sub-02,2,0,-0.004104,0.036788
Feedback Alignment,FC1,LOC,sub-03,2,0,-0.001593,0.417701
Feedback Alignment,FC1,IT,sub-01,2,0,0.003479,0.07676
Feedback Alignment,FC1,IT,sub-02,2,0,0.008813,7e-06
Feedback Alignment,FC1,IT,sub-03,2,0,0.00448,0.022652
Feedback Alignment,Conv1,V1,sub-01,2,1,-0.001422,0.469272
Feedback Alignment,Conv1,V1,sub-02,2,1,0.011439,0.0
Feedback Alignment,Conv1,V1,sub-03,2,1,0.003832,0.051226
Feedback Alignment,Conv1,V2,sub-01,2,1,-0.002924,0.136837
Feedback Alignment,Conv1,V2,sub-02,2,1,0.006805,0.000536
Feedback Alignment,Conv1,V2,sub-03,2,1,-6.4e-05,0.97383
Feedback Alignment,Conv1,V3,sub-01,2,1,0.001986,0.312324
Feedback Alignment,Conv1,V3,sub-02,2,1,0.00799,4.8e-05
Feedback Alignment,Conv1,V3,sub-03,2,1,-0.00085,0.665596
Feedback Alignment,Conv1,V4,sub-01,2,1,-0.002302,0.241626
Feedback Alignment,Conv1,V4,sub-02,2,1,0.00504,0.010344
Feedback Alignment,Conv1,V4,sub-03,2,1,0.003301,0.093107
Feedback Alignment,Conv1,LOC,sub-01,2,1,0.003752,0.056253
Feedback Alignment,Conv1,LOC,sub-02,2,1,0.006512,0.000923
Feedback Alignment,Conv1,LOC,sub-03,2,1,-0.001326,0.499968
Feedback Alignment,Conv1,IT,sub-01,2,1,0.004582,0.019733
Feedback Alignment,Conv1,IT,sub-02,2,1,0.003907,0.04682
Feedback Alignment,Conv1,IT,sub-03,2,1,0.002445,0.213521
Feedback Alignment,Conv2,V1,sub-01,2,1,0.002805,0.153607
Feedback Alignment,Conv2,V1,sub-02,2,1,0.013511,0.0
Feedback Alignment,Conv2,V1,sub-03,2,1,0.004807,0.014454
Feedback Alignment,Conv2,V2,sub-01,2,1,0.002798,0.154516
Feedback Alignment,Conv2,V2,sub-02,2,1,0.007635,0.000103
Feedback Alignment,Conv2,V2,sub-03,2,1,0.000411,0.834424
Feedback Alignment,Conv2,V3,sub-01,2,1,0.00644,0.001051
Feedback Alignment,Conv2,V3,sub-02,2,1,0.004636,0.018355
Feedback Alignment,Conv2,V3,sub-03,2,1,-0.0003,0.878749
Feedback Alignment,Conv2,V4,sub-01,2,1,-0.000144,0.941645
Feedback Alignment,Conv2,V4,sub-02,2,1,0.002697,0.169974
Feedback Alignment,Conv2,V4,sub-03,2,1,0.005609,0.004325
Feedback Alignment,Conv2,LOC,sub-01,2,1,0.006675,0.000683
Feedback Alignment,Conv2,LOC,sub-02,2,1,0.00246,0.210817
Feedback Alignment,Conv2,LOC,sub-03,2,1,-0.001154,0.557032
Feedback Alignment,Conv2,IT,sub-01,2,1,0.00766,9.7e-05
Feedback Alignment,Conv2,IT,sub-02,2,1,0.001869,0.341772
Feedback Alignment,Conv2,IT,sub-03,2,1,0.001339,0.495845
Feedback Alignment,Conv3,V1,sub-01,2,1,-0.004372,0.026122
Feedback Alignment,Conv3,V1,sub-02,2,1,-0.004289,0.029094
Feedback Alignment,Conv3,V1,sub-03,2,1,0.005223,0.007881
Feedback Alignment,Conv3,V2,sub-01,2,1,-5e-05,0.979796
Feedback Alignment,Conv3,V2,sub-02,2,1,-0.00399,0.042367
Feedback Alignment,Conv3,V2,sub-03,2,1,0.002055,0.295675
Feedback Alignment,Conv3,V3,sub-01,2,1,0.004164,0.034116
Feedback Alignment,Conv3,V3,sub-02,2,1,-0.005105,0.009391
Feedback Alignment,Conv3,V3,sub-03,2,1,0.001145,0.560092
Feedback Alignment,Conv3,V4,sub-01,2,1,-0.002912,0.13851
Feedback Alignment,Conv3,V4,sub-02,2,1,-0.001971,0.316003
Feedback Alignment,Conv3,V4,sub-03,2,1,0.008805,7e-06
Feedback Alignment,Conv3,LOC,sub-01,2,1,0.007346,0.000186
Feedback Alignment,Conv3,LOC,sub-02,2,1,0.002589,0.187734
Feedback Alignment,Conv3,LOC,sub-03,2,1,-0.000725,0.712102
Feedback Alignment,Conv3,IT,sub-01,2,1,0.009076,4e-06
Feedback Alignment,Conv3,IT,sub-02,2,1,0.00079,0.687711
Feedback Alignment,Conv3,IT,sub-03,2,1,0.001806,0.358223
Feedback Alignment,FC1,V1,sub-01,2,1,0.049281,0.0
Feedback Alignment,FC1,V1,sub-02,2,1,0.076019,0.0
Feedback Alignment,FC1,V1,sub-03,2,1,0.014703,0.0
Feedback Alignment,FC1,V2,sub-01,2,1,0.029058,0.0
Feedback Alignment,FC1,V2,sub-02,2,1,0.05665,0.0
Feedback Alignment,FC1,V2,sub-03,2,1,0.004641,0.018209
Feedback Alignment,FC1,V3,sub-01,2,1,0.024192,0.0
Feedback Alignment,FC1,V3,sub-02,2,1,0.052788,0.0
Feedback Alignment,FC1,V3,sub-03,2,1,0.002869,0.144338
Feedback Alignment,FC1,V4,sub-01,2,1,0.008529,1.4e-05
Feedback Alignment,FC1,V4,sub-02,2,1,0.026575,0.0
Feedback Alignment,FC1,V4,sub-03,2,1,0.004385,0.025685
Feedback Alignment,FC1,LOC,sub-01,2,1,0.005933,0.002539
Feedback Alignment,FC1,LOC,sub-02,2,1,-0.001608,0.413306
Feedback Alignment,FC1,LOC,sub-03,2,1,-1.1e-05,0.995579
Feedback Alignment,FC1,IT,sub-01,2,1,0.006794,0.000547
Feedback Alignment,FC1,IT,sub-02,2,1,0.006551,0.00086
Feedback Alignment,FC1,IT,sub-03,2,1,0.002859,0.145845
Feedback Alignment,Conv1,V1,sub-01,2,2,0.00074,0.706436
Feedback Alignment,Conv1,V1,sub-02,2,2,0.014184,0.0
Feedback Alignment,Conv1,V1,sub-03,2,2,0.004419,0.024577
Feedback Alignment,Conv1,V2,sub-01,2,2,-0.001799,0.360006
Feedback Alignment,Conv1,V2,sub-02,2,2,0.007801,7.2e-05
Feedback Alignment,Conv1,V2,sub-03,2,2,-7.1e-05,0.971225
Feedback Alignment,Conv1,V3,sub-01,2,2,0.002705,0.168793
Feedback Alignment,Conv1,V3,sub-02,2,2,0.007861,6.3e-05
Feedback Alignment,Conv1,V3,sub-03,2,2,-0.000771,0.694763
Feedback Alignment,Conv1,V4,sub-01,2,2,-0.00161,0.412745
Feedback Alignment,Conv1,V4,sub-02,2,2,0.00515,0.00879
Feedback Alignment,Conv1,V4,sub-03,2,2,0.003127,0.111683
Feedback Alignment,Conv1,LOC,sub-01,2,2,0.004075,0.038129
Feedback Alignment,Conv1,LOC,sub-02,2,2,0.006051,0.002079
Feedback Alignment,Conv1,LOC,sub-03,2,2,-0.001218,0.535636
Feedback Alignment,Conv1,IT,sub-01,2,2,0.004784,0.01493
Feedback Alignment,Conv1,IT,sub-02,2,2,0.003653,0.063083
Feedback Alignment,Conv1,IT,sub-03,2,2,0.002547,0.19499
Feedback Alignment,Conv2,V1,sub-01,2,2,0.004555,0.020491
Feedback Alignment,Conv2,V1,sub-02,2,2,0.015708,0.0
Feedback Alignment,Conv2,V1,sub-03,2,2,0.005279,0.007236
Feedback Alignment,Conv2,V2,sub-01,2,2,0.003748,0.056515
Feedback Alignment,Conv2,V2,sub-02,2,2,0.008652,1.1e-05
Feedback Alignment,Conv2,V2,sub-03,2,2,0.000473,0.810003
Feedback Alignment,Conv2,V3,sub-01,2,2,0.00714,0.000281
Feedback Alignment,Conv2,V3,sub-02,2,2,0.004718,0.016376
Feedback Alignment,Conv2,V3,sub-03,2,2,-0.000168,0.931873
Feedback Alignment,Conv2,V4,sub-01,2,2,0.000406,0.836201
Feedback Alignment,Conv2,V4,sub-02,2,2,0.002634,0.180145
Feedback Alignment,Conv2,V4,sub-03,2,2,0.00559,0.004452
Feedback Alignment,Conv2,LOC,sub-01,2,2,0.006907,0.000441
Feedback Alignment,Conv2,LOC,sub-02,2,2,0.002147,0.274697
Feedback Alignment,Conv2,LOC,sub-03,2,2,-0.001072,0.58545
Feedback Alignment,Conv2,IT,sub-01,2,2,0.007816,7e-05
Feedback Alignment,Conv2,IT,sub-02,2,2,0.001799,0.360168
Feedback Alignment,Conv2,IT,sub-03,2,2,0.001322,0.501078
Feedback Alignment,Conv3,V1,sub-01,2,2,-0.003484,0.076288
Feedback Alignment,Conv3,V1,sub-02,2,2,-0.003421,0.081761
Feedback Alignment,Conv3,V1,sub-03,2,2,0.005506,0.005093
Feedback Alignment,Conv3,V2,sub-01,2,2,0.000479,0.807641
Feedback Alignment,Conv3,V2,sub-02,2,2,-0.003671,0.061788
Feedback Alignment,Conv3,V2,sub-03,2,2,0.002133,0.27787
Feedback Alignment,Conv3,V3,sub-01,2,2,0.004574,0.01997
Feedback Alignment,Conv3,V3,sub-02,2,2,-0.005285,0.007172
Feedback Alignment,Conv3,V3,sub-03,2,2,0.001258,0.522276
Feedback Alignment,Conv3,V4,sub-01,2,2,-0.00262,0.18255
Feedback Alignment,Conv3,V4,sub-02,2,2,-0.002179,0.267677
Feedback Alignment,Conv3,V4,sub-03,2,2,0.008862,7e-06
Feedback Alignment,Conv3,LOC,sub-01,2,2,0.007555,0.000121
Feedback Alignment,Conv3,LOC,sub-02,2,2,0.002529,0.198226
Feedback Alignment,Conv3,LOC,sub-03,2,2,-0.000674,0.731648
Feedback Alignment,Conv3,IT,sub-01,2,2,0.009259,2e-06
Feedback Alignment,Conv3,IT,sub-02,2,2,0.000769,0.695436
Feedback Alignment,Conv3,IT,sub-03,2,2,0.00182,0.354403
Feedback Alignment,FC1,V1,sub-01,2,2,0.046641,0.0
Feedback Alignment,FC1,V1,sub-02,2,2,0.073778,0.0
Feedback Alignment,FC1,V1,sub-03,2,2,0.014267,0.0
Feedback Alignment,FC1,V2,sub-01,2,2,0.028096,0.0
Feedback Alignment,FC1,V2,sub-02,2,2,0.054869,0.0
Feedback Alignment,FC1,V2,sub-03,2,2,0.004599,0.019302
Feedback Alignment,FC1,V3,sub-01,2,2,0.023939,0.0
Feedback Alignment,FC1,V3,sub-02,2,2,0.049378,0.0
Feedback Alignment,FC1,V3,sub-03,2,2,0.002851,0.146897
Feedback Alignment,FC1,V4,sub-01,2,2,0.007925,5.5e-05
Feedback Alignment,FC1,V4,sub-02,2,2,0.02454,0.0
Feedback Alignment,FC1,V4,sub-03,2,2,0.004419,0.024562
Feedback Alignment,FC1,LOC,sub-01,2,2,0.00618,0.001667
Feedback Alignment,FC1,LOC,sub-02,2,2,-0.000819,0.677065
Feedback Alignment,FC1,LOC,sub-03,2,2,3.6e-05,0.985214
Feedback Alignment,FC1,IT,sub-01,2,2,0.006985,0.00038
Feedback Alignment,FC1,IT,sub-02,2,2,0.006556,0.000852
Feedback Alignment,FC1,IT,sub-03,2,2,0.002586,0.188368
Feedback Alignment,Conv1,V1,sub-01,2,5,-0.000966,0.623247
Feedback Alignment,Conv1,V1,sub-02,2,5,0.011626,0.0
Feedback Alignment,Conv1,V1,sub-03,2,5,0.004011,0.041293
Feedback Alignment,Conv1,V2,sub-01,2,5,-0.002725,0.165596
Feedback Alignment,Conv1,V2,sub-02,2,5,0.00649,0.000961
Feedback Alignment,Conv1,V2,sub-03,2,5,-0.000122,0.95038
Feedback Alignment,Conv1,V3,sub-01,2,5,0.002054,0.296016
Feedback Alignment,Conv1,V3,sub-02,2,5,0.007277,0.000214
Feedback Alignment,Conv1,V3,sub-03,2,5,-0.00082,0.676449
Feedback Alignment,Conv1,V4,sub-01,2,5,-0.002095,0.286398
Feedback Alignment,Conv1,V4,sub-02,2,5,0.004739,0.015911
Feedback Alignment,Conv1,V4,sub-03,2,5,0.00326,0.09718
Feedback Alignment,Conv1,LOC,sub-01,2,5,0.003941,0.044938
Feedback Alignment,Conv1,LOC,sub-02,2,5,0.006378,0.001174
Feedback Alignment,Conv1,LOC,sub-03,2,5,-0.001282,0.514094
Feedback Alignment,Conv1,IT,sub-01,2,5,0.004754,0.015585
Feedback Alignment,Conv1,IT,sub-02,2,5,0.003766,0.055374
Feedback Alignment,Conv1,IT,sub-03,2,5,0.002505,0.202465
Feedback Alignment,Conv2,V1,sub-01,2,5,0.003445,0.079635
Feedback Alignment,Conv2,V1,sub-02,2,5,0.013588,0.0
Feedback Alignment,Conv2,V1,sub-03,2,5,0.005033,0.010451
Feedback Alignment,Conv2,V2,sub-01,2,5,0.003277,0.095496
Feedback Alignment,Conv2,V2,sub-02,2,5,0.007398,0.000167
Feedback Alignment,Conv2,V2,sub-03,2,5,0.000448,0.81966
Feedback Alignment,Conv2,V3,sub-01,2,5,0.006817,0.000524
Feedback Alignment,Conv2,V3,sub-02,2,5,0.003831,0.051276
Feedback Alignment,Conv2,V3,sub-03,2,5,-0.000133,0.946017
Feedback Alignment,Conv2,V4,sub-01,2,5,0.000211,0.914648
Feedback Alignment,Conv2,V4,sub-02,2,5,0.002085,0.288725
Feedback Alignment,Conv2,V4,sub-03,2,5,0.005716,0.003636
Feedback Alignment,Conv2,LOC,sub-01,2,5,0.006873,0.000471
Feedback Alignment,Conv2,LOC,sub-02,2,5,0.002216,0.259591
Feedback Alignment,Conv2,LOC,sub-03,2,5,-0.001143,0.560861
Feedback Alignment,Conv2,IT,sub-01,2,5,0.007822,6.9e-05
Feedback Alignment,Conv2,IT,sub-02,2,5,0.0017,0.387232
Feedback Alignment,Conv2,IT,sub-03,2,5,0.001296,0.509725
Feedback Alignment,Conv3,V1,sub-01,2,5,-0.003601,0.066914
Feedback Alignment,Conv3,V1,sub-02,2,5,-0.003763,0.055544
Feedback Alignment,Conv3,V1,sub-03,2,5,0.005561,0.004666
Feedback Alignment,Conv3,V2,sub-01,2,5,0.000588,0.764674
Feedback Alignment,Conv3,V2,sub-02,2,5,-0.00376,0.055733
Feedback Alignment,Conv3,V2,sub-03,2,5,0.002179,0.267558
Feedback Alignment,Conv3,V3,sub-01,2,5,0.004775,0.015117
Feedback Alignment,Conv3,V3,sub-02,2,5,-0.00563,0.004177
Feedback Alignment,Conv3,V3,sub-03,2,5,0.001402,0.475545
Feedback Alignment,Conv3,V4,sub-01,2,5,-0.002578,0.189594
Feedback Alignment,Conv3,V4,sub-02,2,5,-0.002667,0.174854
Feedback Alignment,Conv3,V4,sub-03,2,5,0.008963,5e-06
Feedback Alignment,Conv3,LOC,sub-01,2,5,0.007502,0.000135
Feedback Alignment,Conv3,LOC,sub-02,2,5,0.00254,0.196328
Feedback Alignment,Conv3,LOC,sub-03,2,5,-0.000762,0.698377
Feedback Alignment,Conv3,IT,sub-01,2,5,0.009186,3e-06
Feedback Alignment,Conv3,IT,sub-02,2,5,0.000725,0.712406
Feedback Alignment,Conv3,IT,sub-03,2,5,0.00182,0.354441
Feedback Alignment,FC1,V1,sub-01,2,5,0.042469,0.0
Feedback Alignment,FC1,V1,sub-02,2,5,0.069361,0.0
Feedback Alignment,FC1,V1,sub-03,2,5,0.014466,0.0
Feedback Alignment,FC1,V2,sub-01,2,5,0.026954,0.0
Feedback Alignment,FC1,V2,sub-02,2,5,0.05187,0.0
Feedback Alignment,FC1,V2,sub-03,2,5,0.00447,0.022941
Feedback Alignment,FC1,V3,sub-01,2,5,0.023587,0.0
Feedback Alignment,FC1,V3,sub-02,2,5,0.043996,0.0
Feedback Alignment,FC1,V3,sub-03,2,5,0.002913,0.138281
Feedback Alignment,FC1,V4,sub-01,2,5,0.007435,0.000155
Feedback Alignment,FC1,V4,sub-02,2,5,0.021164,0.0
Feedback Alignment,FC1,V4,sub-03,2,5,0.004318,0.028037
Feedback Alignment,FC1,LOC,sub-01,2,5,0.007077,0.000318
Feedback Alignment,FC1,LOC,sub-02,2,5,0.001189,0.545305
Feedback Alignment,FC1,LOC,sub-03,2,5,-5e-05,0.979592
Feedback Alignment,FC1,IT,sub-01,2,5,0.00756,0.00012
Feedback Alignment,FC1,IT,sub-02,2,5,0.007216,0.000241
Feedback Alignment,FC1,IT,sub-03,2,5,0.002123,0.280137
Feedback Alignment,Conv1,V1,sub-01,2,10,0.000364,0.853115
Feedback Alignment,Conv1,V1,sub-02,2,10,0.013941,0.0
Feedback Alignment,Conv1,V1,sub-03,2,10,0.004402,0.025103
Feedback Alignment,Conv1,V2,sub-01,2,10,-0.002035,0.300421
Feedback Alignment,Conv1,V2,sub-02,2,10,0.007895,5.9e-05
Feedback Alignment,Conv1,V2,sub-03,2,10,-4.3e-05,0.982484
Feedback Alignment,Conv1,V3,sub-01,2,10,0.002621,0.18234
Feedback Alignment,Conv1,V3,sub-02,2,10,0.0081,3.8e-05
Feedback Alignment,Conv1,V3,sub-03,2,10,-0.000738,0.707265
Feedback Alignment,Conv1,V4,sub-01,2,10,-0.00174,0.376092
Feedback Alignment,Conv1,V4,sub-02,2,10,0.005151,0.008778
Feedback Alignment,Conv1,V4,sub-03,2,10,0.003206,0.102896
Feedback Alignment,Conv1,LOC,sub-01,2,10,0.003984,0.042653
Feedback Alignment,Conv1,LOC,sub-02,2,10,0.006262,0.001444
Feedback Alignment,Conv1,LOC,sub-03,2,10,-0.001249,0.525211
Feedback Alignment,Conv1,IT,sub-01,2,10,0.004716,0.016416
Feedback Alignment,Conv1,IT,sub-02,2,10,0.003807,0.052771
Feedback Alignment,Conv1,IT,sub-03,2,10,0.002569,0.191233
Feedback Alignment,Conv2,V1,sub-01,2,10,0.004835,0.013906
Feedback Alignment,Conv2,V1,sub-02,2,10,0.015885,0.0
Feedback Alignment,Conv2,V1,sub-03,2,10,0.005481,0.005293
Feedback Alignment,Conv2,V2,sub-01,2,10,0.003952,0.044361
Feedback Alignment,Conv2,V2,sub-02,2,10,0.008687,1e-05
Feedback Alignment,Conv2,V2,sub-03,2,10,0.000521,0.790924
Feedback Alignment,Conv2,V3,sub-01,2,10,0.007391,0.00017
Feedback Alignment,Conv2,V3,sub-02,2,10,0.004521,0.021455
Feedback Alignment,Conv2,V3,sub-03,2,10,-2.9e-05,0.988096
Feedback Alignment,Conv2,V4,sub-01,2,10,0.000588,0.764854
Feedback Alignment,Conv2,V4,sub-02,2,10,0.002379,0.226065
Feedback Alignment,Conv2,V4,sub-03,2,10,0.005679,0.003859
Feedback Alignment,Conv2,LOC,sub-01,2,10,0.006921,0.000429
Feedback Alignment,Conv2,LOC,sub-02,2,10,0.002159,0.272015
Feedback Alignment,Conv2,LOC,sub-03,2,10,-0.001134,0.5639
Feedback Alignment,Conv2,IT,sub-01,2,10,0.007846,6.6e-05
Feedback Alignment,Conv2,IT,sub-02,2,10,0.001797,0.360601
Feedback Alignment,Conv2,IT,sub-03,2,10,0.00133,0.498545
Feedback Alignment,Conv3,V1,sub-01,2,10,-0.002878,0.143169
Feedback Alignment,Conv3,V1,sub-02,2,10,-0.002659,0.176071
Feedback Alignment,Conv3,V1,sub-03,2,10,0.00603,0.002154
Feedback Alignment,Conv3,V2,sub-01,2,10,0.000951,0.628484
Feedback Alignment,Conv3,V2,sub-02,2,10,-0.003128,0.111525
Feedback Alignment,Conv3,V2,sub-03,2,10,0.002333,0.235173
Feedback Alignment,Conv3,V3,sub-01,2,10,0.00516,0.008655
Feedback Alignment,Conv3,V3,sub-02,2,10,-0.005362,0.006368
Feedback Alignment,Conv3,V3,sub-03,2,10,0.001597,0.416652
Feedback Alignment,Conv3,V4,sub-01,2,10,-0.002498,0.203801
Feedback Alignment,Conv3,V4,sub-02,2,10,-0.002703,0.169018
Feedback Alignment,Conv3,V4,sub-03,2,10,0.009026,4e-06
Feedback Alignment,Conv3,LOC,sub-01,2,10,0.007487,0.000139
Feedback Alignment,Conv3,LOC,sub-02,2,10,0.002909,0.138862
Feedback Alignment,Conv3,LOC,sub-03,2,10,-0.000858,0.662286
Feedback Alignment,Conv3,IT,sub-01,2,10,0.009206,3e-06
Feedback Alignment,Conv3,IT,sub-02,2,10,0.001005,0.609192
Feedback Alignment,Conv3,IT,sub-03,2,10,0.001848,0.34722
Feedback Alignment,FC1,V1,sub-01,2,10,0.0362,0.0
Feedback Alignment,FC1,V1,sub-02,2,10,0.058679,0.0
Feedback Alignment,FC1,V1,sub-03,2,10,0.014479,0.0
Feedback Alignment,FC1,V2,sub-01,2,10,0.023275,0.0
Feedback Alignment,FC1,V2,sub-02,2,10,0.044615,0.0
Feedback Alignment,FC1,V2,sub-03,2,10,0.004353,0.026796
Feedback Alignment,FC1,V3,sub-01,2,10,0.020428,0.0
Feedback Alignment,FC1,V3,sub-02,2,10,0.036872,0.0
Feedback Alignment,FC1,V3,sub-03,2,10,0.002718,0.166692
Feedback Alignment,FC1,V4,sub-01,2,10,0.005746,0.003463
Feedback Alignment,FC1,V4,sub-02,2,10,0.018393,0.0
Feedback Alignment,FC1,V4,sub-03,2,10,0.004791,0.014794
Feedback Alignment,FC1,LOC,sub-01,2,10,0.007708,8.8e-05
Feedback Alignment,FC1,LOC,sub-02,2,10,0.004188,0.033134
Feedback Alignment,FC1,LOC,sub-03,2,10,-5.6e-05,0.977078
Feedback Alignment,FC1,IT,sub-01,2,10,0.008371,2.1e-05
Feedback Alignment,FC1,IT,sub-02,2,10,0.007934,5.4e-05
Feedback Alignment,FC1,IT,sub-03,2,10,0.001978,0.314377
Feedback Alignment,Conv1,V1,sub-01,2,20,-0.000733,0.709157
Feedback Alignment,Conv1,V1,sub-02,2,20,0.012039,0.0
Feedback Alignment,Conv1,V1,sub-03,2,20,0.004059,0.03893
Feedback Alignment,Conv1,V2,sub-01,2,20,-0.002601,0.18568
Feedback Alignment,Conv1,V2,sub-02,2,20,0.006812,0.000529
Feedback Alignment,Conv1,V2,sub-03,2,20,-7.4e-05,0.969988
Feedback Alignment,Conv1,V3,sub-01,2,20,0.002194,0.264291
Feedback Alignment,Conv1,V3,sub-02,2,20,0.007655,9.8e-05
Feedback Alignment,Conv1,V3,sub-03,2,20,-0.000817,0.677752
Feedback Alignment,Conv1,V4,sub-01,2,20,-0.002104,0.284531
Feedback Alignment,Conv1,V4,sub-02,2,20,0.00497,0.011448
Feedback Alignment,Conv1,V4,sub-03,2,20,0.003273,0.095833
Feedback Alignment,Conv1,LOC,sub-01,2,20,0.00386,0.049536
Feedback Alignment,Conv1,LOC,sub-02,2,20,0.006413,0.001103
Feedback Alignment,Conv1,LOC,sub-03,2,20,-0.001304,0.506979
Feedback Alignment,Conv1,IT,sub-01,2,20,0.004649,0.018022
Feedback Alignment,Conv1,IT,sub-02,2,20,0.003804,0.052923
Feedback Alignment,Conv1,IT,sub-03,2,20,0.002451,0.212406
Feedback Alignment,Conv2,V1,sub-01,2,20,0.003538,0.071878
Feedback Alignment,Conv2,V1,sub-02,2,20,0.013658,0.0
Feedback Alignment,Conv2,V1,sub-03,2,20,0.005162,0.008635
Feedback Alignment,Conv2,V2,sub-01,2,20,0.003202,0.103287
Feedback Alignment,Conv2,V2,sub-02,2,20,0.007249,0.000226
Feedback Alignment,Conv2,V2,sub-03,2,20,0.000486,0.80457
Feedback Alignment,Conv2,V3,sub-01,2,20,0.006881,0.000464
Feedback Alignment,Conv2,V3,sub-02,2,20,0.003806,0.052839
Feedback Alignment,Conv2,V3,sub-03,2,20,-7.3e-05,0.970555
Feedback Alignment,Conv2,V4,sub-01,2,20,0.000257,0.896013
Feedback Alignment,Conv2,V4,sub-02,2,20,0.002179,0.267538
Feedback Alignment,Conv2,V4,sub-03,2,20,0.005769,0.003334
Feedback Alignment,Conv2,LOC,sub-01,2,20,0.006823,0.000518
Feedback Alignment,Conv2,LOC,sub-02,2,20,0.002458,0.211049
Feedback Alignment,Conv2,LOC,sub-03,2,20,-0.001164,0.553729
Feedback Alignment,Conv2,IT,sub-01,2,20,0.007812,7.1e-05
Feedback Alignment,Conv2,IT,sub-02,2,20,0.001838,0.349708
Feedback Alignment,Conv2,IT,sub-03,2,20,0.001315,0.503603
Feedback Alignment,Conv3,V1,sub-01,2,20,-0.004278,0.029525
Feedback Alignment,Conv3,V1,sub-02,2,20,-0.005684,0.003828
Feedback Alignment,Conv3,V1,sub-03,2,20,0.005934,0.002535
Feedback Alignment,Conv3,V2,sub-01,2,20,0.000211,0.914513
Feedback Alignment,Conv3,V2,sub-02,2,20,-0.005219,0.007923
Feedback Alignment,Conv3,V2,sub-03,2,20,0.002349,0.232087
Feedback Alignment,Conv3,V3,sub-01,2,20,0.004586,0.019645
Feedback Alignment,Conv3,V3,sub-02,2,20,-0.006927,0.000425
Feedback Alignment,Conv3,V3,sub-03,2,20,0.001734,0.377765
Feedback Alignment,Conv3,V4,sub-01,2,20,-0.002956,0.132552
Feedback Alignment,Conv3,V4,sub-02,2,20,-0.003414,0.082411
Feedback Alignment,Conv3,V4,sub-03,2,20,0.009326,2e-06
Feedback Alignment,Conv3,LOC,sub-01,2,20,0.007349,0.000185
Feedback Alignment,Conv3,LOC,sub-02,2,20,0.003629,0.064856
Feedback Alignment,Conv3,LOC,sub-03,2,20,-0.00097,0.621489
Feedback Alignment,Conv3,IT,sub-01,2,20,0.009191,3e-06
Feedback Alignment,Conv3,IT,sub-02,2,20,0.001327,0.499652
Feedback Alignment,Conv3,IT,sub-03,2,20,0.001815,0.355854
Feedback Alignment,FC1,V1,sub-01,2,20,0.029631,0.0
Feedback Alignment,FC1,V1,sub-02,2,20,0.04646,0.0
Feedback Alignment,FC1,V1,sub-03,2,20,0.014585,0.0
Feedback Alignment,FC1,V2,sub-01,2,20,0.019268,0.0
Feedback Alignment,FC1,V2,sub-02,2,20,0.035973,0.0
Feedback Alignment,FC1,V2,sub-03,2,20,0.004684,0.017162
Feedback Alignment,FC1,V3,sub-01,2,20,0.016443,0.0
Feedback Alignment,FC1,V3,sub-02,2,20,0.029334,0.0
Feedback Alignment,FC1,V3,sub-03,2,20,0.002822,0.151077
Feedback Alignment,FC1,V4,sub-01,2,20,0.003939,0.045066
Feedback Alignment,FC1,V4,sub-02,2,20,0.016253,0.0
Feedback Alignment,FC1,V4,sub-03,2,20,0.00588,0.002777
Feedback Alignment,FC1,LOC,sub-01,2,20,0.007995,4.7e-05
Feedback Alignment,FC1,LOC,sub-02,2,20,0.006712,0.000638
Feedback Alignment,FC1,LOC,sub-03,2,20,0.000318,0.871321
Feedback Alignment,FC1,IT,sub-01,2,20,0.009002,5e-06
Feedback Alignment,FC1,IT,sub-02,2,20,0.008666,1e-05
Feedback Alignment,FC1,IT,sub-03,2,20,0.002206,0.261689
Feedback Alignment,Conv1,V1,sub-01,2,30,0.000801,0.683603
Feedback Alignment,Conv1,V1,sub-02,2,30,0.015059,0.0
Feedback Alignment,Conv1,V1,sub-03,2,30,0.004505,0.021911
Feedback Alignment,Conv1,V2,sub-01,2,30,-0.00178,0.365223
Feedback Alignment,Conv1,V2,sub-02,2,30,0.008878,6e-06
Feedback Alignment,Conv1,V2,sub-03,2,30,6.1e-05,0.975286
Feedback Alignment,Conv1,V3,sub-01,2,30,0.00292,0.137343
Feedback Alignment,Conv1,V3,sub-02,2,30,0.009157,3e-06
Feedback Alignment,Conv1,V3,sub-03,2,30,-0.000716,0.71548
Feedback Alignment,Conv1,V4,sub-01,2,30,-0.001738,0.376615
Feedback Alignment,Conv1,V4,sub-02,2,30,0.005668,0.003933
Feedback Alignment,Conv1,V4,sub-03,2,30,0.003243,0.098987
Feedback Alignment,Conv1,LOC,sub-01,2,30,0.00382,0.051934
Feedback Alignment,Conv1,LOC,sub-02,2,30,0.006336,0.001267
Feedback Alignment,Conv1,LOC,sub-03,2,30,-0.001297,0.509316
Feedback Alignment,Conv1,IT,sub-01,2,30,0.004507,0.021853
Feedback Alignment,Conv1,IT,sub-02,2,30,0.003941,0.044984
Feedback Alignment,Conv1,IT,sub-03,2,30,0.002489,0.205366
Feedback Alignment,Conv2,V1,sub-01,2,30,0.004979,0.011304
Feedback Alignment,Conv2,V1,sub-02,2,30,0.016329,0.0
Feedback Alignment,Conv2,V1,sub-03,2,30,0.005627,0.0042
Feedback Alignment,Conv2,V2,sub-01,2,30,0.004001,0.041782
Feedback Alignment,Conv2,V2,sub-02,2,30,0.008964,5e-06
Feedback Alignment,Conv2,V2,sub-03,2,30,0.000594,0.76247
Feedback Alignment,Conv2,V3,sub-01,2,30,0.007503,0.000135
Feedback Alignment,Conv2,V3,sub-02,2,30,0.005003,0.010919
Feedback Alignment,Conv2,V3,sub-03,2,30,3.6e-05,0.985526
Feedback Alignment,Conv2,V4,sub-01,2,30,0.000588,0.764824
Feedback Alignment,Conv2,V4,sub-02,2,30,0.002707,0.168493
Feedback Alignment,Conv2,V4,sub-03,2,30,0.005741,0.003493
Feedback Alignment,Conv2,LOC,sub-01,2,30,0.00681,0.000531
Feedback Alignment,Conv2,LOC,sub-02,2,30,0.00236,0.229805
Feedback Alignment,Conv2,LOC,sub-03,2,30,-0.001182,0.547481
Feedback Alignment,Conv2,IT,sub-01,2,30,0.007761,7.9e-05
Feedback Alignment,Conv2,IT,sub-02,2,30,0.001953,0.320422
Feedback Alignment,Conv2,IT,sub-03,2,30,0.001365,0.48729
Feedback Alignment,Conv3,V1,sub-01,2,30,-0.003701,0.05972
Feedback Alignment,Conv3,V1,sub-02,2,30,-0.004625,0.018632
Feedback Alignment,Conv3,V1,sub-03,2,30,0.006305,0.001337
Feedback Alignment,Conv3,V2,sub-01,2,30,0.000583,0.766661
Feedback Alignment,Conv3,V2,sub-02,2,30,-0.004428,0.024267
Feedback Alignment,Conv3,V2,sub-03,2,30,0.002476,0.207741
Feedback Alignment,Conv3,V3,sub-01,2,30,0.004838,0.013847
Feedback Alignment,Conv3,V3,sub-02,2,30,-0.006264,0.001438
Feedback Alignment,Conv3,V3,sub-03,2,30,0.001906,0.332207
Feedback Alignment,Conv3,V4,sub-01,2,30,-0.002972,0.130484
Feedback Alignment,Conv3,V4,sub-02,2,30,-0.003213,0.102153
Feedback Alignment,Conv3,V4,sub-03,2,30,0.009416,2e-06
Feedback Alignment,Conv3,LOC,sub-01,2,30,0.007241,0.00023
Feedback Alignment,Conv3,LOC,sub-02,2,30,0.003739,0.057109
Feedback Alignment,Conv3,LOC,sub-03,2,30,-0.001093,0.578319
Feedback Alignment,Conv3,IT,sub-01,2,30,0.009133,3e-06
Feedback Alignment,Conv3,IT,sub-02,2,30,0.001479,0.451656
Feedback Alignment,Conv3,IT,sub-03,2,30,0.00188,0.338877
Feedback Alignment,FC1,V1,sub-01,2,30,0.026163,0.0
Feedback Alignment,FC1,V1,sub-02,2,30,0.040949,0.0
Feedback Alignment,FC1,V1,sub-03,2,30,0.014424,0.0
Feedback Alignment,FC1,V2,sub-01,2,30,0.017533,0.0
Feedback Alignment,FC1,V2,sub-02,2,30,0.032692,0.0
Feedback Alignment,FC1,V2,sub-03,2,30,0.004872,0.013193
Feedback Alignment,FC1,V3,sub-01,2,30,0.014915,0.0
Feedback Alignment,FC1,V3,sub-02,2,30,0.026075,0.0
Feedback Alignment,FC1,V3,sub-03,2,30,0.002971,0.130654
Feedback Alignment,FC1,V4,sub-01,2,30,0.003035,0.122577
Feedback Alignment,FC1,V4,sub-02,2,30,0.014804,0.0
Feedback Alignment,FC1,V4,sub-03,2,30,0.00636,0.001213
Feedback Alignment,FC1,LOC,sub-01,2,30,0.007933,5.4e-05
Feedback Alignment,FC1,LOC,sub-02,2,30,0.007263,0.00022
Feedback Alignment,FC1,LOC,sub-03,2,30,0.000465,0.812906
Feedback Alignment,FC1,IT,sub-01,2,30,0.009037,4e-06
Feedback Alignment,FC1,IT,sub-02,2,30,0.008689,1e-05
Feedback Alignment,FC1,IT,sub-03,2,30,0.002338,0.234179
Feedback Alignment,Conv1,V1,sub-01,2,40,-0.000242,0.902005
Feedback Alignment,Conv1,V1,sub-02,2,40,0.012638,0.0
Feedback Alignment,Conv1,V1,sub-03,2,40,0.00418,0.03347
Feedback Alignment,Conv1,V2,sub-01,2,40,-0.002339,0.233977
Feedback Alignment,Conv1,V2,sub-02,2,40,0.007039,0.000342
Feedback Alignment,Conv1,V2,sub-03,2,40,-6.1e-05,0.975375
Feedback Alignment,Conv1,V3,sub-01,2,40,0.002364,0.22899
Feedback Alignment,Conv1,V3,sub-02,2,40,0.007676,9.4e-05
Feedback Alignment,Conv1,V3,sub-03,2,40,-0.000802,0.683346
Feedback Alignment,Conv1,V4,sub-01,2,40,-0.001961,0.31851
Feedback Alignment,Conv1,V4,sub-02,2,40,0.005044,0.010279
Feedback Alignment,Conv1,V4,sub-03,2,40,0.003239,0.099352
Feedback Alignment,Conv1,LOC,sub-01,2,40,0.003925,0.045832
Feedback Alignment,Conv1,LOC,sub-02,2,40,0.00632,0.001302
Feedback Alignment,Conv1,LOC,sub-03,2,40,-0.001271,0.517917
Feedback Alignment,Conv1,IT,sub-01,2,40,0.004683,0.017187
Feedback Alignment,Conv1,IT,sub-02,2,40,0.003759,0.055829
Feedback Alignment,Conv1,IT,sub-03,2,40,0.002463,0.210216
Feedback Alignment,Conv2,V1,sub-01,2,40,0.0039,0.047262
Feedback Alignment,Conv2,V1,sub-02,2,40,0.014167,0.0
Feedback Alignment,Conv2,V1,sub-03,2,40,0.005282,0.007205
Feedback Alignment,Conv2,V2,sub-01,2,40,0.003415,0.082325
Feedback Alignment,Conv2,V2,sub-02,2,40,0.007545,0.000124
Feedback Alignment,Conv2,V2,sub-03,2,40,0.000532,0.786571
Feedback Alignment,Conv2,V3,sub-01,2,40,0.007029,0.000349
Feedback Alignment,Conv2,V3,sub-02,2,40,0.003948,0.044562
Feedback Alignment,Conv2,V3,sub-03,2,40,-1.1e-05,0.995495
Feedback Alignment,Conv2,V4,sub-01,2,40,0.000364,0.853056
Feedback Alignment,Conv2,V4,sub-02,2,40,0.002255,0.251281
Feedback Alignment,Conv2,V4,sub-03,2,40,0.005818,0.003074
Feedback Alignment,Conv2,LOC,sub-01,2,40,0.006875,0.000469
Feedback Alignment,Conv2,LOC,sub-02,2,40,0.002451,0.212446
Feedback Alignment,Conv2,LOC,sub-03,2,40,-0.001134,0.564097
Feedback Alignment,Conv2,IT,sub-01,2,40,0.00786,6.4e-05
Feedback Alignment,Conv2,IT,sub-02,2,40,0.001885,0.337551
Feedback Alignment,Conv2,IT,sub-03,2,40,0.001344,0.493999
Feedback Alignment,Conv3,V1,sub-01,2,40,-0.004709,0.016584
Feedback Alignment,Conv3,V1,sub-02,2,40,-0.006641,0.000728
Feedback Alignment,Conv3,V1,sub-03,2,40,0.005956,0.002445
Feedback Alignment,Conv3,V2,sub-01,2,40,2.6e-05,0.989286
Feedback Alignment,Conv3,V2,sub-02,2,40,-0.005802,0.00316
Feedback Alignment,Conv3,V2,sub-03,2,40,0.002384,0.225237
Feedback Alignment,Conv3,V3,sub-01,2,40,0.004372,0.026124
Feedback Alignment,Conv3,V3,sub-02,2,40,-0.007418,0.000161
Feedback Alignment,Conv3,V3,sub-03,2,40,0.001828,0.352249
Feedback Alignment,Conv3,V4,sub-01,2,40,-0.00315,0.108994
Feedback Alignment,Conv3,V4,sub-02,2,40,-0.003622,0.065385
Feedback Alignment,Conv3,V4,sub-03,2,40,0.009506,1e-06
Feedback Alignment,Conv3,LOC,sub-01,2,40,0.007338,0.000189
Feedback Alignment,Conv3,LOC,sub-02,2,40,0.003947,0.044632
Feedback Alignment,Conv3,LOC,sub-03,2,40,-0.000996,0.61241
Feedback Alignment,Conv3,IT,sub-01,2,40,0.009256,2e-06
Feedback Alignment,Conv3,IT,sub-02,2,40,0.001491,0.448105
Feedback Alignment,Conv3,IT,sub-03,2,40,0.001843,0.348377
Feedback Alignment,FC1,V1,sub-01,2,40,0.024547,0.0
Feedback Alignment,FC1,V1,sub-02,2,40,0.03779,0.0
Feedback Alignment,FC1,V1,sub-03,2,40,0.014033,0.0
Feedback Alignment,FC1,V2,sub-01,2,40,0.016641,0.0
Feedback Alignment,FC1,V2,sub-02,2,40,0.030424,0.0
Feedback Alignment,FC1,V2,sub-03,2,40,0.004814,0.014319
Feedback Alignment,FC1,V3,sub-01,2,40,0.014073,0.0
Feedback Alignment,FC1,V3,sub-02,2,40,0.024223,0.0
Feedback Alignment,FC1,V3,sub-03,2,40,0.00289,0.141412
Feedback Alignment,FC1,V4,sub-01,2,40,0.002694,0.170419
Feedback Alignment,FC1,V4,sub-02,2,40,0.014159,0.0
Feedback Alignment,FC1,V4,sub-03,2,40,0.006552,0.000857
Feedback Alignment,FC1,LOC,sub-01,2,40,0.008079,4e-05
Feedback Alignment,FC1,LOC,sub-02,2,40,0.007574,0.000117
Feedback Alignment,FC1,LOC,sub-03,2,40,0.000533,0.786132
Feedback Alignment,FC1,IT,sub-01,2,40,0.009222,3e-06
Feedback Alignment,FC1,IT,sub-02,2,40,0.008597,1.2e-05
Feedback Alignment,FC1,IT,sub-03,2,40,0.002322,0.237453
Predictive Coding,Conv1,V1,sub-01,2,0,0.031981,0.0
Predictive Coding,Conv1,V1,sub-02,2,0,0.04827,0.0
Predictive Coding,Conv1,V1,sub-03,2,0,0.010187,0.0
Predictive Coding,Conv1,V2,sub-01,2,0,0.018364,0.0
Predictive Coding,Conv1,V2,sub-02,2,0,0.024505,0.0
Predictive Coding,Conv1,V2,sub-03,2,0,6.8e-05,0.972267
Predictive Coding,Conv1,V3,sub-01,2,0,0.014134,0.0
Predictive Coding,Conv1,V3,sub-02,2,0,0.015239,0.0
Predictive Coding,Conv1,V3,sub-03,2,0,0.003123,0.112116
Predictive Coding,Conv1,V4,sub-01,2,0,0.007554,0.000121
Predictive Coding,Conv1,V4,sub-02,2,0,0.005405,0.00596
Predictive Coding,Conv1,V4,sub-03,2,0,0.006177,0.001674
Predictive Coding,Conv1,LOC,sub-01,2,0,0.008205,3e-05
Predictive Coding,Conv1,LOC,sub-02,2,0,0.00309,0.115927
Predictive Coding,Conv1,LOC,sub-03,2,0,-0.00166,0.398434
Predictive Coding,Conv1,IT,sub-01,2,0,0.008748,9e-06
Predictive Coding,Conv1,IT,sub-02,2,0,0.005104,0.009409
Predictive Coding,Conv1,IT,sub-03,2,0,0.00239,0.223964
Predictive Coding,Conv2,V1,sub-01,2,0,0.049972,0.0
Predictive Coding,Conv2,V1,sub-02,2,0,0.068679,0.0
Predictive Coding,Conv2,V1,sub-03,2,0,0.014551,0.0
Predictive Coding,Conv2,V2,sub-01,2,0,0.024705,0.0
Predictive Coding,Conv2,V2,sub-02,2,0,0.035081,0.0
Predictive Coding,Conv2,V2,sub-03,2,0,0.001523,0.438292
Predictive Coding,Conv2,V3,sub-01,2,0,0.017564,0.0
Predictive Coding,Conv2,V3,sub-02,2,0,0.026167,0.0
Predictive Coding,Conv2,V3,sub-03,2,0,0.004009,0.041402
Predictive Coding,Conv2,V4,sub-01,2,0,0.010401,0.0
Predictive Coding,Conv2,V4,sub-02,2,0,0.015006,0.0
Predictive Coding,Conv2,V4,sub-03,2,0,0.006966,0.000394
Predictive Coding,Conv2,LOC,sub-01,2,0,0.007809,7.1e-05
Predictive Coding,Conv2,LOC,sub-02,2,0,0.004536,0.021015
Predictive Coding,Conv2,LOC,sub-03,2,0,0.000734,0.709002
Predictive Coding,Conv2,IT,sub-01,2,0,0.007739,8.2e-05
Predictive Coding,Conv2,IT,sub-02,2,0,0.008057,4.1e-05
Predictive Coding,Conv2,IT,sub-03,2,0,0.003891,0.047752
Predictive Coding,Conv3,V1,sub-01,2,0,0.070295,0.0
Predictive Coding,Conv3,V1,sub-02,2,0,0.085499,0.0
Predictive Coding,Conv3,V1,sub-03,2,0,0.020813,0.0
Predictive Coding,Conv3,V2,sub-01,2,0,0.035426,0.0
Predictive Coding,Conv3,V2,sub-02,2,0,0.040795,0.0
Predictive Coding,Conv3,V2,sub-03,2,0,0.002924,0.136879
Predictive Coding,Conv3,V3,sub-01,2,0,0.023978,0.0
Predictive Coding,Conv3,V3,sub-02,2,0,0.033358,0.0
Predictive Coding,Conv3,V3,sub-03,2,0,0.00536,0.00639
Predictive Coding,Conv3,V4,sub-01,2,0,0.016684,0.0
Predictive Coding,Conv3,V4,sub-02,2,0,0.01955,0.0
Predictive Coding,Conv3,V4,sub-03,2,0,0.007911,5.7e-05
Predictive Coding,Conv3,LOC,sub-01,2,0,0.009628,1e-06
Predictive Coding,Conv3,LOC,sub-02,2,0,0.00346,0.078378
Predictive Coding,Conv3,LOC,sub-03,2,0,0.000602,0.759517
Predictive Coding,Conv3,IT,sub-01,2,0,0.009946,0.0
Predictive Coding,Conv3,IT,sub-02,2,0,0.010085,0.0
Predictive Coding,Conv3,IT,sub-03,2,0,0.00449,0.022353
Predictive Coding,FC1,V1,sub-01,2,0,0.110513,0.0
Predictive Coding,FC1,V1,sub-02,2,0,0.130565,0.0
Predictive Coding,FC1,V1,sub-03,2,0,0.028827,0.0
Predictive Coding,FC1,V2,sub-01,2,0,0.062705,0.0
Predictive Coding,FC1,V2,sub-02,2,0,0.08173,0.0
Predictive Coding,FC1,V2,sub-03,2,0,0.008579,1.3e-05
Predictive Coding,FC1,V3,sub-01,2,0,0.04316,0.0
Predictive Coding,FC1,V3,sub-02,2,0,0.067676,0.0
Predictive Coding,FC1,V3,sub-03,2,0,0.008899,6e-06
Predictive Coding,FC1,V4,sub-01,2,0,0.025112,0.0
Predictive Coding,FC1,V4,sub-02,2,0,0.029402,0.0
Predictive Coding,FC1,V4,sub-03,2,0,0.006627,0.000748
Predictive Coding,FC1,LOC,sub-01,2,0,0.004995,0.011037
Predictive Coding,FC1,LOC,sub-02,2,0,-0.011287,0.0
Predictive Coding,FC1,LOC,sub-03,2,0,-4.2e-05,0.982941
Predictive Coding,FC1,IT,sub-01,2,0,0.006168,0.001701
Predictive Coding,FC1,IT,sub-02,2,0,0.004978,0.011314
Predictive Coding,FC1,IT,sub-03,2,0,0.003231,0.100189
Predictive Coding,Conv1,V1,sub-01,2,1,0.031999,0.0
Predictive Coding,Conv1,V1,sub-02,2,1,0.048276,0.0
Predictive Coding,Conv1,V1,sub-03,2,1,0.010205,0.0
Predictive Coding,Conv1,V2,sub-01,2,1,0.018376,0.0
Predictive Coding,Conv1,V2,sub-02,2,1,0.024503,0.0
Predictive Coding,Conv1,V2,sub-03,2,1,7.8e-05,0.968302
Predictive Coding,Conv1,V3,sub-01,2,1,0.014146,0.0
Predictive Coding,Conv1,V3,sub-02,2,1,0.015216,0.0
Predictive Coding,Conv1,V3,sub-03,2,1,0.003133,0.110955
Predictive Coding,Conv1,V4,sub-01,2,1,0.007563,0.000119
Predictive Coding,Conv1,V4,sub-02,2,1,0.005397,0.006036
Predictive Coding,Conv1,V4,sub-03,2,1,0.006186,0.001647
Predictive Coding,Conv1,LOC,sub-01,2,1,0.008199,3e-05
Predictive Coding,Conv1,LOC,sub-02,2,1,0.00309,0.115984
Predictive Coding,Conv1,LOC,sub-03,2,1,-0.001659,0.398735
Predictive Coding,Conv1,IT,sub-01,2,1,0.008746,9e-06
Predictive Coding,Conv1,IT,sub-02,2,1,0.005105,0.009394
Predictive Coding,Conv1,IT,sub-03,2,1,0.002392,0.223709
Predictive Coding,Conv2,V1,sub-01,2,1,0.050243,0.0
Predictive Coding,Conv2,V1,sub-02,2,1,0.069118,0.0
Predictive Coding,Conv2,V1,sub-03,2,1,0.014644,0.0
Predictive Coding,Conv2,V2,sub-01,2,1,0.024827,0.0
Predictive Coding,Conv2,V2,sub-02,2,1,0.035273,0.0
Predictive Coding,Conv2,V2,sub-03,2,1,0.001535,0.434737
Predictive Coding,Conv2,V3,sub-01,2,1,0.017638,0.0
Predictive Coding,Conv2,V3,sub-02,2,1,0.026303,0.0
Predictive Coding,Conv2,V3,sub-03,2,1,0.004006,0.041543
Predictive Coding,Conv2,V4,sub-01,2,1,0.010429,0.0
Predictive Coding,Conv2,V4,sub-02,2,1,0.015081,0.0
Predictive Coding,Conv2,V4,sub-03,2,1,0.006939,0.000415
Predictive Coding,Conv2,LOC,sub-01,2,1,0.007747,8.1e-05
Predictive Coding,Conv2,LOC,sub-02,2,1,0.004488,0.022408
Predictive Coding,Conv2,LOC,sub-03,2,1,0.000733,0.709066
Predictive Coding,Conv2,IT,sub-01,2,1,0.007671,9.5e-05
Predictive Coding,Conv2,IT,sub-02,2,1,0.008047,4.2e-05
Predictive Coding,Conv2,IT,sub-03,2,1,0.003879,0.048467
Predictive Coding,Conv3,V1,sub-01,2,1,0.070022,0.0
Predictive Coding,Conv3,V1,sub-02,2,1,0.085194,0.0
Predictive Coding,Conv3,V1,sub-03,2,1,0.020746,0.0
Predictive Coding,Conv3,V2,sub-01,2,1,0.03538,0.0
Predictive Coding,Conv3,V2,sub-02,2,1,0.040809,0.0
Predictive Coding,Conv3,V2,sub-03,2,1,0.002929,0.136159
Predictive Coding,Conv3,V3,sub-01,2,1,0.02399,0.0
Predictive Coding,Conv3,V3,sub-02,2,1,0.033328,0.0
Predictive Coding,Conv3,V3,sub-03,2,1,0.005397,0.00604
Predictive Coding,Conv3,V4,sub-01,2,1,0.016635,0.0
Predictive Coding,Conv3,V4,sub-02,2,1,0.019432,0.0
Predictive Coding,Conv3,V4,sub-03,2,1,0.007973,5e-05
Predictive Coding,Conv3,LOC,sub-01,2,1,0.009656,1e-06
Predictive Coding,Conv3,LOC,sub-02,2,1,0.003457,0.078643
Predictive Coding,Conv3,LOC,sub-03,2,1,0.000601,0.759784
Predictive Coding,Conv3,IT,sub-01,2,1,0.009978,0.0
Predictive Coding,Conv3,IT,sub-02,2,1,0.010069,0.0
Predictive Coding,Conv3,IT,sub-03,2,1,0.004482,0.022578
Predictive Coding,FC1,V1,sub-01,2,1,0.087837,0.0
Predictive Coding,FC1,V1,sub-02,2,1,0.096202,0.0
Predictive Coding,FC1,V1,sub-03,2,1,0.022519,0.0
Predictive Coding,FC1,V2,sub-01,2,1,0.050457,0.0
Predictive Coding,FC1,V2,sub-02,2,1,0.05289,0.0
Predictive Coding,FC1,V2,sub-03,2,1,0.006636,0.000734
Predictive Coding,FC1,V3,sub-01,2,1,0.031351,0.0
Predictive Coding,FC1,V3,sub-02,2,1,0.044587,0.0
Predictive Coding,FC1,V3,sub-03,2,1,0.007471,0.000144
Predictive Coding,FC1,V4,sub-01,2,1,0.019127,0.0
Predictive Coding,FC1,V4,sub-02,2,1,0.02521,0.0
Predictive Coding,FC1,V4,sub-03,2,1,0.00875,9e-06
Predictive Coding,FC1,LOC,sub-01,2,1,0.006943,0.000412
Predictive Coding,FC1,LOC,sub-02,2,1,0.002513,0.200984
Predictive Coding,FC1,LOC,sub-03,2,1,0.000783,0.690461
Predictive Coding,FC1,IT,sub-01,2,1,0.008113,3.7e-05
Predictive Coding,FC1,IT,sub-02,2,1,0.008366,2.1e-05
Predictive Coding,FC1,IT,sub-03,2,1,0.003948,0.044565
Predictive Coding,Conv1,V1,sub-01,2,2,0.032015,0.0
Predictive Coding,Conv1,V1,sub-02,2,2,0.04828,0.0
Predictive Coding,Conv1,V1,sub-03,2,2,0.010222,0.0
Predictive Coding,Conv1,V2,sub-01,2,2,0.018388,0.0
Predictive Coding,Conv1,V2,sub-02,2,2,0.024501,0.0
Predictive Coding,Conv1,V2,sub-03,2,2,8.8e-05,0.964198
Predictive Coding,Conv1,V3,sub-01,2,2,0.014158,0.0
Predictive Coding,Conv1,V3,sub-02,2,2,0.015193,0.0
Predictive Coding,Conv1,V3,sub-03,2,2,0.003143,0.109759
Predictive Coding,Conv1,V4,sub-01,2,2,0.007571,0.000117
Predictive Coding,Conv1,V4,sub-02,2,2,0.005389,0.006111
Predictive Coding,Conv1,V4,sub-03,2,2,0.006196,0.00162
Predictive Coding,Conv1,LOC,sub-01,2,2,0.008194,3.1e-05
Predictive Coding,Conv1,LOC,sub-02,2,2,0.003089,0.116043
Predictive Coding,Conv1,LOC,sub-03,2,2,-0.001657,0.399359
Predictive Coding,Conv1,IT,sub-01,2,2,0.008743,9e-06
Predictive Coding,Conv1,IT,sub-02,2,2,0.005106,0.009386
Predictive Coding,Conv1,IT,sub-03,2,2,0.002393,0.223443
Predictive Coding,Conv2,V1,sub-01,2,2,0.050514,0.0
Predictive Coding,Conv2,V1,sub-02,2,2,0.069553,0.0
Predictive Coding,Conv2,V1,sub-03,2,2,0.014735,0.0
Predictive Coding,Conv2,V2,sub-01,2,2,0.02495,0.0
Predictive Coding,Conv2,V2,sub-02,2,2,0.035464,0.0
Predictive Coding,Conv2,V2,sub-03,2,2,0.001547,0.431102
Predictive Coding,Conv2,V3,sub-01,2,2,0.017711,0.0
Predictive Coding,Conv2,V3,sub-02,2,2,0.026438,0.0
Predictive Coding,Conv2,V3,sub-03,2,2,0.004002,0.041742
Predictive Coding,Conv2,V4,sub-01,2,2,0.010455,0.0
Predictive Coding,Conv2,V4,sub-02,2,2,0.015154,0.0
Predictive Coding,Conv2,V4,sub-03,2,2,0.006911,0.000438
Predictive Coding,Conv2,LOC,sub-01,2,2,0.007683,9.3e-05
Predictive Coding,Conv2,LOC,sub-02,2,2,0.004441,0.023867
Predictive Coding,Conv2,LOC,sub-03,2,2,0.000735,0.708544
Predictive Coding,Conv2,IT,sub-01,2,2,0.007603,0.00011
Predictive Coding,Conv2,IT,sub-02,2,2,0.008037,4.3e-05
Predictive Coding,Conv2,IT,sub-03,2,2,0.003867,0.049133
Predictive Coding,Conv3,V1,sub-01,2,2,0.069731,0.0
Predictive Coding,Conv3,V1,sub-02,2,2,0.084864,0.0
Predictive Coding,Conv3,V1,sub-03,2,2,0.020672,0.0
Predictive Coding,Conv3,V2,sub-01,2,2,0.035324,0.0
Predictive Coding,Conv3,V2,sub-02,2,2,0.040807,0.0
Predictive Coding,Conv3,V2,sub-03,2,2,0.002934,0.135479
Predictive Coding,Conv3,V3,sub-01,2,2,0.023995,0.0
Predictive Coding,Conv3,V3,sub-02,2,2,0.033288,0.0
Predictive Coding,Conv3,V3,sub-03,2,2,0.005431,0.005727
Predictive Coding,Conv3,V4,sub-01,2,2,0.01658,0.0
Predictive Coding,Conv3,V4,sub-02,2,2,0.019304,0.0
Predictive Coding,Conv3,V4,sub-03,2,2,0.008033,4.4e-05
Predictive Coding,Conv3,LOC,sub-01,2,2,0.009685,1e-06
Predictive Coding,Conv3,LOC,sub-02,2,2,0.003454,0.078882
Predictive Coding,Conv3,LOC,sub-03,2,2,0.000599,0.760638
Predictive Coding,Conv3,IT,sub-01,2,2,0.01001,0.0
Predictive Coding,Conv3,IT,sub-02,2,2,0.010052,0.0
Predictive Coding,Conv3,IT,sub-03,2,2,0.004472,0.022892
Predictive Coding,FC1,V1,sub-01,2,2,0.08397,0.0
Predictive Coding,FC1,V1,sub-02,2,2,0.090259,0.0
Predictive Coding,FC1,V1,sub-03,2,2,0.022103,0.0
Predictive Coding,FC1,V2,sub-01,2,2,0.052172,0.0
Predictive Coding,FC1,V2,sub-02,2,2,0.052372,0.0
Predictive Coding,FC1,V2,sub-03,2,2,0.007216,0.000242
Predictive Coding,FC1,V3,sub-01,2,2,0.033129,0.0
Predictive Coding,FC1,V3,sub-02,2,2,0.041343,0.0
Predictive Coding,FC1,V3,sub-03,2,2,0.007561,0.00012
Predictive Coding,FC1,V4,sub-01,2,2,0.019133,0.0
Predictive Coding,FC1,V4,sub-02,2,2,0.024006,0.0
Predictive Coding,FC1,V4,sub-03,2,2,0.009649,1e-06
Predictive Coding,FC1,LOC,sub-01,2,2,0.00638,0.001171
Predictive Coding,FC1,LOC,sub-02,2,2,-0.000215,0.912734
Predictive Coding,FC1,LOC,sub-03,2,2,0.000316,0.872443
Predictive Coding,FC1,IT,sub-01,2,2,0.008267,2.6e-05
Predictive Coding,FC1,IT,sub-02,2,2,0.006176,0.001678
Predictive Coding,FC1,IT,sub-03,2,2,0.003573,0.069094
Predictive Coding,Conv1,V1,sub-01,2,5,0.032056,0.0
Predictive Coding,Conv1,V1,sub-02,2,5,0.048288,0.0
Predictive Coding,Conv1,V1,sub-03,2,5,0.010272,0.0
Predictive Coding,Conv1,V2,sub-01,2,5,0.01842,0.0
Predictive Coding,Conv1,V2,sub-02,2,5,0.024496,0.0
Predictive Coding,Conv1,V2,sub-03,2,5,0.000117,0.952716
Predictive Coding,Conv1,V3,sub-01,2,5,0.014192,0.0
Predictive Coding,Conv1,V3,sub-02,2,5,0.015124,0.0
Predictive Coding,Conv1,V3,sub-03,2,5,0.003174,0.106362
Predictive Coding,Conv1,V4,sub-01,2,5,0.007595,0.000112
Predictive Coding,Conv1,V4,sub-02,2,5,0.005362,0.006371
Predictive Coding,Conv1,V4,sub-03,2,5,0.006225,0.001539
Predictive Coding,Conv1,LOC,sub-01,2,5,0.008179,3.2e-05
Predictive Coding,Conv1,LOC,sub-02,2,5,0.003085,0.116543
Predictive Coding,Conv1,LOC,sub-03,2,5,-0.001653,0.400464
Predictive Coding,Conv1,IT,sub-01,2,5,0.008738,9e-06
Predictive Coding,Conv1,IT,sub-02,2,5,0.005106,0.009378
Predictive Coding,Conv1,IT,sub-03,2,5,0.002397,0.222638
Predictive Coding,Conv2,V1,sub-01,2,5,0.051315,0.0
Predictive Coding,Conv2,V1,sub-02,2,5,0.070845,0.0
Predictive Coding,Conv2,V1,sub-03,2,5,0.014997,0.0
Predictive Coding,Conv2,V2,sub-01,2,5,0.025319,0.0
Predictive Coding,Conv2,V2,sub-02,2,5,0.036033,0.0
Predictive Coding,Conv2,V2,sub-03,2,5,0.001576,0.422658
Predictive Coding,Conv2,V3,sub-01,2,5,0.017929,0.0
Predictive Coding,Conv2,V3,sub-02,2,5,0.026844,0.0
Predictive Coding,Conv2,V3,sub-03,2,5,0.003984,0.042695
Predictive Coding,Conv2,V4,sub-01,2,5,0.010533,0.0
Predictive Coding,Conv2,V4,sub-02,2,5,0.01538,0.0
Predictive Coding,Conv2,V4,sub-03,2,5,0.006818,0.000522
Predictive Coding,Conv2,LOC,sub-01,2,5,0.00749,0.000139
Predictive Coding,Conv2,LOC,sub-02,2,5,0.00429,0.029079
Predictive Coding,Conv2,LOC,sub-03,2,5,0.000743,0.705273
Predictive Coding,Conv2,IT,sub-01,2,5,0.007397,0.000168
Predictive Coding,Conv2,IT,sub-02,2,5,0.008006,4.6e-05
Predictive Coding,Conv2,IT,sub-03,2,5,0.00383,0.051355
Predictive Coding,Conv3,V1,sub-01,2,5,0.068729,0.0
Predictive Coding,Conv3,V1,sub-02,2,5,0.083706,0.0
Predictive Coding,Conv3,V1,sub-03,2,5,0.020416,0.0
Predictive Coding,Conv3,V2,sub-01,2,5,0.035082,0.0
Predictive Coding,Conv3,V2,sub-02,2,5,0.040702,0.0
Predictive Coding,Conv3,V2,sub-03,2,5,0.00294,0.134701
Predictive Coding,Conv3,V3,sub-01,2,5,0.023964,0.0
Predictive Coding,Conv3,V3,sub-02,2,5,0.033081,0.0
Predictive Coding,Conv3,V3,sub-03,2,5,0.005517,0.005003
Predictive Coding,Conv3,V4,sub-01,2,5,0.016372,0.0
Predictive Coding,Conv3,V4,sub-02,2,5,0.018864,0.0
Predictive Coding,Conv3,V4,sub-03,2,5,0.008189,3.1e-05
Predictive Coding,Conv3,LOC,sub-01,2,5,0.009761,1e-06
Predictive Coding,Conv3,LOC,sub-02,2,5,0.003456,0.078674
Predictive Coding,Conv3,LOC,sub-03,2,5,0.000593,0.762747
Predictive Coding,Conv3,IT,sub-01,2,5,0.010092,0.0
Predictive Coding,Conv3,IT,sub-02,2,5,0.009994,0.0
Predictive Coding,Conv3,IT,sub-03,2,5,0.004428,0.024281
Predictive Coding,FC1,V1,sub-01,2,5,0.066073,0.0
Predictive Coding,FC1,V1,sub-02,2,5,0.06498,0.0
Predictive Coding,FC1,V1,sub-03,2,5,0.018406,0.0
Predictive Coding,FC1,V2,sub-01,2,5,0.041518,0.0
Predictive Coding,FC1,V2,sub-02,2,5,0.037396,0.0
Predictive Coding,FC1,V2,sub-03,2,5,0.005993,0.002295
Predictive Coding,FC1,V3,sub-01,2,5,0.027275,0.0
Predictive Coding,FC1,V3,sub-02,2,5,0.027325,0.0
Predictive Coding,FC1,V3,sub-03,2,5,0.007604,0.00011
Predictive Coding,FC1,V4,sub-01,2,5,0.013954,0.0
Predictive Coding,FC1,V4,sub-02,2,5,0.015563,0.0
Predictive Coding,FC1,V4,sub-03,2,5,0.010594,0.0
Predictive Coding,FC1,LOC,sub-01,2,5,0.007208,0.000245
Predictive Coding,FC1,LOC,sub-02,2,5,-0.001431,0.466733
Predictive Coding,FC1,LOC,sub-03,2,5,-0.000496,0.800641
Predictive Coding,FC1,IT,sub-01,2,5,0.008827,7e-06
Predictive Coding,FC1,IT,sub-02,2,5,0.003985,0.042611
Predictive Coding,FC1,IT,sub-03,2,5,0.003932,0.045432
Predictive Coding,Conv1,V1,sub-01,2,10,0.032102,0.0
Predictive Coding,Conv1,V1,sub-02,2,10,0.048269,0.0
Predictive Coding,Conv1,V1,sub-03,2,10,0.010346,0.0
Predictive Coding,Conv1,V2,sub-01,2,10,0.018465,0.0
Predictive Coding,Conv1,V2,sub-02,2,10,0.024479,0.0
Predictive Coding,Conv1,V2,sub-03,2,10,0.00016,0.935091
Predictive Coding,Conv1,V3,sub-01,2,10,0.014241,0.0
Predictive Coding,Conv1,V3,sub-02,2,10,0.015,0.0
Predictive Coding,Conv1,V3,sub-03,2,10,0.003222,0.101121
Predictive Coding,Conv1,V4,sub-01,2,10,0.007629,0.000104
Predictive Coding,Conv1,V4,sub-02,2,10,0.005311,0.006896
Predictive Coding,Conv1,V4,sub-03,2,10,0.006272,0.001419
Predictive Coding,Conv1,LOC,sub-01,2,10,0.008154,3.3e-05
Predictive Coding,Conv1,LOC,sub-02,2,10,0.003075,0.117745
Predictive Coding,Conv1,LOC,sub-03,2,10,-0.001645,0.402697
Predictive Coding,Conv1,IT,sub-01,2,10,0.008729,9e-06
Predictive Coding,Conv1,IT,sub-02,2,10,0.005104,0.009412
Predictive Coding,Conv1,IT,sub-03,2,10,0.002403,0.221444
Predictive Coding,Conv2,V1,sub-01,2,10,0.05258,0.0
Predictive Coding,Conv2,V1,sub-02,2,10,0.072896,0.0
Predictive Coding,Conv2,V1,sub-03,2,10,0.015405,0.0
Predictive Coding,Conv2,V2,sub-01,2,10,0.025905,0.0
Predictive Coding,Conv2,V2,sub-02,2,10,0.036926,0.0
Predictive Coding,Conv2,V2,sub-03,2,10,0.001613,0.411882
Predictive Coding,Conv2,V3,sub-01,2,10,0.018276,0.0
Predictive Coding,Conv2,V3,sub-02,2,10,0.027482,0.0
Predictive Coding,Conv2,V3,sub-03,2,10,0.003927,0.045733
Predictive Coding,Conv2,V4,sub-01,2,10,0.01066,0.0
Predictive Coding,Conv2,V4,sub-02,2,10,0.015732,0.0
Predictive Coding,Conv2,V4,sub-03,2,10,0.006636,0.000735
Predictive Coding,Conv2,LOC,sub-01,2,10,0.007154,0.000273
Predictive Coding,Conv2,LOC,sub-02,2,10,0.004004,0.041643
Predictive Coding,Conv2,LOC,sub-03,2,10,0.000783,0.690534
Predictive Coding,Conv2,IT,sub-01,2,10,0.007056,0.000331
Predictive Coding,Conv2,IT,sub-02,2,10,0.007941,5.3e-05
Predictive Coding,Conv2,IT,sub-03,2,10,0.003772,0.055005
Predictive Coding,Conv3,V1,sub-01,2,10,0.066638,0.0
Predictive Coding,Conv3,V1,sub-02,2,10,0.081262,0.0
Predictive Coding,Conv3,V1,sub-03,2,10,0.019896,0.0
Predictive Coding,Conv3,V2,sub-01,2,10,0.034416,0.0
Predictive Coding,Conv3,V2,sub-02,2,10,0.040181,0.0
Predictive Coding,Conv3,V2,sub-03,2,10,0.002934,0.135496
Predictive Coding,Conv3,V3,sub-01,2,10,0.023739,0.0
Predictive Coding,Conv3,V3,sub-02,2,10,0.032429,0.0
Predictive Coding,Conv3,V3,sub-03,2,10,0.005605,0.004348
Predictive Coding,Conv3,V4,sub-01,2,10,0.015909,0.0
Predictive Coding,Conv3,V4,sub-02,2,10,0.017974,0.0
Predictive Coding,Conv3,V4,sub-03,2,10,0.008375,2e-05
Predictive Coding,Conv3,LOC,sub-01,2,10,0.009843,1e-06
Predictive Coding,Conv3,LOC,sub-02,2,10,0.003506,0.074501
Predictive Coding,Conv3,LOC,sub-03,2,10,0.000594,0.762538
Predictive Coding,Conv3,IT,sub-01,2,10,0.010186,0.0
Predictive Coding,Conv3,IT,sub-02,2,10,0.009888,0.0
Predictive Coding,Conv3,IT,sub-03,2,10,0.004325,0.027789
Predictive Coding,FC1,V1,sub-01,2,10,0.066029,0.0
Predictive Coding,FC1,V1,sub-02,2,10,0.068246,0.0
Predictive Coding,FC1,V1,sub-03,2,10,0.019671,0.0
Predictive Coding,FC1,V2,sub-01,2,10,0.043675,0.0
Predictive Coding,FC1,V2,sub-02,2,10,0.039838,0.0
Predictive Coding,FC1,V2,sub-03,2,10,0.008496,1.5e-05
Predictive Coding,FC1,V3,sub-01,2,10,0.02956,0.0
Predictive Coding,FC1,V3,sub-02,2,10,0.031083,0.0
Predictive Coding,FC1,V3,sub-03,2,10,0.010748,0.0
Predictive Coding,FC1,V4,sub-01,2,10,0.014951,0.0
Predictive Coding,FC1,V4,sub-02,2,10,0.016097,0.0
Predictive Coding,FC1,V4,sub-03,2,10,0.01135,0.0
Predictive Coding,FC1,LOC,sub-01,2,10,0.007417,0.000161
Predictive Coding,FC1,LOC,sub-02,2,10,0.000797,0.685222
Predictive Coding,FC1,LOC,sub-03,2,10,0.000406,0.836215
Predictive Coding,FC1,IT,sub-01,2,10,0.009862,1e-06
Predictive Coding,FC1,IT,sub-02,2,10,0.005498,0.005156
Predictive Coding,FC1,IT,sub-03,2,10,0.004005,0.04158
Predictive Coding,Conv1,V1,sub-01,2,20,0.032116,0.0
Predictive Coding,Conv1,V1,sub-02,2,20,0.048193,0.0
Predictive Coding,Conv1,V1,sub-03,2,20,0.01045,0.0
Predictive Coding,Conv1,V2,sub-01,2,20,0.018524,0.0
Predictive Coding,Conv1,V2,sub-02,2,20,0.024485,0.0
Predictive Coding,Conv1,V2,sub-03,2,20,0.000231,0.906613
Predictive Coding,Conv1,V3,sub-01,2,20,0.014306,0.0
Predictive Coding,Conv1,V3,sub-02,2,20,0.014791,0.0
Predictive Coding,Conv1,V3,sub-03,2,20,0.003287,0.094441
Predictive Coding,Conv1,V4,sub-01,2,20,0.007676,9.4e-05
Predictive Coding,Conv1,V4,sub-02,2,20,0.005218,0.007939
Predictive Coding,Conv1,V4,sub-03,2,20,0.006337,0.001264
Predictive Coding,Conv1,LOC,sub-01,2,20,0.008094,3.8e-05
Predictive Coding,Conv1,LOC,sub-02,2,20,0.003043,0.121583
Predictive Coding,Conv1,LOC,sub-03,2,20,-0.00162,0.409828
Predictive Coding,Conv1,IT,sub-01,2,20,0.008702,1e-05
Predictive Coding,Conv1,IT,sub-02,2,20,0.005099,0.009488
Predictive Coding,Conv1,IT,sub-03,2,20,0.002407,0.220717
Predictive Coding,Conv2,V1,sub-01,2,20,0.054794,0.0
Predictive Coding,Conv2,V1,sub-02,2,20,0.076552,0.0
Predictive Coding,Conv2,V1,sub-03,2,20,0.016095,0.0
Predictive Coding,Conv2,V2,sub-01,2,20,0.026936,0.0
Predictive Coding,Conv2,V2,sub-02,2,20,0.038365,0.0
Predictive Coding,Conv2,V2,sub-03,2,20,0.00163,0.406815
Predictive Coding,Conv2,V3,sub-01,2,20,0.018835,0.0
Predictive Coding,Conv2,V3,sub-02,2,20,0.028575,0.0
Predictive Coding,Conv2,V3,sub-03,2,20,0.003747,0.056586
Predictive Coding,Conv2,V4,sub-01,2,20,0.010862,0.0
Predictive Coding,Conv2,V4,sub-02,2,20,0.016317,0.0
Predictive Coding,Conv2,V4,sub-03,2,20,0.006197,0.001618
Predictive Coding,Conv2,LOC,sub-01,2,20,0.006424,0.001083
Predictive Coding,Conv2,LOC,sub-02,2,20,0.003315,0.091684
Predictive Coding,Conv2,LOC,sub-03,2,20,0.000924,0.638164
Predictive Coding,Conv2,IT,sub-01,2,20,0.006363,0.001207
Predictive Coding,Conv2,IT,sub-02,2,20,0.007734,8.3e-05
Predictive Coding,Conv2,IT,sub-03,2,20,0.003654,0.063044
Predictive Coding,Conv3,V1,sub-01,2,20,0.061241,0.0
Predictive Coding,Conv3,V1,sub-02,2,20,0.074885,0.0
Predictive Coding,Conv3,V1,sub-03,2,20,0.018651,0.0
Predictive Coding,Conv3,V2,sub-01,2,20,0.032231,0.0
Predictive Coding,Conv3,V2,sub-02,2,20,0.037878,0.0
Predictive Coding,Conv3,V2,sub-03,2,20,0.002875,0.143558
Predictive Coding,Conv3,V3,sub-01,2,20,0.022712,0.0
Predictive Coding,Conv3,V3,sub-02,2,20,0.030053,0.0
Predictive Coding,Conv3,V3,sub-03,2,20,0.005585,0.004489
Predictive Coding,Conv3,V4,sub-01,2,20,0.014637,0.0
Predictive Coding,Conv3,V4,sub-02,2,20,0.015847,0.0
Predictive Coding,Conv3,V4,sub-03,2,20,0.008464,1.7e-05
Predictive Coding,Conv3,LOC,sub-01,2,20,0.009844,1e-06
Predictive Coding,Conv3,LOC,sub-02,2,20,0.003715,0.058785
Predictive Coding,Conv3,LOC,sub-03,2,20,0.000653,0.739755
Predictive Coding,Conv3,IT,sub-01,2,20,0.010209,0.0
Predictive Coding,Conv3,IT,sub-02,2,20,0.009593,1e-06
Predictive Coding,Conv3,IT,sub-03,2,20,0.004039,0.039878
Predictive Coding,FC1,V1,sub-01,2,20,0.061413,0.0
Predictive Coding,FC1,V1,sub-02,2,20,0.061248,0.0
Predictive Coding,FC1,V1,sub-03,2,20,0.018237,0.0
Predictive Coding,FC1,V2,sub-01,2,20,0.044426,0.0
Predictive Coding,FC1,V2,sub-02,2,20,0.037324,0.0
Predictive Coding,FC1,V2,sub-03,2,20,0.007747,8.1e-05
Predictive Coding,FC1,V3,sub-01,2,20,0.030508,0.0
Predictive Coding,FC1,V3,sub-02,2,20,0.030213,0.0
Predictive Coding,FC1,V3,sub-03,2,20,0.009242,3e-06
Predictive Coding,FC1,V4,sub-01,2,20,0.01782,0.0
Predictive Coding,FC1,V4,sub-02,2,20,0.010344,0.0
Predictive Coding,FC1,V4,sub-03,2,20,0.010423,0.0
Predictive Coding,FC1,LOC,sub-01,2,20,0.007113,0.000296
Predictive Coding,FC1,LOC,sub-02,2,20,-0.002389,0.224146
Predictive Coding,FC1,LOC,sub-03,2,20,-0.000507,0.796563
Predictive Coding,FC1,IT,sub-01,2,20,0.010054,0.0
Predictive Coding,FC1,IT,sub-02,2,20,0.003591,0.067714
Predictive Coding,FC1,IT,sub-03,2,20,0.003454,0.078851
Predictive Coding,Conv1,V1,sub-01,2,30,0.032123,0.0
Predictive Coding,Conv1,V1,sub-02,2,30,0.048208,0.0
Predictive Coding,Conv1,V1,sub-03,2,30,0.01051,0.0
Predictive Coding,Conv1,V2,sub-01,2,30,0.01859,0.0
Predictive Coding,Conv1,V2,sub-02,2,30,0.024607,0.0
Predictive Coding,Conv1,V2,sub-03,2,30,0.000284,0.885315
Predictive Coding,Conv1,V3,sub-01,2,30,0.014356,0.0
Predictive Coding,Conv1,V3,sub-02,2,30,0.01471,0.0
Predictive Coding,Conv1,V3,sub-03,2,30,0.003328,0.090415
Predictive Coding,Conv1,V4,sub-01,2,30,0.007707,8.8e-05
Predictive Coding,Conv1,V4,sub-02,2,30,0.005167,0.008564
Predictive Coding,Conv1,V4,sub-03,2,30,0.006364,0.001205
Predictive Coding,Conv1,LOC,sub-01,2,30,0.008038,4.3e-05
Predictive Coding,Conv1,LOC,sub-02,2,30,0.002995,0.127602
Predictive Coding,Conv1,LOC,sub-03,2,30,-0.001581,0.421227
Predictive Coding,Conv1,IT,sub-01,2,30,0.008669,1e-05
Predictive Coding,Conv1,IT,sub-02,2,30,0.005097,0.009508
Predictive Coding,Conv1,IT,sub-03,2,30,0.002408,0.220476
Predictive Coding,Conv2,V1,sub-01,2,30,0.056903,0.0
Predictive Coding,Conv2,V1,sub-02,2,30,0.079838,0.0
Predictive Coding,Conv2,V1,sub-03,2,30,0.016685,0.0
Predictive Coding,Conv2,V2,sub-01,2,30,0.027867,0.0
Predictive Coding,Conv2,V2,sub-02,2,30,0.039423,0.0
Predictive Coding,Conv2,V2,sub-03,2,30,0.001624,0.4087
Predictive Coding,Conv2,V3,sub-01,2,30,0.019225,0.0
Predictive Coding,Conv2,V3,sub-02,2,30,0.029538,0.0
Predictive Coding,Conv2,V3,sub-03,2,30,0.003532,0.072342
Predictive Coding,Conv2,V4,sub-01,2,30,0.011055,0.0
Predictive Coding,Conv2,V4,sub-02,2,30,0.016946,0.0
Predictive Coding,Conv2,V4,sub-03,2,30,0.005704,0.003705
Predictive Coding,Conv2,LOC,sub-01,2,30,0.005636,0.00414
Predictive Coding,Conv2,LOC,sub-02,2,30,0.002553,0.194064
Predictive Coding,Conv2,LOC,sub-03,2,30,0.001114,0.570938
Predictive Coding,Conv2,IT,sub-01,2,30,0.005653,0.004028
Predictive Coding,Conv2,IT,sub-02,2,30,0.007451,0.00015
Predictive Coding,Conv2,IT,sub-03,2,30,0.003561,0.07
Predictive Coding,Conv3,V1,sub-01,2,30,0.055565,0.0
Predictive Coding,Conv3,V1,sub-02,2,30,0.068394,0.0
Predictive Coding,Conv3,V1,sub-03,2,30,0.017408,0.0
Predictive Coding,Conv3,V2,sub-01,2,30,0.029476,0.0
Predictive Coding,Conv3,V2,sub-02,2,30,0.034872,0.0
Predictive Coding,Conv3,V2,sub-03,2,30,0.002754,0.161148
Predictive Coding,Conv3,V3,sub-01,2,30,0.021239,0.0
Predictive Coding,Conv3,V3,sub-02,2,30,0.027243,0.0
Predictive Coding,Conv3,V3,sub-03,2,30,0.005377,0.00623
Predictive Coding,Conv3,V4,sub-01,2,30,0.013152,0.0
Predictive Coding,Conv3,V4,sub-02,2,30,0.013827,0.0
Predictive Coding,Conv3,V4,sub-03,2,30,0.008216,2.9e-05
Predictive Coding,Conv3,LOC,sub-01,2,30,0.009666,1e-06
Predictive Coding,Conv3,LOC,sub-02,2,30,0.004053,0.039182
Predictive Coding,Conv3,LOC,sub-03,2,30,0.000726,0.711994
Predictive Coding,Conv3,IT,sub-01,2,30,0.010098,0.0
Predictive Coding,Conv3,IT,sub-02,2,30,0.00931,2e-06
Predictive Coding,Conv3,IT,sub-03,2,30,0.003652,0.063143
Predictive Coding,FC1,V1,sub-01,2,30,0.061952,0.0
Predictive Coding,FC1,V1,sub-02,2,30,0.06525,0.0
Predictive Coding,FC1,V1,sub-03,2,30,0.018374,0.0
Predictive Coding,FC1,V2,sub-01,2,30,0.046104,0.0
Predictive Coding,FC1,V2,sub-02,2,30,0.042946,0.0
Predictive Coding,FC1,V2,sub-03,2,30,0.007347,0.000186
Predictive Coding,FC1,V3,sub-01,2,30,0.032209,0.0
Predictive Coding,FC1,V3,sub-02,2,30,0.03732,0.0
Predictive Coding,FC1,V3,sub-03,2,30,0.008449,1.7e-05
Predictive Coding,FC1,V4,sub-01,2,30,0.017704,0.0
Predictive Coding,FC1,V4,sub-02,2,30,0.01093,0.0
Predictive Coding,FC1,V4,sub-03,2,30,0.010037,0.0
Predictive Coding,FC1,LOC,sub-01,2,30,0.005111,0.00932
Predictive Coding,FC1,LOC,sub-02,2,30,-0.004774,0.015152
Predictive Coding,FC1,LOC,sub-03,2,30,0.000173,0.929981
Predictive Coding,FC1,IT,sub-01,2,30,0.008635,1.1e-05
Predictive Coding,FC1,IT,sub-02,2,30,0.002792,0.155504
Predictive Coding,FC1,IT,sub-03,2,30,0.002897,0.140475
Predictive Coding,Conv1,V1,sub-01,2,40,0.032147,0.0
Predictive Coding,Conv1,V1,sub-02,2,40,0.048301,0.0
Predictive Coding,Conv1,V1,sub-03,2,40,0.01055,0.0
Predictive Coding,Conv1,V2,sub-01,2,40,0.018652,0.0
Predictive Coding,Conv1,V2,sub-02,2,40,0.024795,0.0
Predictive Coding,Conv1,V2,sub-03,2,40,0.000326,0.868089
Predictive Coding,Conv1,V3,sub-01,2,40,0.014387,0.0
Predictive Coding,Conv1,V3,sub-02,2,40,0.014705,0.0
Predictive Coding,Conv1,V3,sub-03,2,40,0.00336,0.087347
Predictive Coding,Conv1,V4,sub-01,2,40,0.007735,8.3e-05
Predictive Coding,Conv1,V4,sub-02,2,40,0.005162,0.008633
Predictive Coding,Conv1,V4,sub-03,2,40,0.006363,0.001206
Predictive Coding,Conv1,LOC,sub-01,2,40,0.007981,4.9e-05
Predictive Coding,Conv1,LOC,sub-02,2,40,0.002953,0.132953
Predictive Coding,Conv1,LOC,sub-03,2,40,-0.00152,0.439267
Predictive Coding,Conv1,IT,sub-01,2,40,0.008617,1.2e-05
Predictive Coding,Conv1,IT,sub-02,2,40,0.005107,0.009373
Predictive Coding,Conv1,IT,sub-03,2,40,0.002414,0.219369
Predictive Coding,Conv2,V1,sub-01,2,40,0.059151,0.0
Predictive Coding,Conv2,V1,sub-02,2,40,0.083092,0.0
Predictive Coding,Conv2,V1,sub-03,2,40,0.01727,0.0
Predictive Coding,Conv2,V2,sub-01,2,40,0.028812,0.0
Predictive Coding,Conv2,V2,sub-02,2,40,0.040396,0.0
Predictive Coding,Conv2,V2,sub-03,2,40,0.001634,0.405746
Predictive Coding,Conv2,V3,sub-01,2,40,0.019529,0.0
Predictive Coding,Conv2,V3,sub-02,2,40,0.030554,0.0
Predictive Coding,Conv2,V3,sub-03,2,40,0.003316,0.091618
Predictive Coding,Conv2,V4,sub-01,2,40,0.011316,0.0
Predictive Coding,Conv2,V4,sub-02,2,40,0.017787,0.0
Predictive Coding,Conv2,V4,sub-03,2,40,0.005212,0.008011
Predictive Coding,Conv2,LOC,sub-01,2,40,0.004848,0.013644
Predictive Coding,Conv2,LOC,sub-02,2,40,0.001753,0.372428
Predictive Coding,Conv2,LOC,sub-03,2,40,0.001323,0.500731
Predictive Coding,Conv2,IT,sub-01,2,40,0.004956,0.011694
Predictive Coding,Conv2,IT,sub-02,2,40,0.007136,0.000283
Predictive Coding,Conv2,IT,sub-03,2,40,0.003501,0.074917
Predictive Coding,Conv3,V1,sub-01,2,40,0.05078,0.0
Predictive Coding,Conv3,V1,sub-02,2,40,0.062807,0.0
Predictive Coding,Conv3,V1,sub-03,2,40,0.016367,0.0
Predictive Coding,Conv3,V2,sub-01,2,40,0.02677,0.0
Predictive Coding,Conv3,V2,sub-02,2,40,0.031733,0.0
Predictive Coding,Conv3,V2,sub-03,2,40,0.002564,0.192102
Predictive Coding,Conv3,V3,sub-01,2,40,0.019734,0.0
Predictive Coding,Conv3,V3,sub-02,2,40,0.024424,0.0
Predictive Coding,Conv3,V3,sub-03,2,40,0.005021,0.010627
Predictive Coding,Conv3,V4,sub-01,2,40,0.01183,0.0
Predictive Coding,Conv3,V4,sub-02,2,40,0.012287,0.0
Predictive Coding,Conv3,V4,sub-03,2,40,0.007759,7.9e-05
Predictive Coding,Conv3,LOC,sub-01,2,40,0.009422,2e-06
Predictive Coding,Conv3,LOC,sub-02,2,40,0.004509,0.021782
Predictive Coding,Conv3,LOC,sub-03,2,40,0.000777,0.692664
Predictive Coding,Conv3,IT,sub-01,2,40,0.009928,0.0
Predictive Coding,Conv3,IT,sub-02,2,40,0.009093,4e-06
Predictive Coding,Conv3,IT,sub-03,2,40,0.003177,0.10597
Predictive Coding,FC1,V1,sub-01,2,40,0.071271,0.0
Predictive Coding,FC1,V1,sub-02,2,40,0.081954,0.0
Predictive Coding,FC1,V1,sub-03,2,40,0.020059,0.0
Predictive Coding,FC1,V2,sub-01,2,40,0.04984,0.0
Predictive Coding,FC1,V2,sub-02,2,40,0.053441,0.0
Predictive Coding,FC1,V2,sub-03,2,40,0.007554,0.000121
Predictive Coding,FC1,V3,sub-01,2,40,0.036091,0.0
Predictive Coding,FC1,V3,sub-02,2,40,0.046545,0.0
Predictive Coding,FC1,V3,sub-03,2,40,0.008197,3e-05
Predictive Coding,FC1,V4,sub-01,2,40,0.019466,0.0
Predictive Coding,FC1,V4,sub-02,2,40,0.012951,0.0
Predictive Coding,FC1,V4,sub-03,2,40,0.00815,3.4e-05
Predictive Coding,FC1,LOC,sub-01,2,40,0.005594,0.004429
Predictive Coding,FC1,LOC,sub-02,2,40,-0.003931,0.045488
Predictive Coding,FC1,LOC,sub-03,2,40,0.000752,0.701917
Predictive Coding,FC1,IT,sub-01,2,40,0.009823,1e-06
Predictive Coding,FC1,IT,sub-02,2,40,0.004474,0.022839
Predictive Coding,FC1,IT,sub-03,2,40,0.002316,0.238613
STDP,Conv1,V1,sub-01,2,0,0.036877,0.0
STDP,Conv1,V1,sub-02,2,0,0.059699,0.0
STDP,Conv1,V1,sub-03,2,0,0.011104,0.0
STDP,Conv1,V2,sub-01,2,0,0.019409,0.0
STDP,Conv1,V2,sub-02,2,0,0.029617,0.0
STDP,Conv1,V2,sub-03,2,0,-0.000198,0.919807
STDP,Conv1,V3,sub-01,2,0,0.015735,0.0
STDP,Conv1,V3,sub-02,2,0,0.01708,0.0
STDP,Conv1,V3,sub-03,2,0,0.003185,0.105093
STDP,Conv1,V4,sub-01,2,0,0.008464,1.7e-05
STDP,Conv1,V4,sub-02,2,0,0.00842,1.8e-05
STDP,Conv1,V4,sub-03,2,0,0.005033,0.010449
STDP,Conv1,LOC,sub-01,2,0,0.00675,0.000595
STDP,Conv1,LOC,sub-02,2,0,0.004086,0.037639
STDP,Conv1,LOC,sub-03,2,0,-0.000716,0.715641
STDP,Conv1,IT,sub-01,2,0,0.006351,0.001233
STDP,Conv1,IT,sub-02,2,0,0.005818,0.003076
STDP,Conv1,IT,sub-03,2,0,0.000915,0.641637
STDP,Conv2,V1,sub-01,2,0,0.026123,0.0
STDP,Conv2,V1,sub-02,2,0,0.043075,0.0
STDP,Conv2,V1,sub-03,2,0,0.007198,0.00025
STDP,Conv2,V2,sub-01,2,0,0.015057,0.0
STDP,Conv2,V2,sub-02,2,0,0.024013,0.0
STDP,Conv2,V2,sub-03,2,0,-0.00112,0.568779
STDP,Conv2,V3,sub-01,2,0,0.013209,0.0
STDP,Conv2,V3,sub-02,2,0,0.01723,0.0
STDP,Conv2,V3,sub-03,2,0,0.002173,0.26883
STDP,Conv2,V4,sub-01,2,0,0.006501,0.000941
STDP,Conv2,V4,sub-02,2,0,0.008423,1.8e-05
STDP,Conv2,V4,sub-03,2,0,0.005362,0.006371
STDP,Conv2,LOC,sub-01,2,0,0.006503,0.000937
STDP,Conv2,LOC,sub-02,2,0,0.003416,0.082229
STDP,Conv2,LOC,sub-03,2,0,-0.001342,0.494705
STDP,Conv2,IT,sub-01,2,0,0.006563,0.000841
STDP,Conv2,IT,sub-02,2,0,0.006909,0.00044
STDP,Conv2,IT,sub-03,2,0,0.000752,0.701911
STDP,Conv3,V1,sub-01,2,0,0.019098,0.0
STDP,Conv3,V1,sub-02,2,0,0.024315,0.0
STDP,Conv3,V1,sub-03,2,0,0.005483,0.005281
STDP,Conv3,V2,sub-01,2,0,0.010372,0.0
STDP,Conv3,V2,sub-02,2,0,0.012937,0.0
STDP,Conv3,V2,sub-03,2,0,-0.000878,0.655215
STDP,Conv3,V3,sub-01,2,0,0.00958,1e-06
STDP,Conv3,V3,sub-02,2,0,0.008986,5e-06
STDP,Conv3,V3,sub-03,2,0,0.002444,0.2138
STDP,Conv3,V4,sub-01,2,0,0.004675,0.017392
STDP,Conv3,V4,sub-02,2,0,0.002685,0.171927
STDP,Conv3,V4,sub-03,2,0,0.006345,0.001247
STDP,Conv3,LOC,sub-01,2,0,0.008584,1.3e-05
STDP,Conv3,LOC,sub-02,2,0,0.002364,0.229024
STDP,Conv3,LOC,sub-03,2,0,-0.000305,0.876613
STDP,Conv3,IT,sub-01,2,0,0.008825,7e-06
STDP,Conv3,IT,sub-02,2,0,0.005701,0.003724
STDP,Conv3,IT,sub-03,2,0,0.001044,0.595226
STDP,FC1,V1,sub-01,2,0,0.125652,0.0
STDP,FC1,V1,sub-02,2,0,0.160228,0.0
STDP,FC1,V1,sub-03,2,0,0.026364,0.0
STDP,FC1,V2,sub-01,2,0,0.080135,0.0
STDP,FC1,V2,sub-02,2,0,0.114812,0.0
STDP,FC1,V2,sub-03,2,0,0.010337,0.0
STDP,FC1,V3,sub-01,2,0,0.054937,0.0
STDP,FC1,V3,sub-02,2,0,0.101126,0.0
STDP,FC1,V3,sub-03,2,0,0.012812,0.0
STDP,FC1,V4,sub-01,2,0,0.033625,0.0
STDP,FC1,V4,sub-02,2,0,0.041871,0.0
STDP,FC1,V4,sub-03,2,0,0.001321,0.501514
STDP,FC1,LOC,sub-01,2,0,0.002823,0.150966
STDP,FC1,LOC,sub-02,2,0,-0.015951,0.0
STDP,FC1,LOC,sub-03,2,0,0.001297,0.509256
STDP,FC1,IT,sub-01,2,0,0.003796,0.05345
STDP,FC1,IT,sub-02,2,0,0.005264,0.007399
STDP,FC1,IT,sub-03,2,0,0.004092,0.037376
STDP,Conv1,V1,sub-01,2,1,0.035506,0.0
STDP,Conv1,V1,sub-02,2,1,0.05734,0.0
STDP,Conv1,V1,sub-03,2,1,0.010769,0.0
STDP,Conv1,V2,sub-01,2,1,0.01839,0.0
STDP,Conv1,V2,sub-02,2,1,0.027845,0.0
STDP,Conv1,V2,sub-03,2,1,-0.000321,0.870194
STDP,Conv1,V3,sub-01,2,1,0.015146,0.0
STDP,Conv1,V3,sub-02,2,1,0.015775,0.0
STDP,Conv1,V3,sub-03,2,1,0.003051,0.120587
STDP,Conv1,V4,sub-01,2,1,0.008072,4e-05
STDP,Conv1,V4,sub-02,2,1,0.007735,8.3e-05
STDP,Conv1,V4,sub-03,2,1,0.005037,0.010383
STDP,Conv1,LOC,sub-01,2,1,0.006712,0.000638
STDP,Conv1,LOC,sub-02,2,1,0.004129,0.035659
STDP,Conv1,LOC,sub-03,2,1,-0.000801,0.683503
STDP,Conv1,IT,sub-01,2,1,0.006284,0.001387
STDP,Conv1,IT,sub-02,2,1,0.005631,0.004173
STDP,Conv1,IT,sub-03,2,1,0.000925,0.638042
STDP,Conv2,V1,sub-01,2,1,0.026242,0.0
STDP,Conv2,V1,sub-02,2,1,0.042782,0.0
STDP,Conv2,V1,sub-03,2,1,0.007168,0.000265
STDP,Conv2,V2,sub-01,2,1,0.014831,0.0
STDP,Conv2,V2,sub-02,2,1,0.023306,0.0
STDP,Conv2,V2,sub-03,2,1,-0.001203,0.540383
STDP,Conv2,V3,sub-01,2,1,0.012917,0.0
STDP,Conv2,V3,sub-02,2,1,0.016678,0.0
STDP,Conv2,V3,sub-03,2,1,0.002147,0.274751
STDP,Conv2,V4,sub-01,2,1,0.006449,0.001034
STDP,Conv2,V4,sub-02,2,1,0.008225,2.9e-05
STDP,Conv2,V4,sub-03,2,1,0.005329,0.006701
STDP,Conv2,LOC,sub-01,2,1,0.006383,0.001164
STDP,Conv2,LOC,sub-02,2,1,0.003424,0.081464
STDP,Conv2,LOC,sub-03,2,1,-0.00137,0.485745
STDP,Conv2,IT,sub-01,2,1,0.006439,0.001054
STDP,Conv2,IT,sub-02,2,1,0.006793,0.000548
STDP,Conv2,IT,sub-03,2,1,0.000679,0.729585
STDP,Conv3,V1,sub-01,2,1,0.018938,0.0
STDP,Conv3,V1,sub-02,2,1,0.023808,0.0
STDP,Conv3,V1,sub-03,2,1,0.005549,0.004754
STDP,Conv3,V2,sub-01,2,1,0.010225,0.0
STDP,Conv3,V2,sub-02,2,1,0.012555,0.0
STDP,Conv3,V2,sub-03,2,1,-0.000877,0.655456
STDP,Conv3,V3,sub-01,2,1,0.009572,1e-06
STDP,Conv3,V3,sub-02,2,1,0.008603,1.2e-05
STDP,Conv3,V3,sub-03,2,1,0.002469,0.209121
STDP,Conv3,V4,sub-01,2,1,0.004823,0.014136
STDP,Conv3,V4,sub-02,2,1,0.00263,0.180936
STDP,Conv3,V4,sub-03,2,1,0.006382,0.001168
STDP,Conv3,LOC,sub-01,2,1,0.008592,1.2e-05
STDP,Conv3,LOC,sub-02,2,1,0.002825,0.150708
STDP,Conv3,LOC,sub-03,2,1,-0.000253,0.897489
STDP,Conv3,IT,sub-01,2,1,0.008875,6e-06
STDP,Conv3,IT,sub-02,2,1,0.005888,0.002739
STDP,Conv3,IT,sub-03,2,1,0.001047,0.594091
STDP,FC1,V1,sub-01,2,1,0.086151,0.0
STDP,FC1,V1,sub-02,2,1,0.102804,0.0
STDP,FC1,V1,sub-03,2,1,0.014426,0.0
STDP,FC1,V2,sub-01,2,1,0.054775,0.0
STDP,FC1,V2,sub-02,2,1,0.070254,0.0
STDP,FC1,V2,sub-03,2,1,0.004594,0.019418
STDP,FC1,V3,sub-01,2,1,0.032408,0.0
STDP,FC1,V3,sub-02,2,1,0.056398,0.0
STDP,FC1,V3,sub-03,2,1,0.006692,0.000662
STDP,FC1,V4,sub-01,2,1,0.023353,0.0
STDP,FC1,V4,sub-02,2,1,0.029867,0.0
STDP,FC1,V4,sub-03,2,1,0.002411,0.219902
STDP,FC1,LOC,sub-01,2,1,0.00343,0.080989
STDP,FC1,LOC,sub-02,2,1,-0.008653,1.1e-05
STDP,FC1,LOC,sub-03,2,1,0.000546,0.781189
STDP,FC1,IT,sub-01,2,1,0.004147,0.034862
STDP,FC1,IT,sub-02,2,1,0.002677,0.173213
STDP,FC1,IT,sub-03,2,1,-2.7e-05,0.989157
STDP,Conv1,V1,sub-01,2,2,0.034923,0.0
STDP,Conv1,V1,sub-02,2,2,0.056549,0.0
STDP,Conv1,V1,sub-03,2,2,0.010652,0.0
STDP,Conv1,V2,sub-01,2,2,0.017987,0.0
STDP,Conv1,V2,sub-02,2,2,0.027252,0.0
STDP,Conv1,V2,sub-03,2,2,-0.000327,0.867994
STDP,Conv1,V3,sub-01,2,2,0.01503,0.0
STDP,Conv1,V3,sub-02,2,2,0.01546,0.0
STDP,Conv1,V3,sub-03,2,2,0.003011,0.125497
STDP,Conv1,V4,sub-01,2,2,0.007929,5.5e-05
STDP,Conv1,V4,sub-02,2,2,0.00759,0.000113
STDP,Conv1,V4,sub-03,2,2,0.005031,0.010486
STDP,Conv1,LOC,sub-01,2,2,0.006686,0.00067
STDP,Conv1,LOC,sub-02,2,2,0.004194,0.03286
STDP,Conv1,LOC,sub-03,2,2,-0.000806,0.681639
STDP,Conv1,IT,sub-01,2,2,0.006213,0.001573
STDP,Conv1,IT,sub-02,2,2,0.005633,0.004159
STDP,Conv1,IT,sub-03,2,2,0.000996,0.612411
STDP,Conv2,V1,sub-01,2,2,0.026975,0.0
STDP,Conv2,V1,sub-02,2,2,0.04378,0.0
STDP,Conv2,V1,sub-03,2,2,0.007241,0.00023
STDP,Conv2,V2,sub-01,2,2,0.015093,0.0
STDP,Conv2,V2,sub-02,2,2,0.0236,0.0
STDP,Conv2,V2,sub-03,2,2,-0.001183,0.547311
STDP,Conv2,V3,sub-01,2,2,0.013068,0.0
STDP,Conv2,V3,sub-02,2,2,0.017166,0.0
STDP,Conv2,V3,sub-03,2,2,0.002117,0.281469
STDP,Conv2,V4,sub-01,2,2,0.006534,0.000886
STDP,Conv2,V4,sub-02,2,2,0.008592,1.2e-05
STDP,Conv2,V4,sub-03,2,2,0.005131,0.009047
STDP,Conv2,LOC,sub-01,2,2,0.006336,0.001267
STDP,Conv2,LOC,sub-02,2,2,0.003245,0.098795
STDP,Conv2,LOC,sub-03,2,2,-0.00126,0.52139
STDP,Conv2,IT,sub-01,2,2,0.006363,0.001207
STDP,Conv2,IT,sub-02,2,2,0.006749,0.000595
STDP,Conv2,IT,sub-03,2,2,0.000687,0.726809
STDP,Conv3,V1,sub-01,2,2,0.019325,0.0
STDP,Conv3,V1,sub-02,2,2,0.024177,0.0
STDP,Conv3,V1,sub-03,2,2,0.005748,0.003454
STDP,Conv3,V2,sub-01,2,2,0.010434,0.0
STDP,Conv3,V2,sub-02,2,2,0.012823,0.0
STDP,Conv3,V2,sub-03,2,2,-0.000775,0.69345
STDP,Conv3,V3,sub-01,2,2,0.009792,1e-06
STDP,Conv3,V3,sub-02,2,2,0.008744,9e-06
STDP,Conv3,V3,sub-03,2,2,0.002603,0.185394
STDP,Conv3,V4,sub-01,2,2,0.005009,0.010823
STDP,Conv3,V4,sub-02,2,2,0.002719,0.166629
STDP,Conv3,V4,sub-03,2,2,0.006494,0.000953
STDP,Conv3,LOC,sub-01,2,2,0.008684,1e-05
STDP,Conv3,LOC,sub-02,2,2,0.003035,0.122532
STDP,Conv3,LOC,sub-03,2,2,-0.000133,0.946246
STDP,Conv3,IT,sub-01,2,2,0.008967,5e-06
STDP,Conv3,IT,sub-02,2,2,0.006015,0.002213
STDP,Conv3,IT,sub-03,2,2,0.001154,0.557154
STDP,FC1,V1,sub-01,2,2,0.093128,0.0
STDP,FC1,V1,sub-02,2,2,0.108862,0.0
STDP,FC1,V1,sub-03,2,2,0.016969,0.0
STDP,FC1,V2,sub-01,2,2,0.057995,0.0
STDP,FC1,V2,sub-02,2,2,0.071278,0.0
STDP,FC1,V2,sub-03,2,2,0.005819,0.00307
STDP,FC1,V3,sub-01,2,2,0.035844,0.0
STDP,FC1,V3,sub-02,2,2,0.058222,0.0
STDP,FC1,V3,sub-03,2,2,0.007443,0.000153
STDP,FC1,V4,sub-01,2,2,0.024966,0.0
STDP,FC1,V4,sub-02,2,2,0.029007,0.0
STDP,FC1,V4,sub-03,2,2,0.004108,0.036621
STDP,FC1,LOC,sub-01,2,2,0.005949,0.002474
STDP,FC1,LOC,sub-02,2,2,-0.008126,3.6e-05
STDP,FC1,LOC,sub-03,2,2,0.000851,0.664921
STDP,FC1,IT,sub-01,2,2,0.00725,0.000225
STDP,FC1,IT,sub-02,2,2,0.003984,0.042664
STDP,FC1,IT,sub-03,2,2,0.001026,0.601517
STDP,Conv1,V1,sub-01,2,5,0.035235,0.0
STDP,Conv1,V1,sub-02,2,5,0.056934,0.0
STDP,Conv1,V1,sub-03,2,5,0.010583,0.0
STDP,Conv1,V2,sub-01,2,5,0.018156,0.0
STDP,Conv1,V2,sub-02,2,5,0.027659,0.0
STDP,Conv1,V2,sub-03,2,5,-0.000214,0.913487
STDP,Conv1,V3,sub-01,2,5,0.015396,0.0
STDP,Conv1,V3,sub-02,2,5,0.016388,0.0
STDP,Conv1,V3,sub-03,2,5,0.003017,0.124787
STDP,Conv1,V4,sub-01,2,5,0.007957,5.2e-05
STDP,Conv1,V4,sub-02,2,5,0.008151,3.4e-05
STDP,Conv1,V4,sub-03,2,5,0.004947,0.011845
STDP,Conv1,LOC,sub-01,2,5,0.006639,0.000731
STDP,Conv1,LOC,sub-02,2,5,0.004343,0.027123
STDP,Conv1,LOC,sub-03,2,5,-0.000659,0.73727
STDP,Conv1,IT,sub-01,2,5,0.006112,0.001874
STDP,Conv1,IT,sub-02,2,5,0.005848,0.002928
STDP,Conv1,IT,sub-03,2,5,0.001152,0.557827
STDP,Conv2,V1,sub-01,2,5,0.029207,0.0
STDP,Conv2,V1,sub-02,2,5,0.046608,0.0
STDP,Conv2,V1,sub-03,2,5,0.007452,0.00015
STDP,Conv2,V2,sub-01,2,5,0.016304,0.0
STDP,Conv2,V2,sub-02,2,5,0.024867,0.0
STDP,Conv2,V2,sub-03,2,5,-0.001028,0.600853
STDP,Conv2,V3,sub-01,2,5,0.01388,0.0
STDP,Conv2,V3,sub-02,2,5,0.01885,0.0
STDP,Conv2,V3,sub-03,2,5,0.002224,0.257911
STDP,Conv2,V4,sub-01,2,5,0.006788,0.000553
STDP,Conv2,V4,sub-02,2,5,0.009621,1e-06
STDP,Conv2,V4,sub-03,2,5,0.004774,0.015143
STDP,Conv2,LOC,sub-01,2,5,0.006382,0.001167
STDP,Conv2,LOC,sub-02,2,5,0.00265,0.177532
STDP,Conv2,LOC,sub-03,2,5,-0.000894,0.649192
STDP,Conv2,IT,sub-01,2,5,0.006416,0.001098
STDP,Conv2,IT,sub-02,2,5,0.006677,0.000682
STDP,Conv2,IT,sub-03,2,5,0.000837,0.670368
STDP,Conv3,V1,sub-01,2,5,0.02018,0.0
STDP,Conv3,V1,sub-02,2,5,0.024887,0.0
STDP,Conv3,V1,sub-03,2,5,0.006091,0.001941
STDP,Conv3,V2,sub-01,2,5,0.010999,0.0
STDP,Conv3,V2,sub-02,2,5,0.013278,0.0
STDP,Conv3,V2,sub-03,2,5,-0.000554,0.777981
STDP,Conv3,V3,sub-01,2,5,0.01012,0.0
STDP,Conv3,V3,sub-02,2,5,0.009186,3e-06
STDP,Conv3,V3,sub-03,2,5,0.002869,0.144322
STDP,Conv3,V4,sub-01,2,5,0.005119,0.0092
STDP,Conv3,V4,sub-02,2,5,0.003166,0.107196
STDP,Conv3,V4,sub-03,2,5,0.006756,0.000588
STDP,Conv3,LOC,sub-01,2,5,0.008973,5e-06
STDP,Conv3,LOC,sub-02,2,5,0.003336,0.089699
STDP,Conv3,LOC,sub-03,2,5,0.000179,0.927487
STDP,Conv3,IT,sub-01,2,5,0.009252,3e-06
STDP,Conv3,IT,sub-02,2,5,0.006269,0.001425
STDP,Conv3,IT,sub-03,2,5,0.001475,0.452929
STDP,FC1,V1,sub-01,2,5,0.086033,0.0
STDP,FC1,V1,sub-02,2,5,0.112149,0.0
STDP,FC1,V1,sub-03,2,5,0.017733,0.0
STDP,FC1,V2,sub-01,2,5,0.055792,0.0
STDP,FC1,V2,sub-02,2,5,0.077233,0.0
STDP,FC1,V2,sub-03,2,5,0.005148,0.008813
STDP,FC1,V3,sub-01,2,5,0.033682,0.0
STDP,FC1,V3,sub-02,2,5,0.060995,0.0
STDP,FC1,V3,sub-03,2,5,0.008614,1.2e-05
STDP,FC1,V4,sub-01,2,5,0.026082,0.0
STDP,FC1,V4,sub-02,2,5,0.029284,0.0
STDP,FC1,V4,sub-03,2,5,0.007127,0.000288
STDP,FC1,LOC,sub-01,2,5,0.006141,0.001783
STDP,FC1,LOC,sub-02,2,5,-0.011674,0.0
STDP,FC1,LOC,sub-03,2,5,0.000984,0.616487
STDP,FC1,IT,sub-01,2,5,0.008185,3.1e-05
STDP,FC1,IT,sub-02,2,5,0.001255,0.523079
STDP,FC1,IT,sub-03,2,5,0.00096,0.625176
STDP,Conv1,V1,sub-01,2,10,0.036289,0.0
STDP,Conv1,V1,sub-02,2,10,0.0581,0.0
STDP,Conv1,V1,sub-03,2,10,0.010596,0.0
STDP,Conv1,V2,sub-01,2,10,0.018843,0.0
STDP,Conv1,V2,sub-02,2,10,0.028576,0.0
STDP,Conv1,V2,sub-03,2,10,-5.8e-05,0.976317
STDP,Conv1,V3,sub-01,2,10,0.016145,0.0
STDP,Conv1,V3,sub-02,2,10,0.017569,0.0
STDP,Conv1,V3,sub-03,2,10,0.003118,0.112646
STDP,Conv1,V4,sub-01,2,10,0.00813,3.5e-05
STDP,Conv1,V4,sub-02,2,10,0.008809,7e-06
STDP,Conv1,V4,sub-03,2,10,0.004904,0.012599
STDP,Conv1,LOC,sub-01,2,10,0.006569,0.000831
STDP,Conv1,LOC,sub-02,2,10,0.00417,0.033879
STDP,Conv1,LOC,sub-03,2,10,-0.000515,0.793371
STDP,Conv1,IT,sub-01,2,10,0.00604,0.002121
STDP,Conv1,IT,sub-02,2,10,0.005949,0.002474
STDP,Conv1,IT,sub-03,2,10,0.001311,0.504629
STDP,Conv2,V1,sub-01,2,10,0.031928,0.0
STDP,Conv2,V1,sub-02,2,10,0.049707,0.0
STDP,Conv2,V1,sub-03,2,10,0.008021,4.5e-05
STDP,Conv2,V2,sub-01,2,10,0.017974,0.0
STDP,Conv2,V2,sub-02,2,10,0.026685,0.0
STDP,Conv2,V2,sub-03,2,10,-0.000655,0.739142
STDP,Conv2,V3,sub-01,2,10,0.015175,0.0
STDP,Conv2,V3,sub-02,2,10,0.020713,0.0
STDP,Conv2,V3,sub-03,2,10,0.002617,0.183101
STDP,Conv2,V4,sub-01,2,10,0.007352,0.000184
STDP,Conv2,V4,sub-02,2,10,0.0105,0.0
STDP,Conv2,V4,sub-03,2,10,0.004603,0.019192
STDP,Conv2,LOC,sub-01,2,10,0.006601,0.000785
STDP,Conv2,LOC,sub-02,2,10,0.001976,0.314672
STDP,Conv2,LOC,sub-03,2,10,-0.000588,0.764741
STDP,Conv2,IT,sub-01,2,10,0.006704,0.000648
STDP,Conv2,IT,sub-02,2,10,0.006581,0.000813
STDP,Conv2,IT,sub-03,2,10,0.001028,0.600811
STDP,Conv3,V1,sub-01,2,10,0.021518,0.0
STDP,Conv3,V1,sub-02,2,10,0.025495,0.0
STDP,Conv3,V1,sub-03,2,10,0.006572,0.000826
STDP,Conv3,V2,sub-01,2,10,0.01186,0.0
STDP,Conv3,V2,sub-02,2,10,0.013767,0.0
STDP,Conv3,V2,sub-03,2,10,-0.000302,0.877882
STDP,Conv3,V3,sub-01,2,10,0.010609,0.0
STDP,Conv3,V3,sub-02,2,10,0.009689,1e-06
STDP,Conv3,V3,sub-03,2,10,0.003283,0.094906
STDP,Conv3,V4,sub-01,2,10,0.005313,0.006873
STDP,Conv3,V4,sub-02,2,10,0.00358,0.068515
STDP,Conv3,V4,sub-03,2,10,0.00709,0.000309
STDP,Conv3,LOC,sub-01,2,10,0.009326,2e-06
STDP,Conv3,LOC,sub-02,2,10,0.003209,0.102522
STDP,Conv3,LOC,sub-03,2,10,0.000504,0.797582
STDP,Conv3,IT,sub-01,2,10,0.009679,1e-06
STDP,Conv3,IT,sub-02,2,10,0.006277,0.001405
STDP,Conv3,IT,sub-03,2,10,0.001846,0.347652
STDP,FC1,V1,sub-01,2,10,0.071436,0.0
STDP,FC1,V1,sub-02,2,10,0.087676,0.0
STDP,FC1,V1,sub-03,2,10,0.016737,0.0
STDP,FC1,V2,sub-01,2,10,0.052967,0.0
STDP,FC1,V2,sub-02,2,10,0.061323,0.0
STDP,FC1,V2,sub-03,2,10,0.006153,0.001745
STDP,FC1,V3,sub-01,2,10,0.032877,0.0
STDP,FC1,V3,sub-02,2,10,0.049758,0.0
STDP,FC1,V3,sub-03,2,10,0.008726,9e-06
STDP,FC1,V4,sub-01,2,10,0.023085,0.0
STDP,FC1,V4,sub-02,2,10,0.020746,0.0
STDP,FC1,V4,sub-03,2,10,0.009734,1e-06
STDP,FC1,LOC,sub-01,2,10,0.006547,0.000866
STDP,FC1,LOC,sub-02,2,10,-0.007845,6.6e-05
STDP,FC1,LOC,sub-03,2,10,-4.2e-05,0.982938
STDP,FC1,IT,sub-01,2,10,0.00931,2e-06
STDP,FC1,IT,sub-02,2,10,0.002122,0.280312
STDP,FC1,IT,sub-03,2,10,0.001081,0.582325
STDP,Conv1,V1,sub-01,2,20,0.037366,0.0
STDP,Conv1,V1,sub-02,2,20,0.059466,0.0
STDP,Conv1,V1,sub-03,2,20,0.010717,0.0
STDP,Conv1,V2,sub-01,2,20,0.020036,0.0
STDP,Conv1,V2,sub-02,2,20,0.030379,0.0
STDP,Conv1,V2,sub-03,2,20,0.000282,0.885839
STDP,Conv1,V3,sub-01,2,20,0.017322,0.0
STDP,Conv1,V3,sub-02,2,20,0.019907,0.0
STDP,Conv1,V3,sub-03,2,20,0.003441,0.079986
STDP,Conv1,V4,sub-01,2,20,0.008603,1.2e-05
STDP,Conv1,V4,sub-02,2,20,0.009954,0.0
STDP,Conv1,V4,sub-03,2,20,0.00489,0.012852
STDP,Conv1,LOC,sub-01,2,20,0.006482,0.000974
STDP,Conv1,LOC,sub-02,2,20,0.004081,0.037892
STDP,Conv1,LOC,sub-03,2,20,-0.000336,0.864413
STDP,Conv1,IT,sub-01,2,20,0.006051,0.002081
STDP,Conv1,IT,sub-02,2,20,0.006194,0.001626
STDP,Conv1,IT,sub-03,2,20,0.001519,0.439692
STDP,Conv2,V1,sub-01,2,20,0.037806,0.0
STDP,Conv2,V1,sub-02,2,20,0.057605,0.0
STDP,Conv2,V1,sub-03,2,20,0.009313,2e-06
STDP,Conv2,V2,sub-01,2,20,0.021878,0.0
STDP,Conv2,V2,sub-02,2,20,0.031884,0.0
STDP,Conv2,V2,sub-03,2,20,1.8e-05,0.992847
STDP,Conv2,V3,sub-01,2,20,0.018099,0.0
STDP,Conv2,V3,sub-02,2,20,0.025161,0.0
STDP,Conv2,V3,sub-03,2,20,0.003315,0.091652
STDP,Conv2,V4,sub-01,2,20,0.009025,4e-06
STDP,Conv2,V4,sub-02,2,20,0.012214,0.0
STDP,Conv2,V4,sub-03,2,20,0.004387,0.025608
STDP,Conv2,LOC,sub-01,2,20,0.006905,0.000443
STDP,Conv2,LOC,sub-02,2,20,0.000703,0.720716
STDP,Conv2,LOC,sub-03,2,20,-0.000356,0.856281
STDP,Conv2,IT,sub-01,2,20,0.007111,0.000297
STDP,Conv2,IT,sub-02,2,20,0.006393,0.001145
STDP,Conv2,IT,sub-03,2,20,0.001333,0.497646
STDP,Conv3,V1,sub-01,2,20,0.023887,0.0
STDP,Conv3,V1,sub-02,2,20,0.027327,0.0
STDP,Conv3,V1,sub-03,2,20,0.007285,0.00021
STDP,Conv3,V2,sub-01,2,20,0.013479,0.0
STDP,Conv3,V2,sub-02,2,20,0.015289,0.0
STDP,Conv3,V2,sub-03,2,20,6.7e-05,0.97283
STDP,Conv3,V3,sub-01,2,20,0.011621,0.0
STDP,Conv3,V3,sub-02,2,20,0.011139,0.0
STDP,Conv3,V3,sub-03,2,20,0.003679,0.061274
STDP,Conv3,V4,sub-01,2,20,0.005898,0.002696
STDP,Conv3,V4,sub-02,2,20,0.004502,0.022007
STDP,Conv3,V4,sub-03,2,20,0.007351,0.000184
STDP,Conv3,LOC,sub-01,2,20,0.009874,1e-06
STDP,Conv3,LOC,sub-02,2,20,0.003288,0.094332
STDP,Conv3,LOC,sub-03,2,20,0.000754,0.701086
STDP,Conv3,IT,sub-01,2,20,0.010348,0.0
STDP,Conv3,IT,sub-02,2,20,0.006647,0.000721
STDP,Conv3,IT,sub-03,2,20,0.002291,0.243804
STDP,FC1,V1,sub-01,2,20,0.069604,0.0
STDP,FC1,V1,sub-02,2,20,0.082982,0.0
STDP,FC1,V1,sub-03,2,20,0.015528,0.0
STDP,FC1,V2,sub-01,2,20,0.049313,0.0
STDP,FC1,V2,sub-02,2,20,0.060222,0.0
STDP,FC1,V2,sub-03,2,20,0.005612,0.004302
STDP,FC1,V3,sub-01,2,20,0.029698,0.0
STDP,FC1,V3,sub-02,2,20,0.050386,0.0
STDP,FC1,V3,sub-03,2,20,0.009229,3e-06
STDP,FC1,V4,sub-01,2,20,0.023129,0.0
STDP,FC1,V4,sub-02,2,20,0.025004,0.0
STDP,FC1,V4,sub-03,2,20,0.009496,1e-06
STDP,FC1,LOC,sub-01,2,20,0.007507,0.000134
STDP,FC1,LOC,sub-02,2,20,-0.006178,0.001671
STDP,FC1,LOC,sub-03,2,20,0.001981,0.313408
STDP,FC1,IT,sub-01,2,20,0.010445,0.0
STDP,FC1,IT,sub-02,2,20,0.004231,0.031337
STDP,FC1,IT,sub-03,2,20,0.001583,0.420692
STDP,Conv1,V1,sub-01,2,30,0.038516,0.0
STDP,Conv1,V1,sub-02,2,30,0.06121,0.0
STDP,Conv1,V1,sub-03,2,30,0.011028,0.0
STDP,Conv1,V2,sub-01,2,30,0.021138,0.0
STDP,Conv1,V2,sub-02,2,30,0.032081,0.0
STDP,Conv1,V2,sub-03,2,30,0.000586,0.765723
STDP,Conv1,V3,sub-01,2,30,0.018301,0.0
STDP,Conv1,V3,sub-02,2,30,0.021828,0.0
STDP,Conv1,V3,sub-03,2,30,0.003695,0.060111
STDP,Conv1,V4,sub-01,2,30,0.009021,4e-06
STDP,Conv1,V4,sub-02,2,30,0.010693,0.0
STDP,Conv1,V4,sub-03,2,30,0.004905,0.012583
STDP,Conv1,LOC,sub-01,2,30,0.006349,0.001237
STDP,Conv1,LOC,sub-02,2,30,0.003775,0.05479
STDP,Conv1,LOC,sub-03,2,30,-0.000305,0.876491
STDP,Conv1,IT,sub-01,2,30,0.005955,0.002449
STDP,Conv1,IT,sub-02,2,30,0.006195,0.001622
STDP,Conv1,IT,sub-03,2,30,0.001614,0.411623
STDP,Conv2,V1,sub-01,2,30,0.041575,0.0
STDP,Conv2,V1,sub-02,2,30,0.062963,0.0
STDP,Conv2,V1,sub-03,2,30,0.010248,0.0
STDP,Conv2,V2,sub-01,2,30,0.024642,0.0
STDP,Conv2,V2,sub-02,2,30,0.035826,0.0
STDP,Conv2,V2,sub-03,2,30,0.000508,0.795866
STDP,Conv2,V3,sub-01,2,30,0.020169,0.0
STDP,Conv2,V3,sub-02,2,30,0.028403,0.0
STDP,Conv2,V3,sub-03,2,30,0.003803,0.052989
STDP,Conv2,V4,sub-01,2,30,0.01024,0.0
STDP,Conv2,V4,sub-02,2,30,0.013309,0.0
STDP,Conv2,V4,sub-03,2,30,0.004356,0.026673
STDP,Conv2,LOC,sub-01,2,30,0.00704,0.000341
STDP,Conv2,LOC,sub-02,2,30,-0.000101,0.958896
STDP,Conv2,LOC,sub-03,2,30,-8.9e-05,0.964004
STDP,Conv2,IT,sub-01,2,30,0.007365,0.000179
STDP,Conv2,IT,sub-02,2,30,0.006313,0.001318
STDP,Conv2,IT,sub-03,2,30,0.001461,0.457427
STDP,Conv3,V1,sub-01,2,30,0.024334,0.0
STDP,Conv3,V1,sub-02,2,30,0.027291,0.0
STDP,Conv3,V1,sub-03,2,30,0.007452,0.00015
STDP,Conv3,V2,sub-01,2,30,0.013861,0.0
STDP,Conv3,V2,sub-02,2,30,0.015558,0.0
STDP,Conv3,V2,sub-03,2,30,0.000266,0.892444
STDP,Conv3,V3,sub-01,2,30,0.011898,0.0
STDP,Conv3,V3,sub-02,2,30,0.011664,0.0
STDP,Conv3,V3,sub-03,2,30,0.003933,0.045395
STDP,Conv3,V4,sub-01,2,30,0.006014,0.002217
STDP,Conv3,V4,sub-02,2,30,0.005025,0.010578
STDP,Conv3,V4,sub-03,2,30,0.007408,0.000164
STDP,Conv3,LOC,sub-01,2,30,0.010011,0.0
STDP,Conv3,LOC,sub-02,2,30,0.00319,0.104594
STDP,Conv3,LOC,sub-03,2,30,0.000914,0.641759
STDP,Conv3,IT,sub-01,2,30,0.010643,0.0
STDP,Conv3,IT,sub-02,2,30,0.006801,0.00054
STDP,Conv3,IT,sub-03,2,30,0.002569,0.191289
STDP,FC1,V1,sub-01,2,30,0.065073,0.0
STDP,FC1,V1,sub-02,2,30,0.072282,0.0
STDP,FC1,V1,sub-03,2,30,0.016179,0.0
STDP,FC1,V2,sub-01,2,30,0.045744,0.0
STDP,FC1,V2,sub-02,2,30,0.050866,0.0
STDP,FC1,V2,sub-03,2,30,0.00615,0.001755
STDP,FC1,V3,sub-01,2,30,0.029699,0.0
STDP,FC1,V3,sub-02,2,30,0.044722,0.0
STDP,FC1,V3,sub-03,2,30,0.00908,4e-06
STDP,FC1,V4,sub-01,2,30,0.021289,0.0
STDP,FC1,V4,sub-02,2,30,0.017864,0.0
STDP,FC1,V4,sub-03,2,30,0.009416,2e-06
STDP,FC1,LOC,sub-01,2,30,0.006977,0.000386
STDP,FC1,LOC,sub-02,2,30,-0.002496,0.204156
STDP,FC1,LOC,sub-03,2,30,-0.000491,0.802791
STDP,FC1,IT,sub-01,2,30,0.009893,0.0
STDP,FC1,IT,sub-02,2,30,0.004586,0.019648
STDP,FC1,IT,sub-03,2,30,0.000221,0.910523
STDP,Conv1,V1,sub-01,2,40,0.038602,0.0
STDP,Conv1,V1,sub-02,2,40,0.061607,0.0
STDP,Conv1,V1,sub-03,2,40,0.011119,0.0
STDP,Conv1,V2,sub-01,2,40,0.021612,0.0
STDP,Conv1,V2,sub-02,2,40,0.032926,0.0
STDP,Conv1,V2,sub-03,2,40,0.000746,0.704283
STDP,Conv1,V3,sub-01,2,40,0.018799,0.0
STDP,Conv1,V3,sub-02,2,40,0.022978,0.0
STDP,Conv1,V3,sub-03,2,40,0.003839,0.050791
STDP,Conv1,V4,sub-01,2,40,0.009212,3e-06
STDP,Conv1,V4,sub-02,2,40,0.011239,0.0
STDP,Conv1,V4,sub-03,2,40,0.004982,0.011251
STDP,Conv1,LOC,sub-01,2,40,0.006282,0.001394
STDP,Conv1,LOC,sub-02,2,40,0.00382,0.051938
STDP,Conv1,LOC,sub-03,2,40,-0.000268,0.89166
STDP,Conv1,IT,sub-01,2,40,0.005919,0.002601
STDP,Conv1,IT,sub-02,2,40,0.00632,0.001302
STDP,Conv1,IT,sub-03,2,40,0.001734,0.377748
STDP,Conv2,V1,sub-01,2,40,0.043303,0.0
STDP,Conv2,V1,sub-02,2,40,0.06523,0.0
STDP,Conv2,V1,sub-03,2,40,0.010692,0.0
STDP,Conv2,V2,sub-01,2,40,0.025877,0.0
STDP,Conv2,V2,sub-02,2,40,0.037278,0.0
STDP,Conv2,V2,sub-03,2,40,0.000696,0.723358
STDP,Conv2,V3,sub-01,2,40,0.021032,0.0
STDP,Conv2,V3,sub-02,2,40,0.029709,0.0
STDP,Conv2,V3,sub-03,2,40,0.004008,0.041434
STDP,Conv2,V4,sub-01,2,40,0.010832,0.0
STDP,Conv2,V4,sub-02,2,40,0.013698,0.0
STDP,Conv2,V4,sub-03,2,40,0.004427,0.024313
STDP,Conv2,LOC,sub-01,2,40,0.007314,0.000198
STDP,Conv2,LOC,sub-02,2,40,-0.000352,0.85792
STDP,Conv2,LOC,sub-03,2,40,-3.6e-05,0.985394
STDP,Conv2,IT,sub-01,2,40,0.00765,9.9e-05
STDP,Conv2,IT,sub-02,2,40,0.006271,0.001421
STDP,Conv2,IT,sub-03,2,40,0.00165,0.401228
STDP,Conv3,V1,sub-01,2,40,0.02518,0.0
STDP,Conv3,V1,sub-02,2,40,0.027607,0.0
STDP,Conv3,V1,sub-03,2,40,0.007744,8.1e-05
STDP,Conv3,V2,sub-01,2,40,0.014535,0.0
STDP,Conv3,V2,sub-02,2,40,0.015995,0.0
STDP,Conv3,V2,sub-03,2,40,0.00043,0.826637
STDP,Conv3,V3,sub-01,2,40,0.012406,0.0
STDP,Conv3,V3,sub-02,2,40,0.012051,0.0
STDP,Conv3,V3,sub-03,2,40,0.00406,0.038879
STDP,Conv3,V4,sub-01,2,40,0.006267,0.001429
STDP,Conv3,V4,sub-02,2,40,0.005301,0.006994
STDP,Conv3,V4,sub-03,2,40,0.007611,0.000108
STDP,Conv3,LOC,sub-01,2,40,0.010276,0.0
STDP,Conv3,LOC,sub-02,2,40,0.003385,0.085039
STDP,Conv3,LOC,sub-03,2,40,0.000939,0.632833
STDP,Conv3,IT,sub-01,2,40,0.011025,0.0
STDP,Conv3,IT,sub-02,2,40,0.007041,0.000341
STDP,Conv3,IT,sub-03,2,40,0.002704,0.168939
STDP,FC1,V1,sub-01,2,40,0.066493,0.0
STDP,FC1,V1,sub-02,2,40,0.085331,0.0
STDP,FC1,V1,sub-03,2,40,0.017265,0.0
STDP,FC1,V2,sub-01,2,40,0.051339,0.0
STDP,FC1,V2,sub-02,2,40,0.060979,0.0
STDP,FC1,V2,sub-03,2,40,0.005581,0.004519
STDP,FC1,V3,sub-01,2,40,0.031978,0.0
STDP,FC1,V3,sub-02,2,40,0.044901,0.0
STDP,FC1,V3,sub-03,2,40,0.008262,2.6e-05
STDP,FC1,V4,sub-01,2,40,0.022552,0.0
STDP,FC1,V4,sub-02,2,40,0.01874,0.0
STDP,FC1,V4,sub-03,2,40,0.00785,6.5e-05
STDP,FC1,LOC,sub-01,2,40,0.008789,8e-06
STDP,FC1,LOC,sub-02,2,40,-0.002499,0.203636
STDP,FC1,LOC,sub-03,2,40,0.001911,0.330809
STDP,FC1,IT,sub-01,2,40,0.011942,0.0
STDP,FC1,IT,sub-02,2,40,0.006162,0.00172
STDP,FC1,IT,sub-03,2,40,0.000271,0.890305
Random Weights,Conv1,V1,sub-01,3,0,0.058363,0.0
Random Weights,Conv1,V1,sub-02,3,0,0.09386,0.0
Random Weights,Conv1,V1,sub-03,3,0,0.017465,0.0
Random Weights,Conv1,V2,sub-01,3,0,0.036305,0.0
Random Weights,Conv1,V2,sub-02,3,0,0.053872,0.0
Random Weights,Conv1,V2,sub-03,3,0,0.002156,0.272676
Random Weights,Conv1,V3,sub-01,3,0,0.026058,0.0
Random Weights,Conv1,V3,sub-02,3,0,0.034481,0.0
Random Weights,Conv1,V3,sub-03,3,0,0.00483,0.013994
Random Weights,Conv1,V4,sub-01,3,0,0.01366,0.0
Random Weights,Conv1,V4,sub-02,3,0,0.009832,1e-06
Random Weights,Conv1,V4,sub-03,3,0,0.003827,0.051536
Random Weights,Conv1,LOC,sub-01,3,0,0.005182,0.008383
Random Weights,Conv1,LOC,sub-02,3,0,-0.008169,3.2e-05
Random Weights,Conv1,LOC,sub-03,3,0,-0.000803,0.682895
Random Weights,Conv1,IT,sub-01,3,0,0.004326,0.027757
Random Weights,Conv1,IT,sub-02,3,0,-0.001747,0.374149
Random Weights,Conv1,IT,sub-03,3,0,0.003055,0.120168
Random Weights,Conv2,V1,sub-01,3,0,0.066239,0.0
Random Weights,Conv2,V1,sub-02,3,0,0.106805,0.0
Random Weights,Conv2,V1,sub-03,3,0,0.018486,0.0
Random Weights,Conv2,V2,sub-01,3,0,0.040783,0.0
Random Weights,Conv2,V2,sub-02,3,0,0.065263,0.0
Random Weights,Conv2,V2,sub-03,3,0,0.002771,0.158648
Random Weights,Conv2,V3,sub-01,3,0,0.029742,0.0
Random Weights,Conv2,V3,sub-02,3,0,0.044441,0.0
Random Weights,Conv2,V3,sub-03,3,0,0.005734,0.003533
Random Weights,Conv2,V4,sub-01,3,0,0.015755,0.0
Random Weights,Conv2,V4,sub-02,3,0,0.009976,0.0
Random Weights,Conv2,V4,sub-03,3,0,0.00415,0.034723
Random Weights,Conv2,LOC,sub-01,3,0,0.00497,0.011459
Random Weights,Conv2,LOC,sub-02,3,0,-0.011465,0.0
Random Weights,Conv2,LOC,sub-03,3,0,-0.002365,0.228964
Random Weights,Conv2,IT,sub-01,3,0,0.004561,0.020314
Random Weights,Conv2,IT,sub-02,3,0,-0.003063,0.119099
Random Weights,Conv2,IT,sub-03,3,0,0.002728,0.165137
Random Weights,Conv3,V1,sub-01,3,0,0.064516,0.0
Random Weights,Conv3,V1,sub-02,3,0,0.099976,0.0
Random Weights,Conv3,V1,sub-03,3,0,0.016655,0.0
Random Weights,Conv3,V2,sub-01,3,0,0.04079,0.0
Random Weights,Conv3,V2,sub-02,3,0,0.06399,0.0
Random Weights,Conv3,V2,sub-03,3,0,0.002575,0.190218
Random Weights,Conv3,V3,sub-01,3,0,0.030524,0.0
Random Weights,Conv3,V3,sub-02,3,0,0.047681,0.0
Random Weights,Conv3,V3,sub-03,3,0,0.005102,0.009435
Random Weights,Conv3,V4,sub-01,3,0,0.016018,0.0
Random Weights,Conv3,V4,sub-02,3,0,0.011451,0.0
Random Weights,Conv3,V4,sub-03,3,0,0.004512,0.021692
Random Weights,Conv3,LOC,sub-01,3,0,0.005397,0.006034
Random Weights,Conv3,LOC,sub-02,3,0,-0.012259,0.0
Random Weights,Conv3,LOC,sub-03,3,0,-0.003088,0.116157
Random Weights,Conv3,IT,sub-01,3,0,0.005592,0.004442
Random Weights,Conv3,IT,sub-02,3,0,-0.003616,0.065832
Random Weights,Conv3,IT,sub-03,3,0,0.002868,0.144597
Random Weights,FC1,V1,sub-01,3,0,0.11181,0.0
Random Weights,FC1,V1,sub-02,3,0,0.152948,0.0
Random Weights,FC1,V1,sub-03,3,0,0.028793,0.0
Random Weights,FC1,V2,sub-01,3,0,0.066837,0.0
Random Weights,FC1,V2,sub-02,3,0,0.100052,0.0
Random Weights,FC1,V2,sub-03,3,0,0.008561,1.3e-05
Random Weights,FC1,V3,sub-01,3,0,0.044204,0.0
Random Weights,FC1,V3,sub-02,3,0,0.084558,0.0
Random Weights,FC1,V3,sub-03,3,0,0.008662,1e-05
Random Weights,FC1,V4,sub-01,3,0,0.026603,0.0
Random Weights,FC1,V4,sub-02,3,0,0.029893,0.0
Random Weights,FC1,V4,sub-03,3,0,0.00162,0.40995
Random Weights,FC1,LOC,sub-01,3,0,0.001282,0.514132
Random Weights,FC1,LOC,sub-02,3,0,-0.014346,0.0
Random Weights,FC1,LOC,sub-03,3,0,-0.000228,0.907477
Random Weights,FC1,IT,sub-01,3,0,0.001563,0.426605
Random Weights,FC1,IT,sub-02,3,0,0.003369,0.086524
Random Weights,FC1,IT,sub-03,3,0,0.003571,0.069237
Backprop,Conv1,V1,sub-01,3,0,0.058363,0.0
Backprop,Conv1,V1,sub-02,3,0,0.09386,0.0
Backprop,Conv1,V1,sub-03,3,0,0.017465,0.0
Backprop,Conv1,V2,sub-01,3,0,0.036305,0.0
Backprop,Conv1,V2,sub-02,3,0,0.053872,0.0
Backprop,Conv1,V2,sub-03,3,0,0.002156,0.272676
Backprop,Conv1,V3,sub-01,3,0,0.026058,0.0
Backprop,Conv1,V3,sub-02,3,0,0.034481,0.0
Backprop,Conv1,V3,sub-03,3,0,0.00483,0.013994
Backprop,Conv1,V4,sub-01,3,0,0.01366,0.0
Backprop,Conv1,V4,sub-02,3,0,0.009832,1e-06
Backprop,Conv1,V4,sub-03,3,0,0.003827,0.051536
Backprop,Conv1,LOC,sub-01,3,0,0.005182,0.008383
Backprop,Conv1,LOC,sub-02,3,0,-0.008169,3.2e-05
Backprop,Conv1,LOC,sub-03,3,0,-0.000803,0.682895
Backprop,Conv1,IT,sub-01,3,0,0.004326,0.027757
Backprop,Conv1,IT,sub-02,3,0,-0.001747,0.374149
Backprop,Conv1,IT,sub-03,3,0,0.003055,0.120168
Backprop,Conv2,V1,sub-01,3,0,0.066239,0.0
Backprop,Conv2,V1,sub-02,3,0,0.106805,0.0
Backprop,Conv2,V1,sub-03,3,0,0.018486,0.0
Backprop,Conv2,V2,sub-01,3,0,0.040783,0.0
Backprop,Conv2,V2,sub-02,3,0,0.065263,0.0
Backprop,Conv2,V2,sub-03,3,0,0.002771,0.158648
Backprop,Conv2,V3,sub-01,3,0,0.029742,0.0
Backprop,Conv2,V3,sub-02,3,0,0.044441,0.0
Backprop,Conv2,V3,sub-03,3,0,0.005734,0.003533
Backprop,Conv2,V4,sub-01,3,0,0.015755,0.0
Backprop,Conv2,V4,sub-02,3,0,0.009976,0.0
Backprop,Conv2,V4,sub-03,3,0,0.00415,0.034723
Backprop,Conv2,LOC,sub-01,3,0,0.00497,0.011459
Backprop,Conv2,LOC,sub-02,3,0,-0.011465,0.0
Backprop,Conv2,LOC,sub-03,3,0,-0.002365,0.228964
Backprop,Conv2,IT,sub-01,3,0,0.004561,0.020314
Backprop,Conv2,IT,sub-02,3,0,-0.003063,0.119099
Backprop,Conv2,IT,sub-03,3,0,0.002728,0.165137
Backprop,Conv3,V1,sub-01,3,0,0.064516,0.0
Backprop,Conv3,V1,sub-02,3,0,0.099976,0.0
Backprop,Conv3,V1,sub-03,3,0,0.016655,0.0
Backprop,Conv3,V2,sub-01,3,0,0.04079,0.0
Backprop,Conv3,V2,sub-02,3,0,0.06399,0.0
Backprop,Conv3,V2,sub-03,3,0,0.002575,0.190218
Backprop,Conv3,V3,sub-01,3,0,0.030524,0.0
Backprop,Conv3,V3,sub-02,3,0,0.047681,0.0
Backprop,Conv3,V3,sub-03,3,0,0.005102,0.009435
Backprop,Conv3,V4,sub-01,3,0,0.016018,0.0
Backprop,Conv3,V4,sub-02,3,0,0.011451,0.0
Backprop,Conv3,V4,sub-03,3,0,0.004512,0.021692
Backprop,Conv3,LOC,sub-01,3,0,0.005397,0.006034
Backprop,Conv3,LOC,sub-02,3,0,-0.012259,0.0
Backprop,Conv3,LOC,sub-03,3,0,-0.003088,0.116157
Backprop,Conv3,IT,sub-01,3,0,0.005592,0.004442
Backprop,Conv3,IT,sub-02,3,0,-0.003616,0.065832
Backprop,Conv3,IT,sub-03,3,0,0.002868,0.144597
Backprop,FC1,V1,sub-01,3,0,0.11181,0.0
Backprop,FC1,V1,sub-02,3,0,0.152948,0.0
Backprop,FC1,V1,sub-03,3,0,0.028793,0.0
Backprop,FC1,V2,sub-01,3,0,0.066837,0.0
Backprop,FC1,V2,sub-02,3,0,0.100052,0.0
Backprop,FC1,V2,sub-03,3,0,0.008561,1.3e-05
Backprop,FC1,V3,sub-01,3,0,0.044204,0.0
Backprop,FC1,V3,sub-02,3,0,0.084558,0.0
Backprop,FC1,V3,sub-03,3,0,0.008662,1e-05
Backprop,FC1,V4,sub-01,3,0,0.026603,0.0
Backprop,FC1,V4,sub-02,3,0,0.029893,0.0
Backprop,FC1,V4,sub-03,3,0,0.00162,0.40995
Backprop,FC1,LOC,sub-01,3,0,0.001282,0.514132
Backprop,FC1,LOC,sub-02,3,0,-0.014346,0.0
Backprop,FC1,LOC,sub-03,3,0,-0.000228,0.907477
Backprop,FC1,IT,sub-01,3,0,0.001563,0.426605
Backprop,FC1,IT,sub-02,3,0,0.003369,0.086524
Backprop,FC1,IT,sub-03,3,0,0.003571,0.069237
Backprop,Conv1,V1,sub-01,3,1,0.00281,0.152828
Backprop,Conv1,V1,sub-02,3,1,0.013585,0.0
Backprop,Conv1,V1,sub-03,3,1,0.003835,0.051038
Backprop,Conv1,V2,sub-01,3,1,0.000974,0.620232
Backprop,Conv1,V2,sub-02,3,1,0.005943,0.002498
Backprop,Conv1,V2,sub-03,3,1,0.000672,0.732465
Backprop,Conv1,V3,sub-01,3,1,0.004623,0.01867
Backprop,Conv1,V3,sub-02,3,1,0.00781,7.1e-05
Backprop,Conv1,V3,sub-03,3,1,0.001188,0.545699
Backprop,Conv1,V4,sub-01,3,1,-0.001809,0.357444
Backprop,Conv1,V4,sub-02,3,1,0.008568,1.3e-05
Backprop,Conv1,V4,sub-03,3,1,0.005734,0.00353
Backprop,Conv1,LOC,sub-01,3,1,0.004039,0.039886
Backprop,Conv1,LOC,sub-02,3,1,0.008267,2.6e-05
Backprop,Conv1,LOC,sub-03,3,1,-5.8e-05,0.976385
Backprop,Conv1,IT,sub-01,3,1,0.005437,0.005673
Backprop,Conv1,IT,sub-02,3,1,0.005944,0.002492
Backprop,Conv1,IT,sub-03,3,1,0.0024,0.222058
Backprop,Conv2,V1,sub-01,3,1,2.9e-05,0.988277
Backprop,Conv2,V1,sub-02,3,1,0.001397,0.477338
Backprop,Conv2,V1,sub-03,3,1,0.004151,0.034706
Backprop,Conv2,V2,sub-01,3,1,0.002239,0.254689
Backprop,Conv2,V2,sub-02,3,1,-0.001792,0.361806
Backprop,Conv2,V2,sub-03,3,1,0.00212,0.280809
Backprop,Conv2,V3,sub-01,3,1,0.006166,0.001707
Backprop,Conv2,V3,sub-02,3,1,-0.000464,0.813387
Backprop,Conv2,V3,sub-03,3,1,0.003304,0.092734
Backprop,Conv2,V4,sub-01,3,1,-0.001765,0.369294
Backprop,Conv2,V4,sub-02,3,1,0.003766,0.055358
Backprop,Conv2,V4,sub-03,3,1,0.009542,1e-06
Backprop,Conv2,LOC,sub-01,3,1,0.006133,0.001808
Backprop,Conv2,LOC,sub-02,3,1,0.00974,1e-06
Backprop,Conv2,LOC,sub-03,3,1,0.000128,0.948013
Backprop,Conv2,IT,sub-01,3,1,0.008472,1.6e-05
Backprop,Conv2,IT,sub-02,3,1,0.007371,0.000177
Backprop,Conv2,IT,sub-03,3,1,0.000776,0.693007
Backprop,Conv3,V1,sub-01,3,1,-0.014533,0.0
Backprop,Conv3,V1,sub-02,3,1,-0.029967,0.0
Backprop,Conv3,V1,sub-03,3,1,0.004116,0.036273
Backprop,Conv3,V2,sub-01,3,1,-0.004832,0.01396
Backprop,Conv3,V2,sub-02,3,1,-0.021375,0.0
Backprop,Conv3,V2,sub-03,3,1,0.003073,0.117962
Backprop,Conv3,V3,sub-01,3,1,-0.000943,0.631426
Backprop,Conv3,V3,sub-02,3,1,-0.019237,0.0
Backprop,Conv3,V3,sub-03,3,1,0.004165,0.034074
Backprop,Conv3,V4,sub-01,3,1,-0.005963,0.002416
Backprop,Conv3,V4,sub-02,3,1,-0.009094,4e-06
Backprop,Conv3,V4,sub-03,3,1,0.011913,0.0
Backprop,Conv3,LOC,sub-01,3,1,0.004171,0.03383
Backprop,Conv3,LOC,sub-02,3,1,0.007879,6.1e-05
Backprop,Conv3,LOC,sub-03,3,1,-0.000402,0.83804
Backprop,Conv3,IT,sub-01,3,1,0.00616,0.001725
Backprop,Conv3,IT,sub-02,3,1,0.003434,0.080661
Backprop,Conv3,IT,sub-03,3,1,0.001048,0.593862
Backprop,FC1,V1,sub-01,3,1,0.007133,0.000285
Backprop,FC1,V1,sub-02,3,1,0.001647,0.401965
Backprop,FC1,V1,sub-03,3,1,0.009876,1e-06
Backprop,FC1,V2,sub-01,3,1,0.008492,1.6e-05
Backprop,FC1,V2,sub-02,3,1,0.007706,8.8e-05
Backprop,FC1,V2,sub-03,3,1,0.006247,0.001482
Backprop,FC1,V3,sub-01,3,1,0.006377,0.001178
Backprop,FC1,V3,sub-02,3,1,0.00641,0.001109
Backprop,FC1,V3,sub-03,3,1,0.005441,0.00564
Backprop,FC1,V4,sub-01,3,1,0.000786,0.689075
Backprop,FC1,V4,sub-02,3,1,0.001683,0.391875
Backprop,FC1,V4,sub-03,3,1,0.011478,0.0
Backprop,FC1,LOC,sub-01,3,1,0.002712,0.167615
Backprop,FC1,LOC,sub-02,3,1,0.010046,0.0
Backprop,FC1,LOC,sub-03,3,1,0.001884,0.337819
Backprop,FC1,IT,sub-01,3,1,0.004691,0.017012
Backprop,FC1,IT,sub-02,3,1,0.007974,5e-05
Backprop,FC1,IT,sub-03,3,1,0.002014,0.305453
Backprop,Conv1,V1,sub-01,3,2,0.004988,0.011152
Backprop,Conv1,V1,sub-02,3,2,0.017733,0.0
Backprop,Conv1,V1,sub-03,3,2,0.004471,0.02291
Backprop,Conv1,V2,sub-01,3,2,0.002124,0.279929
Backprop,Conv1,V2,sub-02,3,2,0.008497,1.5e-05
Backprop,Conv1,V2,sub-03,3,2,0.00071,0.717998
Backprop,Conv1,V3,sub-01,3,2,0.005198,0.008179
Backprop,Conv1,V3,sub-02,3,2,0.009241,3e-06
Backprop,Conv1,V3,sub-03,3,2,0.001406,0.474479
Backprop,Conv1,V4,sub-01,3,2,-0.000993,0.613357
Backprop,Conv1,V4,sub-02,3,2,0.008931,6e-06
Backprop,Conv1,V4,sub-03,3,2,0.005937,0.002523
Backprop,Conv1,LOC,sub-01,3,2,0.004309,0.028367
Backprop,Conv1,LOC,sub-02,3,2,0.008273,2.6e-05
Backprop,Conv1,LOC,sub-03,3,2,0.000307,0.876003
Backprop,Conv1,IT,sub-01,3,2,0.005879,0.002782
Backprop,Conv1,IT,sub-02,3,2,0.006257,0.001456
Backprop,Conv1,IT,sub-03,3,2,0.002935,0.135368
Backprop,Conv2,V1,sub-01,3,2,-0.005783,0.003261
Backprop,Conv2,V1,sub-02,3,2,-0.013112,0.0
Backprop,Conv2,V1,sub-03,3,2,0.003956,0.044172
Backprop,Conv2,V2,sub-01,3,2,0.000238,0.903818
Backprop,Conv2,V2,sub-02,3,2,-0.01309,0.0
Backprop,Conv2,V2,sub-03,3,2,0.002184,0.266605
Backprop,Conv2,V3,sub-01,3,2,0.004261,0.030177
Backprop,Conv2,V3,sub-02,3,2,-0.013782,0.0
Backprop,Conv2,V3,sub-03,3,2,0.003722,0.058271
Backprop,Conv2,V4,sub-01,3,2,-0.001939,0.323916
Backprop,Conv2,V4,sub-02,3,2,-0.003476,0.076987
Backprop,Conv2,V4,sub-03,3,2,0.010514,0.0
Backprop,Conv2,LOC,sub-01,3,2,0.007409,0.000164
Backprop,Conv2,LOC,sub-02,3,2,0.006623,0.000752
Backprop,Conv2,LOC,sub-03,3,2,0.000227,0.907864
Backprop,Conv2,IT,sub-01,3,2,0.009976,0.0
Backprop,Conv2,IT,sub-02,3,2,0.003898,0.047362
Backprop,Conv2,IT,sub-03,3,2,0.001584,0.420351
Backprop,Conv3,V1,sub-01,3,2,-0.026054,0.0
Backprop,Conv3,V1,sub-02,3,2,-0.052939,0.0
Backprop,Conv3,V1,sub-03,3,2,0.001237,0.529213
Backprop,Conv3,V2,sub-01,3,2,-0.011677,0.0
Backprop,Conv3,V2,sub-02,3,2,-0.040473,0.0
Backprop,Conv3,V2,sub-03,3,2,0.002089,0.287833
Backprop,Conv3,V3,sub-01,3,2,-0.00682,0.000521
Backprop,Conv3,V3,sub-02,3,2,-0.037562,0.0
Backprop,Conv3,V3,sub-03,3,2,0.002976,0.13001
Backprop,Conv3,V4,sub-01,3,2,-0.008449,1.7e-05
Backprop,Conv3,V4,sub-02,3,2,-0.015477,0.0
Backprop,Conv3,V4,sub-03,3,2,0.011518,0.0
Backprop,Conv3,LOC,sub-01,3,2,0.004705,0.016674
Backprop,Conv3,LOC,sub-02,3,2,0.004964,0.011551
Backprop,Conv3,LOC,sub-03,3,2,-0.000511,0.794727
Backprop,Conv3,IT,sub-01,3,2,0.007284,0.000211
Backprop,Conv3,IT,sub-02,3,2,-0.000474,0.809306
Backprop,Conv3,IT,sub-03,3,2,0.002016,0.304944
Backprop,FC1,V1,sub-01,3,2,-0.006155,0.00174
Backprop,FC1,V1,sub-02,3,2,-0.021486,0.0
Backprop,FC1,V1,sub-03,3,2,0.006136,0.001797
Backprop,FC1,V2,sub-01,3,2,0.00166,0.398285
Backprop,FC1,V2,sub-02,3,2,-0.006554,0.000855
Backprop,FC1,V2,sub-03,3,2,0.004972,0.011413
Backprop,FC1,V3,sub-01,3,2,0.000772,0.694526
Backprop,FC1,V3,sub-02,3,2,-0.007032,0.000347
Backprop,FC1,V3,sub-03,3,2,0.002774,0.158191
Backprop,FC1,V4,sub-01,3,2,-0.002598,0.186244
Backprop,FC1,V4,sub-02,3,2,-0.003088,0.116169
Backprop,FC1,V4,sub-03,3,2,0.011521,0.0
Backprop,FC1,LOC,sub-01,3,2,0.001743,0.375315
Backprop,FC1,LOC,sub-02,3,2,0.01156,0.0
Backprop,FC1,LOC,sub-03,3,2,0.002807,0.153277
Backprop,FC1,IT,sub-01,3,2,0.00402,0.040857
Backprop,FC1,IT,sub-02,3,2,0.007883,6e-05
Backprop,FC1,IT,sub-03,3,2,0.00253,0.198035
Backprop,Conv1,V1,sub-01,3,5,0.011753,0.0
Backprop,Conv1,V1,sub-02,3,5,0.028605,0.0
Backprop,Conv1,V1,sub-03,3,5,0.006575,0.000822
Backprop,Conv1,V2,sub-01,3,5,0.005885,0.002752
Backprop,Conv1,V2,sub-02,3,5,0.015827,0.0
Backprop,Conv1,V2,sub-03,3,5,0.001623,0.409067
Backprop,Conv1,V3,sub-01,3,5,0.007901,5.8e-05
Backprop,Conv1,V3,sub-02,3,5,0.015339,0.0
Backprop,Conv1,V3,sub-03,3,5,0.002329,0.23607
Backprop,Conv1,V4,sub-01,3,5,0.000658,0.73787
Backprop,Conv1,V4,sub-02,3,5,0.012603,0.0
Backprop,Conv1,V4,sub-03,3,5,0.005706,0.003694
Backprop,Conv1,LOC,sub-01,3,5,0.004627,0.018564
Backprop,Conv1,LOC,sub-02,3,5,0.008191,3.1e-05
Backprop,Conv1,LOC,sub-03,3,5,0.000938,0.633202
Backprop,Conv1,IT,sub-01,3,5,0.005883,0.002762
Backprop,Conv1,IT,sub-02,3,5,0.007472,0.000144
Backprop,Conv1,IT,sub-03,3,5,0.003198,0.103776
Backprop,Conv2,V1,sub-01,3,5,-0.015015,0.0
Backprop,Conv2,V1,sub-02,3,5,-0.027353,0.0
Backprop,Conv2,V1,sub-03,3,5,0.003643,0.063845
Backprop,Conv2,V2,sub-01,3,5,-0.004865,0.013321
Backprop,Conv2,V2,sub-02,3,5,-0.022493,0.0
Backprop,Conv2,V2,sub-03,3,5,0.003017,0.124791
Backprop,Conv2,V3,sub-01,3,5,-0.00051,0.795168
Backprop,Conv2,V3,sub-02,3,5,-0.020885,0.0
Backprop,Conv2,V3,sub-03,3,5,0.004235,0.031179
Backprop,Conv2,V4,sub-01,3,5,-0.005677,0.003877
Backprop,Conv2,V4,sub-02,3,5,-0.007308,0.000201
Backprop,Conv2,V4,sub-03,3,5,0.010401,0.0
Backprop,Conv2,LOC,sub-01,3,5,0.005986,0.002323
Backprop,Conv2,LOC,sub-02,3,5,0.005587,0.00448
Backprop,Conv2,LOC,sub-03,3,5,0.000141,0.942924
Backprop,Conv2,IT,sub-01,3,5,0.008199,3e-05
Backprop,Conv2,IT,sub-02,3,5,0.002365,0.228841
Backprop,Conv2,IT,sub-03,3,5,0.001897,0.334383
Backprop,Conv3,V1,sub-01,3,5,-0.017438,0.0
Backprop,Conv3,V1,sub-02,3,5,-0.034207,0.0
Backprop,Conv3,V1,sub-03,3,5,0.004889,0.012862
Backprop,Conv3,V2,sub-01,3,5,-0.008412,1.9e-05
Backprop,Conv3,V2,sub-02,3,5,-0.028185,0.0
Backprop,Conv3,V2,sub-03,3,5,0.003434,0.08065
Backprop,Conv3,V3,sub-01,3,5,-0.00452,0.021481
Backprop,Conv3,V3,sub-02,3,5,-0.026406,0.0
Backprop,Conv3,V3,sub-03,3,5,0.003741,0.057025
Backprop,Conv3,V4,sub-01,3,5,-0.007395,0.000168
Backprop,Conv3,V4,sub-02,3,5,-0.006621,0.000756
Backprop,Conv3,V4,sub-03,3,5,0.011106,0.0
Backprop,Conv3,LOC,sub-01,3,5,0.00667,0.00069
Backprop,Conv3,LOC,sub-02,3,5,0.007128,0.000287
Backprop,Conv3,LOC,sub-03,3,5,0.001029,0.600566
Backprop,Conv3,IT,sub-01,3,5,0.008733,9e-06
Backprop,Conv3,IT,sub-02,3,5,0.002615,0.183331
Backprop,Conv3,IT,sub-03,3,5,0.002717,0.166833
Backprop,FC1,V1,sub-01,3,5,9.9e-05,0.959753
Backprop,FC1,V1,sub-02,3,5,-0.010127,0.0
Backprop,FC1,V1,sub-03,3,5,0.008369,2.1e-05
Backprop,FC1,V2,sub-01,3,5,0.002158,0.272254
Backprop,FC1,V2,sub-02,3,5,-0.00483,0.013995
Backprop,FC1,V2,sub-03,3,5,0.005621,0.00424
Backprop,FC1,V3,sub-01,3,5,0.000596,0.761832
Backprop,FC1,V3,sub-02,3,5,-0.007868,6.3e-05
Backprop,FC1,V3,sub-03,3,5,0.003923,0.04596
Backprop,FC1,V4,sub-01,3,5,-0.003268,0.096341
Backprop,FC1,V4,sub-02,3,5,0.000579,0.768207
Backprop,FC1,V4,sub-03,3,5,0.0122,0.0
Backprop,FC1,LOC,sub-01,3,5,0.006638,0.000733
Backprop,FC1,LOC,sub-02,3,5,0.011216,0.0
Backprop,FC1,LOC,sub-03,3,5,0.002321,0.237711
Backprop,FC1,IT,sub-01,3,5,0.008217,2.9e-05
Backprop,FC1,IT,sub-02,3,5,0.006675,0.000684
Backprop,FC1,IT,sub-03,3,5,0.003406,0.083166
Backprop,Conv1,V1,sub-01,3,10,0.017013,0.0
Backprop,Conv1,V1,sub-02,3,10,0.033226,0.0
Backprop,Conv1,V1,sub-03,3,10,0.008148,3.4e-05
Backprop,Conv1,V2,sub-01,3,10,0.0096,1e-06
Backprop,Conv1,V2,sub-02,3,10,0.018966,0.0
Backprop,Conv1,V2,sub-03,3,10,0.002098,0.285762
Backprop,Conv1,V3,sub-01,3,10,0.010118,0.0
Backprop,Conv1,V3,sub-02,3,10,0.017734,0.0
Backprop,Conv1,V3,sub-03,3,10,0.003093,0.115524
Backprop,Conv1,V4,sub-01,3,10,0.00216,0.271893
Backprop,Conv1,V4,sub-02,3,10,0.012933,0.0
Backprop,Conv1,V4,sub-03,3,10,0.00616,0.001725
Backprop,Conv1,LOC,sub-01,3,10,0.005265,0.007393
Backprop,Conv1,LOC,sub-02,3,10,0.007744,8.1e-05
Backprop,Conv1,LOC,sub-03,3,10,0.000672,0.732559
Backprop,Conv1,IT,sub-01,3,10,0.006748,0.000597
Backprop,Conv1,IT,sub-02,3,10,0.007416,0.000161
Backprop,Conv1,IT,sub-03,3,10,0.003123,0.112115
Backprop,Conv2,V1,sub-01,3,10,-0.019785,0.0
Backprop,Conv2,V1,sub-02,3,10,-0.037517,0.0
Backprop,Conv2,V1,sub-03,3,10,0.003376,0.085853
Backprop,Conv2,V2,sub-01,3,10,-0.0071,0.000304
Backprop,Conv2,V2,sub-02,3,10,-0.029966,0.0
Backprop,Conv2,V2,sub-03,3,10,0.003124,0.111943
Backprop,Conv2,V3,sub-01,3,10,-0.003302,0.092935
Backprop,Conv2,V3,sub-02,3,10,-0.027074,0.0
Backprop,Conv2,V3,sub-03,3,10,0.003904,0.047031
Backprop,Conv2,V4,sub-01,3,10,-0.007214,0.000243
Backprop,Conv2,V4,sub-02,3,10,-0.008359,2.1e-05
Backprop,Conv2,V4,sub-03,3,10,0.009798,1e-06
Backprop,Conv2,LOC,sub-01,3,10,0.005518,0.004998
Backprop,Conv2,LOC,sub-02,3,10,0.004317,0.028066
Backprop,Conv2,LOC,sub-03,3,10,0.001289,0.51193
Backprop,Conv2,IT,sub-01,3,10,0.007369,0.000177
Backprop,Conv2,IT,sub-02,3,10,-0.000309,0.875049
Backprop,Conv2,IT,sub-03,3,10,0.002633,0.180424
Backprop,Conv3,V1,sub-01,3,10,-0.020628,0.0
Backprop,Conv3,V1,sub-02,3,10,-0.041375,0.0
Backprop,Conv3,V1,sub-03,3,10,0.003502,0.074779
Backprop,Conv3,V2,sub-01,3,10,-0.008959,5e-06
Backprop,Conv3,V2,sub-02,3,10,-0.033336,0.0
Backprop,Conv3,V2,sub-03,3,10,0.002988,0.12849
Backprop,Conv3,V3,sub-01,3,10,-0.005424,0.005785
Backprop,Conv3,V3,sub-02,3,10,-0.030599,0.0
Backprop,Conv3,V3,sub-03,3,10,0.003871,0.048905
Backprop,Conv3,V4,sub-01,3,10,-0.007179,0.00026
Backprop,Conv3,V4,sub-02,3,10,-0.00646,0.001014
Backprop,Conv3,V4,sub-03,3,10,0.010001,0.0
Backprop,Conv3,LOC,sub-01,3,10,0.006931,0.000421
Backprop,Conv3,LOC,sub-02,3,10,0.006821,0.00052
Backprop,Conv3,LOC,sub-03,3,10,0.0028,0.15435
Backprop,Conv3,IT,sub-01,3,10,0.008256,2.7e-05
Backprop,Conv3,IT,sub-02,3,10,0.000839,0.669536
Backprop,Conv3,IT,sub-03,3,10,0.003391,0.084459
Backprop,FC1,V1,sub-01,3,10,-0.013738,0.0
Backprop,FC1,V1,sub-02,3,10,-0.023247,0.0
Backprop,FC1,V1,sub-03,3,10,0.00467,0.017503
Backprop,FC1,V2,sub-01,3,10,-0.000436,0.824417
Backprop,FC1,V2,sub-02,3,10,-0.003717,0.05859
Backprop,FC1,V2,sub-03,3,10,0.004153,0.034591
Backprop,FC1,V3,sub-01,3,10,-0.002668,0.174728
Backprop,FC1,V3,sub-02,3,10,-0.006239,0.001502
Backprop,FC1,V3,sub-03,3,10,0.001976,0.314807
Backprop,FC1,V4,sub-01,3,10,-0.003548,0.071031
Backprop,FC1,V4,sub-02,3,10,0.005926,0.00257
Backprop,FC1,V4,sub-03,3,10,0.011277,0.0
Backprop,FC1,LOC,sub-01,3,10,0.008501,1.5e-05
Backprop,FC1,LOC,sub-02,3,10,0.015433,0.0
Backprop,FC1,LOC,sub-03,3,10,0.004924,0.012236
Backprop,FC1,IT,sub-01,3,10,0.008969,5e-06
Backprop,FC1,IT,sub-02,3,10,0.009405,2e-06
Backprop,FC1,IT,sub-03,3,10,0.003879,0.048414
Backprop,Conv1,V1,sub-01,3,20,0.015516,0.0
Backprop,Conv1,V1,sub-02,3,20,0.030995,0.0
Backprop,Conv1,V1,sub-03,3,20,0.008349,2.2e-05
Backprop,Conv1,V2,sub-01,3,20,0.009584,1e-06
Backprop,Conv1,V2,sub-02,3,20,0.020445,0.0
Backprop,Conv1,V2,sub-03,3,20,0.00275,0.161713
Backprop,Conv1,V3,sub-01,3,20,0.009878,1e-06
Backprop,Conv1,V3,sub-02,3,20,0.020965,0.0
Backprop,Conv1,V3,sub-03,3,20,0.00381,0.052594
Backprop,Conv1,V4,sub-01,3,20,0.001927,0.327015
Backprop,Conv1,V4,sub-02,3,20,0.014121,0.0
Backprop,Conv1,V4,sub-03,3,20,0.006065,0.002031
Backprop,Conv1,LOC,sub-01,3,20,0.005669,0.003922
Backprop,Conv1,LOC,sub-02,3,20,0.009094,4e-06
Backprop,Conv1,LOC,sub-03,3,20,0.001739,0.376271
Backprop,Conv1,IT,sub-01,3,20,0.007391,0.00017
Backprop,Conv1,IT,sub-02,3,20,0.008736,9e-06
Backprop,Conv1,IT,sub-03,3,20,0.004094,0.037282
Backprop,Conv2,V1,sub-01,3,20,-0.029147,0.0
Backprop,Conv2,V1,sub-02,3,20,-0.05657,0.0
Backprop,Conv2,V1,sub-03,3,20,0.001455,0.459105
Backprop,Conv2,V2,sub-01,3,20,-0.012194,0.0
Backprop,Conv2,V2,sub-02,3,20,-0.041924,0.0
Backprop,Conv2,V2,sub-03,3,20,0.002526,0.198813
Backprop,Conv2,V3,sub-01,3,20,-0.008219,2.9e-05
Backprop,Conv2,V3,sub-02,3,20,-0.037527,0.0
Backprop,Conv2,V3,sub-03,3,20,0.00347,0.077472
Backprop,Conv2,V4,sub-01,3,20,-0.009137,3e-06
Backprop,Conv2,V4,sub-02,3,20,-0.01295,0.0
Backprop,Conv2,V4,sub-03,3,20,0.009912,0.0
Backprop,Conv2,LOC,sub-01,3,20,0.005936,0.00253
Backprop,Conv2,LOC,sub-02,3,20,0.003438,0.080261
Backprop,Conv2,LOC,sub-03,3,20,0.001516,0.440679
Backprop,Conv2,IT,sub-01,3,20,0.007894,5.9e-05
Backprop,Conv2,IT,sub-02,3,20,-0.002397,0.222581
Backprop,Conv2,IT,sub-03,3,20,0.002819,0.151444
Backprop,Conv3,V1,sub-01,3,20,-0.026564,0.0
Backprop,Conv3,V1,sub-02,3,20,-0.052347,0.0
Backprop,Conv3,V1,sub-03,3,20,0.002964,0.131622
Backprop,Conv3,V2,sub-01,3,20,-0.012972,0.0
Backprop,Conv3,V2,sub-02,3,20,-0.040566,0.0
Backprop,Conv3,V2,sub-03,3,20,0.002786,0.156434
Backprop,Conv3,V3,sub-01,3,20,-0.008701,1e-05
Backprop,Conv3,V3,sub-02,3,20,-0.038346,0.0
Backprop,Conv3,V3,sub-03,3,20,0.004013,0.041198
Backprop,Conv3,V4,sub-01,3,20,-0.007913,5.7e-05
Backprop,Conv3,V4,sub-02,3,20,-0.008397,1.9e-05
Backprop,Conv3,V4,sub-03,3,20,0.009467,1e-06
Backprop,Conv3,LOC,sub-01,3,20,0.007483,0.000141
Backprop,Conv3,LOC,sub-02,3,20,0.008372,2e-05
Backprop,Conv3,LOC,sub-03,3,20,0.002728,0.165168
Backprop,Conv3,IT,sub-01,3,20,0.009035,4e-06
Backprop,Conv3,IT,sub-02,3,20,0.000603,0.759038
Backprop,Conv3,IT,sub-03,3,20,0.003531,0.072415
Backprop,FC1,V1,sub-01,3,20,-0.01401,0.0
Backprop,FC1,V1,sub-02,3,20,-0.037807,0.0
Backprop,FC1,V1,sub-03,3,20,0.006545,0.000869
Backprop,FC1,V2,sub-01,3,20,-0.001144,0.560454
Backprop,FC1,V2,sub-02,3,20,-0.023995,0.0
Backprop,FC1,V2,sub-03,3,20,0.005075,0.009829
Backprop,FC1,V3,sub-01,3,20,-0.002958,0.132327
Backprop,FC1,V3,sub-02,3,20,-0.027592,0.0
Backprop,FC1,V3,sub-03,3,20,0.005217,0.007944
Backprop,FC1,V4,sub-01,3,20,-0.002421,0.218069
Backprop,FC1,V4,sub-02,3,20,-0.006236,0.00151
Backprop,FC1,V4,sub-03,3,20,0.01154,0.0
Backprop,FC1,LOC,sub-01,3,20,0.01167,0.0
Backprop,FC1,LOC,sub-02,3,20,0.00798,4.9e-05
Backprop,FC1,LOC,sub-03,3,20,0.003404,0.083266
Backprop,FC1,IT,sub-01,3,20,0.010541,0.0
Backprop,FC1,IT,sub-02,3,20,0.001373,0.484962
Backprop,FC1,IT,sub-03,3,20,0.00389,0.04778
Backprop,Conv1,V1,sub-01,3,30,0.018378,0.0
Backprop,Conv1,V1,sub-02,3,30,0.03309,0.0
Backprop,Conv1,V1,sub-03,3,30,0.009147,3e-06
Backprop,Conv1,V2,sub-01,3,30,0.011364,0.0
Backprop,Conv1,V2,sub-02,3,30,0.020316,0.0
Backprop,Conv1,V2,sub-03,3,30,0.002823,0.150982
Backprop,Conv1,V3,sub-01,3,30,0.010833,0.0
Backprop,Conv1,V3,sub-02,3,30,0.019434,0.0
Backprop,Conv1,V3,sub-03,3,30,0.004065,0.038618
Backprop,Conv1,V4,sub-01,3,30,0.002733,0.164404
Backprop,Conv1,V4,sub-02,3,30,0.014161,0.0
Backprop,Conv1,V4,sub-03,3,30,0.005955,0.002449
Backprop,Conv1,LOC,sub-01,3,30,0.00598,0.002346
Backprop,Conv1,LOC,sub-02,3,30,0.008109,3.7e-05
Backprop,Conv1,LOC,sub-03,3,30,0.001811,0.356743
Backprop,Conv1,IT,sub-01,3,30,0.007816,7e-05
Backprop,Conv1,IT,sub-02,3,30,0.007972,5e-05
Backprop,Conv1,IT,sub-03,3,30,0.003894,0.047568
Backprop,Conv2,V1,sub-01,3,30,-0.02794,0.0
Backprop,Conv2,V1,sub-02,3,30,-0.055623,0.0
Backprop,Conv2,V1,sub-03,3,30,0.002062,0.29422
Backprop,Conv2,V2,sub-01,3,30,-0.011693,0.0
Backprop,Conv2,V2,sub-02,3,30,-0.041548,0.0
Backprop,Conv2,V2,sub-03,3,30,0.002891,0.141335
Backprop,Conv2,V3,sub-01,3,30,-0.00776,7.9e-05
Backprop,Conv2,V3,sub-02,3,30,-0.03654,0.0
Backprop,Conv2,V3,sub-03,3,30,0.003988,0.042474
Backprop,Conv2,V4,sub-01,3,30,-0.008814,7e-06
Backprop,Conv2,V4,sub-02,3,30,-0.01268,0.0
Backprop,Conv2,V4,sub-03,3,30,0.009799,1e-06
Backprop,Conv2,LOC,sub-01,3,30,0.005639,0.004118
Backprop,Conv2,LOC,sub-02,3,30,0.004419,0.024556
Backprop,Conv2,LOC,sub-03,3,30,0.001345,0.493637
Backprop,Conv2,IT,sub-01,3,30,0.007793,7.3e-05
Backprop,Conv2,IT,sub-02,3,30,-0.0018,0.359739
Backprop,Conv2,IT,sub-03,3,30,0.002808,0.153123
Backprop,Conv3,V1,sub-01,3,30,-0.023885,0.0
Backprop,Conv3,V1,sub-02,3,30,-0.048743,0.0
Backprop,Conv3,V1,sub-03,3,30,0.003317,0.091477
Backprop,Conv3,V2,sub-01,3,30,-0.01195,0.0
Backprop,Conv3,V2,sub-02,3,30,-0.038888,0.0
Backprop,Conv3,V2,sub-03,3,30,0.0037,0.059758
Backprop,Conv3,V3,sub-01,3,30,-0.007916,5.6e-05
Backprop,Conv3,V3,sub-02,3,30,-0.035425,0.0
Backprop,Conv3,V3,sub-03,3,30,0.00422,0.031776
Backprop,Conv3,V4,sub-01,3,30,-0.007151,0.000275
Backprop,Conv3,V4,sub-02,3,30,-0.005103,0.00943
Backprop,Conv3,V4,sub-03,3,30,0.009344,2e-06
Backprop,Conv3,LOC,sub-01,3,30,0.00669,0.000665
Backprop,Conv3,LOC,sub-02,3,30,0.01098,0.0
Backprop,Conv3,LOC,sub-03,3,30,0.003392,0.084425
Backprop,Conv3,IT,sub-01,3,30,0.008814,7e-06
Backprop,Conv3,IT,sub-02,3,30,0.001764,0.36958
Backprop,Conv3,IT,sub-03,3,30,0.003111,0.113468
Backprop,FC1,V1,sub-01,3,30,-0.012173,0.0
Backprop,FC1,V1,sub-02,3,30,-0.033272,0.0
Backprop,FC1,V1,sub-03,3,30,0.006544,0.00087
Backprop,FC1,V2,sub-01,3,30,-0.000579,0.768487
Backprop,FC1,V2,sub-02,3,30,-0.019981,0.0
Backprop,FC1,V2,sub-03,3,30,0.006802,0.000539
Backprop,FC1,V3,sub-01,3,30,-0.003436,0.080454
Backprop,FC1,V3,sub-02,3,30,-0.022199,0.0
Backprop,FC1,V3,sub-03,3,30,0.005578,0.004543
Backprop,FC1,V4,sub-01,3,30,-0.001996,0.309838
Backprop,FC1,V4,sub-02,3,30,-0.001906,0.332135
Backprop,FC1,V4,sub-03,3,30,0.009989,0.0
Backprop,FC1,LOC,sub-01,3,30,0.009892,0.0
Backprop,FC1,LOC,sub-02,3,30,0.007817,7e-05
Backprop,FC1,LOC,sub-03,3,30,0.004479,0.022684
Backprop,FC1,IT,sub-01,3,30,0.009964,0.0
Backprop,FC1,IT,sub-02,3,30,0.000668,0.733928
Backprop,FC1,IT,sub-03,3,30,0.003297,0.093457
Backprop,Conv1,V1,sub-01,3,40,0.017631,0.0
Backprop,Conv1,V1,sub-02,3,40,0.032968,0.0
Backprop,Conv1,V1,sub-03,3,40,0.008996,5e-06
Backprop,Conv1,V2,sub-01,3,40,0.010837,0.0
Backprop,Conv1,V2,sub-02,3,40,0.020705,0.0
Backprop,Conv1,V2,sub-03,3,40,0.002819,0.151469
Backprop,Conv1,V3,sub-01,3,40,0.010578,0.0
Backprop,Conv1,V3,sub-02,3,40,0.02002,0.0
Backprop,Conv1,V3,sub-03,3,40,0.004021,0.040802
Backprop,Conv1,V4,sub-01,3,40,0.002567,0.191494
Backprop,Conv1,V4,sub-02,3,40,0.014318,0.0
Backprop,Conv1,V4,sub-03,3,40,0.005925,0.002573
Backprop,Conv1,LOC,sub-01,3,40,0.005903,0.002671
Backprop,Conv1,LOC,sub-02,3,40,0.008523,1.4e-05
Backprop,Conv1,LOC,sub-03,3,40,0.001965,0.317489
Backprop,Conv1,IT,sub-01,3,40,0.007686,9.2e-05
Backprop,Conv1,IT,sub-02,3,40,0.008251,2.7e-05
Backprop,Conv1,IT,sub-03,3,40,0.004048,0.03946
Backprop,Conv2,V1,sub-01,3,40,-0.028169,0.0
Backprop,Conv2,V1,sub-02,3,40,-0.055037,0.0
Backprop,Conv2,V1,sub-03,3,40,0.00195,0.321249
Backprop,Conv2,V2,sub-01,3,40,-0.011877,0.0
Backprop,Conv2,V2,sub-02,3,40,-0.041094,0.0
Backprop,Conv2,V2,sub-03,3,40,0.002777,0.157634
Backprop,Conv2,V3,sub-01,3,40,-0.007803,7.2e-05
Backprop,Conv2,V3,sub-02,3,40,-0.035829,0.0
Backprop,Conv2,V3,sub-03,3,40,0.00391,0.046661
Backprop,Conv2,V4,sub-01,3,40,-0.008882,6e-06
Backprop,Conv2,V4,sub-02,3,40,-0.012241,0.0
Backprop,Conv2,V4,sub-03,3,40,0.009747,1e-06
Backprop,Conv2,LOC,sub-01,3,40,0.00577,0.003327
Backprop,Conv2,LOC,sub-02,3,40,0.004534,0.021064
Backprop,Conv2,LOC,sub-03,3,40,0.001371,0.485516
Backprop,Conv2,IT,sub-01,3,40,0.007887,6e-05
Backprop,Conv2,IT,sub-02,3,40,-0.001659,0.398684
Backprop,Conv2,IT,sub-03,3,40,0.002861,0.145536
Backprop,Conv3,V1,sub-01,3,40,-0.024034,0.0
Backprop,Conv3,V1,sub-02,3,40,-0.047094,0.0
Backprop,Conv3,V1,sub-03,3,40,0.003077,0.117522
Backprop,Conv3,V2,sub-01,3,40,-0.011992,0.0
Backprop,Conv3,V2,sub-02,3,40,-0.036953,0.0
Backprop,Conv3,V2,sub-03,3,40,0.003288,0.094315
Backprop,Conv3,V3,sub-01,3,40,-0.00781,7.1e-05
Backprop,Conv3,V3,sub-02,3,40,-0.033504,0.0
Backprop,Conv3,V3,sub-03,3,40,0.004035,0.040078
Backprop,Conv3,V4,sub-01,3,40,-0.007034,0.000346
Backprop,Conv3,V4,sub-02,3,40,-0.00364,0.064039
Backprop,Conv3,V4,sub-03,3,40,0.009408,2e-06
Backprop,Conv3,LOC,sub-01,3,40,0.007116,0.000294
Backprop,Conv3,LOC,sub-02,3,40,0.011745,0.0
Backprop,Conv3,LOC,sub-03,3,40,0.003727,0.057932
Backprop,Conv3,IT,sub-01,3,40,0.009167,3e-06
Backprop,Conv3,IT,sub-02,3,40,0.002188,0.265728
Backprop,Conv3,IT,sub-03,3,40,0.003075,0.117731
Backprop,FC1,V1,sub-01,3,40,-0.015849,0.0
Backprop,FC1,V1,sub-02,3,40,-0.03886,0.0
Backprop,FC1,V1,sub-03,3,40,0.005384,0.006155
Backprop,FC1,V2,sub-01,3,40,-0.001882,0.338274
Backprop,FC1,V2,sub-02,3,40,-0.021166,0.0
Backprop,FC1,V2,sub-03,3,40,0.005904,0.002668
Backprop,FC1,V3,sub-01,3,40,-0.004633,0.018419
Backprop,FC1,V3,sub-02,3,40,-0.023801,0.0
Backprop,FC1,V3,sub-03,3,40,0.004745,0.015783
Backprop,FC1,V4,sub-01,3,40,-0.002314,0.239122
Backprop,FC1,V4,sub-02,3,40,-0.004352,0.026822
Backprop,FC1,V4,sub-03,3,40,0.010142,0.0
Backprop,FC1,LOC,sub-01,3,40,0.010473,0.0
Backprop,FC1,LOC,sub-02,3,40,0.008286,2.5e-05
Backprop,FC1,LOC,sub-03,3,40,0.003816,0.052183
Backprop,FC1,IT,sub-01,3,40,0.009973,0.0
Backprop,FC1,IT,sub-02,3,40,0.001422,0.469446
Backprop,FC1,IT,sub-03,3,40,0.002628,0.181145
Feedback Alignment,Conv1,V1,sub-01,3,0,0.034528,0.0
Feedback Alignment,Conv1,V1,sub-02,3,0,0.067797,0.0
Feedback Alignment,Conv1,V1,sub-03,3,0,0.011922,0.0
Feedback Alignment,Conv1,V2,sub-01,3,0,0.022971,0.0
Feedback Alignment,Conv1,V2,sub-02,3,0,0.041173,0.0
Feedback Alignment,Conv1,V2,sub-03,3,0,0.000481,0.806545
Feedback Alignment,Conv1,V3,sub-01,3,0,0.017785,0.0
Feedback Alignment,Conv1,V3,sub-02,3,0,0.030556,0.0
Feedback Alignment,Conv1,V3,sub-03,3,0,0.002566,0.191752
Feedback Alignment,Conv1,V4,sub-01,3,0,0.008149,3.4e-05
Feedback Alignment,Conv1,V4,sub-02,3,0,0.010708,0.0
Feedback Alignment,Conv1,V4,sub-03,3,0,0.003625,0.065163
Feedback Alignment,Conv1,LOC,sub-01,3,0,0.00455,0.02062
Feedback Alignment,Conv1,LOC,sub-02,3,0,-0.00278,0.157285
Feedback Alignment,Conv1,LOC,sub-03,3,0,-0.001163,0.554126
Feedback Alignment,Conv1,IT,sub-01,3,0,0.003793,0.053609
Feedback Alignment,Conv1,IT,sub-02,3,0,0.000777,0.692488
Feedback Alignment,Conv1,IT,sub-03,3,0,0.0023,0.242027
Feedback Alignment,Conv2,V1,sub-01,3,0,0.050791,0.0
Feedback Alignment,Conv2,V1,sub-02,3,0,0.088888,0.0
Feedback Alignment,Conv2,V1,sub-03,3,0,0.015548,0.0
Feedback Alignment,Conv2,V2,sub-01,3,0,0.033062,0.0
Feedback Alignment,Conv2,V2,sub-02,3,0,0.05714,0.0
Feedback Alignment,Conv2,V2,sub-03,3,0,0.001376,0.483847
Feedback Alignment,Conv2,V3,sub-01,3,0,0.024146,0.0
Feedback Alignment,Conv2,V3,sub-02,3,0,0.041583,0.0
Feedback Alignment,Conv2,V3,sub-03,3,0,0.004399,0.025212
Feedback Alignment,Conv2,V4,sub-01,3,0,0.012091,0.0
Feedback Alignment,Conv2,V4,sub-02,3,0,0.011286,0.0
Feedback Alignment,Conv2,V4,sub-03,3,0,0.004332,0.027527
Feedback Alignment,Conv2,LOC,sub-01,3,0,0.004835,0.013901
Feedback Alignment,Conv2,LOC,sub-02,3,0,-0.010355,0.0
Feedback Alignment,Conv2,LOC,sub-03,3,0,-0.002397,0.222735
Feedback Alignment,Conv2,IT,sub-01,3,0,0.004749,0.015696
Feedback Alignment,Conv2,IT,sub-02,3,0,-0.003341,0.089161
Feedback Alignment,Conv2,IT,sub-03,3,0,0.002846,0.147591
Feedback Alignment,Conv3,V1,sub-01,3,0,0.055694,0.0
Feedback Alignment,Conv3,V1,sub-02,3,0,0.094608,0.0
Feedback Alignment,Conv3,V1,sub-03,3,0,0.015368,0.0
Feedback Alignment,Conv3,V2,sub-01,3,0,0.036001,0.0
Feedback Alignment,Conv3,V2,sub-02,3,0,0.063069,0.0
Feedback Alignment,Conv3,V2,sub-03,3,0,0.001819,0.354629
Feedback Alignment,Conv3,V3,sub-01,3,0,0.02684,0.0
Feedback Alignment,Conv3,V3,sub-02,3,0,0.047868,0.0
Feedback Alignment,Conv3,V3,sub-03,3,0,0.004603,0.01919
Feedback Alignment,Conv3,V4,sub-01,3,0,0.013044,0.0
Feedback Alignment,Conv3,V4,sub-02,3,0,0.013874,0.0
Feedback Alignment,Conv3,V4,sub-03,3,0,0.00453,0.02119
Feedback Alignment,Conv3,LOC,sub-01,3,0,0.005446,0.005596
Feedback Alignment,Conv3,LOC,sub-02,3,0,-0.010745,0.0
Feedback Alignment,Conv3,LOC,sub-03,3,0,-0.002595,0.186685
Feedback Alignment,Conv3,IT,sub-01,3,0,0.00602,0.002193
Feedback Alignment,Conv3,IT,sub-02,3,0,-0.002524,0.199093
Feedback Alignment,Conv3,IT,sub-03,3,0,0.003097,0.11511
Feedback Alignment,FC1,V1,sub-01,3,0,0.0969,0.0
Feedback Alignment,FC1,V1,sub-02,3,0,0.133173,0.0
Feedback Alignment,FC1,V1,sub-03,3,0,0.024643,0.0
Feedback Alignment,FC1,V2,sub-01,3,0,0.057946,0.0
Feedback Alignment,FC1,V2,sub-02,3,0,0.089466,0.0
Feedback Alignment,FC1,V2,sub-03,3,0,0.005962,0.002421
Feedback Alignment,FC1,V3,sub-01,3,0,0.038022,0.0
Feedback Alignment,FC1,V3,sub-02,3,0,0.080098,0.0
Feedback Alignment,FC1,V3,sub-03,3,0,0.005866,0.002839
Feedback Alignment,FC1,V4,sub-01,3,0,0.023393,0.0
Feedback Alignment,FC1,V4,sub-02,3,0,0.027191,0.0
Feedback Alignment,FC1,V4,sub-03,3,0,0.001578,0.421945
Feedback Alignment,FC1,LOC,sub-01,3,0,0.001611,0.41256
Feedback Alignment,FC1,LOC,sub-02,3,0,-0.014461,0.0
Feedback Alignment,FC1,LOC,sub-03,3,0,-0.001124,0.567561
Feedback Alignment,FC1,IT,sub-01,3,0,0.002355,0.230918
Feedback Alignment,FC1,IT,sub-02,3,0,0.004423,0.024427
Feedback Alignment,FC1,IT,sub-03,3,0,0.003707,0.059283
Feedback Alignment,Conv1,V1,sub-01,3,1,-0.006251,0.001472
Feedback Alignment,Conv1,V1,sub-02,3,1,0.010054,0.0
Feedback Alignment,Conv1,V1,sub-03,3,1,0.001655,0.399772
Feedback Alignment,Conv1,V2,sub-01,3,1,-0.004034,0.040113
Feedback Alignment,Conv1,V2,sub-02,3,1,0.008515,1.5e-05
Feedback Alignment,Conv1,V2,sub-03,3,1,-7.2e-05,0.970737
Feedback Alignment,Conv1,V3,sub-01,3,1,0.000918,0.640306
Feedback Alignment,Conv1,V3,sub-02,3,1,0.013176,0.0
Feedback Alignment,Conv1,V3,sub-03,3,1,-0.001252,0.52427
Feedback Alignment,Conv1,V4,sub-01,3,1,-0.0038,0.053219
Feedback Alignment,Conv1,V4,sub-02,3,1,0.008243,2.7e-05
Feedback Alignment,Conv1,V4,sub-03,3,1,0.003877,0.048533
Feedback Alignment,Conv1,LOC,sub-01,3,1,0.003612,0.066128
Feedback Alignment,Conv1,LOC,sub-02,3,1,0.008751,8e-06
Feedback Alignment,Conv1,LOC,sub-03,3,1,-0.000784,0.689935
Feedback Alignment,Conv1,IT,sub-01,3,1,0.003965,0.043661
Feedback Alignment,Conv1,IT,sub-02,3,1,0.006132,0.001809
Feedback Alignment,Conv1,IT,sub-03,3,1,0.001661,0.39817
Feedback Alignment,Conv2,V1,sub-01,3,1,0.002726,0.165549
Feedback Alignment,Conv2,V1,sub-02,3,1,0.021895,0.0
Feedback Alignment,Conv2,V1,sub-03,3,1,0.004885,0.012941
Feedback Alignment,Conv2,V2,sub-01,3,1,0.005867,0.002836
Feedback Alignment,Conv2,V2,sub-02,3,1,0.017931,0.0
Feedback Alignment,Conv2,V2,sub-03,3,1,0.002176,0.268356
Feedback Alignment,Conv2,V3,sub-01,3,1,0.008938,5e-06
Feedback Alignment,Conv2,V3,sub-02,3,1,0.014579,0.0
Feedback Alignment,Conv2,V3,sub-03,3,1,0.001121,0.56856
Feedback Alignment,Conv2,V4,sub-01,3,1,0.000115,0.953294
Feedback Alignment,Conv2,V4,sub-02,3,1,0.005315,0.006847
Feedback Alignment,Conv2,V4,sub-03,3,1,0.006597,0.000789
Feedback Alignment,Conv2,LOC,sub-01,3,1,0.005257,0.007486
Feedback Alignment,Conv2,LOC,sub-02,3,1,0.004767,0.015299
Feedback Alignment,Conv2,LOC,sub-03,3,1,-0.000949,0.629161
Feedback Alignment,Conv2,IT,sub-01,3,1,0.00585,0.002917
Feedback Alignment,Conv2,IT,sub-02,3,1,0.00408,0.037904
Feedback Alignment,Conv2,IT,sub-03,3,1,0.00152,0.439437
Feedback Alignment,Conv3,V1,sub-01,3,1,-0.002644,0.178573
Feedback Alignment,Conv3,V1,sub-02,3,1,0.006798,0.000543
Feedback Alignment,Conv3,V1,sub-03,3,1,0.005623,0.004226
Feedback Alignment,Conv3,V2,sub-01,3,1,0.003624,0.065234
Feedback Alignment,Conv3,V2,sub-02,3,1,0.006951,0.000405
Feedback Alignment,Conv3,V2,sub-03,3,1,0.003219,0.10148
Feedback Alignment,Conv3,V3,sub-01,3,1,0.006812,0.000529
Feedback Alignment,Conv3,V3,sub-02,3,1,0.003857,0.049712
Feedback Alignment,Conv3,V3,sub-03,3,1,0.001863,0.343309
Feedback Alignment,Conv3,V4,sub-01,3,1,-0.001963,0.317865
Feedback Alignment,Conv3,V4,sub-02,3,1,5.6e-05,0.977238
Feedback Alignment,Conv3,V4,sub-03,3,1,0.00871,9e-06
Feedback Alignment,Conv3,LOC,sub-01,3,1,0.00503,0.0105
Feedback Alignment,Conv3,LOC,sub-02,3,1,0.002872,0.143922
Feedback Alignment,Conv3,LOC,sub-03,3,1,-0.000846,0.666802
Feedback Alignment,Conv3,IT,sub-01,3,1,0.00642,0.00109
Feedback Alignment,Conv3,IT,sub-02,3,1,0.001384,0.481357
Feedback Alignment,Conv3,IT,sub-03,3,1,0.001709,0.384516
Feedback Alignment,FC1,V1,sub-01,3,1,0.062739,0.0
Feedback Alignment,FC1,V1,sub-02,3,1,0.095054,0.0
Feedback Alignment,FC1,V1,sub-03,3,1,0.018911,0.0
Feedback Alignment,FC1,V2,sub-01,3,1,0.042141,0.0
Feedback Alignment,FC1,V2,sub-02,3,1,0.070307,0.0
Feedback Alignment,FC1,V2,sub-03,3,1,0.008154,3.3e-05
Feedback Alignment,FC1,V3,sub-01,3,1,0.034045,0.0
Feedback Alignment,FC1,V3,sub-02,3,1,0.060294,0.0
Feedback Alignment,FC1,V3,sub-03,3,1,0.005789,0.003227
Feedback Alignment,FC1,V4,sub-01,3,1,0.016057,0.0
Feedback Alignment,FC1,V4,sub-02,3,1,0.024465,0.0
Feedback Alignment,FC1,V4,sub-03,3,1,0.007573,0.000117
Feedback Alignment,FC1,LOC,sub-01,3,1,0.006937,0.000417
Feedback Alignment,FC1,LOC,sub-02,3,1,-0.001787,0.363152
Feedback Alignment,FC1,LOC,sub-03,3,1,0.00066,0.737095
Feedback Alignment,FC1,IT,sub-01,3,1,0.007553,0.000122
Feedback Alignment,FC1,IT,sub-02,3,1,0.00916,3e-06
Feedback Alignment,FC1,IT,sub-03,3,1,0.003358,0.087565
Feedback Alignment,Conv1,V1,sub-01,3,2,-0.006138,0.00179
Feedback Alignment,Conv1,V1,sub-02,3,2,0.0103,0.0
Feedback Alignment,Conv1,V1,sub-03,3,2,0.001674,0.394481
Feedback Alignment,Conv1,V2,sub-01,3,2,-0.00398,0.042887
Feedback Alignment,Conv1,V2,sub-02,3,2,0.008695,1e-05
Feedback Alignment,Conv1,V2,sub-03,3,2,-4.8e-05,0.980593
Feedback Alignment,Conv1,V3,sub-01,3,2,0.000979,0.618565
Feedback Alignment,Conv1,V3,sub-02,3,2,0.013336,0.0
Feedback Alignment,Conv1,V3,sub-03,3,2,-0.001244,0.526635
Feedback Alignment,Conv1,V4,sub-01,3,2,-0.003775,0.054803
Feedback Alignment,Conv1,V4,sub-02,3,2,0.008329,2.3e-05
Feedback Alignment,Conv1,V4,sub-03,3,2,0.003862,0.049407
Feedback Alignment,Conv1,LOC,sub-01,3,2,0.003611,0.066182
Feedback Alignment,Conv1,LOC,sub-02,3,2,0.008764,8e-06
Feedback Alignment,Conv1,LOC,sub-03,3,2,-0.000781,0.691236
Feedback Alignment,Conv1,IT,sub-01,3,2,0.003956,0.044161
Feedback Alignment,Conv1,IT,sub-02,3,2,0.006166,0.001706
Feedback Alignment,Conv1,IT,sub-03,3,2,0.00166,0.398322
Feedback Alignment,Conv2,V1,sub-01,3,2,0.002949,0.133514
Feedback Alignment,Conv2,V1,sub-02,3,2,0.022335,0.0
Feedback Alignment,Conv2,V1,sub-03,3,2,0.004963,0.011576
Feedback Alignment,Conv2,V2,sub-01,3,2,0.006012,0.002222
Feedback Alignment,Conv2,V2,sub-02,3,2,0.018242,0.0
Feedback Alignment,Conv2,V2,sub-03,3,2,0.002215,0.259774
Feedback Alignment,Conv2,V3,sub-01,3,2,0.009071,4e-06
Feedback Alignment,Conv2,V3,sub-02,3,2,0.014817,0.0
Feedback Alignment,Conv2,V3,sub-03,3,2,0.00116,0.554989
Feedback Alignment,Conv2,V4,sub-01,3,2,0.000163,0.933716
Feedback Alignment,Conv2,V4,sub-02,3,2,0.005446,0.005591
Feedback Alignment,Conv2,V4,sub-03,3,2,0.006592,0.000797
Feedback Alignment,Conv2,LOC,sub-01,3,2,0.005259,0.007455
Feedback Alignment,Conv2,LOC,sub-02,3,2,0.004777,0.015091
Feedback Alignment,Conv2,LOC,sub-03,3,2,-0.000948,0.629634
Feedback Alignment,Conv2,IT,sub-01,3,2,0.005855,0.002892
Feedback Alignment,Conv2,IT,sub-02,3,2,0.004133,0.035486
Feedback Alignment,Conv2,IT,sub-03,3,2,0.001528,0.436917
Feedback Alignment,Conv3,V1,sub-01,3,2,-0.002352,0.231541
Feedback Alignment,Conv3,V1,sub-02,3,2,0.007296,0.000205
Feedback Alignment,Conv3,V1,sub-03,3,2,0.005731,0.00355
Feedback Alignment,Conv3,V2,sub-01,3,2,0.003821,0.051927
Feedback Alignment,Conv3,V2,sub-02,3,2,0.007339,0.000188
Feedback Alignment,Conv3,V2,sub-03,3,2,0.00328,0.095132
Feedback Alignment,Conv3,V3,sub-01,3,2,0.006992,0.000375
Feedback Alignment,Conv3,V3,sub-02,3,2,0.004199,0.03266
Feedback Alignment,Conv3,V3,sub-03,3,2,0.001925,0.327282
Feedback Alignment,Conv3,V4,sub-01,3,2,-0.001907,0.33191
Feedback Alignment,Conv3,V4,sub-02,3,2,0.000219,0.911315
Feedback Alignment,Conv3,V4,sub-03,3,2,0.0087,1e-05
Feedback Alignment,Conv3,LOC,sub-01,3,2,0.005013,0.010761
Feedback Alignment,Conv3,LOC,sub-02,3,2,0.002905,0.139378
Feedback Alignment,Conv3,LOC,sub-03,3,2,-0.000846,0.66684
Feedback Alignment,Conv3,IT,sub-01,3,2,0.006409,0.001112
Feedback Alignment,Conv3,IT,sub-02,3,2,0.001477,0.45244
Feedback Alignment,Conv3,IT,sub-03,3,2,0.001711,0.383943
Feedback Alignment,FC1,V1,sub-01,3,2,0.058978,0.0
Feedback Alignment,FC1,V1,sub-02,3,2,0.09319,0.0
Feedback Alignment,FC1,V1,sub-03,3,2,0.018473,0.0
Feedback Alignment,FC1,V2,sub-01,3,2,0.040036,0.0
Feedback Alignment,FC1,V2,sub-02,3,2,0.069338,0.0
Feedback Alignment,FC1,V2,sub-03,3,2,0.00799,4.8e-05
Feedback Alignment,FC1,V3,sub-01,3,2,0.032922,0.0
Feedback Alignment,FC1,V3,sub-02,3,2,0.057393,0.0
Feedback Alignment,FC1,V3,sub-03,3,2,0.005612,0.0043
Feedback Alignment,FC1,V4,sub-01,3,2,0.015061,0.0
Feedback Alignment,FC1,V4,sub-02,3,2,0.023887,0.0
Feedback Alignment,FC1,V4,sub-03,3,2,0.007116,0.000294
Feedback Alignment,FC1,LOC,sub-01,3,2,0.006884,0.000462
Feedback Alignment,FC1,LOC,sub-02,3,2,-0.00023,0.906821
Feedback Alignment,FC1,LOC,sub-03,3,2,0.000761,0.698677
Feedback Alignment,FC1,IT,sub-01,3,2,0.007282,0.000212
Feedback Alignment,FC1,IT,sub-02,3,2,0.010183,0.0
Feedback Alignment,FC1,IT,sub-03,3,2,0.002867,0.144651
Feedback Alignment,Conv1,V1,sub-01,3,5,-0.006714,0.000636
Feedback Alignment,Conv1,V1,sub-02,3,5,0.009357,2e-06
Feedback Alignment,Conv1,V1,sub-03,3,5,0.001464,0.456287
Feedback Alignment,Conv1,V2,sub-01,3,5,-0.004355,0.026716
Feedback Alignment,Conv1,V2,sub-02,3,5,0.008205,3e-05
Feedback Alignment,Conv1,V2,sub-03,3,5,-6.5e-05,0.973602
Feedback Alignment,Conv1,V3,sub-01,3,5,0.000726,0.711969
Feedback Alignment,Conv1,V3,sub-02,3,5,0.013119,0.0
Feedback Alignment,Conv1,V3,sub-03,3,5,-0.001265,0.519682
Feedback Alignment,Conv1,V4,sub-01,3,5,-0.003959,0.043996
Feedback Alignment,Conv1,V4,sub-02,3,5,0.008228,2.8e-05
Feedback Alignment,Conv1,V4,sub-03,3,5,0.003907,0.046868
Feedback Alignment,Conv1,LOC,sub-01,3,5,0.003556,0.070408
Feedback Alignment,Conv1,LOC,sub-02,3,5,0.008892,6e-06
Feedback Alignment,Conv1,LOC,sub-03,3,5,-0.00079,0.687815
Feedback Alignment,Conv1,IT,sub-01,3,5,0.003956,0.044134
Feedback Alignment,Conv1,IT,sub-02,3,5,0.006219,0.001557
Feedback Alignment,Conv1,IT,sub-03,3,5,0.001658,0.39907
Feedback Alignment,Conv2,V1,sub-01,3,5,0.002789,0.155863
Feedback Alignment,Conv2,V1,sub-02,3,5,0.022094,0.0
Feedback Alignment,Conv2,V1,sub-03,3,5,0.004939,0.011976
Feedback Alignment,Conv2,V2,sub-01,3,5,0.005838,0.002978
Feedback Alignment,Conv2,V2,sub-02,3,5,0.018054,0.0
Feedback Alignment,Conv2,V2,sub-03,3,5,0.002206,0.261648
Feedback Alignment,Conv2,V3,sub-01,3,5,0.008965,5e-06
Feedback Alignment,Conv2,V3,sub-02,3,5,0.014657,0.0
Feedback Alignment,Conv2,V3,sub-03,3,5,0.001147,0.559622
Feedback Alignment,Conv2,V4,sub-01,3,5,0.000113,0.954356
Feedback Alignment,Conv2,V4,sub-02,3,5,0.005488,0.005236
Feedback Alignment,Conv2,V4,sub-03,3,5,0.006615,0.000764
Feedback Alignment,Conv2,LOC,sub-01,3,5,0.005269,0.007353
Feedback Alignment,Conv2,LOC,sub-02,3,5,0.004887,0.012913
Feedback Alignment,Conv2,LOC,sub-03,3,5,-0.000909,0.643735
Feedback Alignment,Conv2,IT,sub-01,3,5,0.005884,0.002759
Feedback Alignment,Conv2,IT,sub-02,3,5,0.00422,0.03179
Feedback Alignment,Conv2,IT,sub-03,3,5,0.001522,0.438797
Feedback Alignment,Conv3,V1,sub-01,3,5,-0.001916,0.329705
Feedback Alignment,Conv3,V1,sub-02,3,5,0.00814,3.5e-05
Feedback Alignment,Conv3,V1,sub-03,3,5,0.005971,0.002382
Feedback Alignment,Conv3,V2,sub-01,3,5,0.003995,0.04209
Feedback Alignment,Conv3,V2,sub-02,3,5,0.007887,6e-05
Feedback Alignment,Conv3,V2,sub-03,3,5,0.003377,0.08576
Feedback Alignment,Conv3,V3,sub-01,3,5,0.007098,0.000304
Feedback Alignment,Conv3,V3,sub-02,3,5,0.004553,0.020549
Feedback Alignment,Conv3,V3,sub-03,3,5,0.001985,0.312472
Feedback Alignment,Conv3,V4,sub-01,3,5,-0.001856,0.34499
Feedback Alignment,Conv3,V4,sub-02,3,5,0.000504,0.797483
Feedback Alignment,Conv3,V4,sub-03,3,5,0.00875,9e-06
Feedback Alignment,Conv3,LOC,sub-01,3,5,0.004945,0.011867
Feedback Alignment,Conv3,LOC,sub-02,3,5,0.003314,0.091798
Feedback Alignment,Conv3,LOC,sub-03,3,5,-0.000823,0.675334
Feedback Alignment,Conv3,IT,sub-01,3,5,0.006348,0.001239
Feedback Alignment,Conv3,IT,sub-02,3,5,0.001846,0.347574
Feedback Alignment,Conv3,IT,sub-03,3,5,0.001692,0.389242
Feedback Alignment,FC1,V1,sub-01,3,5,0.047169,0.0
Feedback Alignment,FC1,V1,sub-02,3,5,0.080811,0.0
Feedback Alignment,FC1,V1,sub-03,3,5,0.01667,0.0
Feedback Alignment,FC1,V2,sub-01,3,5,0.03292,0.0
Feedback Alignment,FC1,V2,sub-02,3,5,0.061649,0.0
Feedback Alignment,FC1,V2,sub-03,3,5,0.007263,0.00022
Feedback Alignment,FC1,V3,sub-01,3,5,0.027722,0.0
Feedback Alignment,FC1,V3,sub-02,3,5,0.048671,0.0
Feedback Alignment,FC1,V3,sub-03,3,5,0.004691,0.016995
Feedback Alignment,FC1,V4,sub-01,3,5,0.011933,0.0
Feedback Alignment,FC1,V4,sub-02,3,5,0.021957,0.0
Feedback Alignment,FC1,V4,sub-03,3,5,0.006429,0.001072
Feedback Alignment,FC1,LOC,sub-01,3,5,0.006729,0.000619
Feedback Alignment,FC1,LOC,sub-02,3,5,0.003105,0.11421
Feedback Alignment,FC1,LOC,sub-03,3,5,0.00068,0.729311
Feedback Alignment,FC1,IT,sub-01,3,5,0.006892,0.000454
Feedback Alignment,FC1,IT,sub-02,3,5,0.01127,0.0
Feedback Alignment,FC1,IT,sub-03,3,5,0.002089,0.28792
Feedback Alignment,Conv1,V1,sub-01,3,10,-0.006484,0.000971
Feedback Alignment,Conv1,V1,sub-02,3,10,0.009641,1e-06
Feedback Alignment,Conv1,V1,sub-03,3,10,0.001512,0.441732
Feedback Alignment,Conv1,V2,sub-01,3,10,-0.004262,0.030126
Feedback Alignment,Conv1,V2,sub-02,3,10,0.008309,2.4e-05
Feedback Alignment,Conv1,V2,sub-03,3,10,-6.2e-05,0.974981
Feedback Alignment,Conv1,V3,sub-01,3,10,0.000799,0.684205
Feedback Alignment,Conv1,V3,sub-02,3,10,0.013125,0.0
Feedback Alignment,Conv1,V3,sub-03,3,10,-0.001266,0.519575
Feedback Alignment,Conv1,V4,sub-01,3,10,-0.003884,0.048148
Feedback Alignment,Conv1,V4,sub-02,3,10,0.008258,2.6e-05
Feedback Alignment,Conv1,V4,sub-03,3,10,0.003877,0.048529
Feedback Alignment,Conv1,LOC,sub-01,3,10,0.003593,0.067557
Feedback Alignment,Conv1,LOC,sub-02,3,10,0.00887,6e-06
Feedback Alignment,Conv1,LOC,sub-03,3,10,-0.000774,0.693555
Feedback Alignment,Conv1,IT,sub-01,3,10,0.00398,0.042899
Feedback Alignment,Conv1,IT,sub-02,3,10,0.006227,0.001534
Feedback Alignment,Conv1,IT,sub-03,3,10,0.001655,0.399679
Feedback Alignment,Conv2,V1,sub-01,3,10,0.003419,0.081959
Feedback Alignment,Conv2,V1,sub-02,3,10,0.023169,0.0
Feedback Alignment,Conv2,V1,sub-03,3,10,0.005079,0.009772
Feedback Alignment,Conv2,V2,sub-01,3,10,0.00619,0.001637
Feedback Alignment,Conv2,V2,sub-02,3,10,0.018749,0.0
Feedback Alignment,Conv2,V2,sub-03,3,10,0.002268,0.248458
Feedback Alignment,Conv2,V3,sub-01,3,10,0.009276,2e-06
Feedback Alignment,Conv2,V3,sub-02,3,10,0.015019,0.0
Feedback Alignment,Conv2,V3,sub-03,3,10,0.001208,0.538759
Feedback Alignment,Conv2,V4,sub-01,3,10,0.000273,0.88943
Feedback Alignment,Conv2,V4,sub-02,3,10,0.005701,0.003726
Feedback Alignment,Conv2,V4,sub-03,3,10,0.006589,0.000802
Feedback Alignment,Conv2,LOC,sub-01,3,10,0.005344,0.006549
Feedback Alignment,Conv2,LOC,sub-02,3,10,0.004802,0.014555
Feedback Alignment,Conv2,LOC,sub-03,3,10,-0.000878,0.655152
Feedback Alignment,Conv2,IT,sub-01,3,10,0.005958,0.002434
Feedback Alignment,Conv2,IT,sub-02,3,10,0.004307,0.028446
Feedback Alignment,Conv2,IT,sub-03,3,10,0.001516,0.440466
Feedback Alignment,Conv3,V1,sub-01,3,10,-0.002513,0.201034
Feedback Alignment,Conv3,V1,sub-02,3,10,0.007066,0.000325
Feedback Alignment,Conv3,V1,sub-03,3,10,0.006066,0.002027
Feedback Alignment,Conv3,V2,sub-01,3,10,0.003608,0.066408
Feedback Alignment,Conv3,V2,sub-02,3,10,0.007199,0.00025
Feedback Alignment,Conv3,V2,sub-03,3,10,0.003429,0.081097
Feedback Alignment,Conv3,V3,sub-01,3,10,0.006735,0.000612
Feedback Alignment,Conv3,V3,sub-02,3,10,0.004135,0.035391
Feedback Alignment,Conv3,V3,sub-03,3,10,0.002034,0.300661
Feedback Alignment,Conv3,V4,sub-01,3,10,-0.002111,0.282749
Feedback Alignment,Conv3,V4,sub-02,3,10,0.000299,0.879075
Feedback Alignment,Conv3,V4,sub-03,3,10,0.008916,6e-06
Feedback Alignment,Conv3,LOC,sub-01,3,10,0.004826,0.014076
Feedback Alignment,Conv3,LOC,sub-02,3,10,0.003622,0.065334
Feedback Alignment,Conv3,LOC,sub-03,3,10,-0.000912,0.642614
Feedback Alignment,Conv3,IT,sub-01,3,10,0.006347,0.001242
Feedback Alignment,Conv3,IT,sub-02,3,10,0.002061,0.294299
Feedback Alignment,Conv3,IT,sub-03,3,10,0.00167,0.39542
Feedback Alignment,FC1,V1,sub-01,3,10,0.035019,0.0
Feedback Alignment,FC1,V1,sub-02,3,10,0.063648,0.0
Feedback Alignment,FC1,V1,sub-03,3,10,0.015124,0.0
Feedback Alignment,FC1,V2,sub-01,3,10,0.025432,0.0
Feedback Alignment,FC1,V2,sub-02,3,10,0.050145,0.0
Feedback Alignment,FC1,V2,sub-03,3,10,0.006665,0.000696
Feedback Alignment,FC1,V3,sub-01,3,10,0.021112,0.0
Feedback Alignment,FC1,V3,sub-02,3,10,0.039303,0.0
Feedback Alignment,FC1,V3,sub-03,3,10,0.003876,0.048587
Feedback Alignment,FC1,V4,sub-01,3,10,0.008377,2e-05
Feedback Alignment,FC1,V4,sub-02,3,10,0.019168,0.0
Feedback Alignment,FC1,V4,sub-03,3,10,0.006899,0.000448
Feedback Alignment,FC1,LOC,sub-01,3,10,0.006064,0.002035
Feedback Alignment,FC1,LOC,sub-02,3,10,0.005455,0.005514
Feedback Alignment,FC1,LOC,sub-03,3,10,0.000618,0.753083
Feedback Alignment,FC1,IT,sub-01,3,10,0.006627,0.000748
Feedback Alignment,FC1,IT,sub-02,3,10,0.011252,0.0
Feedback Alignment,FC1,IT,sub-03,3,10,0.002103,0.284627
Feedback Alignment,Conv1,V1,sub-01,3,20,-0.00654,0.000876
Feedback Alignment,Conv1,V1,sub-02,3,20,0.009269,2e-06
Feedback Alignment,Conv1,V1,sub-03,3,20,0.001471,0.454279
Feedback Alignment,Conv1,V2,sub-01,3,20,-0.004344,0.027084
Feedback Alignment,Conv1,V2,sub-02,3,20,0.007944,5.3e-05
Feedback Alignment,Conv1,V2,sub-03,3,20,-9.6e-05,0.960933
Feedback Alignment,Conv1,V3,sub-01,3,20,0.000729,0.71059
Feedback Alignment,Conv1,V3,sub-02,3,20,0.012761,0.0
Feedback Alignment,Conv1,V3,sub-03,3,20,-0.001281,0.514632
Feedback Alignment,Conv1,V4,sub-01,3,20,-0.003897,0.04741
Feedback Alignment,Conv1,V4,sub-02,3,20,0.008133,3.5e-05
Feedback Alignment,Conv1,V4,sub-03,3,20,0.003883,0.048206
Feedback Alignment,Conv1,LOC,sub-01,3,20,0.00361,0.066279
Feedback Alignment,Conv1,LOC,sub-02,3,20,0.008842,7e-06
Feedback Alignment,Conv1,LOC,sub-03,3,20,-0.000757,0.700317
Feedback Alignment,Conv1,IT,sub-01,3,20,0.004016,0.041011
Feedback Alignment,Conv1,IT,sub-02,3,20,0.006166,0.001708
Feedback Alignment,Conv1,IT,sub-03,3,20,0.001658,0.398822
Feedback Alignment,Conv2,V1,sub-01,3,20,0.003375,0.085978
Feedback Alignment,Conv2,V1,sub-02,3,20,0.023022,0.0
Feedback Alignment,Conv2,V1,sub-03,3,20,0.004979,0.011299
Feedback Alignment,Conv2,V2,sub-01,3,20,0.006103,0.001903
Feedback Alignment,Conv2,V2,sub-02,3,20,0.018576,0.0
Feedback Alignment,Conv2,V2,sub-03,3,20,0.002215,0.259859
Feedback Alignment,Conv2,V3,sub-01,3,20,0.009248,3e-06
Feedback Alignment,Conv2,V3,sub-02,3,20,0.014818,0.0
Feedback Alignment,Conv2,V3,sub-03,3,20,0.001171,0.551247
Feedback Alignment,Conv2,V4,sub-01,3,20,0.000266,0.892419
Feedback Alignment,Conv2,V4,sub-02,3,20,0.005706,0.003699
Feedback Alignment,Conv2,V4,sub-03,3,20,0.006561,0.000844
Feedback Alignment,Conv2,LOC,sub-01,3,20,0.005426,0.005774
Feedback Alignment,Conv2,LOC,sub-02,3,20,0.004767,0.015289
Feedback Alignment,Conv2,LOC,sub-03,3,20,-0.000809,0.680531
Feedback Alignment,Conv2,IT,sub-01,3,20,0.006057,0.002059
Feedback Alignment,Conv2,IT,sub-02,3,20,0.004285,0.029264
Feedback Alignment,Conv2,IT,sub-03,3,20,0.001513,0.441594
Feedback Alignment,Conv3,V1,sub-01,3,20,-0.004832,0.013965
Feedback Alignment,Conv3,V1,sub-02,3,20,0.002444,0.213678
Feedback Alignment,Conv3,V1,sub-03,3,20,0.005757,0.003403
Feedback Alignment,Conv3,V2,sub-01,3,20,0.00215,0.274025
Feedback Alignment,Conv3,V2,sub-02,3,20,0.003913,0.046498
Feedback Alignment,Conv3,V2,sub-03,3,20,0.003287,0.094477
Feedback Alignment,Conv3,V3,sub-01,3,20,0.005497,0.005163
Feedback Alignment,Conv3,V3,sub-02,3,20,0.001803,0.358874
Feedback Alignment,Conv3,V3,sub-03,3,20,0.001951,0.320894
Feedback Alignment,Conv3,V4,sub-01,3,20,-0.002769,0.158836
Feedback Alignment,Conv3,V4,sub-02,3,20,-0.00081,0.680176
Feedback Alignment,Conv3,V4,sub-03,3,20,0.009229,3e-06
Feedback Alignment,Conv3,LOC,sub-01,3,20,0.004705,0.016686
Feedback Alignment,Conv3,LOC,sub-02,3,20,0.004019,0.040898
Feedback Alignment,Conv3,LOC,sub-03,3,20,-0.001016,0.605395
Feedback Alignment,Conv3,IT,sub-01,3,20,0.006425,0.00108
Feedback Alignment,Conv3,IT,sub-02,3,20,0.002029,0.301989
Feedback Alignment,Conv3,IT,sub-03,3,20,0.001624,0.408542
Feedback Alignment,FC1,V1,sub-01,3,20,0.020343,0.0
Feedback Alignment,FC1,V1,sub-02,3,20,0.037061,0.0
Feedback Alignment,FC1,V1,sub-03,3,20,0.01308,0.0
Feedback Alignment,FC1,V2,sub-01,3,20,0.016844,0.0
Feedback Alignment,FC1,V2,sub-02,3,20,0.031454,0.0
Feedback Alignment,FC1,V2,sub-03,3,20,0.006025,0.002175
Feedback Alignment,FC1,V3,sub-01,3,20,0.013222,0.0
Feedback Alignment,FC1,V3,sub-02,3,20,0.024172,0.0
Feedback Alignment,FC1,V3,sub-03,3,20,0.003248,0.098469
Feedback Alignment,FC1,V4,sub-01,3,20,0.004219,0.031849
Feedback Alignment,FC1,V4,sub-02,3,20,0.012281,0.0
Feedback Alignment,FC1,V4,sub-03,3,20,0.008105,3.7e-05
Feedback Alignment,FC1,LOC,sub-01,3,20,0.005218,0.007941
Feedback Alignment,FC1,LOC,sub-02,3,20,0.007017,0.000357
Feedback Alignment,FC1,LOC,sub-03,3,20,0.000545,0.781739
Feedback Alignment,FC1,IT,sub-01,3,20,0.006392,0.001147
Feedback Alignment,FC1,IT,sub-02,3,20,0.010043,0.0
Feedback Alignment,FC1,IT,sub-03,3,20,0.00231,0.239856
Feedback Alignment,Conv1,V1,sub-01,3,30,-0.006524,0.000902
Feedback Alignment,Conv1,V1,sub-02,3,30,0.00936,2e-06
Feedback Alignment,Conv1,V1,sub-03,3,30,0.001455,0.459183
Feedback Alignment,Conv1,V2,sub-01,3,30,-0.004323,0.027842
Feedback Alignment,Conv1,V2,sub-02,3,30,0.008037,4.3e-05
Feedback Alignment,Conv1,V2,sub-03,3,30,-8.9e-05,0.963753
Feedback Alignment,Conv1,V3,sub-01,3,30,0.000744,0.705221
Feedback Alignment,Conv1,V3,sub-02,3,30,0.012868,0.0
Feedback Alignment,Conv1,V3,sub-03,3,30,-0.001284,0.513742
Feedback Alignment,Conv1,V4,sub-01,3,30,-0.003902,0.0471
Feedback Alignment,Conv1,V4,sub-02,3,30,0.008182,3.1e-05
Feedback Alignment,Conv1,V4,sub-03,3,30,0.003872,0.048839
Feedback Alignment,Conv1,LOC,sub-01,3,30,0.003599,0.067091
Feedback Alignment,Conv1,LOC,sub-02,3,30,0.008833,7e-06
Feedback Alignment,Conv1,LOC,sub-03,3,30,-0.000752,0.702146
Feedback Alignment,Conv1,IT,sub-01,3,30,0.004002,0.041732
Feedback Alignment,Conv1,IT,sub-02,3,30,0.006177,0.001675
Feedback Alignment,Conv1,IT,sub-03,3,30,0.001658,0.398882
Feedback Alignment,Conv2,V1,sub-01,3,30,0.003121,0.112334
Feedback Alignment,Conv2,V1,sub-02,3,30,0.022838,0.0
Feedback Alignment,Conv2,V1,sub-03,3,30,0.004863,0.013366
Feedback Alignment,Conv2,V2,sub-01,3,30,0.005832,0.003005
Feedback Alignment,Conv2,V2,sub-02,3,30,0.018433,0.0
Feedback Alignment,Conv2,V2,sub-03,3,30,0.00214,0.276361
Feedback Alignment,Conv2,V3,sub-01,3,30,0.009027,4e-06
Feedback Alignment,Conv2,V3,sub-02,3,30,0.014799,0.0
Feedback Alignment,Conv2,V3,sub-03,3,30,0.00109,0.579304
Feedback Alignment,Conv2,V4,sub-01,3,30,0.000162,0.934442
Feedback Alignment,Conv2,V4,sub-02,3,30,0.005858,0.002877
Feedback Alignment,Conv2,V4,sub-03,3,30,0.006529,0.000894
Feedback Alignment,Conv2,LOC,sub-01,3,30,0.005407,0.005942
Feedback Alignment,Conv2,LOC,sub-02,3,30,0.004957,0.011676
Feedback Alignment,Conv2,LOC,sub-03,3,30,-0.000758,0.699927
Feedback Alignment,Conv2,IT,sub-01,3,30,0.006054,0.002071
Feedback Alignment,Conv2,IT,sub-02,3,30,0.004412,0.024805
Feedback Alignment,Conv2,IT,sub-03,3,30,0.001532,0.435729
Feedback Alignment,Conv3,V1,sub-01,3,30,-0.005685,0.003825
Feedback Alignment,Conv3,V1,sub-02,3,30,0.000816,0.678151
Feedback Alignment,Conv3,V1,sub-03,3,30,0.005623,0.004225
Feedback Alignment,Conv3,V2,sub-01,3,30,0.001541,0.4331
Feedback Alignment,Conv3,V2,sub-02,3,30,0.002731,0.164701
Feedback Alignment,Conv3,V2,sub-03,3,30,0.003204,0.103116
Feedback Alignment,Conv3,V3,sub-01,3,30,0.004956,0.011696
Feedback Alignment,Conv3,V3,sub-02,3,30,0.000907,0.644469
Feedback Alignment,Conv3,V3,sub-03,3,30,0.001883,0.337961
Feedback Alignment,Conv3,V4,sub-01,3,30,-0.003029,0.123304
Feedback Alignment,Conv3,V4,sub-02,3,30,-0.001124,0.567401
Feedback Alignment,Conv3,V4,sub-03,3,30,0.009333,2e-06
Feedback Alignment,Conv3,LOC,sub-01,3,30,0.00467,0.017517
Feedback Alignment,Conv3,LOC,sub-02,3,30,0.004311,0.028288
Feedback Alignment,Conv3,LOC,sub-03,3,30,-0.001023,0.602576
Feedback Alignment,Conv3,IT,sub-01,3,30,0.006452,0.001029
Feedback Alignment,Conv3,IT,sub-02,3,30,0.002134,0.277673
Feedback Alignment,Conv3,IT,sub-03,3,30,0.001609,0.41306
Feedback Alignment,FC1,V1,sub-01,3,30,0.015656,0.0
Feedback Alignment,FC1,V1,sub-02,3,30,0.028002,0.0
Feedback Alignment,FC1,V1,sub-03,3,30,0.012333,0.0
Feedback Alignment,FC1,V2,sub-01,3,30,0.01423,0.0
Feedback Alignment,FC1,V2,sub-02,3,30,0.025426,0.0
Feedback Alignment,FC1,V2,sub-03,3,30,0.005808,0.003129
Feedback Alignment,FC1,V3,sub-01,3,30,0.010761,0.0
Feedback Alignment,FC1,V3,sub-02,3,30,0.019134,0.0
Feedback Alignment,FC1,V3,sub-03,3,30,0.003086,0.11639
Feedback Alignment,FC1,V4,sub-01,3,30,0.002978,0.129727
Feedback Alignment,FC1,V4,sub-02,3,30,0.009825,1e-06
Feedback Alignment,FC1,V4,sub-03,3,30,0.00842,1.8e-05
Feedback Alignment,FC1,LOC,sub-01,3,30,0.004875,0.013138
Feedback Alignment,FC1,LOC,sub-02,3,30,0.007451,0.00015
Feedback Alignment,FC1,LOC,sub-03,3,30,0.000516,0.79282
Feedback Alignment,FC1,IT,sub-01,3,30,0.006225,0.00154
Feedback Alignment,FC1,IT,sub-02,3,30,0.009595,1e-06
Feedback Alignment,FC1,IT,sub-03,3,30,0.002348,0.232326
Feedback Alignment,Conv1,V1,sub-01,3,40,-0.006014,0.002216
Feedback Alignment,Conv1,V1,sub-02,3,40,0.010597,0.0
Feedback Alignment,Conv1,V1,sub-03,3,40,0.001636,0.405173
Feedback Alignment,Conv1,V2,sub-01,3,40,-0.003948,0.044596
Feedback Alignment,Conv1,V2,sub-02,3,40,0.008943,5e-06
Feedback Alignment,Conv1,V2,sub-03,3,40,-1.5e-05,0.99411
Feedback Alignment,Conv1,V3,sub-01,3,40,0.001045,0.594977
Feedback Alignment,Conv1,V3,sub-02,3,40,0.01364,0.0
Feedback Alignment,Conv1,V3,sub-03,3,40,-0.001242,0.527531
Feedback Alignment,Conv1,V4,sub-01,3,40,-0.003773,0.054944
Feedback Alignment,Conv1,V4,sub-02,3,40,0.008495,1.5e-05
Feedback Alignment,Conv1,V4,sub-03,3,40,0.003843,0.050575
Feedback Alignment,Conv1,LOC,sub-01,3,40,0.003593,0.06755
Feedback Alignment,Conv1,LOC,sub-02,3,40,0.008789,8e-06
Feedback Alignment,Conv1,LOC,sub-03,3,40,-0.000771,0.694808
Feedback Alignment,Conv1,IT,sub-01,3,40,0.003944,0.04481
Feedback Alignment,Conv1,IT,sub-02,3,40,0.006259,0.00145
Feedback Alignment,Conv1,IT,sub-03,3,40,0.001657,0.399344
Feedback Alignment,Conv2,V1,sub-01,3,40,0.004359,0.026565
Feedback Alignment,Conv2,V1,sub-02,3,40,0.024903,0.0
Feedback Alignment,Conv2,V1,sub-03,3,40,0.005232,0.007767
Feedback Alignment,Conv2,V2,sub-01,3,40,0.00672,0.000628
Feedback Alignment,Conv2,V2,sub-02,3,40,0.01989,0.0
Feedback Alignment,Conv2,V2,sub-03,3,40,0.002314,0.239058
Feedback Alignment,Conv2,V3,sub-01,3,40,0.009765,1e-06
Feedback Alignment,Conv2,V3,sub-02,3,40,0.015817,0.0
Feedback Alignment,Conv2,V3,sub-03,3,40,0.001255,0.523224
Feedback Alignment,Conv2,V4,sub-01,3,40,0.000483,0.805868
Feedback Alignment,Conv2,V4,sub-02,3,40,0.006146,0.001766
Feedback Alignment,Conv2,V4,sub-03,3,40,0.006493,0.000955
Feedback Alignment,Conv2,LOC,sub-01,3,40,0.00542,0.005829
Feedback Alignment,Conv2,LOC,sub-02,3,40,0.00462,0.018742
Feedback Alignment,Conv2,LOC,sub-03,3,40,-0.000828,0.67357
Feedback Alignment,Conv2,IT,sub-01,3,40,0.006033,0.002143
Feedback Alignment,Conv2,IT,sub-02,3,40,0.004383,0.025743
Feedback Alignment,Conv2,IT,sub-03,3,40,0.001507,0.44338
Feedback Alignment,Conv3,V1,sub-01,3,40,-0.004286,0.029215
Feedback Alignment,Conv3,V1,sub-02,3,40,0.002865,0.144912
Feedback Alignment,Conv3,V1,sub-03,3,40,0.006034,0.00214
Feedback Alignment,Conv3,V2,sub-01,3,40,0.002443,0.213932
Feedback Alignment,Conv3,V2,sub-02,3,40,0.004073,0.038236
Feedback Alignment,Conv3,V2,sub-03,3,40,0.003361,0.087291
Feedback Alignment,Conv3,V3,sub-01,3,40,0.00567,0.003919
Feedback Alignment,Conv3,V3,sub-02,3,40,0.001872,0.340825
Feedback Alignment,Conv3,V3,sub-03,3,40,0.002077,0.290666
Feedback Alignment,Conv3,V4,sub-01,3,40,-0.002648,0.17799
Feedback Alignment,Conv3,V4,sub-02,3,40,-0.000819,0.67686
Feedback Alignment,Conv3,V4,sub-03,3,40,0.009321,2e-06
Feedback Alignment,Conv3,LOC,sub-01,3,40,0.004696,0.01689
Feedback Alignment,Conv3,LOC,sub-02,3,40,0.004048,0.039457
Feedback Alignment,Conv3,LOC,sub-03,3,40,-0.001065,0.587919
Feedback Alignment,Conv3,IT,sub-01,3,40,0.006482,0.000974
Feedback Alignment,Conv3,IT,sub-02,3,40,0.002154,0.273212
Feedback Alignment,Conv3,IT,sub-03,3,40,0.001636,0.405265
Feedback Alignment,FC1,V1,sub-01,3,40,0.016236,0.0
Feedback Alignment,FC1,V1,sub-02,3,40,0.028871,0.0
Feedback Alignment,FC1,V1,sub-03,3,40,0.012598,0.0
Feedback Alignment,FC1,V2,sub-01,3,40,0.014702,0.0
Feedback Alignment,FC1,V2,sub-02,3,40,0.026242,0.0
Feedback Alignment,FC1,V2,sub-03,3,40,0.005908,0.00265
Feedback Alignment,FC1,V3,sub-01,3,40,0.011076,0.0
Feedback Alignment,FC1,V3,sub-02,3,40,0.019649,0.0
Feedback Alignment,FC1,V3,sub-03,3,40,0.003185,0.105117
Feedback Alignment,FC1,V4,sub-01,3,40,0.003176,0.106117
Feedback Alignment,FC1,V4,sub-02,3,40,0.009879,1e-06
Feedback Alignment,FC1,V4,sub-03,3,40,0.008394,1.9e-05
Feedback Alignment,FC1,LOC,sub-01,3,40,0.004813,0.014334
Feedback Alignment,FC1,LOC,sub-02,3,40,0.007338,0.000189
Feedback Alignment,FC1,LOC,sub-03,3,40,0.000489,0.803363
Feedback Alignment,FC1,IT,sub-01,3,40,0.006176,0.001678
Feedback Alignment,FC1,IT,sub-02,3,40,0.009659,1e-06
Feedback Alignment,FC1,IT,sub-03,3,40,0.002344,0.232975
Predictive Coding,Conv1,V1,sub-01,3,0,0.033971,0.0
Predictive Coding,Conv1,V1,sub-02,3,0,0.051727,0.0
Predictive Coding,Conv1,V1,sub-03,3,0,0.01098,0.0
Predictive Coding,Conv1,V2,sub-01,3,0,0.018598,0.0
Predictive Coding,Conv1,V2,sub-02,3,0,0.024277,0.0
Predictive Coding,Conv1,V2,sub-03,3,0,0.000719,0.714341
Predictive Coding,Conv1,V3,sub-01,3,0,0.014653,0.0
Predictive Coding,Conv1,V3,sub-02,3,0,0.014583,0.0
Predictive Coding,Conv1,V3,sub-03,3,0,0.004175,0.033666
Predictive Coding,Conv1,V4,sub-01,3,0,0.006559,0.000847
Predictive Coding,Conv1,V4,sub-02,3,0,0.007968,5e-05
Predictive Coding,Conv1,V4,sub-03,3,0,0.004745,0.015769
Predictive Coding,Conv1,LOC,sub-01,3,0,0.00617,0.001695
Predictive Coding,Conv1,LOC,sub-02,3,0,-9.4e-05,0.961703
Predictive Coding,Conv1,LOC,sub-03,3,0,0.001089,0.579596
Predictive Coding,Conv1,IT,sub-01,3,0,0.006137,0.001794
Predictive Coding,Conv1,IT,sub-02,3,0,0.002902,0.139777
Predictive Coding,Conv1,IT,sub-03,3,0,0.003234,0.099935
Predictive Coding,Conv2,V1,sub-01,3,0,0.041501,0.0
Predictive Coding,Conv2,V1,sub-02,3,0,0.058107,0.0
Predictive Coding,Conv2,V1,sub-03,3,0,0.012649,0.0
Predictive Coding,Conv2,V2,sub-01,3,0,0.022623,0.0
Predictive Coding,Conv2,V2,sub-02,3,0,0.027604,0.0
Predictive Coding,Conv2,V2,sub-03,3,0,0.00058,0.767833
Predictive Coding,Conv2,V3,sub-01,3,0,0.016697,0.0
Predictive Coding,Conv2,V3,sub-02,3,0,0.021335,0.0
Predictive Coding,Conv2,V3,sub-03,3,0,0.003864,0.049329
Predictive Coding,Conv2,V4,sub-01,3,0,0.008637,1.1e-05
Predictive Coding,Conv2,V4,sub-02,3,0,0.010634,0.0
Predictive Coding,Conv2,V4,sub-03,3,0,0.006534,0.000887
Predictive Coding,Conv2,LOC,sub-01,3,0,0.007628,0.000104
Predictive Coding,Conv2,LOC,sub-02,3,0,0.003006,0.126195
Predictive Coding,Conv2,LOC,sub-03,3,0,-0.000489,0.803389
Predictive Coding,Conv2,IT,sub-01,3,0,0.007263,0.00022
Predictive Coding,Conv2,IT,sub-02,3,0,0.006559,0.000847
Predictive Coding,Conv2,IT,sub-03,3,0,0.002392,0.223644
Predictive Coding,Conv3,V1,sub-01,3,0,0.067057,0.0
Predictive Coding,Conv3,V1,sub-02,3,0,0.075388,0.0
Predictive Coding,Conv3,V1,sub-03,3,0,0.017418,0.0
Predictive Coding,Conv3,V2,sub-01,3,0,0.033306,0.0
Predictive Coding,Conv3,V2,sub-02,3,0,0.033027,0.0
Predictive Coding,Conv3,V2,sub-03,3,0,0.002503,0.202927
Predictive Coding,Conv3,V3,sub-01,3,0,0.021024,0.0
Predictive Coding,Conv3,V3,sub-02,3,0,0.02833,0.0
Predictive Coding,Conv3,V3,sub-03,3,0,0.00493,0.012141
Predictive Coding,Conv3,V4,sub-01,3,0,0.014061,0.0
Predictive Coding,Conv3,V4,sub-02,3,0,0.019935,0.0
Predictive Coding,Conv3,V4,sub-03,3,0,0.006503,0.000938
Predictive Coding,Conv3,LOC,sub-01,3,0,0.007746,8.1e-05
Predictive Coding,Conv3,LOC,sub-02,3,0,0.002024,0.30321
Predictive Coding,Conv3,LOC,sub-03,3,0,0.000148,0.939896
Predictive Coding,Conv3,IT,sub-01,3,0,0.006876,0.000468
Predictive Coding,Conv3,IT,sub-02,3,0,0.007655,9.8e-05
Predictive Coding,Conv3,IT,sub-03,3,0,0.00347,0.077463
Predictive Coding,FC1,V1,sub-01,3,0,0.11646,0.0
Predictive Coding,FC1,V1,sub-02,3,0,0.144201,0.0
Predictive Coding,FC1,V1,sub-03,3,0,0.026939,0.0
Predictive Coding,FC1,V2,sub-01,3,0,0.06845,0.0
Predictive Coding,FC1,V2,sub-02,3,0,0.092436,0.0
Predictive Coding,FC1,V2,sub-03,3,0,0.008263,2.6e-05
Predictive Coding,FC1,V3,sub-01,3,0,0.045681,0.0
Predictive Coding,FC1,V3,sub-02,3,0,0.079262,0.0
Predictive Coding,FC1,V3,sub-03,3,0,0.009893,0.0
Predictive Coding,FC1,V4,sub-01,3,0,0.027776,0.0
Predictive Coding,FC1,V4,sub-02,3,0,0.034101,0.0
Predictive Coding,FC1,V4,sub-03,3,0,0.005133,0.00901
Predictive Coding,FC1,LOC,sub-01,3,0,0.003398,0.083878
Predictive Coding,FC1,LOC,sub-02,3,0,-0.013994,0.0
Predictive Coding,FC1,LOC,sub-03,3,0,0.000841,0.668784
Predictive Coding,FC1,IT,sub-01,3,0,0.004119,0.036123
Predictive Coding,FC1,IT,sub-02,3,0,0.004738,0.015938
Predictive Coding,FC1,IT,sub-03,3,0,0.003105,0.114122
Predictive Coding,Conv1,V1,sub-01,3,1,0.034008,0.0
Predictive Coding,Conv1,V1,sub-02,3,1,0.051786,0.0
Predictive Coding,Conv1,V1,sub-03,3,1,0.010996,0.0
Predictive Coding,Conv1,V2,sub-01,3,1,0.018619,0.0
Predictive Coding,Conv1,V2,sub-02,3,1,0.024323,0.0
Predictive Coding,Conv1,V2,sub-03,3,1,0.000724,0.712438
Predictive Coding,Conv1,V3,sub-01,3,1,0.014672,0.0
Predictive Coding,Conv1,V3,sub-02,3,1,0.014613,0.0
Predictive Coding,Conv1,V3,sub-03,3,1,0.004181,0.033419
Predictive Coding,Conv1,V4,sub-01,3,1,0.006571,0.000828
Predictive Coding,Conv1,V4,sub-02,3,1,0.007977,4.9e-05
Predictive Coding,Conv1,V4,sub-03,3,1,0.004748,0.015718
Predictive Coding,Conv1,LOC,sub-01,3,1,0.006168,0.001701
Predictive Coding,Conv1,LOC,sub-02,3,1,-7.9e-05,0.967745
Predictive Coding,Conv1,LOC,sub-03,3,1,0.001086,0.580749
Predictive Coding,Conv1,IT,sub-01,3,1,0.006131,0.001815
Predictive Coding,Conv1,IT,sub-02,3,1,0.002915,0.138062
Predictive Coding,Conv1,IT,sub-03,3,1,0.00323,0.100282
Predictive Coding,Conv2,V1,sub-01,3,1,0.041735,0.0
Predictive Coding,Conv2,V1,sub-02,3,1,0.058325,0.0
Predictive Coding,Conv2,V1,sub-03,3,1,0.012719,0.0
Predictive Coding,Conv2,V2,sub-01,3,1,0.022763,0.0
Predictive Coding,Conv2,V2,sub-02,3,1,0.027687,0.0
Predictive Coding,Conv2,V2,sub-03,3,1,0.000604,0.758569
Predictive Coding,Conv2,V3,sub-01,3,1,0.016747,0.0
Predictive Coding,Conv2,V3,sub-02,3,1,0.021424,0.0
Predictive Coding,Conv2,V3,sub-03,3,1,0.003874,0.048739
Predictive Coding,Conv2,V4,sub-01,3,1,0.008675,1e-05
Predictive Coding,Conv2,V4,sub-02,3,1,0.010689,0.0
Predictive Coding,Conv2,V4,sub-03,3,1,0.006539,0.000878
Predictive Coding,Conv2,LOC,sub-01,3,1,0.007603,0.00011
Predictive Coding,Conv2,LOC,sub-02,3,1,0.003002,0.12669
Predictive Coding,Conv2,LOC,sub-03,3,1,-0.000474,0.809378
Predictive Coding,Conv2,IT,sub-01,3,1,0.007248,0.000226
Predictive Coding,Conv2,IT,sub-02,3,1,0.006562,0.000841
Predictive Coding,Conv2,IT,sub-03,3,1,0.002395,0.222994
Predictive Coding,Conv3,V1,sub-01,3,1,0.067111,0.0
Predictive Coding,Conv3,V1,sub-02,3,1,0.075422,0.0
Predictive Coding,Conv3,V1,sub-03,3,1,0.017461,0.0
Predictive Coding,Conv3,V2,sub-01,3,1,0.033399,0.0
Predictive Coding,Conv3,V2,sub-02,3,1,0.033146,0.0
Predictive Coding,Conv3,V2,sub-03,3,1,0.002518,0.200194
Predictive Coding,Conv3,V3,sub-01,3,1,0.021098,0.0
Predictive Coding,Conv3,V3,sub-02,3,1,0.028422,0.0
Predictive Coding,Conv3,V3,sub-03,3,1,0.004971,0.011444
Predictive Coding,Conv3,V4,sub-01,3,1,0.014083,0.0
Predictive Coding,Conv3,V4,sub-02,3,1,0.019932,0.0
Predictive Coding,Conv3,V4,sub-03,3,1,0.006547,0.000866
Predictive Coding,Conv3,LOC,sub-01,3,1,0.007793,7.3e-05
Predictive Coding,Conv3,LOC,sub-02,3,1,0.00197,0.316299
Predictive Coding,Conv3,LOC,sub-03,3,1,0.000151,0.938691
Predictive Coding,Conv3,IT,sub-01,3,1,0.00693,0.000422
Predictive Coding,Conv3,IT,sub-02,3,1,0.007621,0.000106
Predictive Coding,Conv3,IT,sub-03,3,1,0.003486,0.076169
Predictive Coding,FC1,V1,sub-01,3,1,0.084729,0.0
Predictive Coding,FC1,V1,sub-02,3,1,0.089083,0.0
Predictive Coding,FC1,V1,sub-03,3,1,0.01771,0.0
Predictive Coding,FC1,V2,sub-01,3,1,0.047296,0.0
Predictive Coding,FC1,V2,sub-02,3,1,0.043919,0.0
Predictive Coding,FC1,V2,sub-03,3,1,0.004905,0.012576
Predictive Coding,FC1,V3,sub-01,3,1,0.026365,0.0
Predictive Coding,FC1,V3,sub-02,3,1,0.041142,0.0
Predictive Coding,FC1,V3,sub-03,3,1,0.005233,0.007755
Predictive Coding,FC1,V4,sub-01,3,1,0.016544,0.0
Predictive Coding,FC1,V4,sub-02,3,1,0.027098,0.0
Predictive Coding,FC1,V4,sub-03,3,1,0.005566,0.00463
Predictive Coding,FC1,LOC,sub-01,3,1,0.002513,0.201085
Predictive Coding,FC1,LOC,sub-02,3,1,0.000871,0.657583
Predictive Coding,FC1,LOC,sub-03,3,1,0.000191,0.922701
Predictive Coding,FC1,IT,sub-01,3,1,0.003559,0.070205
Predictive Coding,FC1,IT,sub-02,3,1,0.007588,0.000113
Predictive Coding,FC1,IT,sub-03,3,1,0.001492,0.447924
Predictive Coding,Conv1,V1,sub-01,3,2,0.034045,0.0
Predictive Coding,Conv1,V1,sub-02,3,2,0.051845,0.0
Predictive Coding,Conv1,V1,sub-03,3,2,0.011012,0.0
Predictive Coding,Conv1,V2,sub-01,3,2,0.01864,0.0
Predictive Coding,Conv1,V2,sub-02,3,2,0.024369,0.0
Predictive Coding,Conv1,V2,sub-03,3,2,0.00073,0.710275
Predictive Coding,Conv1,V3,sub-01,3,2,0.014691,0.0
Predictive Coding,Conv1,V3,sub-02,3,2,0.014642,0.0
Predictive Coding,Conv1,V3,sub-03,3,2,0.004187,0.033144
Predictive Coding,Conv1,V4,sub-01,3,2,0.006584,0.000808
Predictive Coding,Conv1,V4,sub-02,3,2,0.007986,4.8e-05
Predictive Coding,Conv1,V4,sub-03,3,2,0.00475,0.015666
Predictive Coding,Conv1,LOC,sub-01,3,2,0.006166,0.001707
Predictive Coding,Conv1,LOC,sub-02,3,2,-6.3e-05,0.97429
Predictive Coding,Conv1,LOC,sub-03,3,2,0.001082,0.581899
Predictive Coding,Conv1,IT,sub-01,3,2,0.006124,0.001835
Predictive Coding,Conv1,IT,sub-02,3,2,0.002928,0.136298
Predictive Coding,Conv1,IT,sub-03,3,2,0.003227,0.100626
Predictive Coding,Conv2,V1,sub-01,3,2,0.04196,0.0
Predictive Coding,Conv2,V1,sub-02,3,2,0.058536,0.0
Predictive Coding,Conv2,V1,sub-03,3,2,0.012788,0.0
Predictive Coding,Conv2,V2,sub-01,3,2,0.022901,0.0
Predictive Coding,Conv2,V2,sub-02,3,2,0.02777,0.0
Predictive Coding,Conv2,V2,sub-03,3,2,0.000628,0.749317
Predictive Coding,Conv2,V3,sub-01,3,2,0.016797,0.0
Predictive Coding,Conv2,V3,sub-02,3,2,0.021513,0.0
Predictive Coding,Conv2,V3,sub-03,3,2,0.003884,0.048153
Predictive Coding,Conv2,V4,sub-01,3,2,0.00871,9e-06
Predictive Coding,Conv2,V4,sub-02,3,2,0.010743,0.0
Predictive Coding,Conv2,V4,sub-03,3,2,0.006544,0.00087
Predictive Coding,Conv2,LOC,sub-01,3,2,0.007578,0.000116
Predictive Coding,Conv2,LOC,sub-02,3,2,0.002998,0.127133
Predictive Coding,Conv2,LOC,sub-03,3,2,-0.000459,0.815443
Predictive Coding,Conv2,IT,sub-01,3,2,0.007233,0.000233
Predictive Coding,Conv2,IT,sub-02,3,2,0.006566,0.000836
Predictive Coding,Conv2,IT,sub-03,3,2,0.002399,0.22233
Predictive Coding,Conv3,V1,sub-01,3,2,0.067152,0.0
Predictive Coding,Conv3,V1,sub-02,3,2,0.075444,0.0
Predictive Coding,Conv3,V1,sub-03,3,2,0.017501,0.0
Predictive Coding,Conv3,V2,sub-01,3,2,0.033488,0.0
Predictive Coding,Conv3,V2,sub-02,3,2,0.033261,0.0
Predictive Coding,Conv3,V2,sub-03,3,2,0.002534,0.197412
Predictive Coding,Conv3,V3,sub-01,3,2,0.02117,0.0
Predictive Coding,Conv3,V3,sub-02,3,2,0.028511,0.0
Predictive Coding,Conv3,V3,sub-03,3,2,0.005011,0.010791
Predictive Coding,Conv3,V4,sub-01,3,2,0.014102,0.0
Predictive Coding,Conv3,V4,sub-02,3,2,0.019926,0.0
Predictive Coding,Conv3,V4,sub-03,3,2,0.006589,0.000802
Predictive Coding,Conv3,LOC,sub-01,3,2,0.007839,6.7e-05
Predictive Coding,Conv3,LOC,sub-02,3,2,0.001916,0.329761
Predictive Coding,Conv3,LOC,sub-03,3,2,0.000155,0.937319
Predictive Coding,Conv3,IT,sub-01,3,2,0.006983,0.000381
Predictive Coding,Conv3,IT,sub-02,3,2,0.007585,0.000114
Predictive Coding,Conv3,IT,sub-03,3,2,0.003502,0.074809
Predictive Coding,FC1,V1,sub-01,3,2,0.083851,0.0
Predictive Coding,FC1,V1,sub-02,3,2,0.087721,0.0
Predictive Coding,FC1,V1,sub-03,3,2,0.018754,0.0
Predictive Coding,FC1,V2,sub-01,3,2,0.050203,0.0
Predictive Coding,FC1,V2,sub-02,3,2,0.047283,0.0
Predictive Coding,FC1,V2,sub-03,3,2,0.005779,0.00328
Predictive Coding,FC1,V3,sub-01,3,2,0.027671,0.0
Predictive Coding,FC1,V3,sub-02,3,2,0.039412,0.0
Predictive Coding,FC1,V3,sub-03,3,2,0.006108,0.001886
Predictive Coding,FC1,V4,sub-01,3,2,0.018773,0.0
Predictive Coding,FC1,V4,sub-02,3,2,0.02928,0.0
Predictive Coding,FC1,V4,sub-03,3,2,0.0068,0.000541
Predictive Coding,FC1,LOC,sub-01,3,2,0.002947,0.133826
Predictive Coding,FC1,LOC,sub-02,3,2,-0.000123,0.949936
Predictive Coding,FC1,LOC,sub-03,3,2,0.001359,0.489469
Predictive Coding,FC1,IT,sub-01,3,2,0.004669,0.017529
Predictive Coding,FC1,IT,sub-02,3,2,0.006968,0.000393
Predictive Coding,FC1,IT,sub-03,3,2,0.002073,0.291674
Predictive Coding,Conv1,V1,sub-01,3,5,0.034155,0.0
Predictive Coding,Conv1,V1,sub-02,3,5,0.052019,0.0
Predictive Coding,Conv1,V1,sub-03,3,5,0.011059,0.0
Predictive Coding,Conv1,V2,sub-01,3,5,0.018705,0.0
Predictive Coding,Conv1,V2,sub-02,3,5,0.024505,0.0
Predictive Coding,Conv1,V2,sub-03,3,5,0.000747,0.703989
Predictive Coding,Conv1,V3,sub-01,3,5,0.014751,0.0
Predictive Coding,Conv1,V3,sub-02,3,5,0.014729,0.0
Predictive Coding,Conv1,V3,sub-03,3,5,0.004207,0.03232
Predictive Coding,Conv1,V4,sub-01,3,5,0.006623,0.000753
Predictive Coding,Conv1,V4,sub-02,3,5,0.008011,4.6e-05
Predictive Coding,Conv1,V4,sub-03,3,5,0.004756,0.015535
Predictive Coding,Conv1,LOC,sub-01,3,5,0.006162,0.001719
Predictive Coding,Conv1,LOC,sub-02,3,5,-1.6e-05,0.993573
Predictive Coding,Conv1,LOC,sub-03,3,5,0.001072,0.585581
Predictive Coding,Conv1,IT,sub-01,3,5,0.006106,0.001892
Predictive Coding,Conv1,IT,sub-02,3,5,0.002965,0.131409
Predictive Coding,Conv1,IT,sub-03,3,5,0.003217,0.101743
Predictive Coding,Conv2,V1,sub-01,3,5,0.042583,0.0
Predictive Coding,Conv2,V1,sub-02,3,5,0.059107,0.0
Predictive Coding,Conv2,V1,sub-03,3,5,0.012975,0.0
Predictive Coding,Conv2,V2,sub-01,3,5,0.02329,0.0
Predictive Coding,Conv2,V2,sub-02,3,5,0.027993,0.0
Predictive Coding,Conv2,V2,sub-03,3,5,0.000695,0.72373
Predictive Coding,Conv2,V3,sub-01,3,5,0.016928,0.0
Predictive Coding,Conv2,V3,sub-02,3,5,0.021761,0.0
Predictive Coding,Conv2,V3,sub-03,3,5,0.003907,0.046856
Predictive Coding,Conv2,V4,sub-01,3,5,0.008809,7e-06
Predictive Coding,Conv2,V4,sub-02,3,5,0.010895,0.0
Predictive Coding,Conv2,V4,sub-03,3,5,0.006552,0.000858
Predictive Coding,Conv2,LOC,sub-01,3,5,0.007498,0.000136
Predictive Coding,Conv2,LOC,sub-02,3,5,0.002989,0.128314
Predictive Coding,Conv2,LOC,sub-03,3,5,-0.000414,0.833276
Predictive Coding,Conv2,IT,sub-01,3,5,0.007183,0.000258
Predictive Coding,Conv2,IT,sub-02,3,5,0.006568,0.000832
Predictive Coding,Conv2,IT,sub-03,3,5,0.002406,0.220979
Predictive Coding,Conv3,V1,sub-01,3,5,0.067198,0.0
Predictive Coding,Conv3,V1,sub-02,3,5,0.075417,0.0
Predictive Coding,Conv3,V1,sub-03,3,5,0.017601,0.0
Predictive Coding,Conv3,V2,sub-01,3,5,0.033718,0.0
Predictive Coding,Conv3,V2,sub-02,3,5,0.033578,0.0
Predictive Coding,Conv3,V2,sub-03,3,5,0.002578,0.18973
Predictive Coding,Conv3,V3,sub-01,3,5,0.021372,0.0
Predictive Coding,Conv3,V3,sub-02,3,5,0.028762,0.0
Predictive Coding,Conv3,V3,sub-03,3,5,0.005124,0.009136
Predictive Coding,Conv3,V4,sub-01,3,5,0.01414,0.0
Predictive Coding,Conv3,V4,sub-02,3,5,0.019877,0.0
Predictive Coding,Conv3,V4,sub-03,3,5,0.006701,0.000651
Predictive Coding,Conv3,LOC,sub-01,3,5,0.007969,5e-05
Predictive Coding,Conv3,LOC,sub-02,3,5,0.001761,0.370249
Predictive Coding,Conv3,LOC,sub-03,3,5,0.000159,0.935455
Predictive Coding,Conv3,IT,sub-01,3,5,0.00715,0.000275
Predictive Coding,Conv3,IT,sub-02,3,5,0.007473,0.000143
Predictive Coding,Conv3,IT,sub-03,3,5,0.003542,0.071568
Predictive Coding,FC1,V1,sub-01,3,5,0.068711,0.0
Predictive Coding,FC1,V1,sub-02,3,5,0.071034,0.0
Predictive Coding,FC1,V1,sub-03,3,5,0.017312,0.0
Predictive Coding,FC1,V2,sub-01,3,5,0.044592,0.0
Predictive Coding,FC1,V2,sub-02,3,5,0.044774,0.0
Predictive Coding,FC1,V2,sub-03,3,5,0.005885,0.002753
Predictive Coding,FC1,V3,sub-01,3,5,0.026655,0.0
Predictive Coding,FC1,V3,sub-02,3,5,0.036931,0.0
Predictive Coding,FC1,V3,sub-03,3,5,0.006748,0.000597
Predictive Coding,FC1,V4,sub-01,3,5,0.018403,0.0
Predictive Coding,FC1,V4,sub-02,3,5,0.02784,0.0
Predictive Coding,FC1,V4,sub-03,3,5,0.008703,1e-05
Predictive Coding,FC1,LOC,sub-01,3,5,0.005924,0.002579
Predictive Coding,FC1,LOC,sub-02,3,5,0.000714,0.716524
Predictive Coding,FC1,LOC,sub-03,3,5,0.00089,0.65061
Predictive Coding,FC1,IT,sub-01,3,5,0.008315,2.3e-05
Predictive Coding,FC1,IT,sub-02,3,5,0.007691,9.1e-05
Predictive Coding,FC1,IT,sub-03,3,5,0.002277,0.246607
Predictive Coding,Conv1,V1,sub-01,3,10,0.034337,0.0
Predictive Coding,Conv1,V1,sub-02,3,10,0.052294,0.0
Predictive Coding,Conv1,V1,sub-03,3,10,0.011132,0.0
Predictive Coding,Conv1,V2,sub-01,3,10,0.018812,0.0
Predictive Coding,Conv1,V2,sub-02,3,10,0.024728,0.0
Predictive Coding,Conv1,V2,sub-03,3,10,0.000771,0.694712
Predictive Coding,Conv1,V3,sub-01,3,10,0.014848,0.0
Predictive Coding,Conv1,V3,sub-02,3,10,0.014871,0.0
Predictive Coding,Conv1,V3,sub-03,3,10,0.004239,0.031043
Predictive Coding,Conv1,V4,sub-01,3,10,0.006687,0.000668
Predictive Coding,Conv1,V4,sub-02,3,10,0.008051,4.2e-05
Predictive Coding,Conv1,V4,sub-03,3,10,0.004767,0.015303
Predictive Coding,Conv1,LOC,sub-01,3,10,0.006157,0.001734
Predictive Coding,Conv1,LOC,sub-02,3,10,7.2e-05,0.970975
Predictive Coding,Conv1,LOC,sub-03,3,10,0.001051,0.59288
Predictive Coding,Conv1,IT,sub-01,3,10,0.006082,0.001974
Predictive Coding,Conv1,IT,sub-02,3,10,0.003033,0.122801
Predictive Coding,Conv1,IT,sub-03,3,10,0.003195,0.104096
Predictive Coding,Conv2,V1,sub-01,3,10,0.043421,0.0
Predictive Coding,Conv2,V1,sub-02,3,10,0.059822,0.0
Predictive Coding,Conv2,V1,sub-03,3,10,0.013216,0.0
Predictive Coding,Conv2,V2,sub-01,3,10,0.023845,0.0
Predictive Coding,Conv2,V2,sub-02,3,10,0.028268,0.0
Predictive Coding,Conv2,V2,sub-03,3,10,0.000787,0.688782
Predictive Coding,Conv2,V3,sub-01,3,10,0.017084,0.0
Predictive Coding,Conv2,V3,sub-02,3,10,0.022097,0.0
Predictive Coding,Conv2,V3,sub-03,3,10,0.003917,0.04627
Predictive Coding,Conv2,V4,sub-01,3,10,0.008927,6e-06
Predictive Coding,Conv2,V4,sub-02,3,10,0.011105,0.0
Predictive Coding,Conv2,V4,sub-03,3,10,0.00655,0.000861
Predictive Coding,Conv2,LOC,sub-01,3,10,0.007348,0.000185
Predictive Coding,Conv2,LOC,sub-02,3,10,0.002976,0.129963
Predictive Coding,Conv2,LOC,sub-03,3,10,-0.000337,0.86382
Predictive Coding,Conv2,IT,sub-01,3,10,0.007095,0.000307
Predictive Coding,Conv2,IT,sub-02,3,10,0.006554,0.000855
Predictive Coding,Conv2,IT,sub-03,3,10,0.002405,0.221128
Predictive Coding,Conv3,V1,sub-01,3,10,0.066976,0.0
Predictive Coding,Conv3,V1,sub-02,3,10,0.075005,0.0
Predictive Coding,Conv3,V1,sub-03,3,10,0.017683,0.0
Predictive Coding,Conv3,V2,sub-01,3,10,0.033981,0.0
Predictive Coding,Conv3,V2,sub-02,3,10,0.033988,0.0
Predictive Coding,Conv3,V2,sub-03,3,10,0.002651,0.177452
Predictive Coding,Conv3,V3,sub-01,3,10,0.021649,0.0
Predictive Coding,Conv3,V3,sub-02,3,10,0.029104,0.0
Predictive Coding,Conv3,V3,sub-03,3,10,0.005289,0.007123
Predictive Coding,Conv3,V4,sub-01,3,10,0.014139,0.0
Predictive Coding,Conv3,V4,sub-02,3,10,0.019694,0.0
Predictive Coding,Conv3,V4,sub-03,3,10,0.006844,0.000497
Predictive Coding,Conv3,LOC,sub-01,3,10,0.008172,3.2e-05
Predictive Coding,Conv3,LOC,sub-02,3,10,0.001511,0.442167
Predictive Coding,Conv3,LOC,sub-03,3,10,0.000164,0.933682
Predictive Coding,Conv3,IT,sub-01,3,10,0.007445,0.000152
Predictive Coding,Conv3,IT,sub-02,3,10,0.007268,0.000218
Predictive Coding,Conv3,IT,sub-03,3,10,0.003593,0.067578
Predictive Coding,FC1,V1,sub-01,3,10,0.07426,0.0
Predictive Coding,FC1,V1,sub-02,3,10,0.080588,0.0
Predictive Coding,FC1,V1,sub-03,3,10,0.018774,0.0
Predictive Coding,FC1,V2,sub-01,3,10,0.047999,0.0
Predictive Coding,FC1,V2,sub-02,3,10,0.04844,0.0
Predictive Coding,FC1,V2,sub-03,3,10,0.006097,0.001921
Predictive Coding,FC1,V3,sub-01,3,10,0.031066,0.0
Predictive Coding,FC1,V3,sub-02,3,10,0.040228,0.0
Predictive Coding,FC1,V3,sub-03,3,10,0.007856,6.4e-05
Predictive Coding,FC1,V4,sub-01,3,10,0.019057,0.0
Predictive Coding,FC1,V4,sub-02,3,10,0.028123,0.0
Predictive Coding,FC1,V4,sub-03,3,10,0.007959,5.1e-05
Predictive Coding,FC1,LOC,sub-01,3,10,0.006066,0.002027
Predictive Coding,FC1,LOC,sub-02,3,10,-0.001944,0.322551
Predictive Coding,FC1,LOC,sub-03,3,10,0.001034,0.598734
Predictive Coding,FC1,IT,sub-01,3,10,0.009166,3e-06
Predictive Coding,FC1,IT,sub-02,3,10,0.006949,0.000407
Predictive Coding,FC1,IT,sub-03,3,10,0.002257,0.250755
Predictive Coding,Conv1,V1,sub-01,3,20,0.034665,0.0
Predictive Coding,Conv1,V1,sub-02,3,20,0.052795,0.0
Predictive Coding,Conv1,V1,sub-03,3,20,0.011257,0.0
Predictive Coding,Conv1,V2,sub-01,3,20,0.018994,0.0
Predictive Coding,Conv1,V2,sub-02,3,20,0.025143,0.0
Predictive Coding,Conv1,V2,sub-03,3,20,0.000806,0.681882
Predictive Coding,Conv1,V3,sub-01,3,20,0.015014,0.0
Predictive Coding,Conv1,V3,sub-02,3,20,0.015133,0.0
Predictive Coding,Conv1,V3,sub-03,3,20,0.004283,0.029342
Predictive Coding,Conv1,V4,sub-01,3,20,0.006792,0.000549
Predictive Coding,Conv1,V4,sub-02,3,20,0.008128,3.5e-05
Predictive Coding,Conv1,V4,sub-03,3,20,0.004779,0.015047
Predictive Coding,Conv1,LOC,sub-01,3,20,0.006143,0.001775
Predictive Coding,Conv1,LOC,sub-02,3,20,0.000274,0.888948
Predictive Coding,Conv1,LOC,sub-03,3,20,0.000991,0.614036
Predictive Coding,Conv1,IT,sub-01,3,20,0.006026,0.00217
Predictive Coding,Conv1,IT,sub-02,3,20,0.003183,0.105321
Predictive Coding,Conv1,IT,sub-03,3,20,0.003137,0.110449
Predictive Coding,Conv2,V1,sub-01,3,20,0.044317,0.0
Predictive Coding,Conv2,V1,sub-02,3,20,0.060403,0.0
Predictive Coding,Conv2,V1,sub-03,3,20,0.013391,0.0
Predictive Coding,Conv2,V2,sub-01,3,20,0.024556,0.0
Predictive Coding,Conv2,V2,sub-02,3,20,0.028432,0.0
Predictive Coding,Conv2,V2,sub-03,3,20,0.000869,0.658368
Predictive Coding,Conv2,V3,sub-01,3,20,0.017138,0.0
Predictive Coding,Conv2,V3,sub-02,3,20,0.022467,0.0
Predictive Coding,Conv2,V3,sub-03,3,20,0.003832,0.051226
Predictive Coding,Conv2,V4,sub-01,3,20,0.008988,5e-06
Predictive Coding,Conv2,V4,sub-02,3,20,0.011355,0.0
Predictive Coding,Conv2,V4,sub-03,3,20,0.006481,0.000976
Predictive Coding,Conv2,LOC,sub-01,3,20,0.007025,0.000351
Predictive Coding,Conv2,LOC,sub-02,3,20,0.002925,0.136665
Predictive Coding,Conv2,LOC,sub-03,3,20,-0.000206,0.91636
Predictive Coding,Conv2,IT,sub-01,3,20,0.006928,0.000424
Predictive Coding,Conv2,IT,sub-02,3,20,0.00644,0.001051
Predictive Coding,Conv2,IT,sub-03,3,20,0.00235,0.231845
Predictive Coding,Conv3,V1,sub-01,3,20,0.065218,0.0
Predictive Coding,Conv3,V1,sub-02,3,20,0.072673,0.0
Predictive Coding,Conv3,V1,sub-03,3,20,0.017398,0.0
Predictive Coding,Conv3,V2,sub-01,3,20,0.033915,0.0
Predictive Coding,Conv3,V2,sub-02,3,20,0.034245,0.0
Predictive Coding,Conv3,V2,sub-03,3,20,0.002715,0.167135
Predictive Coding,Conv3,V3,sub-01,3,20,0.021857,0.0
Predictive Coding,Conv3,V3,sub-02,3,20,0.029373,0.0
Predictive Coding,Conv3,V3,sub-03,3,20,0.005471,0.005376
Predictive Coding,Conv3,V4,sub-01,3,20,0.013796,0.0
Predictive Coding,Conv3,V4,sub-02,3,20,0.018928,0.0
Predictive Coding,Conv3,V4,sub-03,3,20,0.006866,0.000477
Predictive Coding,Conv3,LOC,sub-01,3,20,0.0085,1.5e-05
Predictive Coding,Conv3,LOC,sub-02,3,20,0.001106,0.573605
Predictive Coding,Conv3,LOC,sub-03,3,20,0.000187,0.924327
Predictive Coding,Conv3,IT,sub-01,3,20,0.008038,4.3e-05
Predictive Coding,Conv3,IT,sub-02,3,20,0.006857,0.000486
Predictive Coding,Conv3,IT,sub-03,3,20,0.003585,0.06815
Predictive Coding,FC1,V1,sub-01,3,20,0.065554,0.0
Predictive Coding,FC1,V1,sub-02,3,20,0.067214,0.0
Predictive Coding,FC1,V1,sub-03,3,20,0.017263,0.0
Predictive Coding,FC1,V2,sub-01,3,20,0.046338,0.0
Predictive Coding,FC1,V2,sub-02,3,20,0.041425,0.0
Predictive Coding,FC1,V2,sub-03,3,20,0.00617,0.001695
Predictive Coding,FC1,V3,sub-01,3,20,0.029336,0.0
Predictive Coding,FC1,V3,sub-02,3,20,0.031138,0.0
Predictive Coding,FC1,V3,sub-03,3,20,0.007722,8.5e-05
Predictive Coding,FC1,V4,sub-01,3,20,0.017905,0.0
Predictive Coding,FC1,V4,sub-02,3,20,0.021675,0.0
Predictive Coding,FC1,V4,sub-03,3,20,0.009432,2e-06
Predictive Coding,FC1,LOC,sub-01,3,20,0.006456,0.001021
Predictive Coding,FC1,LOC,sub-02,3,20,-0.003776,0.054696
Predictive Coding,FC1,LOC,sub-03,3,20,0.001137,0.563124
Predictive Coding,FC1,IT,sub-01,3,20,0.009659,1e-06
Predictive Coding,FC1,IT,sub-02,3,20,0.005966,0.002403
Predictive Coding,FC1,IT,sub-03,3,20,0.003076,0.117547
Predictive Coding,Conv1,V1,sub-01,3,30,0.03493,0.0
Predictive Coding,Conv1,V1,sub-02,3,30,0.053225,0.0
Predictive Coding,Conv1,V1,sub-03,3,30,0.011373,0.0
Predictive Coding,Conv1,V2,sub-01,3,30,0.019116,0.0
Predictive Coding,Conv1,V2,sub-02,3,30,0.025493,0.0
Predictive Coding,Conv1,V2,sub-03,3,30,0.000835,0.670988
Predictive Coding,Conv1,V3,sub-01,3,30,0.015139,0.0
Predictive Coding,Conv1,V3,sub-02,3,30,0.015344,0.0
Predictive Coding,Conv1,V3,sub-03,3,30,0.004313,0.028197
Predictive Coding,Conv1,V4,sub-01,3,30,0.006862,0.000481
Predictive Coding,Conv1,V4,sub-02,3,30,0.008191,3.1e-05
Predictive Coding,Conv1,V4,sub-03,3,30,0.004798,0.014643
Predictive Coding,Conv1,LOC,sub-01,3,30,0.006129,0.00182
Predictive Coding,Conv1,LOC,sub-02,3,30,0.000506,0.796833
Predictive Coding,Conv1,LOC,sub-03,3,30,0.000921,0.639495
Predictive Coding,Conv1,IT,sub-01,3,30,0.005967,0.002399
Predictive Coding,Conv1,IT,sub-02,3,30,0.003346,0.088728
Predictive Coding,Conv1,IT,sub-03,3,30,0.003083,0.11677
Predictive Coding,Conv2,V1,sub-01,3,30,0.044314,0.0
Predictive Coding,Conv2,V1,sub-02,3,30,0.059939,0.0
Predictive Coding,Conv2,V1,sub-03,3,30,0.013227,0.0
Predictive Coding,Conv2,V2,sub-01,3,30,0.024753,0.0
Predictive Coding,Conv2,V2,sub-02,3,30,0.028044,0.0
Predictive Coding,Conv2,V2,sub-03,3,30,0.000827,0.674088
Predictive Coding,Conv2,V3,sub-01,3,30,0.016878,0.0
Predictive Coding,Conv2,V3,sub-02,3,30,0.022379,0.0
Predictive Coding,Conv2,V3,sub-03,3,30,0.003652,0.063177
Predictive Coding,Conv2,V4,sub-01,3,30,0.008824,7e-06
Predictive Coding,Conv2,V4,sub-02,3,30,0.011298,0.0
Predictive Coding,Conv2,V4,sub-03,3,30,0.006304,0.00134
Predictive Coding,Conv2,LOC,sub-01,3,30,0.006662,0.0007
Predictive Coding,Conv2,LOC,sub-02,3,30,0.002792,0.155524
Predictive Coding,Conv2,LOC,sub-03,3,30,-0.000138,0.944045
Predictive Coding,Conv2,IT,sub-01,3,30,0.006736,0.00061
Predictive Coding,Conv2,IT,sub-02,3,30,0.006188,0.001644
Predictive Coding,Conv2,IT,sub-03,3,30,0.002214,0.260095
Predictive Coding,Conv3,V1,sub-01,3,30,0.061135,0.0
Predictive Coding,Conv3,V1,sub-02,3,30,0.067889,0.0
Predictive Coding,Conv3,V1,sub-03,3,30,0.016297,0.0
Predictive Coding,Conv3,V2,sub-01,3,30,0.032591,0.0
Predictive Coding,Conv3,V2,sub-02,3,30,0.033222,0.0
Predictive Coding,Conv3,V2,sub-03,3,30,0.002543,0.195774
Predictive Coding,Conv3,V3,sub-01,3,30,0.021334,0.0
Predictive Coding,Conv3,V3,sub-02,3,30,0.028651,0.0
Predictive Coding,Conv3,V3,sub-03,3,30,0.005372,0.006271
Predictive Coding,Conv3,V4,sub-01,3,30,0.012841,0.0
Predictive Coding,Conv3,V4,sub-02,3,30,0.01737,0.0
Predictive Coding,Conv3,V4,sub-03,3,30,0.006407,0.001115
Predictive Coding,Conv3,LOC,sub-01,3,30,0.008625,1.1e-05
Predictive Coding,Conv3,LOC,sub-02,3,30,0.000844,0.66766
Predictive Coding,Conv3,LOC,sub-03,3,30,0.000186,0.924684
Predictive Coding,Conv3,IT,sub-01,3,30,0.008478,1.6e-05
Predictive Coding,Conv3,IT,sub-02,3,30,0.006451,0.00103
Predictive Coding,Conv3,IT,sub-03,3,30,0.003288,0.094349
Predictive Coding,FC1,V1,sub-01,3,30,0.060319,0.0
Predictive Coding,FC1,V1,sub-02,3,30,0.058515,0.0
Predictive Coding,FC1,V1,sub-03,3,30,0.01528,0.0
Predictive Coding,FC1,V2,sub-01,3,30,0.046569,0.0
Predictive Coding,FC1,V2,sub-02,3,30,0.040744,0.0
Predictive Coding,FC1,V2,sub-03,3,30,0.006614,0.000766
Predictive Coding,FC1,V3,sub-01,3,30,0.029305,0.0
Predictive Coding,FC1,V3,sub-02,3,30,0.029729,0.0
Predictive Coding,FC1,V3,sub-03,3,30,0.007131,0.000286
Predictive Coding,FC1,V4,sub-01,3,30,0.017889,0.0
Predictive Coding,FC1,V4,sub-02,3,30,0.018444,0.0
Predictive Coding,FC1,V4,sub-03,3,30,0.008823,7e-06
Predictive Coding,FC1,LOC,sub-01,3,30,0.005816,0.003085
Predictive Coding,FC1,LOC,sub-02,3,30,-0.006395,0.001139
Predictive Coding,FC1,LOC,sub-03,3,30,0.000289,0.882995
Predictive Coding,FC1,IT,sub-01,3,30,0.009338,2e-06
Predictive Coding,FC1,IT,sub-02,3,30,0.003213,0.102069
Predictive Coding,FC1,IT,sub-03,3,30,0.002309,0.24016
Predictive Coding,Conv1,V1,sub-01,3,40,0.035163,0.0
Predictive Coding,Conv1,V1,sub-02,3,40,0.053577,0.0
Predictive Coding,Conv1,V1,sub-03,3,40,0.011498,0.0
Predictive Coding,Conv1,V2,sub-01,3,40,0.019192,0.0
Predictive Coding,Conv1,V2,sub-02,3,40,0.02575,0.0
Predictive Coding,Conv1,V2,sub-03,3,40,0.000862,0.661068
Predictive Coding,Conv1,V3,sub-01,3,40,0.015253,0.0
Predictive Coding,Conv1,V3,sub-02,3,40,0.015489,0.0
Predictive Coding,Conv1,V3,sub-03,3,40,0.004337,0.027344
Predictive Coding,Conv1,V4,sub-01,3,40,0.006927,0.000424
Predictive Coding,Conv1,V4,sub-02,3,40,0.008253,2.7e-05
Predictive Coding,Conv1,V4,sub-03,3,40,0.004821,0.014168
Predictive Coding,Conv1,LOC,sub-01,3,40,0.006116,0.00186
Predictive Coding,Conv1,LOC,sub-02,3,40,0.000769,0.695576
Predictive Coding,Conv1,LOC,sub-03,3,40,0.000853,0.66447
Predictive Coding,Conv1,IT,sub-01,3,40,0.005903,0.002673
Predictive Coding,Conv1,IT,sub-02,3,40,0.003521,0.07327
Predictive Coding,Conv1,IT,sub-03,3,40,0.003032,0.122919
Predictive Coding,Conv2,V1,sub-01,3,40,0.043741,0.0
Predictive Coding,Conv2,V1,sub-02,3,40,0.058862,0.0
Predictive Coding,Conv2,V1,sub-03,3,40,0.012881,0.0
Predictive Coding,Conv2,V2,sub-01,3,40,0.024587,0.0
Predictive Coding,Conv2,V2,sub-02,3,40,0.027263,0.0
Predictive Coding,Conv2,V2,sub-03,3,40,0.000709,0.718296
Predictive Coding,Conv2,V3,sub-01,3,40,0.016386,0.0
Predictive Coding,Conv2,V3,sub-02,3,40,0.02194,0.0
Predictive Coding,Conv2,V3,sub-03,3,40,0.003416,0.082222
Predictive Coding,Conv2,V4,sub-01,3,40,0.008492,1.6e-05
Predictive Coding,Conv2,V4,sub-02,3,40,0.011005,0.0
Predictive Coding,Conv2,V4,sub-03,3,40,0.00605,0.002083
Predictive Coding,Conv2,LOC,sub-01,3,40,0.006279,0.001401
Predictive Coding,Conv2,LOC,sub-02,3,40,0.002568,0.191461
Predictive Coding,Conv2,LOC,sub-03,3,40,-0.000121,0.951102
Predictive Coding,Conv2,IT,sub-01,3,40,0.006525,0.000901
Predictive Coding,Conv2,IT,sub-02,3,40,0.005831,0.003009
Predictive Coding,Conv2,IT,sub-03,3,40,0.002039,0.29968
Predictive Coding,Conv3,V1,sub-01,3,40,0.055206,0.0
Predictive Coding,Conv3,V1,sub-02,3,40,0.061403,0.0
Predictive Coding,Conv3,V1,sub-03,3,40,0.014665,0.0
Predictive Coding,Conv3,V2,sub-01,3,40,0.030019,0.0
Predictive Coding,Conv3,V2,sub-02,3,40,0.03079,0.0
Predictive Coding,Conv3,V2,sub-03,3,40,0.002178,0.267901
Predictive Coding,Conv3,V3,sub-01,3,40,0.019991,0.0
Predictive Coding,Conv3,V3,sub-02,3,40,0.026629,0.0
Predictive Coding,Conv3,V3,sub-03,3,40,0.004993,0.011078
Predictive Coding,Conv3,V4,sub-01,3,40,0.011343,0.0
Predictive Coding,Conv3,V4,sub-02,3,40,0.015052,0.0
Predictive Coding,Conv3,V4,sub-03,3,40,0.005638,0.004126
Predictive Coding,Conv3,LOC,sub-01,3,40,0.008438,1.8e-05
Predictive Coding,Conv3,LOC,sub-02,3,40,0.00078,0.691675
Predictive Coding,Conv3,LOC,sub-03,3,40,0.000176,0.928741
Predictive Coding,Conv3,IT,sub-01,3,40,0.008542,1.4e-05
Predictive Coding,Conv3,IT,sub-02,3,40,0.006133,0.001808
Predictive Coding,Conv3,IT,sub-03,3,40,0.002756,0.160918
Predictive Coding,FC1,V1,sub-01,3,40,0.057773,0.0
Predictive Coding,FC1,V1,sub-02,3,40,0.066435,0.0
Predictive Coding,FC1,V1,sub-03,3,40,0.015576,0.0
Predictive Coding,FC1,V2,sub-01,3,40,0.045856,0.0
Predictive Coding,FC1,V2,sub-02,3,40,0.048086,0.0
Predictive Coding,FC1,V2,sub-03,3,40,0.006083,0.001969
Predictive Coding,FC1,V3,sub-01,3,40,0.029013,0.0
Predictive Coding,FC1,V3,sub-02,3,40,0.036244,0.0
Predictive Coding,FC1,V3,sub-03,3,40,0.006228,0.001532
Predictive Coding,FC1,V4,sub-01,3,40,0.016411,0.0
Predictive Coding,FC1,V4,sub-02,3,40,0.02051,0.0
Predictive Coding,FC1,V4,sub-03,3,40,0.007638,0.000102
Predictive Coding,FC1,LOC,sub-01,3,40,0.003993,0.04219
Predictive Coding,FC1,LOC,sub-02,3,40,-0.007077,0.000318
Predictive Coding,FC1,LOC,sub-03,3,40,0.000243,0.901503
Predictive Coding,FC1,IT,sub-01,3,40,0.008023,4.5e-05
Predictive Coding,FC1,IT,sub-02,3,40,0.003036,0.122499
Predictive Coding,FC1,IT,sub-03,3,40,0.002442,0.214093
STDP,Conv1,V1,sub-01,3,0,0.049486,0.0
STDP,Conv1,V1,sub-02,3,0,0.074239,0.0
STDP,Conv1,V1,sub-03,3,0,0.012953,0.0
STDP,Conv1,V2,sub-01,3,0,0.027036,0.0
STDP,Conv1,V2,sub-02,3,0,0.041355,0.0
STDP,Conv1,V2,sub-03,3,0,0.000849,0.665907
STDP,Conv1,V3,sub-01,3,0,0.021571,0.0
STDP,Conv1,V3,sub-02,3,0,0.028823,0.0
STDP,Conv1,V3,sub-03,3,0,0.003669,0.061964
STDP,Conv1,V4,sub-01,3,0,0.011916,0.0
STDP,Conv1,V4,sub-02,3,0,0.013628,0.0
STDP,Conv1,V4,sub-03,3,0,0.004358,0.026617
STDP,Conv1,LOC,sub-01,3,0,0.007505,0.000134
STDP,Conv1,LOC,sub-02,3,0,0.001799,0.360081
STDP,Conv1,LOC,sub-03,3,0,-0.002227,0.257121
STDP,Conv1,IT,sub-01,3,0,0.007585,0.000114
STDP,Conv1,IT,sub-02,3,0,0.006954,0.000403
STDP,Conv1,IT,sub-03,3,0,0.000877,0.655341
STDP,Conv2,V1,sub-01,3,0,0.04521,0.0
STDP,Conv2,V1,sub-02,3,0,0.061933,0.0
STDP,Conv2,V1,sub-03,3,0,0.011288,0.0
STDP,Conv2,V2,sub-01,3,0,0.025887,0.0
STDP,Conv2,V2,sub-02,3,0,0.035955,0.0
STDP,Conv2,V2,sub-03,3,0,0.000873,0.657109
STDP,Conv2,V3,sub-01,3,0,0.021039,0.0
STDP,Conv2,V3,sub-02,3,0,0.028367,0.0
STDP,Conv2,V3,sub-03,3,0,0.004248,0.030697
STDP,Conv2,V4,sub-01,3,0,0.011799,0.0
STDP,Conv2,V4,sub-02,3,0,0.014215,0.0
STDP,Conv2,V4,sub-03,3,0,0.005587,0.004479
STDP,Conv2,LOC,sub-01,3,0,0.009318,2e-06
STDP,Conv2,LOC,sub-02,3,0,0.002925,0.136727
STDP,Conv2,LOC,sub-03,3,0,-0.000238,0.90376
STDP,Conv2,IT,sub-01,3,0,0.010094,0.0
STDP,Conv2,IT,sub-02,3,0,0.010256,0.0
STDP,Conv2,IT,sub-03,3,0,0.002383,0.225367
STDP,Conv3,V1,sub-01,3,0,0.031884,0.0
STDP,Conv3,V1,sub-02,3,0,0.035023,0.0
STDP,Conv3,V1,sub-03,3,0,0.009299,2e-06
STDP,Conv3,V2,sub-01,3,0,0.017937,0.0
STDP,Conv3,V2,sub-02,3,0,0.016917,0.0
STDP,Conv3,V2,sub-03,3,0,0.000167,0.93232
STDP,Conv3,V3,sub-01,3,0,0.013947,0.0
STDP,Conv3,V3,sub-02,3,0,0.014946,0.0
STDP,Conv3,V3,sub-03,3,0,0.003375,0.085963
STDP,Conv3,V4,sub-01,3,0,0.008411,1.9e-05
STDP,Conv3,V4,sub-02,3,0,0.007444,0.000152
STDP,Conv3,V4,sub-03,3,0,0.00665,0.000716
STDP,Conv3,LOC,sub-01,3,0,0.010419,0.0
STDP,Conv3,LOC,sub-02,3,0,0.004511,0.021729
STDP,Conv3,LOC,sub-03,3,0,5.7e-05,0.976843
STDP,Conv3,IT,sub-01,3,0,0.010748,0.0
STDP,Conv3,IT,sub-02,3,0,0.009779,1e-06
STDP,Conv3,IT,sub-03,3,0,0.002759,0.160369
STDP,FC1,V1,sub-01,3,0,0.12472,0.0
STDP,FC1,V1,sub-02,3,0,0.15986,0.0
STDP,FC1,V1,sub-03,3,0,0.024056,0.0
STDP,FC1,V2,sub-01,3,0,0.078077,0.0
STDP,FC1,V2,sub-02,3,0,0.113102,0.0
STDP,FC1,V2,sub-03,3,0,0.008895,6e-06
STDP,FC1,V3,sub-01,3,0,0.052414,0.0
STDP,FC1,V3,sub-02,3,0,0.10234,0.0
STDP,FC1,V3,sub-03,3,0,0.009688,1e-06
STDP,FC1,V4,sub-01,3,0,0.034869,0.0
STDP,FC1,V4,sub-02,3,0,0.040865,0.0
STDP,FC1,V4,sub-03,3,0,0.001627,0.407739
STDP,FC1,LOC,sub-01,3,0,0.005081,0.009735
STDP,FC1,LOC,sub-02,3,0,-0.010649,0.0
STDP,FC1,LOC,sub-03,3,0,0.001365,0.487317
STDP,FC1,IT,sub-01,3,0,0.005141,0.008912
STDP,FC1,IT,sub-02,3,0,0.010236,0.0
STDP,FC1,IT,sub-03,3,0,0.002931,0.135915
STDP,Conv1,V1,sub-01,3,1,0.049407,0.0
STDP,Conv1,V1,sub-02,3,1,0.073584,0.0
STDP,Conv1,V1,sub-03,3,1,0.012882,0.0
STDP,Conv1,V2,sub-01,3,1,0.026859,0.0
STDP,Conv1,V2,sub-02,3,1,0.040603,0.0
STDP,Conv1,V2,sub-03,3,1,0.000767,0.696368
STDP,Conv1,V3,sub-01,3,1,0.021294,0.0
STDP,Conv1,V3,sub-02,3,1,0.027807,0.0
STDP,Conv1,V3,sub-03,3,1,0.003655,0.062921
STDP,Conv1,V4,sub-01,3,1,0.011813,0.0
STDP,Conv1,V4,sub-02,3,1,0.013214,0.0
STDP,Conv1,V4,sub-03,3,1,0.004395,0.025339
STDP,Conv1,LOC,sub-01,3,1,0.007569,0.000118
STDP,Conv1,LOC,sub-02,3,1,0.001693,0.389138
STDP,Conv1,LOC,sub-03,3,1,-0.00218,0.267308
STDP,Conv1,IT,sub-01,3,1,0.007629,0.000104
STDP,Conv1,IT,sub-02,3,1,0.006612,0.000769
STDP,Conv1,IT,sub-03,3,1,0.00085,0.665481
STDP,Conv2,V1,sub-01,3,1,0.045525,0.0
STDP,Conv2,V1,sub-02,3,1,0.062876,0.0
STDP,Conv2,V1,sub-03,3,1,0.011449,0.0
STDP,Conv2,V2,sub-01,3,1,0.025965,0.0
STDP,Conv2,V2,sub-02,3,1,0.035986,0.0
STDP,Conv2,V2,sub-03,3,1,0.000764,0.697332
STDP,Conv2,V3,sub-01,3,1,0.021196,0.0
STDP,Conv2,V3,sub-02,3,1,0.02824,0.0
STDP,Conv2,V3,sub-03,3,1,0.004131,0.035575
STDP,Conv2,V4,sub-01,3,1,0.011838,0.0
STDP,Conv2,V4,sub-02,3,1,0.01428,0.0
STDP,Conv2,V4,sub-03,3,1,0.005588,0.004471
STDP,Conv2,LOC,sub-01,3,1,0.009213,3e-06
STDP,Conv2,LOC,sub-02,3,1,0.002897,0.140472
STDP,Conv2,LOC,sub-03,3,1,-0.000236,0.904291
STDP,Conv2,IT,sub-01,3,1,0.010002,0.0
STDP,Conv2,IT,sub-02,3,1,0.010117,0.0
STDP,Conv2,IT,sub-03,3,1,0.002273,0.247526
STDP,Conv3,V1,sub-01,3,1,0.031565,0.0
STDP,Conv3,V1,sub-02,3,1,0.034541,0.0
STDP,Conv3,V1,sub-03,3,1,0.009296,2e-06
STDP,Conv3,V2,sub-01,3,1,0.017808,0.0
STDP,Conv3,V2,sub-02,3,1,0.016655,0.0
STDP,Conv3,V2,sub-03,3,1,0.000153,0.937833
STDP,Conv3,V3,sub-01,3,1,0.014024,0.0
STDP,Conv3,V3,sub-02,3,1,0.01456,0.0
STDP,Conv3,V3,sub-03,3,1,0.00337,0.08643
STDP,Conv3,V4,sub-01,3,1,0.008359,2.1e-05
STDP,Conv3,V4,sub-02,3,1,0.007272,0.000216
STDP,Conv3,V4,sub-03,3,1,0.006721,0.000628
STDP,Conv3,LOC,sub-01,3,1,0.010352,0.0
STDP,Conv3,LOC,sub-02,3,1,0.004644,0.018151
STDP,Conv3,LOC,sub-03,3,1,-5e-06,0.998087
STDP,Conv3,IT,sub-01,3,1,0.010718,0.0
STDP,Conv3,IT,sub-02,3,1,0.009764,1e-06
STDP,Conv3,IT,sub-03,3,1,0.002615,0.183324
STDP,FC1,V1,sub-01,3,1,0.095638,0.0
STDP,FC1,V1,sub-02,3,1,0.110006,0.0
STDP,FC1,V1,sub-03,3,1,0.01734,0.0
STDP,FC1,V2,sub-01,3,1,0.064225,0.0
STDP,FC1,V2,sub-02,3,1,0.071303,0.0
STDP,FC1,V2,sub-03,3,1,0.006172,0.00169
STDP,FC1,V3,sub-01,3,1,0.036206,0.0
STDP,FC1,V3,sub-02,3,1,0.058062,0.0
STDP,FC1,V3,sub-03,3,1,0.006375,0.001181
STDP,FC1,V4,sub-01,3,1,0.025291,0.0
STDP,FC1,V4,sub-02,3,1,0.025375,0.0
STDP,FC1,V4,sub-03,3,1,0.003476,0.076993
STDP,FC1,LOC,sub-01,3,1,0.004387,0.025614
STDP,FC1,LOC,sub-02,3,1,-0.007857,6.4e-05
STDP,FC1,LOC,sub-03,3,1,0.000153,0.937871
STDP,FC1,IT,sub-01,3,1,0.004843,0.013733
STDP,FC1,IT,sub-02,3,1,0.007398,0.000167
STDP,FC1,IT,sub-03,3,1,0.000966,0.62327
STDP,Conv1,V1,sub-01,3,2,0.049293,0.0
STDP,Conv1,V1,sub-02,3,2,0.073,0.0
STDP,Conv1,V1,sub-03,3,2,0.012753,0.0
STDP,Conv1,V2,sub-01,3,2,0.026716,0.0
STDP,Conv1,V2,sub-02,3,2,0.04012,0.0
STDP,Conv1,V2,sub-03,3,2,0.000761,0.698779
STDP,Conv1,V3,sub-01,3,2,0.021136,0.0
STDP,Conv1,V3,sub-02,3,2,0.027412,0.0
STDP,Conv1,V3,sub-03,3,2,0.003628,0.064948
STDP,Conv1,V4,sub-01,3,2,0.011702,0.0
STDP,Conv1,V4,sub-02,3,2,0.013105,0.0
STDP,Conv1,V4,sub-03,3,2,0.004389,0.025556
STDP,Conv1,LOC,sub-01,3,2,0.007581,0.000115
STDP,Conv1,LOC,sub-02,3,2,0.001642,0.403434
STDP,Conv1,LOC,sub-03,3,2,-0.002068,0.292762
STDP,Conv1,IT,sub-01,3,2,0.007653,9.9e-05
STDP,Conv1,IT,sub-02,3,2,0.00644,0.001052
STDP,Conv1,IT,sub-03,3,2,0.000865,0.659764
STDP,Conv2,V1,sub-01,3,2,0.04551,0.0
STDP,Conv2,V1,sub-02,3,2,0.063511,0.0
STDP,Conv2,V1,sub-03,3,2,0.011546,0.0
STDP,Conv2,V2,sub-01,3,2,0.026096,0.0
STDP,Conv2,V2,sub-02,3,2,0.036306,0.0
STDP,Conv2,V2,sub-03,3,2,0.000746,0.704254
STDP,Conv2,V3,sub-01,3,2,0.02142,0.0
STDP,Conv2,V3,sub-02,3,2,0.028534,0.0
STDP,Conv2,V3,sub-03,3,2,0.004065,0.038636
STDP,Conv2,V4,sub-01,3,2,0.011794,0.0
STDP,Conv2,V4,sub-02,3,2,0.014299,0.0
STDP,Conv2,V4,sub-03,3,2,0.0056,0.004387
STDP,Conv2,LOC,sub-01,3,2,0.009189,3e-06
STDP,Conv2,LOC,sub-02,3,2,0.002581,0.189064
STDP,Conv2,LOC,sub-03,3,2,-0.000134,0.945777
STDP,Conv2,IT,sub-01,3,2,0.009966,0.0
STDP,Conv2,IT,sub-02,3,2,0.009936,0.0
STDP,Conv2,IT,sub-03,3,2,0.00227,0.248123
STDP,Conv3,V1,sub-01,3,2,0.031071,0.0
STDP,Conv3,V1,sub-02,3,2,0.034121,0.0
STDP,Conv3,V1,sub-03,3,2,0.009377,2e-06
STDP,Conv3,V2,sub-01,3,2,0.017605,0.0
STDP,Conv3,V2,sub-02,3,2,0.016496,0.0
STDP,Conv3,V2,sub-03,3,2,0.000193,0.921791
STDP,Conv3,V3,sub-01,3,2,0.014012,0.0
STDP,Conv3,V3,sub-02,3,2,0.014325,0.0
STDP,Conv3,V3,sub-03,3,2,0.003441,0.079967
STDP,Conv3,V4,sub-01,3,2,0.008163,3.3e-05
STDP,Conv3,V4,sub-02,3,2,0.007164,0.000268
STDP,Conv3,V4,sub-03,3,2,0.006827,0.000514
STDP,Conv3,LOC,sub-01,3,2,0.010314,0.0
STDP,Conv3,LOC,sub-02,3,2,0.004771,0.015218
STDP,Conv3,LOC,sub-03,3,2,1.3e-05,0.994919
STDP,Conv3,IT,sub-01,3,2,0.01074,0.0
STDP,Conv3,IT,sub-02,3,2,0.009739,1e-06
STDP,Conv3,IT,sub-03,3,2,0.002524,0.199111
STDP,FC1,V1,sub-01,3,2,0.101239,0.0
STDP,FC1,V1,sub-02,3,2,0.115559,0.0
STDP,FC1,V1,sub-03,3,2,0.018444,0.0
STDP,FC1,V2,sub-01,3,2,0.065179,0.0
STDP,FC1,V2,sub-02,3,2,0.072564,0.0
STDP,FC1,V2,sub-03,3,2,0.006744,0.000601
STDP,FC1,V3,sub-01,3,2,0.039664,0.0
STDP,FC1,V3,sub-02,3,2,0.060338,0.0
STDP,FC1,V3,sub-03,3,2,0.007091,0.000309
STDP,FC1,V4,sub-01,3,2,0.027881,0.0
STDP,FC1,V4,sub-02,3,2,0.026521,0.0
STDP,FC1,V4,sub-03,3,2,0.00512,0.009187
STDP,FC1,LOC,sub-01,3,2,0.003836,0.050963
STDP,FC1,LOC,sub-02,3,2,-0.008902,6e-06
STDP,FC1,LOC,sub-03,3,2,0.001233,0.53033
STDP,FC1,IT,sub-01,3,2,0.005156,0.008711
STDP,FC1,IT,sub-02,3,2,0.006481,0.000976
STDP,FC1,IT,sub-03,3,2,0.002107,0.283628
STDP,Conv1,V1,sub-01,3,5,0.050028,0.0
STDP,Conv1,V1,sub-02,3,5,0.073467,0.0
STDP,Conv1,V1,sub-03,3,5,0.012789,0.0
STDP,Conv1,V2,sub-01,3,5,0.027054,0.0
STDP,Conv1,V2,sub-02,3,5,0.040537,0.0
STDP,Conv1,V2,sub-03,3,5,0.000865,0.660006
STDP,Conv1,V3,sub-01,3,5,0.021408,0.0
STDP,Conv1,V3,sub-02,3,5,0.027643,0.0
STDP,Conv1,V3,sub-03,3,5,0.003743,0.056876
STDP,Conv1,V4,sub-01,3,5,0.011861,0.0
STDP,Conv1,V4,sub-02,3,5,0.013167,0.0
STDP,Conv1,V4,sub-03,3,5,0.004431,0.024185
STDP,Conv1,LOC,sub-01,3,5,0.007641,0.000101
STDP,Conv1,LOC,sub-02,3,5,0.001274,0.516904
STDP,Conv1,LOC,sub-03,3,5,-0.001836,0.350207
STDP,Conv1,IT,sub-01,3,5,0.007666,9.6e-05
STDP,Conv1,IT,sub-02,3,5,0.006116,0.001861
STDP,Conv1,IT,sub-03,3,5,0.001001,0.610574
STDP,Conv2,V1,sub-01,3,5,0.047278,0.0
STDP,Conv2,V1,sub-02,3,5,0.066816,0.0
STDP,Conv2,V1,sub-03,3,5,0.012075,0.0
STDP,Conv2,V2,sub-01,3,5,0.027589,0.0
STDP,Conv2,V2,sub-02,3,5,0.038777,0.0
STDP,Conv2,V2,sub-03,3,5,0.000831,0.672509
STDP,Conv2,V3,sub-01,3,5,0.022571,0.0
STDP,Conv2,V3,sub-02,3,5,0.030473,0.0
STDP,Conv2,V3,sub-03,3,5,0.004163,0.034158
STDP,Conv2,V4,sub-01,3,5,0.01222,0.0
STDP,Conv2,V4,sub-02,3,5,0.014616,0.0
STDP,Conv2,V4,sub-03,3,5,0.005704,0.00371
STDP,Conv2,LOC,sub-01,3,5,0.009203,3e-06
STDP,Conv2,LOC,sub-02,3,5,0.001619,0.410176
STDP,Conv2,LOC,sub-03,3,5,-9e-05,0.963283
STDP,Conv2,IT,sub-01,3,5,0.00993,0.0
STDP,Conv2,IT,sub-02,3,5,0.009486,1e-06
STDP,Conv2,IT,sub-03,3,5,0.00225,0.252384
STDP,Conv3,V1,sub-01,3,5,0.03084,0.0
STDP,Conv3,V1,sub-02,3,5,0.033579,0.0
STDP,Conv3,V1,sub-03,3,5,0.009657,1e-06
STDP,Conv3,V2,sub-01,3,5,0.017526,0.0
STDP,Conv3,V2,sub-02,3,5,0.016303,0.0
STDP,Conv3,V2,sub-03,3,5,0.000323,0.869281
STDP,Conv3,V3,sub-01,3,5,0.014135,0.0
STDP,Conv3,V3,sub-02,3,5,0.014151,0.0
STDP,Conv3,V3,sub-03,3,5,0.003709,0.059185
STDP,Conv3,V4,sub-01,3,5,0.007937,5.4e-05
STDP,Conv3,V4,sub-02,3,5,0.007114,0.000295
STDP,Conv3,V4,sub-03,3,5,0.007173,0.000263
STDP,Conv3,LOC,sub-01,3,5,0.010316,0.0
STDP,Conv3,LOC,sub-02,3,5,0.004756,0.015541
STDP,Conv3,LOC,sub-03,3,5,2.9e-05,0.988029
STDP,Conv3,IT,sub-01,3,5,0.010847,0.0
STDP,Conv3,IT,sub-02,3,5,0.009482,1e-06
STDP,Conv3,IT,sub-03,3,5,0.002514,0.200881
STDP,FC1,V1,sub-01,3,5,0.080479,0.0
STDP,FC1,V1,sub-02,3,5,0.082286,0.0
STDP,FC1,V1,sub-03,3,5,0.015672,0.0
STDP,FC1,V2,sub-01,3,5,0.056426,0.0
STDP,FC1,V2,sub-02,3,5,0.055248,0.0
STDP,FC1,V2,sub-03,3,5,0.00697,0.000391
STDP,FC1,V3,sub-01,3,5,0.035278,0.0
STDP,FC1,V3,sub-02,3,5,0.044975,0.0
STDP,FC1,V3,sub-03,3,5,0.007593,0.000112
STDP,FC1,V4,sub-01,3,5,0.025541,0.0
STDP,FC1,V4,sub-02,3,5,0.022724,0.0
STDP,FC1,V4,sub-03,3,5,0.008461,1.7e-05
STDP,FC1,LOC,sub-01,3,5,0.005877,0.002791
STDP,FC1,LOC,sub-02,3,5,-0.001386,0.480719
STDP,FC1,LOC,sub-03,3,5,0.000783,0.690504
STDP,FC1,IT,sub-01,3,5,0.008087,3.9e-05
STDP,FC1,IT,sub-02,3,5,0.008689,1e-05
STDP,FC1,IT,sub-03,3,5,0.001796,0.360926
STDP,Conv1,V1,sub-01,3,10,0.050542,0.0
STDP,Conv1,V1,sub-02,3,10,0.073378,0.0
STDP,Conv1,V1,sub-03,3,10,0.012777,0.0
STDP,Conv1,V2,sub-01,3,10,0.027432,0.0
STDP,Conv1,V2,sub-02,3,10,0.040398,0.0
STDP,Conv1,V2,sub-03,3,10,0.000942,0.631751
STDP,Conv1,V3,sub-01,3,10,0.02164,0.0
STDP,Conv1,V3,sub-02,3,10,0.027269,0.0
STDP,Conv1,V3,sub-03,3,10,0.003847,0.050316
STDP,Conv1,V4,sub-01,3,10,0.011936,0.0
STDP,Conv1,V4,sub-02,3,10,0.012799,0.0
STDP,Conv1,V4,sub-03,3,10,0.004502,0.021983
STDP,Conv1,LOC,sub-01,3,10,0.007587,0.000113
STDP,Conv1,LOC,sub-02,3,10,0.000691,0.725225
STDP,Conv1,LOC,sub-03,3,10,-0.001712,0.383719
STDP,Conv1,IT,sub-01,3,10,0.007645,0.0001
STDP,Conv1,IT,sub-02,3,10,0.005561,0.004668
STDP,Conv1,IT,sub-03,3,10,0.001071,0.585929
STDP,Conv2,V1,sub-01,3,10,0.049317,0.0
STDP,Conv2,V1,sub-02,3,10,0.069894,0.0
STDP,Conv2,V1,sub-03,3,10,0.012447,0.0
STDP,Conv2,V2,sub-01,3,10,0.029092,0.0
STDP,Conv2,V2,sub-02,3,10,0.041146,0.0
STDP,Conv2,V2,sub-03,3,10,0.000994,0.612989
STDP,Conv2,V3,sub-01,3,10,0.02378,0.0
STDP,Conv2,V3,sub-02,3,10,0.032433,0.0
STDP,Conv2,V3,sub-03,3,10,0.004383,0.025769
STDP,Conv2,V4,sub-01,3,10,0.01257,0.0
STDP,Conv2,V4,sub-02,3,10,0.014987,0.0
STDP,Conv2,V4,sub-03,3,10,0.005798,0.00318
STDP,Conv2,LOC,sub-01,3,10,0.009127,3e-06
STDP,Conv2,LOC,sub-02,3,10,0.00054,0.783644
STDP,Conv2,LOC,sub-03,3,10,-5.2e-05,0.978943
STDP,Conv2,IT,sub-01,3,10,0.009868,1e-06
STDP,Conv2,IT,sub-02,3,10,0.008863,7e-06
STDP,Conv2,IT,sub-03,3,10,0.002243,0.253724
STDP,Conv3,V1,sub-01,3,10,0.031437,0.0
STDP,Conv3,V1,sub-02,3,10,0.033638,0.0
STDP,Conv3,V1,sub-03,3,10,0.010046,0.0
STDP,Conv3,V2,sub-01,3,10,0.017797,0.0
STDP,Conv3,V2,sub-02,3,10,0.016817,0.0
STDP,Conv3,V2,sub-03,3,10,0.000597,0.761378
STDP,Conv3,V3,sub-01,3,10,0.014523,0.0
STDP,Conv3,V3,sub-02,3,10,0.014786,0.0
STDP,Conv3,V3,sub-03,3,10,0.004108,0.036619
STDP,Conv3,V4,sub-01,3,10,0.007877,6.1e-05
STDP,Conv3,V4,sub-02,3,10,0.007234,0.000233
STDP,Conv3,V4,sub-03,3,10,0.007532,0.000127
STDP,Conv3,LOC,sub-01,3,10,0.01023,0.0
STDP,Conv3,LOC,sub-02,3,10,0.004814,0.014314
STDP,Conv3,LOC,sub-03,3,10,0.000116,0.952887
STDP,Conv3,IT,sub-01,3,10,0.010831,0.0
STDP,Conv3,IT,sub-02,3,10,0.009281,2e-06
STDP,Conv3,IT,sub-03,3,10,0.002621,0.182309
STDP,FC1,V1,sub-01,3,10,0.071025,0.0
STDP,FC1,V1,sub-02,3,10,0.073073,0.0
STDP,FC1,V1,sub-03,3,10,0.014387,0.0
STDP,FC1,V2,sub-01,3,10,0.052104,0.0
STDP,FC1,V2,sub-02,3,10,0.045221,0.0
STDP,FC1,V2,sub-03,3,10,0.006597,0.00079
STDP,FC1,V3,sub-01,3,10,0.032154,0.0
STDP,FC1,V3,sub-02,3,10,0.037901,0.0
STDP,FC1,V3,sub-03,3,10,0.007738,8.3e-05
STDP,FC1,V4,sub-01,3,10,0.024584,0.0
STDP,FC1,V4,sub-02,3,10,0.017766,0.0
STDP,FC1,V4,sub-03,3,10,0.00829,2.5e-05
STDP,FC1,LOC,sub-01,3,10,0.007951,5.2e-05
STDP,FC1,LOC,sub-02,3,10,-0.008566,1.3e-05
STDP,FC1,LOC,sub-03,3,10,0.000858,0.662488
STDP,FC1,IT,sub-01,3,10,0.010721,0.0
STDP,FC1,IT,sub-02,3,10,0.004079,0.037962
STDP,FC1,IT,sub-03,3,10,0.002753,0.161306
STDP,Conv1,V1,sub-01,3,20,0.050254,0.0
STDP,Conv1,V1,sub-02,3,20,0.07226,0.0
STDP,Conv1,V1,sub-03,3,20,0.012509,0.0
STDP,Conv1,V2,sub-01,3,20,0.027444,0.0
STDP,Conv1,V2,sub-02,3,20,0.039861,0.0
STDP,Conv1,V2,sub-03,3,20,0.001032,0.59969
STDP,Conv1,V3,sub-01,3,20,0.021696,0.0
STDP,Conv1,V3,sub-02,3,20,0.027093,0.0
STDP,Conv1,V3,sub-03,3,20,0.003912,0.046585
STDP,Conv1,V4,sub-01,3,20,0.011867,0.0
STDP,Conv1,V4,sub-02,3,20,0.012414,0.0
STDP,Conv1,V4,sub-03,3,20,0.004628,0.018544
STDP,Conv1,LOC,sub-01,3,20,0.007397,0.000168
STDP,Conv1,LOC,sub-02,3,20,0.000318,0.87154
STDP,Conv1,LOC,sub-03,3,20,-0.001626,0.408158
STDP,Conv1,IT,sub-01,3,20,0.007587,0.000113
STDP,Conv1,IT,sub-02,3,20,0.00507,0.009895
STDP,Conv1,IT,sub-03,3,20,0.001134,0.564025
STDP,Conv2,V1,sub-01,3,20,0.052898,0.0
STDP,Conv2,V1,sub-02,3,20,0.074801,0.0
STDP,Conv2,V1,sub-03,3,20,0.012789,0.0
STDP,Conv2,V2,sub-01,3,20,0.031375,0.0
STDP,Conv2,V2,sub-02,3,20,0.04482,0.0
STDP,Conv2,V2,sub-03,3,20,0.001239,0.528415
STDP,Conv2,V3,sub-01,3,20,0.025522,0.0
STDP,Conv2,V3,sub-02,3,20,0.036112,0.0
STDP,Conv2,V3,sub-03,3,20,0.004566,0.020187
STDP,Conv2,V4,sub-01,3,20,0.013156,0.0
STDP,Conv2,V4,sub-02,3,20,0.015875,0.0
STDP,Conv2,V4,sub-03,3,20,0.005846,0.002936
STDP,Conv2,LOC,sub-01,3,20,0.008979,5e-06
STDP,Conv2,LOC,sub-02,3,20,-0.001133,0.564362
STDP,Conv2,LOC,sub-03,3,20,-3.6e-05,0.985283
STDP,Conv2,IT,sub-01,3,20,0.009926,0.0
STDP,Conv2,IT,sub-02,3,20,0.007883,6.1e-05
STDP,Conv2,IT,sub-03,3,20,0.002305,0.240897
STDP,Conv3,V1,sub-01,3,20,0.033,0.0
STDP,Conv3,V1,sub-02,3,20,0.035266,0.0
STDP,Conv3,V1,sub-03,3,20,0.010414,0.0
STDP,Conv3,V2,sub-01,3,20,0.018718,0.0
STDP,Conv3,V2,sub-02,3,20,0.018357,0.0
STDP,Conv3,V2,sub-03,3,20,0.000782,0.690807
STDP,Conv3,V3,sub-01,3,20,0.015329,0.0
STDP,Conv3,V3,sub-02,3,20,0.016485,0.0
STDP,Conv3,V3,sub-03,3,20,0.004447,0.02366
STDP,Conv3,V4,sub-01,3,20,0.008035,4.4e-05
STDP,Conv3,V4,sub-02,3,20,0.007913,5.7e-05
STDP,Conv3,V4,sub-03,3,20,0.007832,6.8e-05
STDP,Conv3,LOC,sub-01,3,20,0.009844,1e-06
STDP,Conv3,LOC,sub-02,3,20,0.004942,0.011934
STDP,Conv3,LOC,sub-03,3,20,0.000296,0.88011
STDP,Conv3,IT,sub-01,3,20,0.010802,0.0
STDP,Conv3,IT,sub-02,3,20,0.009121,3e-06
STDP,Conv3,IT,sub-03,3,20,0.002689,0.171269
STDP,FC1,V1,sub-01,3,20,0.084232,0.0
STDP,FC1,V1,sub-02,3,20,0.079444,0.0
STDP,FC1,V1,sub-03,3,20,0.015902,0.0
STDP,FC1,V2,sub-01,3,20,0.060142,0.0
STDP,FC1,V2,sub-02,3,20,0.054024,0.0
STDP,FC1,V2,sub-03,3,20,0.008536,1.4e-05
STDP,FC1,V3,sub-01,3,20,0.040731,0.0
STDP,FC1,V3,sub-02,3,20,0.048586,0.0
STDP,FC1,V3,sub-03,3,20,0.009443,2e-06
STDP,FC1,V4,sub-01,3,20,0.028946,0.0
STDP,FC1,V4,sub-02,3,20,0.025409,0.0
STDP,FC1,V4,sub-03,3,20,0.008791,8e-06
STDP,FC1,LOC,sub-01,3,20,0.008775,8e-06
STDP,FC1,LOC,sub-02,3,20,-0.000456,0.816683
STDP,FC1,LOC,sub-03,3,20,0.00038,0.84687
STDP,FC1,IT,sub-01,3,20,0.011541,0.0
STDP,FC1,IT,sub-02,3,20,0.012225,0.0
STDP,FC1,IT,sub-03,3,20,0.002766,0.159293
STDP,Conv1,V1,sub-01,3,30,0.048696,0.0
STDP,Conv1,V1,sub-02,3,30,0.069219,0.0
STDP,Conv1,V1,sub-03,3,30,0.012074,0.0
STDP,Conv1,V2,sub-01,3,30,0.02659,0.0
STDP,Conv1,V2,sub-02,3,30,0.037893,0.0
STDP,Conv1,V2,sub-03,3,30,0.000962,0.624621
STDP,Conv1,V3,sub-01,3,30,0.021158,0.0
STDP,Conv1,V3,sub-02,3,30,0.025625,0.0
STDP,Conv1,V3,sub-03,3,30,0.003922,0.045993
STDP,Conv1,V4,sub-01,3,30,0.011412,0.0
STDP,Conv1,V4,sub-02,3,30,0.011356,0.0
STDP,Conv1,V4,sub-03,3,30,0.004814,0.014326
STDP,Conv1,LOC,sub-01,3,30,0.007227,0.000236
STDP,Conv1,LOC,sub-02,3,30,0.000265,0.892787
STDP,Conv1,LOC,sub-03,3,30,-0.001742,0.375382
STDP,Conv1,IT,sub-01,3,30,0.007539,0.000125
STDP,Conv1,IT,sub-02,3,30,0.004534,0.021081
STDP,Conv1,IT,sub-03,3,30,0.001074,0.584839
STDP,Conv2,V1,sub-01,3,30,0.05545,0.0
STDP,Conv2,V1,sub-02,3,30,0.078635,0.0
STDP,Conv2,V1,sub-03,3,30,0.013312,0.0
STDP,Conv2,V2,sub-01,3,30,0.033143,0.0
STDP,Conv2,V2,sub-02,3,30,0.047512,0.0
STDP,Conv2,V2,sub-03,3,30,0.001414,0.471921
STDP,Conv2,V3,sub-01,3,30,0.026846,0.0
STDP,Conv2,V3,sub-02,3,30,0.038357,0.0
STDP,Conv2,V3,sub-03,3,30,0.004738,0.015938
STDP,Conv2,V4,sub-01,3,30,0.013764,0.0
STDP,Conv2,V4,sub-02,3,30,0.01615,0.0
STDP,Conv2,V4,sub-03,3,30,0.005916,0.002615
STDP,Conv2,LOC,sub-01,3,30,0.008926,6e-06
STDP,Conv2,LOC,sub-02,3,30,-0.002353,0.23124
STDP,Conv2,LOC,sub-03,3,30,-0.000137,0.944504
STDP,Conv2,IT,sub-01,3,30,0.009912,0.0
STDP,Conv2,IT,sub-02,3,30,0.007187,0.000256
STDP,Conv2,IT,sub-03,3,30,0.002355,0.230821
STDP,Conv3,V1,sub-01,3,30,0.034303,0.0
STDP,Conv3,V1,sub-02,3,30,0.036329,0.0
STDP,Conv3,V1,sub-03,3,30,0.010922,0.0
STDP,Conv3,V2,sub-01,3,30,0.019412,0.0
STDP,Conv3,V2,sub-02,3,30,0.019167,0.0
STDP,Conv3,V2,sub-03,3,30,0.001028,0.601022
STDP,Conv3,V3,sub-01,3,30,0.015833,0.0
STDP,Conv3,V3,sub-02,3,30,0.017424,0.0
STDP,Conv3,V3,sub-03,3,30,0.004797,0.014659
STDP,Conv3,V4,sub-01,3,30,0.008185,3.1e-05
STDP,Conv3,V4,sub-02,3,30,0.008581,1.3e-05
STDP,Conv3,V4,sub-03,3,30,0.008056,4.2e-05
STDP,Conv3,LOC,sub-01,3,30,0.009607,1e-06
STDP,Conv3,LOC,sub-02,3,30,0.005074,0.009831
STDP,Conv3,LOC,sub-03,3,30,0.000394,0.841136
STDP,Conv3,IT,sub-01,3,30,0.010695,0.0
STDP,Conv3,IT,sub-02,3,30,0.009002,5e-06
STDP,Conv3,IT,sub-03,3,30,0.002797,0.154703
STDP,FC1,V1,sub-01,3,30,0.083675,0.0
STDP,FC1,V1,sub-02,3,30,0.086923,0.0
STDP,FC1,V1,sub-03,3,30,0.014365,0.0
STDP,FC1,V2,sub-01,3,30,0.057947,0.0
STDP,FC1,V2,sub-02,3,30,0.052152,0.0
STDP,FC1,V2,sub-03,3,30,0.007807,7.1e-05
STDP,FC1,V3,sub-01,3,30,0.037822,0.0
STDP,FC1,V3,sub-02,3,30,0.048151,0.0
STDP,FC1,V3,sub-03,3,30,0.008089,3.9e-05
STDP,FC1,V4,sub-01,3,30,0.024847,0.0
STDP,FC1,V4,sub-02,3,30,0.021123,0.0
STDP,FC1,V4,sub-03,3,30,0.007537,0.000126
STDP,FC1,LOC,sub-01,3,30,0.007456,0.000149
STDP,FC1,LOC,sub-02,3,30,-0.011014,0.0
STDP,FC1,LOC,sub-03,3,30,0.000568,0.772495
STDP,FC1,IT,sub-01,3,30,0.010191,0.0
STDP,FC1,IT,sub-02,3,30,0.003303,0.0929
STDP,FC1,IT,sub-03,3,30,0.002142,0.27576
STDP,Conv1,V1,sub-01,3,40,0.047937,0.0
STDP,Conv1,V1,sub-02,3,40,0.067916,0.0
STDP,Conv1,V1,sub-03,3,40,0.011884,0.0
STDP,Conv1,V2,sub-01,3,40,0.026282,0.0
STDP,Conv1,V2,sub-02,3,40,0.037316,0.0
STDP,Conv1,V2,sub-03,3,40,0.001015,0.605642
STDP,Conv1,V3,sub-01,3,40,0.021022,0.0
STDP,Conv1,V3,sub-02,3,40,0.025417,0.0
STDP,Conv1,V3,sub-03,3,40,0.00401,0.041361
STDP,Conv1,V4,sub-01,3,40,0.011216,0.0
STDP,Conv1,V4,sub-02,3,40,0.011035,0.0
STDP,Conv1,V4,sub-03,3,40,0.00489,0.012846
STDP,Conv1,LOC,sub-01,3,40,0.007083,0.000314
STDP,Conv1,LOC,sub-02,3,40,0.000257,0.896069
STDP,Conv1,LOC,sub-03,3,40,-0.001818,0.354983
STDP,Conv1,IT,sub-01,3,40,0.007468,0.000145
STDP,Conv1,IT,sub-02,3,40,0.00433,0.027602
STDP,Conv1,IT,sub-03,3,40,0.001146,0.559816
STDP,Conv2,V1,sub-01,3,40,0.05655,0.0
STDP,Conv2,V1,sub-02,3,40,0.080416,0.0
STDP,Conv2,V1,sub-03,3,40,0.013481,0.0
STDP,Conv2,V2,sub-01,3,40,0.033902,0.0
STDP,Conv2,V2,sub-02,3,40,0.049054,0.0
STDP,Conv2,V2,sub-03,3,40,0.001539,0.433691
STDP,Conv2,V3,sub-01,3,40,0.027394,0.0
STDP,Conv2,V3,sub-02,3,40,0.039777,0.0
STDP,Conv2,V3,sub-03,3,40,0.004813,0.014329
STDP,Conv2,V4,sub-01,3,40,0.013918,0.0
STDP,Conv2,V4,sub-02,3,40,0.016406,0.0
STDP,Conv2,V4,sub-03,3,40,0.005788,0.003231
STDP,Conv2,LOC,sub-01,3,40,0.0087,1e-05
STDP,Conv2,LOC,sub-02,3,40,-0.002814,0.15226
STDP,Conv2,LOC,sub-03,3,40,-0.000181,0.926683
STDP,Conv2,IT,sub-01,3,40,0.009732,1e-06
STDP,Conv2,IT,sub-02,3,40,0.006826,0.000515
STDP,Conv2,IT,sub-03,3,40,0.002371,0.227762
STDP,Conv3,V1,sub-01,3,40,0.036361,0.0
STDP,Conv3,V1,sub-02,3,40,0.038548,0.0
STDP,Conv3,V1,sub-03,3,40,0.011495,0.0
STDP,Conv3,V2,sub-01,3,40,0.020596,0.0
STDP,Conv3,V2,sub-02,3,40,0.020713,0.0
STDP,Conv3,V2,sub-03,3,40,0.001265,0.519794
STDP,Conv3,V3,sub-01,3,40,0.016613,0.0
STDP,Conv3,V3,sub-02,3,40,0.018787,0.0
STDP,Conv3,V3,sub-03,3,40,0.005126,0.009111
STDP,Conv3,V4,sub-01,3,40,0.008536,1.4e-05
STDP,Conv3,V4,sub-02,3,40,0.009132,3e-06
STDP,Conv3,V4,sub-03,3,40,0.008175,3.2e-05
STDP,Conv3,LOC,sub-01,3,40,0.009472,1e-06
STDP,Conv3,LOC,sub-02,3,40,0.004887,0.012914
STDP,Conv3,LOC,sub-03,3,40,0.00047,0.811132
STDP,Conv3,IT,sub-01,3,40,0.010664,0.0
STDP,Conv3,IT,sub-02,3,40,0.008813,7e-06
STDP,Conv3,IT,sub-03,3,40,0.002923,0.136933
STDP,FC1,V1,sub-01,3,40,0.093763,0.0
STDP,FC1,V1,sub-02,3,40,0.099336,0.0
STDP,FC1,V1,sub-03,3,40,0.014755,0.0
STDP,FC1,V2,sub-01,3,40,0.063214,0.0
STDP,FC1,V2,sub-02,3,40,0.061047,0.0
STDP,FC1,V2,sub-03,3,40,0.008347,2.2e-05
STDP,FC1,V3,sub-01,3,40,0.041535,0.0
STDP,FC1,V3,sub-02,3,40,0.05559,0.0
STDP,FC1,V3,sub-03,3,40,0.008972,5e-06
STDP,FC1,V4,sub-01,3,40,0.026652,0.0
STDP,FC1,V4,sub-02,3,40,0.026909,0.0
STDP,FC1,V4,sub-03,3,40,0.008105,3.7e-05
STDP,FC1,LOC,sub-01,3,40,0.006215,0.001568
STDP,FC1,LOC,sub-02,3,40,-0.007878,6.1e-05
STDP,FC1,LOC,sub-03,3,40,0.00069,0.725674
STDP,FC1,IT,sub-01,3,40,0.008519,1.5e-05
STDP,FC1,IT,sub-02,3,40,0.007471,0.000144
STDP,FC1,IT,sub-03,3,40,0.003501,0.074878
Random Weights,Conv1,V1,sub-01,4,0,0.048885,0.0
Random Weights,Conv1,V1,sub-02,4,0,0.081974,0.0
Random Weights,Conv1,V1,sub-03,4,0,0.016195,0.0
Random Weights,Conv1,V2,sub-01,4,0,0.032028,0.0
Random Weights,Conv1,V2,sub-02,4,0,0.047706,0.0
Random Weights,Conv1,V2,sub-03,4,0,0.001464,0.456393
Random Weights,Conv1,V3,sub-01,4,0,0.023719,0.0
Random Weights,Conv1,V3,sub-02,4,0,0.030508,0.0
Random Weights,Conv1,V3,sub-03,4,0,0.003669,0.061936
Random Weights,Conv1,V4,sub-01,4,0,0.012415,0.0
Random Weights,Conv1,V4,sub-02,4,0,0.008074,4e-05
Random Weights,Conv1,V4,sub-03,4,0,0.003709,0.059144
Random Weights,Conv1,LOC,sub-01,4,0,0.004225,0.03159
Random Weights,Conv1,LOC,sub-02,4,0,-0.005188,0.008299
Random Weights,Conv1,LOC,sub-03,4,0,-0.002274,0.247329
Random Weights,Conv1,IT,sub-01,4,0,0.003693,0.06027
Random Weights,Conv1,IT,sub-02,4,0,-0.0008,0.683888
Random Weights,Conv1,IT,sub-03,4,0,0.00149,0.448342
Random Weights,Conv2,V1,sub-01,4,0,0.063778,0.0
Random Weights,Conv2,V1,sub-02,4,0,0.101647,0.0
Random Weights,Conv2,V1,sub-03,4,0,0.019159,0.0
Random Weights,Conv2,V2,sub-01,4,0,0.04084,0.0
Random Weights,Conv2,V2,sub-02,4,0,0.064054,0.0
Random Weights,Conv2,V2,sub-03,4,0,0.002346,0.232624
Random Weights,Conv2,V3,sub-01,4,0,0.029918,0.0
Random Weights,Conv2,V3,sub-02,4,0,0.043882,0.0
Random Weights,Conv2,V3,sub-03,4,0,0.005222,0.007885
Random Weights,Conv2,V4,sub-01,4,0,0.016472,0.0
Random Weights,Conv2,V4,sub-02,4,0,0.010804,0.0
Random Weights,Conv2,V4,sub-03,4,0,0.003784,0.054208
Random Weights,Conv2,LOC,sub-01,4,0,0.004422,0.024457
Random Weights,Conv2,LOC,sub-02,4,0,-0.009568,1e-06
Random Weights,Conv2,LOC,sub-03,4,0,-0.002984,0.12893
Random Weights,Conv2,IT,sub-01,4,0,0.004274,0.029671
Random Weights,Conv2,IT,sub-02,4,0,-0.002653,0.177173
Random Weights,Conv2,IT,sub-03,4,0,0.002161,0.271589
Random Weights,Conv3,V1,sub-01,4,0,0.072058,0.0
Random Weights,Conv3,V1,sub-02,4,0,0.119567,0.0
Random Weights,Conv3,V1,sub-03,4,0,0.019492,0.0
Random Weights,Conv3,V2,sub-01,4,0,0.045572,0.0
Random Weights,Conv3,V2,sub-02,4,0,0.0771,0.0
Random Weights,Conv3,V2,sub-03,4,0,0.002986,0.128782
Random Weights,Conv3,V3,sub-01,4,0,0.035016,0.0
Random Weights,Conv3,V3,sub-02,4,0,0.057466,0.0
Random Weights,Conv3,V3,sub-03,4,0,0.005629,0.004183
Random Weights,Conv3,V4,sub-01,4,0,0.018762,0.0
Random Weights,Conv3,V4,sub-02,4,0,0.01718,0.0
Random Weights,Conv3,V4,sub-03,4,0,0.003006,0.126241
Random Weights,Conv3,LOC,sub-01,4,0,0.00589,0.002732
Random Weights,Conv3,LOC,sub-02,4,0,-0.008665,1e-05
Random Weights,Conv3,LOC,sub-03,4,0,-0.003196,0.103918
Random Weights,Conv3,IT,sub-01,4,0,0.00589,0.002729
Random Weights,Conv3,IT,sub-02,4,0,-0.000388,0.843355
Random Weights,Conv3,IT,sub-03,4,0,0.002358,0.230248
Random Weights,FC1,V1,sub-01,4,0,0.120638,0.0
Random Weights,FC1,V1,sub-02,4,0,0.172154,0.0
Random Weights,FC1,V1,sub-03,4,0,0.030336,0.0
Random Weights,FC1,V2,sub-01,4,0,0.072288,0.0
Random Weights,FC1,V2,sub-02,4,0,0.111884,0.0
Random Weights,FC1,V2,sub-03,4,0,0.008042,4.3e-05
Random Weights,FC1,V3,sub-01,4,0,0.048933,0.0
Random Weights,FC1,V3,sub-02,4,0,0.094269,0.0
Random Weights,FC1,V3,sub-03,4,0,0.008527,1.4e-05
Random Weights,FC1,V4,sub-01,4,0,0.029587,0.0
Random Weights,FC1,V4,sub-02,4,0,0.037028,0.0
Random Weights,FC1,V4,sub-03,4,0,-2.5e-05,0.990045
Random Weights,FC1,LOC,sub-01,4,0,0.000945,0.630698
Random Weights,FC1,LOC,sub-02,4,0,-0.010115,0.0
Random Weights,FC1,LOC,sub-03,4,0,-0.001321,0.501438
Random Weights,FC1,IT,sub-01,4,0,0.001447,0.461667
Random Weights,FC1,IT,sub-02,4,0,0.008637,1.1e-05
Random Weights,FC1,IT,sub-03,4,0,0.003053,0.120319
Backprop,Conv1,V1,sub-01,4,0,0.048885,0.0
Backprop,Conv1,V1,sub-02,4,0,0.081974,0.0
Backprop,Conv1,V1,sub-03,4,0,0.016195,0.0
Backprop,Conv1,V2,sub-01,4,0,0.032028,0.0
Backprop,Conv1,V2,sub-02,4,0,0.047706,0.0
Backprop,Conv1,V2,sub-03,4,0,0.001464,0.456393
Backprop,Conv1,V3,sub-01,4,0,0.023719,0.0
Backprop,Conv1,V3,sub-02,4,0,0.030508,0.0
Backprop,Conv1,V3,sub-03,4,0,0.003669,0.061936
Backprop,Conv1,V4,sub-01,4,0,0.012415,0.0
Backprop,Conv1,V4,sub-02,4,0,0.008074,4e-05
Backprop,Conv1,V4,sub-03,4,0,0.003709,0.059144
Backprop,Conv1,LOC,sub-01,4,0,0.004225,0.03159
Backprop,Conv1,LOC,sub-02,4,0,-0.005188,0.008299
Backprop,Conv1,LOC,sub-03,4,0,-0.002274,0.247329
Backprop,Conv1,IT,sub-01,4,0,0.003693,0.06027
Backprop,Conv1,IT,sub-02,4,0,-0.0008,0.683888
Backprop,Conv1,IT,sub-03,4,0,0.00149,0.448342
Backprop,Conv2,V1,sub-01,4,0,0.063778,0.0
Backprop,Conv2,V1,sub-02,4,0,0.101647,0.0
Backprop,Conv2,V1,sub-03,4,0,0.019159,0.0
Backprop,Conv2,V2,sub-01,4,0,0.04084,0.0
Backprop,Conv2,V2,sub-02,4,0,0.064054,0.0
Backprop,Conv2,V2,sub-03,4,0,0.002346,0.232624
Backprop,Conv2,V3,sub-01,4,0,0.029918,0.0
Backprop,Conv2,V3,sub-02,4,0,0.043882,0.0
Backprop,Conv2,V3,sub-03,4,0,0.005222,0.007885
Backprop,Conv2,V4,sub-01,4,0,0.016472,0.0
Backprop,Conv2,V4,sub-02,4,0,0.010804,0.0
Backprop,Conv2,V4,sub-03,4,0,0.003784,0.054208
Backprop,Conv2,LOC,sub-01,4,0,0.004422,0.024457
Backprop,Conv2,LOC,sub-02,4,0,-0.009568,1e-06
Backprop,Conv2,LOC,sub-03,4,0,-0.002984,0.12893
Backprop,Conv2,IT,sub-01,4,0,0.004274,0.029671
Backprop,Conv2,IT,sub-02,4,0,-0.002653,0.177173
Backprop,Conv2,IT,sub-03,4,0,0.002161,0.271589
Backprop,Conv3,V1,sub-01,4,0,0.072058,0.0
Backprop,Conv3,V1,sub-02,4,0,0.119567,0.0
Backprop,Conv3,V1,sub-03,4,0,0.019492,0.0
Backprop,Conv3,V2,sub-01,4,0,0.045572,0.0
Backprop,Conv3,V2,sub-02,4,0,0.0771,0.0
Backprop,Conv3,V2,sub-03,4,0,0.002986,0.128782
Backprop,Conv3,V3,sub-01,4,0,0.035016,0.0
Backprop,Conv3,V3,sub-02,4,0,0.057466,0.0
Backprop,Conv3,V3,sub-03,4,0,0.005629,0.004183
Backprop,Conv3,V4,sub-01,4,0,0.018762,0.0
Backprop,Conv3,V4,sub-02,4,0,0.01718,0.0
Backprop,Conv3,V4,sub-03,4,0,0.003006,0.126241
Backprop,Conv3,LOC,sub-01,4,0,0.00589,0.002732
Backprop,Conv3,LOC,sub-02,4,0,-0.008665,1e-05
Backprop,Conv3,LOC,sub-03,4,0,-0.003196,0.103918
Backprop,Conv3,IT,sub-01,4,0,0.00589,0.002729
Backprop,Conv3,IT,sub-02,4,0,-0.000388,0.843355
Backprop,Conv3,IT,sub-03,4,0,0.002358,0.230248
Backprop,FC1,V1,sub-01,4,0,0.120638,0.0
Backprop,FC1,V1,sub-02,4,0,0.172154,0.0
Backprop,FC1,V1,sub-03,4,0,0.030336,0.0
Backprop,FC1,V2,sub-01,4,0,0.072288,0.0
Backprop,FC1,V2,sub-02,4,0,0.111884,0.0
Backprop,FC1,V2,sub-03,4,0,0.008042,4.3e-05
Backprop,FC1,V3,sub-01,4,0,0.048933,0.0
Backprop,FC1,V3,sub-02,4,0,0.094269,0.0
Backprop,FC1,V3,sub-03,4,0,0.008527,1.4e-05
Backprop,FC1,V4,sub-01,4,0,0.029587,0.0
Backprop,FC1,V4,sub-02,4,0,0.037028,0.0
Backprop,FC1,V4,sub-03,4,0,-2.5e-05,0.990045
Backprop,FC1,LOC,sub-01,4,0,0.000945,0.630698
Backprop,FC1,LOC,sub-02,4,0,-0.010115,0.0
Backprop,FC1,LOC,sub-03,4,0,-0.001321,0.501438
Backprop,FC1,IT,sub-01,4,0,0.001447,0.461667
Backprop,FC1,IT,sub-02,4,0,0.008637,1.1e-05
Backprop,FC1,IT,sub-03,4,0,0.003053,0.120319
Backprop,Conv1,V1,sub-01,4,1,0.00952,1e-06
Backprop,Conv1,V1,sub-02,4,1,0.024124,0.0
Backprop,Conv1,V1,sub-03,4,1,0.006357,0.00122
Backprop,Conv1,V2,sub-01,4,1,0.005009,0.010819
Backprop,Conv1,V2,sub-02,4,1,0.013489,0.0
Backprop,Conv1,V2,sub-03,4,1,0.00108,0.58267
Backprop,Conv1,V3,sub-01,4,1,0.007309,0.0002
Backprop,Conv1,V3,sub-02,4,1,0.013348,0.0
Backprop,Conv1,V3,sub-03,4,1,0.001334,0.497256
Backprop,Conv1,V4,sub-01,4,1,0.00033,0.866745
Backprop,Conv1,V4,sub-02,4,1,0.0083,2.4e-05
Backprop,Conv1,V4,sub-03,4,1,0.005928,0.00256
Backprop,Conv1,LOC,sub-01,4,1,0.003929,0.045643
Backprop,Conv1,LOC,sub-02,4,1,0.008998,5e-06
Backprop,Conv1,LOC,sub-03,4,1,-0.00207,0.292174
Backprop,Conv1,IT,sub-01,4,1,0.005179,0.008413
Backprop,Conv1,IT,sub-02,4,1,0.007322,0.000195
Backprop,Conv1,IT,sub-03,4,1,0.001121,0.568622
Backprop,Conv2,V1,sub-01,4,1,0.008149,3.4e-05
Backprop,Conv2,V1,sub-02,4,1,0.005192,0.008248
Backprop,Conv2,V1,sub-03,4,1,0.009677,1e-06
Backprop,Conv2,V2,sub-01,4,1,0.007849,6.5e-05
Backprop,Conv2,V2,sub-02,4,1,-0.002185,0.266353
Backprop,Conv2,V2,sub-03,4,1,0.00372,0.058439
Backprop,Conv2,V3,sub-01,4,1,0.008398,1.9e-05
Backprop,Conv2,V3,sub-02,4,1,-0.004474,0.022844
Backprop,Conv2,V3,sub-03,4,1,0.005192,0.008253
Backprop,Conv2,V4,sub-01,4,1,0.001247,0.52595
Backprop,Conv2,V4,sub-02,4,1,-0.001081,0.582318
Backprop,Conv2,V4,sub-03,4,1,0.009011,5e-06
Backprop,Conv2,LOC,sub-01,4,1,0.004861,0.013403
Backprop,Conv2,LOC,sub-02,4,1,0.006732,0.000614
Backprop,Conv2,LOC,sub-03,4,1,-0.000559,0.776221
Backprop,Conv2,IT,sub-01,4,1,0.006813,0.000528
Backprop,Conv2,IT,sub-02,4,1,0.005416,0.005859
Backprop,Conv2,IT,sub-03,4,1,0.000761,0.698575
Backprop,Conv3,V1,sub-01,4,1,-0.015912,0.0
Backprop,Conv3,V1,sub-02,4,1,-0.037493,0.0
Backprop,Conv3,V1,sub-03,4,1,0.005507,0.005083
Backprop,Conv3,V2,sub-01,4,1,-0.00593,0.002552
Backprop,Conv3,V2,sub-02,4,1,-0.031885,0.0
Backprop,Conv3,V2,sub-03,4,1,0.002521,0.199725
Backprop,Conv3,V3,sub-01,4,1,-0.003643,0.063803
Backprop,Conv3,V3,sub-02,4,1,-0.029629,0.0
Backprop,Conv3,V3,sub-03,4,1,0.004083,0.037787
Backprop,Conv3,V4,sub-01,4,1,-0.005966,0.002403
Backprop,Conv3,V4,sub-02,4,1,-0.013266,0.0
Backprop,Conv3,V4,sub-03,4,1,0.009263,2e-06
Backprop,Conv3,LOC,sub-01,4,1,0.003232,0.100156
Backprop,Conv3,LOC,sub-02,4,1,0.005298,0.007034
Backprop,Conv3,LOC,sub-03,4,1,-7.1e-05,0.971023
Backprop,Conv3,IT,sub-01,4,1,0.0053,0.007011
Backprop,Conv3,IT,sub-02,4,1,0.001127,0.566429
Backprop,Conv3,IT,sub-03,4,1,0.000901,0.646664
Backprop,FC1,V1,sub-01,4,1,0.003133,0.11098
Backprop,FC1,V1,sub-02,4,1,-0.014358,0.0
Backprop,FC1,V1,sub-03,4,1,0.010594,0.0
Backprop,FC1,V2,sub-01,4,1,0.00654,0.000876
Backprop,FC1,V2,sub-02,4,1,-0.012013,0.0
Backprop,FC1,V2,sub-03,4,1,0.003639,0.064131
Backprop,FC1,V3,sub-01,4,1,0.002422,0.217809
Backprop,FC1,V3,sub-02,4,1,-0.012766,0.0
Backprop,FC1,V3,sub-03,4,1,0.003748,0.056525
Backprop,FC1,V4,sub-01,4,1,-0.001759,0.370821
Backprop,FC1,V4,sub-02,4,1,-0.00664,0.000729
Backprop,FC1,V4,sub-03,4,1,0.008528,1.4e-05
Backprop,FC1,LOC,sub-01,4,1,0.001515,0.440986
Backprop,FC1,LOC,sub-02,4,1,0.002754,0.161153
Backprop,FC1,LOC,sub-03,4,1,0.001981,0.313504
Backprop,FC1,IT,sub-01,4,1,0.003522,0.073152
Backprop,FC1,IT,sub-02,4,1,0.002049,0.297148
Backprop,FC1,IT,sub-03,4,1,0.00188,0.338934
Backprop,Conv1,V1,sub-01,4,2,0.011362,0.0
Backprop,Conv1,V1,sub-02,4,2,0.024612,0.0
Backprop,Conv1,V1,sub-03,4,2,0.006925,0.000427
Backprop,Conv1,V2,sub-01,4,2,0.006241,0.001496
Backprop,Conv1,V2,sub-02,4,2,0.012774,0.0
Backprop,Conv1,V2,sub-03,4,2,0.001332,0.498061
Backprop,Conv1,V3,sub-01,4,2,0.008316,2.3e-05
Backprop,Conv1,V3,sub-02,4,2,0.012256,0.0
Backprop,Conv1,V3,sub-03,4,2,0.001708,0.384771
Backprop,Conv1,V4,sub-01,4,2,0.000728,0.710915
Backprop,Conv1,V4,sub-02,4,2,0.008824,7e-06
Backprop,Conv1,V4,sub-03,4,2,0.006065,0.002032
Backprop,Conv1,LOC,sub-01,4,2,0.004213,0.032095
Backprop,Conv1,LOC,sub-02,4,2,0.007859,6.4e-05
Backprop,Conv1,LOC,sub-03,4,2,-0.000769,0.695651
Backprop,Conv1,IT,sub-01,4,2,0.005623,0.004226
Backprop,Conv1,IT,sub-02,4,2,0.006918,0.000432
Backprop,Conv1,IT,sub-03,4,2,0.001763,0.369835
Backprop,Conv2,V1,sub-01,4,2,-0.00822,2.9e-05
Backprop,Conv2,V1,sub-02,4,2,-0.020261,0.0
Backprop,Conv2,V1,sub-03,4,2,0.006004,0.002255
Backprop,Conv2,V2,sub-01,4,2,0.000258,0.8955
Backprop,Conv2,V2,sub-02,4,2,-0.018095,0.0
Backprop,Conv2,V2,sub-03,4,2,0.003288,0.094315
Backprop,Conv2,V3,sub-01,4,2,0.002466,0.209648
Backprop,Conv2,V3,sub-02,4,2,-0.018945,0.0
Backprop,Conv2,V3,sub-03,4,2,0.0054,0.006008
Backprop,Conv2,V4,sub-01,4,2,-0.002874,0.143684
Backprop,Conv2,V4,sub-02,4,2,-0.00799,4.8e-05
Backprop,Conv2,V4,sub-03,4,2,0.010554,0.0
Backprop,Conv2,LOC,sub-01,4,2,0.005484,0.005268
Backprop,Conv2,LOC,sub-02,4,2,0.005561,0.004665
Backprop,Conv2,LOC,sub-03,4,2,2.3e-05,0.990616
Backprop,Conv2,IT,sub-01,4,2,0.007929,5.5e-05
Backprop,Conv2,IT,sub-02,4,2,0.003124,0.112
Backprop,Conv2,IT,sub-03,4,2,0.001454,0.459423
Backprop,Conv3,V1,sub-01,4,2,-0.022149,0.0
Backprop,Conv3,V1,sub-02,4,2,-0.049987,0.0
Backprop,Conv3,V1,sub-03,4,2,0.00276,0.160302
Backprop,Conv3,V2,sub-01,4,2,-0.007585,0.000114
Backprop,Conv3,V2,sub-02,4,2,-0.040534,0.0
Backprop,Conv3,V2,sub-03,4,2,0.002149,0.274265
Backprop,Conv3,V3,sub-01,4,2,-0.005581,0.004517
Backprop,Conv3,V3,sub-02,4,2,-0.037858,0.0
Backprop,Conv3,V3,sub-03,4,2,0.003889,0.04785
Backprop,Conv3,V4,sub-01,4,2,-0.007736,8.3e-05
Backprop,Conv3,V4,sub-02,4,2,-0.013219,0.0
Backprop,Conv3,V4,sub-03,4,2,0.009909,0.0
Backprop,Conv3,LOC,sub-01,4,2,0.003907,0.046827
Backprop,Conv3,LOC,sub-02,4,2,0.00185,0.346653
Backprop,Conv3,LOC,sub-03,4,2,0.000377,0.848094
Backprop,Conv3,IT,sub-01,4,2,0.006388,0.001155
Backprop,Conv3,IT,sub-02,4,2,-0.002175,0.268502
Backprop,Conv3,IT,sub-03,4,2,0.001472,0.45377
Backprop,FC1,V1,sub-01,4,2,0.00208,0.289939
Backprop,FC1,V1,sub-02,4,2,-0.021412,0.0
Backprop,FC1,V1,sub-03,4,2,0.007389,0.00017
Backprop,FC1,V2,sub-01,4,2,0.007081,0.000315
Backprop,FC1,V2,sub-02,4,2,-0.020995,0.0
Backprop,FC1,V2,sub-03,4,2,0.004292,0.029
Backprop,FC1,V3,sub-01,4,2,0.003693,0.060285
Backprop,FC1,V3,sub-02,4,2,-0.016963,0.0
Backprop,FC1,V3,sub-03,4,2,0.004447,0.02368
Backprop,FC1,V4,sub-01,4,2,-0.001511,0.442091
Backprop,FC1,V4,sub-02,4,2,-0.001189,0.545098
Backprop,FC1,V4,sub-03,4,2,0.010585,0.0
Backprop,FC1,LOC,sub-01,4,2,0.00355,0.070884
Backprop,FC1,LOC,sub-02,4,2,0.001707,0.385043
Backprop,FC1,LOC,sub-03,4,2,0.002109,0.283334
Backprop,FC1,IT,sub-01,4,2,0.006167,0.001705
Backprop,FC1,IT,sub-02,4,2,0.000794,0.686234
Backprop,FC1,IT,sub-03,4,2,0.002818,0.151719
Backprop,Conv1,V1,sub-01,4,5,0.018199,0.0
Backprop,Conv1,V1,sub-02,4,5,0.036981,0.0
Backprop,Conv1,V1,sub-03,4,5,0.009014,5e-06
Backprop,Conv1,V2,sub-01,4,5,0.010273,0.0
Backprop,Conv1,V2,sub-02,4,5,0.021876,0.0
Backprop,Conv1,V2,sub-03,4,5,0.002192,0.264655
Backprop,Conv1,V3,sub-01,4,5,0.010975,0.0
Backprop,Conv1,V3,sub-02,4,5,0.02008,0.0
Backprop,Conv1,V3,sub-03,4,5,0.002573,0.190558
Backprop,Conv1,V4,sub-01,4,5,0.002622,0.182292
Backprop,Conv1,V4,sub-02,4,5,0.012729,0.0
Backprop,Conv1,V4,sub-03,4,5,0.006152,0.001748
Backprop,Conv1,LOC,sub-01,4,5,0.004727,0.016172
Backprop,Conv1,LOC,sub-02,4,5,0.008311,2.4e-05
Backprop,Conv1,LOC,sub-03,4,5,-0.00032,0.870658
Backprop,Conv1,IT,sub-01,4,5,0.006091,0.001941
Backprop,Conv1,IT,sub-02,4,5,0.008277,2.5e-05
Backprop,Conv1,IT,sub-03,4,5,0.002271,0.247876
Backprop,Conv2,V1,sub-01,4,5,-0.018192,0.0
Backprop,Conv2,V1,sub-02,4,5,-0.031124,0.0
Backprop,Conv2,V1,sub-03,4,5,0.004514,0.02165
Backprop,Conv2,V2,sub-01,4,5,-0.004849,0.013626
Backprop,Conv2,V2,sub-02,4,5,-0.022347,0.0
Backprop,Conv2,V2,sub-03,4,5,0.003056,0.119989
Backprop,Conv2,V3,sub-01,4,5,-0.002412,0.219713
Backprop,Conv2,V3,sub-02,4,5,-0.020692,0.0
Backprop,Conv2,V3,sub-03,4,5,0.004296,0.02885
Backprop,Conv2,V4,sub-01,4,5,-0.006085,0.001964
Backprop,Conv2,V4,sub-02,4,5,-0.008386,2e-05
Backprop,Conv2,V4,sub-03,4,5,0.010551,0.0
Backprop,Conv2,LOC,sub-01,4,5,0.005166,0.008588
Backprop,Conv2,LOC,sub-02,4,5,0.006096,0.001927
Backprop,Conv2,LOC,sub-03,4,5,-7e-06,0.997355
Backprop,Conv2,IT,sub-01,4,5,0.007332,0.000191
Backprop,Conv2,IT,sub-02,4,5,0.002228,0.257072
Backprop,Conv2,IT,sub-03,4,5,0.001954,0.32023
Backprop,Conv3,V1,sub-01,4,5,-0.018988,0.0
Backprop,Conv3,V1,sub-02,4,5,-0.036804,0.0
Backprop,Conv3,V1,sub-03,4,5,0.004559,0.020372
Backprop,Conv3,V2,sub-01,4,5,-0.006763,0.000579
Backprop,Conv3,V2,sub-02,4,5,-0.02789,0.0
Backprop,Conv3,V2,sub-03,4,5,0.0035,0.074969
Backprop,Conv3,V3,sub-01,4,5,-0.005186,0.008334
Backprop,Conv3,V3,sub-02,4,5,-0.024813,0.0
Backprop,Conv3,V3,sub-03,4,5,0.003742,0.056911
Backprop,Conv3,V4,sub-01,4,5,-0.008079,3.9e-05
Backprop,Conv3,V4,sub-02,4,5,-0.003346,0.088667
Backprop,Conv3,V4,sub-03,4,5,0.009973,0.0
Backprop,Conv3,LOC,sub-01,4,5,0.005093,0.009564
Backprop,Conv3,LOC,sub-02,4,5,0.005386,0.006144
Backprop,Conv3,LOC,sub-03,4,5,0.002316,0.238748
Backprop,Conv3,IT,sub-01,4,5,0.007163,0.000268
Backprop,Conv3,IT,sub-02,4,5,-0.000128,0.948106
Backprop,Conv3,IT,sub-03,4,5,0.00306,0.119521
Backprop,FC1,V1,sub-01,4,5,-0.006018,0.0022
Backprop,FC1,V1,sub-02,4,5,-0.01899,0.0
Backprop,FC1,V1,sub-03,4,5,0.007393,0.000169
Backprop,FC1,V2,sub-01,4,5,0.002115,0.28201
Backprop,FC1,V2,sub-02,4,5,-0.007216,0.000241
Backprop,FC1,V2,sub-03,4,5,0.005705,0.003702
Backprop,FC1,V3,sub-01,4,5,-0.000138,0.943848
Backprop,FC1,V3,sub-02,4,5,-0.004913,0.012439
Backprop,FC1,V3,sub-03,4,5,0.004528,0.021241
Backprop,FC1,V4,sub-01,4,5,-0.003468,0.077632
Backprop,FC1,V4,sub-02,4,5,0.006745,0.0006
Backprop,FC1,V4,sub-03,4,5,0.011417,0.0
Backprop,FC1,LOC,sub-01,4,5,0.004722,0.016294
Backprop,FC1,LOC,sub-02,4,5,0.011093,0.0
Backprop,FC1,LOC,sub-03,4,5,0.006319,0.001306
Backprop,FC1,IT,sub-01,4,5,0.006673,0.000687
Backprop,FC1,IT,sub-02,4,5,0.007236,0.000232
Backprop,FC1,IT,sub-03,4,5,0.005519,0.004988
Backprop,Conv1,V1,sub-01,4,10,0.023694,0.0
Backprop,Conv1,V1,sub-02,4,10,0.041965,0.0
Backprop,Conv1,V1,sub-03,4,10,0.010293,0.0
Backprop,Conv1,V2,sub-01,4,10,0.013361,0.0
Backprop,Conv1,V2,sub-02,4,10,0.024329,0.0
Backprop,Conv1,V2,sub-03,4,10,0.002415,0.219282
Backprop,Conv1,V3,sub-01,4,10,0.013063,0.0
Backprop,Conv1,V3,sub-02,4,10,0.021061,0.0
Backprop,Conv1,V3,sub-03,4,10,0.003072,0.118096
Backprop,Conv1,V4,sub-01,4,10,0.004229,0.031446
Backprop,Conv1,V4,sub-02,4,10,0.013155,0.0
Backprop,Conv1,V4,sub-03,4,10,0.006068,0.00202
Backprop,Conv1,LOC,sub-01,4,10,0.005579,0.004536
Backprop,Conv1,LOC,sub-02,4,10,0.007431,0.000157
Backprop,Conv1,LOC,sub-03,4,10,0.000484,0.805376
Backprop,Conv1,IT,sub-01,4,10,0.007045,0.000338
Backprop,Conv1,IT,sub-02,4,10,0.007716,8.7e-05
Backprop,Conv1,IT,sub-03,4,10,0.002659,0.176157
Backprop,Conv2,V1,sub-01,4,10,-0.021388,0.0
Backprop,Conv2,V1,sub-02,4,10,-0.041112,0.0
Backprop,Conv2,V1,sub-03,4,10,0.003702,0.059626
Backprop,Conv2,V2,sub-01,4,10,-0.007644,0.000101
Backprop,Conv2,V2,sub-02,4,10,-0.031599,0.0
Backprop,Conv2,V2,sub-03,4,10,0.003059,0.119694
Backprop,Conv2,V3,sub-01,4,10,-0.003891,0.047749
Backprop,Conv2,V3,sub-02,4,10,-0.029547,0.0
Backprop,Conv2,V3,sub-03,4,10,0.004568,0.020132
Backprop,Conv2,V4,sub-01,4,10,-0.007324,0.000194
Backprop,Conv2,V4,sub-02,4,10,-0.011042,0.0
Backprop,Conv2,V4,sub-03,4,10,0.011059,0.0
Backprop,Conv2,LOC,sub-01,4,10,0.006123,0.001839
Backprop,Conv2,LOC,sub-02,4,10,0.004495,0.022191
Backprop,Conv2,LOC,sub-03,4,10,0.000659,0.737519
Backprop,Conv2,IT,sub-01,4,10,0.008596,1.2e-05
Backprop,Conv2,IT,sub-02,4,10,-0.000358,0.855522
Backprop,Conv2,IT,sub-03,4,10,0.002112,0.282694
Backprop,Conv3,V1,sub-01,4,10,-0.022339,0.0
Backprop,Conv3,V1,sub-02,4,10,-0.046327,0.0
Backprop,Conv3,V1,sub-03,4,10,0.003397,0.083963
Backprop,Conv3,V2,sub-01,4,10,-0.010163,0.0
Backprop,Conv3,V2,sub-02,4,10,-0.036789,0.0
Backprop,Conv3,V2,sub-03,4,10,0.003551,0.0708
Backprop,Conv3,V3,sub-01,4,10,-0.005612,0.004304
Backprop,Conv3,V3,sub-02,4,10,-0.03361,0.0
Backprop,Conv3,V3,sub-03,4,10,0.004246,0.030743
Backprop,Conv3,V4,sub-01,4,10,-0.008569,1.3e-05
Backprop,Conv3,V4,sub-02,4,10,-0.005646,0.004071
Backprop,Conv3,V4,sub-03,4,10,0.009902,0.0
Backprop,Conv3,LOC,sub-01,4,10,0.006727,0.00062
Backprop,Conv3,LOC,sub-02,4,10,0.006909,0.00044
Backprop,Conv3,LOC,sub-03,4,10,0.002362,0.229488
Backprop,Conv3,IT,sub-01,4,10,0.009113,4e-06
Backprop,Conv3,IT,sub-02,4,10,0.000169,0.931628
Backprop,Conv3,IT,sub-03,4,10,0.002696,0.170116
Backprop,FC1,V1,sub-01,4,10,-0.005774,0.003309
Backprop,FC1,V1,sub-02,4,10,-0.026399,0.0
Backprop,FC1,V1,sub-03,4,10,0.009017,4e-06
Backprop,FC1,V2,sub-01,4,10,-0.000719,0.714434
Backprop,FC1,V2,sub-02,4,10,-0.014913,0.0
Backprop,FC1,V2,sub-03,4,10,0.00893,6e-06
Backprop,FC1,V3,sub-01,4,10,-0.001133,0.56431
Backprop,FC1,V3,sub-02,4,10,-0.011379,0.0
Backprop,FC1,V3,sub-03,4,10,0.006457,0.00102
Backprop,FC1,V4,sub-01,4,10,-0.003154,0.108544
Backprop,FC1,V4,sub-02,4,10,0.004364,0.026387
Backprop,FC1,V4,sub-03,4,10,0.011694,0.0
Backprop,FC1,LOC,sub-01,4,10,0.008872,6e-06
Backprop,FC1,LOC,sub-02,4,10,0.013964,0.0
Backprop,FC1,LOC,sub-03,4,10,0.006312,0.001322
Backprop,FC1,IT,sub-01,4,10,0.011212,0.0
Backprop,FC1,IT,sub-02,4,10,0.008657,1.1e-05
Backprop,FC1,IT,sub-03,4,10,0.006262,0.001444
Backprop,Conv1,V1,sub-01,4,20,0.028284,0.0
Backprop,Conv1,V1,sub-02,4,20,0.046401,0.0
Backprop,Conv1,V1,sub-03,4,20,0.011283,0.0
Backprop,Conv1,V2,sub-01,4,20,0.017002,0.0
Backprop,Conv1,V2,sub-02,4,20,0.028441,0.0
Backprop,Conv1,V2,sub-03,4,20,0.003243,0.098983
Backprop,Conv1,V3,sub-01,4,20,0.015424,0.0
Backprop,Conv1,V3,sub-02,4,20,0.025241,0.0
Backprop,Conv1,V3,sub-03,4,20,0.004078,0.038018
Backprop,Conv1,V4,sub-01,4,20,0.00564,0.004109
Backprop,Conv1,V4,sub-02,4,20,0.015501,0.0
Backprop,Conv1,V4,sub-03,4,20,0.00637,0.001191
Backprop,Conv1,LOC,sub-01,4,20,0.005562,0.004656
Backprop,Conv1,LOC,sub-02,4,20,0.007441,0.000153
Backprop,Conv1,LOC,sub-03,4,20,0.00053,0.787293
Backprop,Conv1,IT,sub-01,4,20,0.007336,0.00019
Backprop,Conv1,IT,sub-02,4,20,0.008108,3.7e-05
Backprop,Conv1,IT,sub-03,4,20,0.003033,0.122857
Backprop,Conv2,V1,sub-01,4,20,-0.018768,0.0
Backprop,Conv2,V1,sub-02,4,20,-0.040334,0.0
Backprop,Conv2,V1,sub-03,4,20,0.00468,0.017277
Backprop,Conv2,V2,sub-01,4,20,-0.005982,0.002341
Backprop,Conv2,V2,sub-02,4,20,-0.032636,0.0
Backprop,Conv2,V2,sub-03,4,20,0.003279,0.09526
Backprop,Conv2,V3,sub-01,4,20,-0.0037,0.059768
Backprop,Conv2,V3,sub-02,4,20,-0.030901,0.0
Backprop,Conv2,V3,sub-03,4,20,0.00459,0.019519
Backprop,Conv2,V4,sub-01,4,20,-0.00702,0.000355
Backprop,Conv2,V4,sub-02,4,20,-0.009885,0.0
Backprop,Conv2,V4,sub-03,4,20,0.010919,0.0
Backprop,Conv2,LOC,sub-01,4,20,0.006556,0.000852
Backprop,Conv2,LOC,sub-02,4,20,0.004335,0.027404
Backprop,Conv2,LOC,sub-03,4,20,0.001417,0.471055
Backprop,Conv2,IT,sub-01,4,20,0.008986,5e-06
Backprop,Conv2,IT,sub-02,4,20,-0.001084,0.58123
Backprop,Conv2,IT,sub-03,4,20,0.002361,0.229743
Backprop,Conv3,V1,sub-01,4,20,-0.023829,0.0
Backprop,Conv3,V1,sub-02,4,20,-0.04771,0.0
Backprop,Conv3,V1,sub-03,4,20,0.002628,0.181228
Backprop,Conv3,V2,sub-01,4,20,-0.011136,0.0
Backprop,Conv3,V2,sub-02,4,20,-0.038778,0.0
Backprop,Conv3,V2,sub-03,4,20,0.004233,0.031256
Backprop,Conv3,V3,sub-01,4,20,-0.007167,0.000266
Backprop,Conv3,V3,sub-02,4,20,-0.035662,0.0
Backprop,Conv3,V3,sub-03,4,20,0.004272,0.029733
Backprop,Conv3,V4,sub-01,4,20,-0.009005,5e-06
Backprop,Conv3,V4,sub-02,4,20,-0.002888,0.141726
Backprop,Conv3,V4,sub-03,4,20,0.008637,1.1e-05
Backprop,Conv3,LOC,sub-01,4,20,0.005498,0.005157
Backprop,Conv3,LOC,sub-02,4,20,0.007992,4.8e-05
Backprop,Conv3,LOC,sub-03,4,20,0.004457,0.023365
Backprop,Conv3,IT,sub-01,4,20,0.007712,8.7e-05
Backprop,Conv3,IT,sub-02,4,20,-0.000806,0.68158
Backprop,Conv3,IT,sub-03,4,20,0.003142,0.109875
Backprop,FC1,V1,sub-01,4,20,-0.01033,0.0
Backprop,FC1,V1,sub-02,4,20,-0.025276,0.0
Backprop,FC1,V1,sub-03,4,20,0.006462,0.001011
Backprop,FC1,V2,sub-01,4,20,-0.002468,0.209303
Backprop,FC1,V2,sub-02,4,20,-0.010848,0.0
Backprop,FC1,V2,sub-03,4,20,0.007658,9.8e-05
Backprop,FC1,V3,sub-01,4,20,-0.001323,0.500758
Backprop,FC1,V3,sub-02,4,20,-0.006895,0.000452
Backprop,FC1,V3,sub-03,4,20,0.004886,0.012926
Backprop,FC1,V4,sub-01,4,20,-0.00419,0.033028
Backprop,FC1,V4,sub-02,4,20,0.009454,2e-06
Backprop,FC1,V4,sub-03,4,20,0.008852,7e-06
Backprop,FC1,LOC,sub-01,4,20,0.008615,1.2e-05
Backprop,FC1,LOC,sub-02,4,20,0.015309,0.0
Backprop,FC1,LOC,sub-03,4,20,0.007411,0.000163
Backprop,FC1,IT,sub-01,4,20,0.01013,0.0
Backprop,FC1,IT,sub-02,4,20,0.008162,3.3e-05
Backprop,FC1,IT,sub-03,4,20,0.005703,0.003711
Backprop,Conv1,V1,sub-01,4,30,0.025864,0.0
Backprop,Conv1,V1,sub-02,4,30,0.043129,0.0
Backprop,Conv1,V1,sub-03,4,30,0.010817,0.0
Backprop,Conv1,V2,sub-01,4,30,0.01576,0.0
Backprop,Conv1,V2,sub-02,4,30,0.02618,0.0
Backprop,Conv1,V2,sub-03,4,30,0.002981,0.129342
Backprop,Conv1,V3,sub-01,4,30,0.014426,0.0
Backprop,Conv1,V3,sub-02,4,30,0.023601,0.0
Backprop,Conv1,V3,sub-03,4,30,0.003978,0.042976
Backprop,Conv1,V4,sub-01,4,30,0.005026,0.010562
Backprop,Conv1,V4,sub-02,4,30,0.014845,0.0
Backprop,Conv1,V4,sub-03,4,30,0.006378,0.001174
Backprop,Conv1,LOC,sub-01,4,30,0.005799,0.003175
Backprop,Conv1,LOC,sub-02,4,30,0.007693,9.1e-05
Backprop,Conv1,LOC,sub-03,4,30,0.000964,0.623831
Backprop,Conv1,IT,sub-01,4,30,0.007632,0.000103
Backprop,Conv1,IT,sub-02,4,30,0.008177,3.2e-05
Backprop,Conv1,IT,sub-03,4,30,0.003204,0.103065
Backprop,Conv2,V1,sub-01,4,30,-0.022126,0.0
Backprop,Conv2,V1,sub-02,4,30,-0.043155,0.0
Backprop,Conv2,V1,sub-03,4,30,0.00417,0.033863
Backprop,Conv2,V2,sub-01,4,30,-0.007228,0.000236
Backprop,Conv2,V2,sub-02,4,30,-0.033969,0.0
Backprop,Conv2,V2,sub-03,4,30,0.002972,0.130559
Backprop,Conv2,V3,sub-01,4,30,-0.004774,0.01515
Backprop,Conv2,V3,sub-02,4,30,-0.031873,0.0
Backprop,Conv2,V3,sub-03,4,30,0.004278,0.029527
Backprop,Conv2,V4,sub-01,4,30,-0.007344,0.000187
Backprop,Conv2,V4,sub-02,4,30,-0.011141,0.0
Backprop,Conv2,V4,sub-03,4,30,0.011084,0.0
Backprop,Conv2,LOC,sub-01,4,30,0.006626,0.000749
Backprop,Conv2,LOC,sub-02,4,30,0.004435,0.024047
Backprop,Conv2,LOC,sub-03,4,30,0.001394,0.47821
Backprop,Conv2,IT,sub-01,4,30,0.008905,6e-06
Backprop,Conv2,IT,sub-02,4,30,-0.000987,0.615716
Backprop,Conv2,IT,sub-03,4,30,0.002491,0.204948
Backprop,Conv3,V1,sub-01,4,30,-0.030641,0.0
Backprop,Conv3,V1,sub-02,4,30,-0.05255,0.0
Backprop,Conv3,V1,sub-03,4,30,0.001353,0.491288
Backprop,Conv3,V2,sub-01,4,30,-0.014394,0.0
Backprop,Conv3,V2,sub-02,4,30,-0.042283,0.0
Backprop,Conv3,V2,sub-03,4,30,0.003183,0.105391
Backprop,Conv3,V3,sub-01,4,30,-0.0094,2e-06
Backprop,Conv3,V3,sub-02,4,30,-0.038429,0.0
Backprop,Conv3,V3,sub-03,4,30,0.003449,0.079335
Backprop,Conv3,V4,sub-01,4,30,-0.009617,1e-06
Backprop,Conv3,V4,sub-02,4,30,-0.003964,0.043712
Backprop,Conv3,V4,sub-03,4,30,0.009053,4e-06
Backprop,Conv3,LOC,sub-01,4,30,0.006535,0.000885
Backprop,Conv3,LOC,sub-02,4,30,0.010689,0.0
Backprop,Conv3,LOC,sub-03,4,30,0.004095,0.037238
Backprop,Conv3,IT,sub-01,4,30,0.008703,1e-05
Backprop,Conv3,IT,sub-02,4,30,0.000895,0.648708
Backprop,Conv3,IT,sub-03,4,30,0.002963,0.131636
Backprop,FC1,V1,sub-01,4,30,-0.011278,0.0
Backprop,FC1,V1,sub-02,4,30,-0.024229,0.0
Backprop,FC1,V1,sub-03,4,30,0.006293,0.001366
Backprop,FC1,V2,sub-01,4,30,-0.000801,0.683792
Backprop,FC1,V2,sub-02,4,30,-0.004851,0.013594
Backprop,FC1,V2,sub-03,4,30,0.007226,0.000237
Backprop,FC1,V3,sub-01,4,30,0.000175,0.928965
Backprop,FC1,V3,sub-02,4,30,0.001397,0.477126
Backprop,FC1,V3,sub-03,4,30,0.003961,0.043868
Backprop,FC1,V4,sub-01,4,30,-0.003007,0.125999
Backprop,FC1,V4,sub-02,4,30,0.013032,0.0
Backprop,FC1,V4,sub-03,4,30,0.008571,1.3e-05
Backprop,FC1,LOC,sub-01,4,30,0.012468,0.0
Backprop,FC1,LOC,sub-02,4,30,0.022673,0.0
Backprop,FC1,LOC,sub-03,4,30,0.006942,0.000413
Backprop,FC1,IT,sub-01,4,30,0.013185,0.0
Backprop,FC1,IT,sub-02,4,30,0.015516,0.0
Backprop,FC1,IT,sub-03,4,30,0.005938,0.002517
Backprop,Conv1,V1,sub-01,4,40,0.031237,0.0
Backprop,Conv1,V1,sub-02,4,40,0.050128,0.0
Backprop,Conv1,V1,sub-03,4,40,0.012009,0.0
Backprop,Conv1,V2,sub-01,4,40,0.018683,0.0
Backprop,Conv1,V2,sub-02,4,40,0.030547,0.0
Backprop,Conv1,V2,sub-03,4,40,0.003422,0.081668
Backprop,Conv1,V3,sub-01,4,40,0.016559,0.0
Backprop,Conv1,V3,sub-02,4,40,0.026373,0.0
Backprop,Conv1,V3,sub-03,4,40,0.004325,0.027781
Backprop,Conv1,V4,sub-01,4,40,0.006479,0.00098
Backprop,Conv1,V4,sub-02,4,40,0.016498,0.0
Backprop,Conv1,V4,sub-03,4,40,0.006228,0.001532
Backprop,Conv1,LOC,sub-01,4,40,0.005914,0.002624
Backprop,Conv1,LOC,sub-02,4,40,0.00718,0.000259
Backprop,Conv1,LOC,sub-03,4,40,0.001013,0.606451
Backprop,Conv1,IT,sub-01,4,40,0.007658,9.8e-05
Backprop,Conv1,IT,sub-02,4,40,0.008404,1.9e-05
Backprop,Conv1,IT,sub-03,4,40,0.003101,0.114666
Backprop,Conv2,V1,sub-01,4,40,-0.021704,0.0
Backprop,Conv2,V1,sub-02,4,40,-0.043486,0.0
Backprop,Conv2,V1,sub-03,4,40,0.004208,0.03229
Backprop,Conv2,V2,sub-01,4,40,-0.006998,0.00037
Backprop,Conv2,V2,sub-02,4,40,-0.034099,0.0
Backprop,Conv2,V2,sub-03,4,40,0.002998,0.127191
Backprop,Conv2,V3,sub-01,4,40,-0.004692,0.016979
Backprop,Conv2,V3,sub-02,4,40,-0.03182,0.0
Backprop,Conv2,V3,sub-03,4,40,0.004204,0.032436
Backprop,Conv2,V4,sub-01,4,40,-0.007299,0.000204
Backprop,Conv2,V4,sub-02,4,40,-0.010982,0.0
Backprop,Conv2,V4,sub-03,4,40,0.010888,0.0
Backprop,Conv2,LOC,sub-01,4,40,0.006389,0.001152
Backprop,Conv2,LOC,sub-02,4,40,0.004501,0.022029
Backprop,Conv2,LOC,sub-03,4,40,0.001437,0.464848
Backprop,Conv2,IT,sub-01,4,40,0.008746,9e-06
Backprop,Conv2,IT,sub-02,4,40,-0.000872,0.657126
Backprop,Conv2,IT,sub-03,4,40,0.002428,0.216717
Backprop,Conv3,V1,sub-01,4,40,-0.029521,0.0
Backprop,Conv3,V1,sub-02,4,40,-0.052188,0.0
Backprop,Conv3,V1,sub-03,4,40,0.00126,0.521424
Backprop,Conv3,V2,sub-01,4,40,-0.013665,0.0
Backprop,Conv3,V2,sub-02,4,40,-0.042667,0.0
Backprop,Conv3,V2,sub-03,4,40,0.003213,0.102128
Backprop,Conv3,V3,sub-01,4,40,-0.008815,7e-06
Backprop,Conv3,V3,sub-02,4,40,-0.038622,0.0
Backprop,Conv3,V3,sub-03,4,40,0.00348,0.076641
Backprop,Conv3,V4,sub-01,4,40,-0.009228,3e-06
Backprop,Conv3,V4,sub-02,4,40,-0.003464,0.078052
Backprop,Conv3,V4,sub-03,4,40,0.008733,9e-06
Backprop,Conv3,LOC,sub-01,4,40,0.005932,0.002546
Backprop,Conv3,LOC,sub-02,4,40,0.009952,0.0
Backprop,Conv3,LOC,sub-03,4,40,0.003979,0.042911
Backprop,Conv3,IT,sub-01,4,40,0.008205,3e-05
Backprop,Conv3,IT,sub-02,4,40,0.000243,0.901729
Backprop,Conv3,IT,sub-03,4,40,0.00277,0.158805
Backprop,FC1,V1,sub-01,4,40,-0.014311,0.0
Backprop,FC1,V1,sub-02,4,40,-0.02803,0.0
Backprop,FC1,V1,sub-03,4,40,0.005302,0.006984
Backprop,FC1,V2,sub-01,4,40,-0.00322,0.101336
Backprop,FC1,V2,sub-02,4,40,-0.012433,0.0
Backprop,FC1,V2,sub-03,4,40,0.006682,0.000675
Backprop,FC1,V3,sub-01,4,40,-0.001565,0.425964
Backprop,FC1,V3,sub-02,4,40,-0.005909,0.002645
Backprop,FC1,V3,sub-03,4,40,0.003832,0.051241
Backprop,FC1,V4,sub-01,4,40,-0.004374,0.026061
Backprop,FC1,V4,sub-02,4,40,0.011524,0.0
Backprop,FC1,V4,sub-03,4,40,0.008696,1e-05
Backprop,FC1,LOC,sub-01,4,40,0.011005,0.0
Backprop,FC1,LOC,sub-02,4,40,0.020397,0.0
Backprop,FC1,LOC,sub-03,4,40,0.006897,0.00045
Backprop,FC1,IT,sub-01,4,40,0.011946,0.0
Backprop,FC1,IT,sub-02,4,40,0.012099,0.0
Backprop,FC1,IT,sub-03,4,40,0.005433,0.00571
Feedback Alignment,Conv1,V1,sub-01,4,0,0.059758,0.0
Feedback Alignment,Conv1,V1,sub-02,4,0,0.094538,0.0
Feedback Alignment,Conv1,V1,sub-03,4,0,0.017327,0.0
Feedback Alignment,Conv1,V2,sub-01,4,0,0.037004,0.0
Feedback Alignment,Conv1,V2,sub-02,4,0,0.052912,0.0
Feedback Alignment,Conv1,V2,sub-03,4,0,0.00195,0.32114
Feedback Alignment,Conv1,V3,sub-01,4,0,0.026816,0.0
Feedback Alignment,Conv1,V3,sub-02,4,0,0.030946,0.0
Feedback Alignment,Conv1,V3,sub-03,4,0,0.004983,0.01124
Feedback Alignment,Conv1,V4,sub-01,4,0,0.014371,0.0
Feedback Alignment,Conv1,V4,sub-02,4,0,0.007406,0.000164
Feedback Alignment,Conv1,V4,sub-03,4,0,0.003984,0.042667
Feedback Alignment,Conv1,LOC,sub-01,4,0,0.005422,0.005803
Feedback Alignment,Conv1,LOC,sub-02,4,0,-0.010535,0.0
Feedback Alignment,Conv1,LOC,sub-03,4,0,-0.001138,0.562448
Feedback Alignment,Conv1,IT,sub-01,4,0,0.005417,0.005849
Feedback Alignment,Conv1,IT,sub-02,4,0,-0.002646,0.178213
Feedback Alignment,Conv1,IT,sub-03,4,0,0.001939,0.323921
Feedback Alignment,Conv2,V1,sub-01,4,0,0.070063,0.0
Feedback Alignment,Conv2,V1,sub-02,4,0,0.114244,0.0
Feedback Alignment,Conv2,V1,sub-03,4,0,0.019423,0.0
Feedback Alignment,Conv2,V2,sub-01,4,0,0.043479,0.0
Feedback Alignment,Conv2,V2,sub-02,4,0,0.07128,0.0
Feedback Alignment,Conv2,V2,sub-03,4,0,0.00286,0.145705
Feedback Alignment,Conv2,V3,sub-01,4,0,0.033058,0.0
Feedback Alignment,Conv2,V3,sub-02,4,0,0.048501,0.0
Feedback Alignment,Conv2,V3,sub-03,4,0,0.005883,0.002764
Feedback Alignment,Conv2,V4,sub-01,4,0,0.0179,0.0
Feedback Alignment,Conv2,V4,sub-02,4,0,0.01219,0.0
Feedback Alignment,Conv2,V4,sub-03,4,0,0.003498,0.07512
Feedback Alignment,Conv2,LOC,sub-01,4,0,0.006312,0.001322
Feedback Alignment,Conv2,LOC,sub-02,4,0,-0.012113,0.0
Feedback Alignment,Conv2,LOC,sub-03,4,0,-0.002095,0.286479
Feedback Alignment,Conv2,IT,sub-01,4,0,0.006341,0.001254
Feedback Alignment,Conv2,IT,sub-02,4,0,-0.002469,0.20914
Feedback Alignment,Conv2,IT,sub-03,4,0,0.002095,0.286413
Feedback Alignment,Conv3,V1,sub-01,4,0,0.077606,0.0
Feedback Alignment,Conv3,V1,sub-02,4,0,0.127294,0.0
Feedback Alignment,Conv3,V1,sub-03,4,0,0.020585,0.0
Feedback Alignment,Conv3,V2,sub-01,4,0,0.047447,0.0
Feedback Alignment,Conv3,V2,sub-02,4,0,0.081172,0.0
Feedback Alignment,Conv3,V2,sub-03,4,0,0.003526,0.07279
Feedback Alignment,Conv3,V3,sub-01,4,0,0.036838,0.0
Feedback Alignment,Conv3,V3,sub-02,4,0,0.058832,0.0
Feedback Alignment,Conv3,V3,sub-03,4,0,0.00651,0.000926
Feedback Alignment,Conv3,V4,sub-01,4,0,0.02026,0.0
Feedback Alignment,Conv3,V4,sub-02,4,0,0.017344,0.0
Feedback Alignment,Conv3,V4,sub-03,4,0,0.003057,0.119819
Feedback Alignment,Conv3,LOC,sub-01,4,0,0.006851,0.000491
Feedback Alignment,Conv3,LOC,sub-02,4,0,-0.010598,0.0
Feedback Alignment,Conv3,LOC,sub-03,4,0,-0.001702,0.386544
Feedback Alignment,Conv3,IT,sub-01,4,0,0.0069,0.000447
Feedback Alignment,Conv3,IT,sub-02,4,0,-0.000154,0.937416
Feedback Alignment,Conv3,IT,sub-03,4,0,0.002187,0.265891
Feedback Alignment,FC1,V1,sub-01,4,0,0.118858,0.0
Feedback Alignment,FC1,V1,sub-02,4,0,0.169283,0.0
Feedback Alignment,FC1,V1,sub-03,4,0,0.028866,0.0
Feedback Alignment,FC1,V2,sub-01,4,0,0.068629,0.0
Feedback Alignment,FC1,V2,sub-02,4,0,0.109229,0.0
Feedback Alignment,FC1,V2,sub-03,4,0,0.007786,7.5e-05
Feedback Alignment,FC1,V3,sub-01,4,0,0.047563,0.0
Feedback Alignment,FC1,V3,sub-02,4,0,0.093664,0.0
Feedback Alignment,FC1,V3,sub-03,4,0,0.00835,2.2e-05
Feedback Alignment,FC1,V4,sub-01,4,0,0.026548,0.0
Feedback Alignment,FC1,V4,sub-02,4,0,0.039803,0.0
Feedback Alignment,FC1,V4,sub-03,4,0,0.001284,0.513452
Feedback Alignment,FC1,LOC,sub-01,4,0,0.002843,0.148072
Feedback Alignment,FC1,LOC,sub-02,4,0,-0.006757,0.000587
Feedback Alignment,FC1,LOC,sub-03,4,0,0.001214,0.53672
Feedback Alignment,FC1,IT,sub-01,4,0,0.002683,0.172236
Feedback Alignment,FC1,IT,sub-02,4,0,0.011185,0.0
Feedback Alignment,FC1,IT,sub-03,4,0,0.003193,0.104249
Feedback Alignment,Conv1,V1,sub-01,4,1,0.003741,0.056976
Feedback Alignment,Conv1,V1,sub-02,4,1,0.019161,0.0
Feedback Alignment,Conv1,V1,sub-03,4,1,0.003856,0.049787
Feedback Alignment,Conv1,V2,sub-01,4,1,0.000309,0.875255
Feedback Alignment,Conv1,V2,sub-02,4,1,0.010185,0.0
Feedback Alignment,Conv1,V2,sub-03,4,1,0.000152,0.938556
Feedback Alignment,Conv1,V3,sub-01,4,1,0.00428,0.029445
Feedback Alignment,Conv1,V3,sub-02,4,1,0.010726,0.0
Feedback Alignment,Conv1,V3,sub-03,4,1,-0.000183,0.92593
Feedback Alignment,Conv1,V4,sub-01,4,1,-0.001545,0.431946
Feedback Alignment,Conv1,V4,sub-02,4,1,0.007773,7.7e-05
Feedback Alignment,Conv1,V4,sub-03,4,1,0.00343,0.080944
Feedback Alignment,Conv1,LOC,sub-01,4,1,0.003943,0.044846
Feedback Alignment,Conv1,LOC,sub-02,4,1,0.00628,0.001398
Feedback Alignment,Conv1,LOC,sub-03,4,1,-0.000169,0.931287
Feedback Alignment,Conv1,IT,sub-01,4,1,0.005168,0.008552
Feedback Alignment,Conv1,IT,sub-02,4,1,0.005715,0.003644
Feedback Alignment,Conv1,IT,sub-03,4,1,0.002461,0.210501
Feedback Alignment,Conv2,V1,sub-01,4,1,0.005027,0.010537
Feedback Alignment,Conv2,V1,sub-02,4,1,0.01371,0.0
Feedback Alignment,Conv2,V1,sub-03,4,1,0.005138,0.008949
Feedback Alignment,Conv2,V2,sub-01,4,1,0.004659,0.017773
Feedback Alignment,Conv2,V2,sub-02,4,1,0.007214,0.000242
Feedback Alignment,Conv2,V2,sub-03,4,1,0.001563,0.426646
Feedback Alignment,Conv2,V3,sub-01,4,1,0.008544,1.4e-05
Feedback Alignment,Conv2,V3,sub-02,4,1,0.003875,0.04866
Feedback Alignment,Conv2,V3,sub-03,4,1,0.002418,0.218572
Feedback Alignment,Conv2,V4,sub-01,4,1,0.001351,0.4919
Feedback Alignment,Conv2,V4,sub-02,4,1,0.00237,0.227981
Feedback Alignment,Conv2,V4,sub-03,4,1,0.007129,0.000287
Feedback Alignment,Conv2,LOC,sub-01,4,1,0.007824,6.9e-05
Feedback Alignment,Conv2,LOC,sub-02,4,1,0.003155,0.108414
Feedback Alignment,Conv2,LOC,sub-03,4,1,-5.7e-05,0.976878
Feedback Alignment,Conv2,IT,sub-01,4,1,0.009878,1e-06
Feedback Alignment,Conv2,IT,sub-02,4,1,0.004004,0.041665
Feedback Alignment,Conv2,IT,sub-03,4,1,0.001807,0.357924
Feedback Alignment,Conv3,V1,sub-01,4,1,-0.010426,0.0
Feedback Alignment,Conv3,V1,sub-02,4,1,-0.016609,0.0
Feedback Alignment,Conv3,V1,sub-03,4,1,0.005206,0.008077
Feedback Alignment,Conv3,V2,sub-01,4,1,-0.00343,0.081011
Feedback Alignment,Conv3,V2,sub-02,4,1,-0.012042,0.0
Feedback Alignment,Conv3,V2,sub-03,4,1,0.002778,0.157604
Feedback Alignment,Conv3,V3,sub-01,4,1,0.001596,0.416755
Feedback Alignment,Conv3,V3,sub-02,4,1,-0.012655,0.0
Feedback Alignment,Conv3,V3,sub-03,4,1,0.003262,0.096987
Feedback Alignment,Conv3,V4,sub-01,4,1,-0.003775,0.054792
Feedback Alignment,Conv3,V4,sub-02,4,1,-0.004186,0.033178
Feedback Alignment,Conv3,V4,sub-03,4,1,0.01051,0.0
Feedback Alignment,Conv3,LOC,sub-01,4,1,0.006923,0.000428
Feedback Alignment,Conv3,LOC,sub-02,4,1,0.004429,0.024235
Feedback Alignment,Conv3,LOC,sub-03,4,1,-0.000672,0.732608
Feedback Alignment,Conv3,IT,sub-01,4,1,0.00944,2e-06
Feedback Alignment,Conv3,IT,sub-02,4,1,0.001749,0.373564
Feedback Alignment,Conv3,IT,sub-03,4,1,0.001996,0.309811
Feedback Alignment,FC1,V1,sub-01,4,1,0.038749,0.0
Feedback Alignment,FC1,V1,sub-02,4,1,0.03747,0.0
Feedback Alignment,FC1,V1,sub-03,4,1,0.014945,0.0
Feedback Alignment,FC1,V2,sub-01,4,1,0.024914,0.0
Feedback Alignment,FC1,V2,sub-02,4,1,0.02896,0.0
Feedback Alignment,FC1,V2,sub-03,4,1,0.006722,0.000627
Feedback Alignment,FC1,V3,sub-01,4,1,0.020495,0.0
Feedback Alignment,FC1,V3,sub-02,4,1,0.029622,0.0
Feedback Alignment,FC1,V3,sub-03,4,1,0.006035,0.002136
Feedback Alignment,FC1,V4,sub-01,4,1,0.008369,2.1e-05
Feedback Alignment,FC1,V4,sub-02,4,1,0.01645,0.0
Feedback Alignment,FC1,V4,sub-03,4,1,0.008896,6e-06
Feedback Alignment,FC1,LOC,sub-01,4,1,0.007162,0.000268
Feedback Alignment,FC1,LOC,sub-02,4,1,0.001721,0.381205
Feedback Alignment,FC1,LOC,sub-03,4,1,-0.001103,0.574796
Feedback Alignment,FC1,IT,sub-01,4,1,0.009164,3e-06
Feedback Alignment,FC1,IT,sub-02,4,1,0.008457,1.7e-05
Feedback Alignment,FC1,IT,sub-03,4,1,0.003097,0.115166
Feedback Alignment,Conv1,V1,sub-01,4,2,0.002763,0.159767
Feedback Alignment,Conv1,V1,sub-02,4,2,0.018248,0.0
Feedback Alignment,Conv1,V1,sub-03,4,2,0.003559,0.07018
Feedback Alignment,Conv1,V2,sub-01,4,2,-0.000244,0.90129
Feedback Alignment,Conv1,V2,sub-02,4,2,0.010063,0.0
Feedback Alignment,Conv1,V2,sub-03,4,2,0.000228,0.907481
Feedback Alignment,Conv1,V3,sub-01,4,2,0.003976,0.043106
Feedback Alignment,Conv1,V3,sub-02,4,2,0.011187,0.0
Feedback Alignment,Conv1,V3,sub-03,4,2,-0.000183,0.925899
Feedback Alignment,Conv1,V4,sub-01,4,2,-0.001861,0.343711
Feedback Alignment,Conv1,V4,sub-02,4,2,0.007906,5.8e-05
Feedback Alignment,Conv1,V4,sub-03,4,2,0.003482,0.076481
Feedback Alignment,Conv1,LOC,sub-01,4,2,0.003775,0.054756
Feedback Alignment,Conv1,LOC,sub-02,4,2,0.006545,0.000869
Feedback Alignment,Conv1,LOC,sub-03,4,2,-0.000217,0.912185
Feedback Alignment,Conv1,IT,sub-01,4,2,0.005073,0.00985
Feedback Alignment,Conv1,IT,sub-02,4,2,0.005938,0.00252
Feedback Alignment,Conv1,IT,sub-03,4,2,0.002473,0.208345
Feedback Alignment,Conv2,V1,sub-01,4,2,0.004495,0.02219
Feedback Alignment,Conv2,V1,sub-02,4,2,0.013267,0.0
Feedback Alignment,Conv2,V1,sub-03,4,2,0.004972,0.011414
Feedback Alignment,Conv2,V2,sub-01,4,2,0.004303,0.028594
Feedback Alignment,Conv2,V2,sub-02,4,2,0.007102,0.000303
Feedback Alignment,Conv2,V2,sub-03,4,2,0.001555,0.428732
Feedback Alignment,Conv2,V3,sub-01,4,2,0.008325,2.3e-05
Feedback Alignment,Conv2,V3,sub-02,4,2,0.004127,0.035754
Feedback Alignment,Conv2,V3,sub-03,4,2,0.002337,0.234454
Feedback Alignment,Conv2,V4,sub-01,4,2,0.001156,0.556443
Feedback Alignment,Conv2,V4,sub-02,4,2,0.002572,0.190679
Feedback Alignment,Conv2,V4,sub-03,4,2,0.007068,0.000323
Feedback Alignment,Conv2,LOC,sub-01,4,2,0.007735,8.3e-05
Feedback Alignment,Conv2,LOC,sub-02,4,2,0.003252,0.098069
Feedback Alignment,Conv2,LOC,sub-03,4,2,-6.7e-05,0.97294
Feedback Alignment,Conv2,IT,sub-01,4,2,0.009822,1e-06
Feedback Alignment,Conv2,IT,sub-02,4,2,0.004083,0.037759
Feedback Alignment,Conv2,IT,sub-03,4,2,0.001805,0.358356
Feedback Alignment,Conv3,V1,sub-01,4,2,-0.010478,0.0
Feedback Alignment,Conv3,V1,sub-02,4,2,-0.016277,0.0
Feedback Alignment,Conv3,V1,sub-03,4,2,0.005185,0.008336
Feedback Alignment,Conv3,V2,sub-01,4,2,-0.003426,0.081344
Feedback Alignment,Conv3,V2,sub-02,4,2,-0.011663,0.0
Feedback Alignment,Conv3,V2,sub-03,4,2,0.002789,0.155844
Feedback Alignment,Conv3,V3,sub-01,4,2,0.0016,0.415607
Feedback Alignment,Conv3,V3,sub-02,4,2,-0.012245,0.0
Feedback Alignment,Conv3,V3,sub-03,4,2,0.003233,0.099992
Feedback Alignment,Conv3,V4,sub-01,4,2,-0.003811,0.052506
Feedback Alignment,Conv3,V4,sub-02,4,2,-0.003933,0.045406
Feedback Alignment,Conv3,V4,sub-03,4,2,0.010447,0.0
Feedback Alignment,Conv3,LOC,sub-01,4,2,0.006854,0.000489
Feedback Alignment,Conv3,LOC,sub-02,4,2,0.004453,0.02348
Feedback Alignment,Conv3,LOC,sub-03,4,2,-0.000701,0.721524
Feedback Alignment,Conv3,IT,sub-01,4,2,0.009378,2e-06
Feedback Alignment,Conv3,IT,sub-02,4,2,0.001797,0.360552
Feedback Alignment,Conv3,IT,sub-03,4,2,0.001965,0.317471
Feedback Alignment,FC1,V1,sub-01,4,2,0.036165,0.0
Feedback Alignment,FC1,V1,sub-02,4,2,0.036536,0.0
Feedback Alignment,FC1,V1,sub-03,4,2,0.014116,0.0
Feedback Alignment,FC1,V2,sub-01,4,2,0.023966,0.0
Feedback Alignment,FC1,V2,sub-02,4,2,0.028936,0.0
Feedback Alignment,FC1,V2,sub-03,4,2,0.006319,0.001305
Feedback Alignment,FC1,V3,sub-01,4,2,0.020137,0.0
Feedback Alignment,FC1,V3,sub-02,4,2,0.028495,0.0
Feedback Alignment,FC1,V3,sub-03,4,2,0.005463,0.005446
Feedback Alignment,FC1,V4,sub-01,4,2,0.008101,3.8e-05
Feedback Alignment,FC1,V4,sub-02,4,2,0.016146,0.0
Feedback Alignment,FC1,V4,sub-03,4,2,0.008439,1.8e-05
Feedback Alignment,FC1,LOC,sub-01,4,2,0.007141,0.00028
Feedback Alignment,FC1,LOC,sub-02,4,2,0.001768,0.368395
Feedback Alignment,FC1,LOC,sub-03,4,2,-0.001218,0.535615
Feedback Alignment,FC1,IT,sub-01,4,2,0.009171,3e-06
Feedback Alignment,FC1,IT,sub-02,4,2,0.008292,2.5e-05
Feedback Alignment,FC1,IT,sub-03,4,2,0.002575,0.190145
Feedback Alignment,Conv1,V1,sub-01,4,5,0.002659,0.176088
Feedback Alignment,Conv1,V1,sub-02,4,5,0.017259,0.0
Feedback Alignment,Conv1,V1,sub-03,4,5,0.003461,0.078288
Feedback Alignment,Conv1,V2,sub-01,4,5,-0.00029,0.882538
Feedback Alignment,Conv1,V2,sub-02,4,5,0.008999,5e-06
Feedback Alignment,Conv1,V2,sub-03,4,5,0.000101,0.959177
Feedback Alignment,Conv1,V3,sub-01,4,5,0.003842,0.050601
Feedback Alignment,Conv1,V3,sub-02,4,5,0.010145,0.0
Feedback Alignment,Conv1,V3,sub-03,4,5,-0.000249,0.899058
Feedback Alignment,Conv1,V4,sub-01,4,5,-0.001877,0.339536
Feedback Alignment,Conv1,V4,sub-02,4,5,0.007442,0.000153
Feedback Alignment,Conv1,V4,sub-03,4,5,0.00348,0.07667
Feedback Alignment,Conv1,LOC,sub-01,4,5,0.00386,0.049522
Feedback Alignment,Conv1,LOC,sub-02,4,5,0.006343,0.001251
Feedback Alignment,Conv1,LOC,sub-03,4,5,-0.000253,0.897567
Feedback Alignment,Conv1,IT,sub-01,4,5,0.005168,0.008562
Feedback Alignment,Conv1,IT,sub-02,4,5,0.005665,0.003952
Feedback Alignment,Conv1,IT,sub-03,4,5,0.002378,0.226402
Feedback Alignment,Conv2,V1,sub-01,4,5,0.004544,0.020796
Feedback Alignment,Conv2,V1,sub-02,4,5,0.012681,0.0
Feedback Alignment,Conv2,V1,sub-03,4,5,0.004943,0.011914
Feedback Alignment,Conv2,V2,sub-01,4,5,0.004348,0.026957
Feedback Alignment,Conv2,V2,sub-02,4,5,0.006492,0.000957
Feedback Alignment,Conv2,V2,sub-03,4,5,0.001552,0.429725
Feedback Alignment,Conv2,V3,sub-01,4,5,0.008359,2.1e-05
Feedback Alignment,Conv2,V3,sub-02,4,5,0.00344,0.08008
Feedback Alignment,Conv2,V3,sub-03,4,5,0.00241,0.22025
Feedback Alignment,Conv2,V4,sub-01,4,5,0.001224,0.533337
Feedback Alignment,Conv2,V4,sub-02,4,5,0.002185,0.266189
Feedback Alignment,Conv2,V4,sub-03,4,5,0.007187,0.000256
Feedback Alignment,Conv2,LOC,sub-01,4,5,0.007787,7.4e-05
Feedback Alignment,Conv2,LOC,sub-02,4,5,0.003099,0.114831
Feedback Alignment,Conv2,LOC,sub-03,4,5,-0.000118,0.952133
Feedback Alignment,Conv2,IT,sub-01,4,5,0.009903,0.0
Feedback Alignment,Conv2,IT,sub-02,4,5,0.003896,0.047438
Feedback Alignment,Conv2,IT,sub-03,4,5,0.001743,0.375195
Feedback Alignment,Conv3,V1,sub-01,4,5,-0.010483,0.0
Feedback Alignment,Conv3,V1,sub-02,4,5,-0.016154,0.0
Feedback Alignment,Conv3,V1,sub-03,4,5,0.005193,0.008245
Feedback Alignment,Conv3,V2,sub-01,4,5,-0.003394,0.084238
Feedback Alignment,Conv3,V2,sub-02,4,5,-0.011576,0.0
Feedback Alignment,Conv3,V2,sub-03,4,5,0.002864,0.145069
Feedback Alignment,Conv3,V3,sub-01,4,5,0.001705,0.385746
Feedback Alignment,Conv3,V3,sub-02,4,5,-0.012356,0.0
Feedback Alignment,Conv3,V3,sub-03,4,5,0.003322,0.091001
Feedback Alignment,Conv3,V4,sub-01,4,5,-0.003771,0.055031
Feedback Alignment,Conv3,V4,sub-02,4,5,-0.004226,0.031537
Feedback Alignment,Conv3,V4,sub-03,4,5,0.010473,0.0
Feedback Alignment,Conv3,LOC,sub-01,4,5,0.006771,0.000571
Feedback Alignment,Conv3,LOC,sub-02,4,5,0.00466,0.017756
Feedback Alignment,Conv3,LOC,sub-03,4,5,-0.000762,0.698279
Feedback Alignment,Conv3,IT,sub-01,4,5,0.009271,2e-06
Feedback Alignment,Conv3,IT,sub-02,4,5,0.001931,0.325775
Feedback Alignment,Conv3,IT,sub-03,4,5,0.001895,0.335021
Feedback Alignment,FC1,V1,sub-01,4,5,0.029525,0.0
Feedback Alignment,FC1,V1,sub-02,4,5,0.032027,0.0
Feedback Alignment,FC1,V1,sub-03,4,5,0.012896,0.0
Feedback Alignment,FC1,V2,sub-01,4,5,0.020319,0.0
Feedback Alignment,FC1,V2,sub-02,4,5,0.025548,0.0
Feedback Alignment,FC1,V2,sub-03,4,5,0.005436,0.005678
Feedback Alignment,FC1,V3,sub-01,4,5,0.018106,0.0
Feedback Alignment,FC1,V3,sub-02,4,5,0.023799,0.0
Feedback Alignment,FC1,V3,sub-03,4,5,0.004535,0.021048
Feedback Alignment,FC1,V4,sub-01,4,5,0.006812,0.000529
Feedback Alignment,FC1,V4,sub-02,4,5,0.013934,0.0
Feedback Alignment,FC1,V4,sub-03,4,5,0.008021,4.5e-05
Feedback Alignment,FC1,LOC,sub-01,4,5,0.006966,0.000394
Feedback Alignment,FC1,LOC,sub-02,4,5,0.00362,0.065506
Feedback Alignment,FC1,LOC,sub-03,4,5,-0.001404,0.475125
Feedback Alignment,FC1,IT,sub-01,4,5,0.009024,4e-06
Feedback Alignment,FC1,IT,sub-02,4,5,0.008607,1.2e-05
Feedback Alignment,FC1,IT,sub-03,4,5,0.001899,0.333922
Feedback Alignment,Conv1,V1,sub-01,4,10,0.003706,0.059364
Feedback Alignment,Conv1,V1,sub-02,4,10,0.019627,0.0
Feedback Alignment,Conv1,V1,sub-03,4,10,0.003909,0.046741
Feedback Alignment,Conv1,V2,sub-01,4,10,0.000301,0.878489
Feedback Alignment,Conv1,V2,sub-02,4,10,0.010723,0.0
Feedback Alignment,Conv1,V2,sub-03,4,10,0.000201,0.918366
Feedback Alignment,Conv1,V3,sub-01,4,10,0.004318,0.028041
Feedback Alignment,Conv1,V3,sub-02,4,10,0.011221,0.0
Feedback Alignment,Conv1,V3,sub-03,4,10,-0.000152,0.938233
Feedback Alignment,Conv1,V4,sub-01,4,10,-0.001568,0.424899
Feedback Alignment,Conv1,V4,sub-02,4,10,0.00796,5.1e-05
Feedback Alignment,Conv1,V4,sub-03,4,10,0.003443,0.079867
Feedback Alignment,Conv1,LOC,sub-01,4,10,0.003955,0.044215
Feedback Alignment,Conv1,LOC,sub-02,4,10,0.006355,0.001224
Feedback Alignment,Conv1,LOC,sub-03,4,10,-0.000144,0.941569
Feedback Alignment,Conv1,IT,sub-01,4,10,0.005168,0.008555
Feedback Alignment,Conv1,IT,sub-02,4,10,0.005835,0.002991
Feedback Alignment,Conv1,IT,sub-03,4,10,0.002517,0.200343
Feedback Alignment,Conv2,V1,sub-01,4,10,0.005027,0.010548
Feedback Alignment,Conv2,V1,sub-02,4,10,0.01377,0.0
Feedback Alignment,Conv2,V1,sub-03,4,10,0.005231,0.007782
Feedback Alignment,Conv2,V2,sub-01,4,10,0.004657,0.017811
Feedback Alignment,Conv2,V2,sub-02,4,10,0.007245,0.000228
Feedback Alignment,Conv2,V2,sub-03,4,10,0.001579,0.421772
Feedback Alignment,Conv2,V3,sub-01,4,10,0.008568,1.3e-05
Feedback Alignment,Conv2,V3,sub-02,4,10,0.003822,0.051818
Feedback Alignment,Conv2,V3,sub-03,4,10,0.002461,0.210624
Feedback Alignment,Conv2,V4,sub-01,4,10,0.001348,0.492943
Feedback Alignment,Conv2,V4,sub-02,4,10,0.002198,0.263381
Feedback Alignment,Conv2,V4,sub-03,4,10,0.007195,0.000252
Feedback Alignment,Conv2,LOC,sub-01,4,10,0.00784,6.6e-05
Feedback Alignment,Conv2,LOC,sub-02,4,10,0.003123,0.112071
Feedback Alignment,Conv2,LOC,sub-03,4,10,-0.000167,0.932274
Feedback Alignment,Conv2,IT,sub-01,4,10,0.009895,0.0
Feedback Alignment,Conv2,IT,sub-02,4,10,0.003966,0.043622
Feedback Alignment,Conv2,IT,sub-03,4,10,0.001762,0.370143
Feedback Alignment,Conv3,V1,sub-01,4,10,-0.009785,1e-06
Feedback Alignment,Conv3,V1,sub-02,4,10,-0.014382,0.0
Feedback Alignment,Conv3,V1,sub-03,4,10,0.005606,0.004341
Feedback Alignment,Conv3,V2,sub-01,4,10,-0.002954,0.132918
Feedback Alignment,Conv3,V2,sub-02,4,10,-0.010299,0.0
Feedback Alignment,Conv3,V2,sub-03,4,10,0.003006,0.126141
Feedback Alignment,Conv3,V3,sub-01,4,10,0.002028,0.302156
Feedback Alignment,Conv3,V3,sub-02,4,10,-0.011499,0.0
Feedback Alignment,Conv3,V3,sub-03,4,10,0.003434,0.080591
Feedback Alignment,Conv3,V4,sub-01,4,10,-0.003641,0.063953
Feedback Alignment,Conv3,V4,sub-02,4,10,-0.004202,0.032539
Feedback Alignment,Conv3,V4,sub-03,4,10,0.010411,0.0
Feedback Alignment,Conv3,LOC,sub-01,4,10,0.006705,0.000647
Feedback Alignment,Conv3,LOC,sub-02,4,10,0.004841,0.013778
Feedback Alignment,Conv3,LOC,sub-03,4,10,-0.000827,0.674023
Feedback Alignment,Conv3,IT,sub-01,4,10,0.009144,3e-06
Feedback Alignment,Conv3,IT,sub-02,4,10,0.002183,0.266815
Feedback Alignment,Conv3,IT,sub-03,4,10,0.001902,0.333217
Feedback Alignment,FC1,V1,sub-01,4,10,0.023267,0.0
Feedback Alignment,FC1,V1,sub-02,4,10,0.026674,0.0
Feedback Alignment,FC1,V1,sub-03,4,10,0.012325,0.0
Feedback Alignment,FC1,V2,sub-01,4,10,0.016433,0.0
Feedback Alignment,FC1,V2,sub-02,4,10,0.021915,0.0
Feedback Alignment,FC1,V2,sub-03,4,10,0.005199,0.008168
Feedback Alignment,FC1,V3,sub-01,4,10,0.014823,0.0
Feedback Alignment,FC1,V3,sub-02,4,10,0.019425,0.0
Feedback Alignment,FC1,V3,sub-03,4,10,0.004093,0.037313
Feedback Alignment,FC1,V4,sub-01,4,10,0.004783,0.014947
Feedback Alignment,FC1,V4,sub-02,4,10,0.011807,0.0
Feedback Alignment,FC1,V4,sub-03,4,10,0.007913,5.7e-05
Feedback Alignment,FC1,LOC,sub-01,4,10,0.006905,0.000443
Feedback Alignment,FC1,LOC,sub-02,4,10,0.00527,0.007337
Feedback Alignment,FC1,LOC,sub-03,4,10,-0.001271,0.51777
Feedback Alignment,FC1,IT,sub-01,4,10,0.009086,4e-06
Feedback Alignment,FC1,IT,sub-02,4,10,0.008714,9e-06
Feedback Alignment,FC1,IT,sub-03,4,10,0.001789,0.362762
Feedback Alignment,Conv1,V1,sub-01,4,20,0.002678,0.172986
Feedback Alignment,Conv1,V1,sub-02,4,20,0.018209,0.0
Feedback Alignment,Conv1,V1,sub-03,4,20,0.003502,0.074803
Feedback Alignment,Conv1,V2,sub-01,4,20,-0.000303,0.877473
Feedback Alignment,Conv1,V2,sub-02,4,20,0.010084,0.0
Feedback Alignment,Conv1,V2,sub-03,4,20,0.000245,0.900847
Feedback Alignment,Conv1,V3,sub-01,4,20,0.003936,0.045209
Feedback Alignment,Conv1,V3,sub-02,4,20,0.011292,0.0
Feedback Alignment,Conv1,V3,sub-03,4,20,-0.000195,0.920783
Feedback Alignment,Conv1,V4,sub-01,4,20,-0.001923,0.32784
Feedback Alignment,Conv1,V4,sub-02,4,20,0.007983,4.9e-05
Feedback Alignment,Conv1,V4,sub-03,4,20,0.003471,0.077419
Feedback Alignment,Conv1,LOC,sub-01,4,20,0.003777,0.054663
Feedback Alignment,Conv1,LOC,sub-02,4,20,0.0065,0.000943
Feedback Alignment,Conv1,LOC,sub-03,4,20,-0.000199,0.919293
Feedback Alignment,Conv1,IT,sub-01,4,20,0.00508,0.009749
Feedback Alignment,Conv1,IT,sub-02,4,20,0.005934,0.002537
Feedback Alignment,Conv1,IT,sub-03,4,20,0.002465,0.209716
Feedback Alignment,Conv2,V1,sub-01,4,20,0.004099,0.037049
Feedback Alignment,Conv2,V1,sub-02,4,20,0.012274,0.0
Feedback Alignment,Conv2,V1,sub-03,4,20,0.004848,0.013635
Feedback Alignment,Conv2,V2,sub-01,4,20,0.003977,0.043035
Feedback Alignment,Conv2,V2,sub-02,4,20,0.006345,0.001246
Feedback Alignment,Conv2,V2,sub-03,4,20,0.001535,0.434765
Feedback Alignment,Conv2,V3,sub-01,4,20,0.008131,3.5e-05
Feedback Alignment,Conv2,V3,sub-02,4,20,0.003612,0.066151
Feedback Alignment,Conv2,V3,sub-03,4,20,0.002327,0.23649
Feedback Alignment,Conv2,V4,sub-01,4,20,0.001027,0.601323
Feedback Alignment,Conv2,V4,sub-02,4,20,0.002401,0.22179
Feedback Alignment,Conv2,V4,sub-03,4,20,0.00712,0.000292
Feedback Alignment,Conv2,LOC,sub-01,4,20,0.007771,7.7e-05
Feedback Alignment,Conv2,LOC,sub-02,4,20,0.003237,0.099575
Feedback Alignment,Conv2,LOC,sub-03,4,20,-0.000158,0.935796
Feedback Alignment,Conv2,IT,sub-01,4,20,0.009939,0.0
Feedback Alignment,Conv2,IT,sub-02,4,20,0.003959,0.044014
Feedback Alignment,Conv2,IT,sub-03,4,20,0.001699,0.387324
Feedback Alignment,Conv3,V1,sub-01,4,20,-0.010279,0.0
Feedback Alignment,Conv3,V1,sub-02,4,20,-0.015084,0.0
Feedback Alignment,Conv3,V1,sub-03,4,20,0.005464,0.005436
Feedback Alignment,Conv3,V2,sub-01,4,20,-0.003285,0.094632
Feedback Alignment,Conv3,V2,sub-02,4,20,-0.010708,0.0
Feedback Alignment,Conv3,V2,sub-03,4,20,0.003017,0.124843
Feedback Alignment,Conv3,V3,sub-01,4,20,0.00164,0.404052
Feedback Alignment,Conv3,V3,sub-02,4,20,-0.011665,0.0
Feedback Alignment,Conv3,V3,sub-03,4,20,0.003401,0.083563
Feedback Alignment,Conv3,V4,sub-01,4,20,-0.00386,0.049576
Feedback Alignment,Conv3,V4,sub-02,4,20,-0.004111,0.036503
Feedback Alignment,Conv3,V4,sub-03,4,20,0.010378,0.0
Feedback Alignment,Conv3,LOC,sub-01,4,20,0.006594,0.000795
Feedback Alignment,Conv3,LOC,sub-02,4,20,0.005108,0.009354
Feedback Alignment,Conv3,LOC,sub-03,4,20,-0.000906,0.644668
Feedback Alignment,Conv3,IT,sub-01,4,20,0.009161,3e-06
Feedback Alignment,Conv3,IT,sub-02,4,20,0.002358,0.23018
Feedback Alignment,Conv3,IT,sub-03,4,20,0.001755,0.371863
Feedback Alignment,FC1,V1,sub-01,4,20,0.016971,0.0
Feedback Alignment,FC1,V1,sub-02,4,20,0.017325,0.0
Feedback Alignment,FC1,V1,sub-03,4,20,0.011292,0.0
Feedback Alignment,FC1,V2,sub-01,4,20,0.012592,0.0
Feedback Alignment,FC1,V2,sub-02,4,20,0.015391,0.0
Feedback Alignment,FC1,V2,sub-03,4,20,0.004898,0.012703
Feedback Alignment,FC1,V3,sub-01,4,20,0.011125,0.0
Feedback Alignment,FC1,V3,sub-02,4,20,0.013342,0.0
Feedback Alignment,FC1,V3,sub-03,4,20,0.003657,0.062773
Feedback Alignment,FC1,V4,sub-01,4,20,0.003186,0.105061
Feedback Alignment,FC1,V4,sub-02,4,20,0.009556,1e-06
Feedback Alignment,FC1,V4,sub-03,4,20,0.008357,2.1e-05
Feedback Alignment,FC1,LOC,sub-01,4,20,0.00687,0.000474
Feedback Alignment,FC1,LOC,sub-02,4,20,0.005944,0.002492
Feedback Alignment,FC1,LOC,sub-03,4,20,-0.001198,0.542173
Feedback Alignment,FC1,IT,sub-01,4,20,0.009369,2e-06
Feedback Alignment,FC1,IT,sub-02,4,20,0.00807,4e-05
Feedback Alignment,FC1,IT,sub-03,4,20,0.001699,0.387399
Feedback Alignment,Conv1,V1,sub-01,4,30,0.004415,0.024683
Feedback Alignment,Conv1,V1,sub-02,4,30,0.020521,0.0
Feedback Alignment,Conv1,V1,sub-03,4,30,0.004035,0.040076
Feedback Alignment,Conv1,V2,sub-01,4,30,0.000684,0.727887
Feedback Alignment,Conv1,V2,sub-02,4,30,0.011098,0.0
Feedback Alignment,Conv1,V2,sub-03,4,30,0.000212,0.914139
Feedback Alignment,Conv1,V3,sub-01,4,30,0.004564,0.020225
Feedback Alignment,Conv1,V3,sub-02,4,30,0.011313,0.0
Feedback Alignment,Conv1,V3,sub-03,4,30,-0.000145,0.941224
Feedback Alignment,Conv1,V4,sub-01,4,30,-0.001383,0.481752
Feedback Alignment,Conv1,V4,sub-02,4,30,0.008117,3.6e-05
Feedback Alignment,Conv1,V4,sub-03,4,30,0.003387,0.084836
Feedback Alignment,Conv1,LOC,sub-01,4,30,0.004004,0.041653
Feedback Alignment,Conv1,LOC,sub-02,4,30,0.006127,0.001825
Feedback Alignment,Conv1,LOC,sub-03,4,30,-9.5e-05,0.961456
Feedback Alignment,Conv1,IT,sub-01,4,30,0.00519,0.008281
Feedback Alignment,Conv1,IT,sub-02,4,30,0.00573,0.003554
Feedback Alignment,Conv1,IT,sub-03,4,30,0.002498,0.203815
Feedback Alignment,Conv2,V1,sub-01,4,30,0.005655,0.004013
Feedback Alignment,Conv2,V1,sub-02,4,30,0.014546,0.0
Feedback Alignment,Conv2,V1,sub-03,4,30,0.005346,0.00653
Feedback Alignment,Conv2,V2,sub-01,4,30,0.004988,0.011158
Feedback Alignment,Conv2,V2,sub-02,4,30,0.007561,0.00012
Feedback Alignment,Conv2,V2,sub-03,4,30,0.001598,0.416265
Feedback Alignment,Conv2,V3,sub-01,4,30,0.008824,7e-06
Feedback Alignment,Conv2,V3,sub-02,4,30,0.003856,0.049777
Feedback Alignment,Conv2,V3,sub-03,4,30,0.0025,0.203426
Feedback Alignment,Conv2,V4,sub-01,4,30,0.001498,0.44588
Feedback Alignment,Conv2,V4,sub-02,4,30,0.002302,0.241482
Feedback Alignment,Conv2,V4,sub-03,4,30,0.007187,0.000256
Feedback Alignment,Conv2,LOC,sub-01,4,30,0.007891,6e-05
Feedback Alignment,Conv2,LOC,sub-02,4,30,0.002984,0.128969
Feedback Alignment,Conv2,LOC,sub-03,4,30,-0.00017,0.931181
Feedback Alignment,Conv2,IT,sub-01,4,30,0.009987,0.0
Feedback Alignment,Conv2,IT,sub-02,4,30,0.003877,0.048535
Feedback Alignment,Conv2,IT,sub-03,4,30,0.001699,0.387253
Feedback Alignment,Conv3,V1,sub-01,4,30,-0.009517,1e-06
Feedback Alignment,Conv3,V1,sub-02,4,30,-0.014083,0.0
Feedback Alignment,Conv3,V1,sub-03,4,30,0.005812,0.003105
Feedback Alignment,Conv3,V2,sub-01,4,30,-0.00279,0.155792
Feedback Alignment,Conv3,V2,sub-02,4,30,-0.010193,0.0
Feedback Alignment,Conv3,V2,sub-03,4,30,0.00309,0.115902
Feedback Alignment,Conv3,V3,sub-01,4,30,0.001966,0.317134
Feedback Alignment,Conv3,V3,sub-02,4,30,-0.011618,0.0
Feedback Alignment,Conv3,V3,sub-03,4,30,0.003519,0.073381
Feedback Alignment,Conv3,V4,sub-01,4,30,-0.003635,0.064422
Feedback Alignment,Conv3,V4,sub-02,4,30,-0.004437,0.023987
Feedback Alignment,Conv3,V4,sub-03,4,30,0.010443,0.0
Feedback Alignment,Conv3,LOC,sub-01,4,30,0.006649,0.000718
Feedback Alignment,Conv3,LOC,sub-02,4,30,0.005062,0.010008
Feedback Alignment,Conv3,LOC,sub-03,4,30,-0.000922,0.638862
Feedback Alignment,Conv3,IT,sub-01,4,30,0.009192,3e-06
Feedback Alignment,Conv3,IT,sub-02,4,30,0.002394,0.223151
Feedback Alignment,Conv3,IT,sub-03,4,30,0.001823,0.353669
Feedback Alignment,FC1,V1,sub-01,4,30,0.015221,0.0
Feedback Alignment,FC1,V1,sub-02,4,30,0.014273,0.0
Feedback Alignment,FC1,V1,sub-03,4,30,0.011043,0.0
Feedback Alignment,FC1,V2,sub-01,4,30,0.01177,0.0
Feedback Alignment,FC1,V2,sub-02,4,30,0.013574,0.0
Feedback Alignment,FC1,V2,sub-03,4,30,0.004903,0.01261
Feedback Alignment,FC1,V3,sub-01,4,30,0.010158,0.0
Feedback Alignment,FC1,V3,sub-02,4,30,0.011445,0.0
Feedback Alignment,FC1,V3,sub-03,4,30,0.003612,0.066144
Feedback Alignment,FC1,V4,sub-01,4,30,0.002832,0.149689
Feedback Alignment,FC1,V4,sub-02,4,30,0.008698,1e-05
Feedback Alignment,FC1,V4,sub-03,4,30,0.008575,1.3e-05
Feedback Alignment,FC1,LOC,sub-01,4,30,0.006892,0.000454
Feedback Alignment,FC1,LOC,sub-02,4,30,0.006162,0.00172
Feedback Alignment,FC1,LOC,sub-03,4,30,-0.001075,0.584406
Feedback Alignment,FC1,IT,sub-01,4,30,0.009427,2e-06
Feedback Alignment,FC1,IT,sub-02,4,30,0.007899,5.8e-05
Feedback Alignment,FC1,IT,sub-03,4,30,0.001777,0.366003
Feedback Alignment,Conv1,V1,sub-01,4,40,0.002928,0.136314
Feedback Alignment,Conv1,V1,sub-02,4,40,0.017404,0.0
Feedback Alignment,Conv1,V1,sub-03,4,40,0.003577,0.068757
Feedback Alignment,Conv1,V2,sub-01,4,40,-0.000133,0.945971
Feedback Alignment,Conv1,V2,sub-02,4,40,0.008858,7e-06
Feedback Alignment,Conv1,V2,sub-03,4,40,3.5e-05,0.985897
Feedback Alignment,Conv1,V3,sub-01,4,40,0.003875,0.048667
Feedback Alignment,Conv1,V3,sub-02,4,40,0.009735,1e-06
Feedback Alignment,Conv1,V3,sub-03,4,40,-0.000265,0.892811
Feedback Alignment,Conv1,V4,sub-01,4,40,-0.001797,0.360586
Feedback Alignment,Conv1,V4,sub-02,4,40,0.007271,0.000216
Feedback Alignment,Conv1,V4,sub-03,4,40,0.003461,0.078248
Feedback Alignment,Conv1,LOC,sub-01,4,40,0.003998,0.041944
Feedback Alignment,Conv1,LOC,sub-02,4,40,0.006213,0.001574
Feedback Alignment,Conv1,LOC,sub-03,4,40,-0.000207,0.916259
Feedback Alignment,Conv1,IT,sub-01,4,40,0.005267,0.007374
Feedback Alignment,Conv1,IT,sub-02,4,40,0.005545,0.004787
Feedback Alignment,Conv1,IT,sub-03,4,40,0.002386,0.224857
Feedback Alignment,Conv2,V1,sub-01,4,40,0.004148,0.034834
Feedback Alignment,Conv2,V1,sub-02,4,40,0.011713,0.0
Feedback Alignment,Conv2,V1,sub-03,4,40,0.004943,0.011902
Feedback Alignment,Conv2,V2,sub-01,4,40,0.004093,0.037312
Feedback Alignment,Conv2,V2,sub-02,4,40,0.005693,0.003775
Feedback Alignment,Conv2,V2,sub-03,4,40,0.001486,0.44973
Feedback Alignment,Conv2,V3,sub-01,4,40,0.008116,3.6e-05
Feedback Alignment,Conv2,V3,sub-02,4,40,0.002587,0.188197
Feedback Alignment,Conv2,V3,sub-03,4,40,0.002423,0.217702
Feedback Alignment,Conv2,V4,sub-01,4,40,0.001129,0.565613
Feedback Alignment,Conv2,V4,sub-02,4,40,0.001703,0.386313
Feedback Alignment,Conv2,V4,sub-03,4,40,0.007298,0.000205
Feedback Alignment,Conv2,LOC,sub-01,4,40,0.007861,6.3e-05
Feedback Alignment,Conv2,LOC,sub-02,4,40,0.003148,0.10929
Feedback Alignment,Conv2,LOC,sub-03,4,40,-0.000197,0.920284
Feedback Alignment,Conv2,IT,sub-01,4,40,0.01,0.0
Feedback Alignment,Conv2,IT,sub-02,4,40,0.00377,0.055123
Feedback Alignment,Conv2,IT,sub-03,4,40,0.001695,0.388399
Feedback Alignment,Conv3,V1,sub-01,4,40,-0.01064,0.0
Feedback Alignment,Conv3,V1,sub-02,4,40,-0.016034,0.0
Feedback Alignment,Conv3,V1,sub-03,4,40,0.005434,0.005696
Feedback Alignment,Conv3,V2,sub-01,4,40,-0.003397,0.083937
Feedback Alignment,Conv3,V2,sub-02,4,40,-0.011415,0.0
Feedback Alignment,Conv3,V2,sub-03,4,40,0.002998,0.127217
Feedback Alignment,Conv3,V3,sub-01,4,40,0.001481,0.451264
Feedback Alignment,Conv3,V3,sub-02,4,40,-0.012566,0.0
Feedback Alignment,Conv3,V3,sub-03,4,40,0.003437,0.080336
Feedback Alignment,Conv3,V4,sub-01,4,40,-0.003912,0.046547
Feedback Alignment,Conv3,V4,sub-02,4,40,-0.004854,0.013519
Feedback Alignment,Conv3,V4,sub-03,4,40,0.010475,0.0
Feedback Alignment,Conv3,LOC,sub-01,4,40,0.006567,0.000835
Feedback Alignment,Conv3,LOC,sub-02,4,40,0.005093,0.009559
Feedback Alignment,Conv3,LOC,sub-03,4,40,-0.000945,0.630626
Feedback Alignment,Conv3,IT,sub-01,4,40,0.009117,4e-06
Feedback Alignment,Conv3,IT,sub-02,4,40,0.002223,0.257962
Feedback Alignment,Conv3,IT,sub-03,4,40,0.001757,0.371394
Feedback Alignment,FC1,V1,sub-01,4,40,0.013706,0.0
Feedback Alignment,FC1,V1,sub-02,4,40,0.011328,0.0
Feedback Alignment,FC1,V1,sub-03,4,40,0.01062,0.0
Feedback Alignment,FC1,V2,sub-01,4,40,0.010945,0.0
Feedback Alignment,FC1,V2,sub-02,4,40,0.011502,0.0
Feedback Alignment,FC1,V2,sub-03,4,40,0.004775,0.015124
Feedback Alignment,FC1,V3,sub-01,4,40,0.009504,1e-06
Feedback Alignment,FC1,V3,sub-02,4,40,0.009764,1e-06
Feedback Alignment,FC1,V3,sub-03,4,40,0.003533,0.072224
Feedback Alignment,FC1,V4,sub-01,4,40,0.00246,0.210697
Feedback Alignment,FC1,V4,sub-02,4,40,0.007926,5.5e-05
Feedback Alignment,FC1,V4,sub-03,4,40,0.008681,1e-05
Feedback Alignment,FC1,LOC,sub-01,4,40,0.006854,0.000488
Feedback Alignment,FC1,LOC,sub-02,4,40,0.006226,0.001536
Feedback Alignment,FC1,LOC,sub-03,4,40,-0.00112,0.568811
Feedback Alignment,FC1,IT,sub-01,4,40,0.009426,2e-06
Feedback Alignment,FC1,IT,sub-02,4,40,0.007636,0.000102
Feedback Alignment,FC1,IT,sub-03,4,40,0.001706,0.385296
Predictive Coding,Conv1,V1,sub-01,4,0,0.048036,0.0
Predictive Coding,Conv1,V1,sub-02,4,0,0.076709,0.0
Predictive Coding,Conv1,V1,sub-03,4,0,0.016592,0.0
Predictive Coding,Conv1,V2,sub-01,4,0,0.027394,0.0
Predictive Coding,Conv1,V2,sub-02,4,0,0.040873,0.0
Predictive Coding,Conv1,V2,sub-03,4,0,0.001695,0.388431
Predictive Coding,Conv1,V3,sub-01,4,0,0.021159,0.0
Predictive Coding,Conv1,V3,sub-02,4,0,0.026252,0.0
Predictive Coding,Conv1,V3,sub-03,4,0,0.004517,0.02156
Predictive Coding,Conv1,V4,sub-01,4,0,0.01096,0.0
Predictive Coding,Conv1,V4,sub-02,4,0,0.010849,0.0
Predictive Coding,Conv1,V4,sub-03,4,0,0.005472,0.00537
Predictive Coding,Conv1,LOC,sub-01,4,0,0.005778,0.003283
Predictive Coding,Conv1,LOC,sub-02,4,0,0.001786,0.363605
Predictive Coding,Conv1,LOC,sub-03,4,0,-0.000363,0.853334
Predictive Coding,Conv1,IT,sub-01,4,0,0.00567,0.00392
Predictive Coding,Conv1,IT,sub-02,4,0,0.005192,0.008259
Predictive Coding,Conv1,IT,sub-03,4,0,0.002135,0.277279
Predictive Coding,Conv2,V1,sub-01,4,0,0.054053,0.0
Predictive Coding,Conv2,V1,sub-02,4,0,0.07547,0.0
Predictive Coding,Conv2,V1,sub-03,4,0,0.017234,0.0
Predictive Coding,Conv2,V2,sub-01,4,0,0.02786,0.0
Predictive Coding,Conv2,V2,sub-02,4,0,0.03429,0.0
Predictive Coding,Conv2,V2,sub-03,4,0,0.001912,0.330801
Predictive Coding,Conv2,V3,sub-01,4,0,0.020061,0.0
Predictive Coding,Conv2,V3,sub-02,4,0,0.025262,0.0
Predictive Coding,Conv2,V3,sub-03,4,0,0.004164,0.034152
Predictive Coding,Conv2,V4,sub-01,4,0,0.011134,0.0
Predictive Coding,Conv2,V4,sub-02,4,0,0.013199,0.0
Predictive Coding,Conv2,V4,sub-03,4,0,0.00532,0.006796
Predictive Coding,Conv2,LOC,sub-01,4,0,0.005044,0.01028
Predictive Coding,Conv2,LOC,sub-02,4,0,0.001142,0.561087
Predictive Coding,Conv2,LOC,sub-03,4,0,0.000253,0.897687
Predictive Coding,Conv2,IT,sub-01,4,0,0.004892,0.012815
Predictive Coding,Conv2,IT,sub-02,4,0,0.005631,0.004175
Predictive Coding,Conv2,IT,sub-03,4,0,0.00243,0.216344
Predictive Coding,Conv3,V1,sub-01,4,0,0.071869,0.0
Predictive Coding,Conv3,V1,sub-02,4,0,0.086771,0.0
Predictive Coding,Conv3,V1,sub-03,4,0,0.019881,0.0
Predictive Coding,Conv3,V2,sub-01,4,0,0.036129,0.0
Predictive Coding,Conv3,V2,sub-02,4,0,0.041822,0.0
Predictive Coding,Conv3,V2,sub-03,4,0,0.003972,0.043326
Predictive Coding,Conv3,V3,sub-01,4,0,0.024057,0.0
Predictive Coding,Conv3,V3,sub-02,4,0,0.039142,0.0
Predictive Coding,Conv3,V3,sub-03,4,0,0.005624,0.00422
Predictive Coding,Conv3,V4,sub-01,4,0,0.015584,0.0
Predictive Coding,Conv3,V4,sub-02,4,0,0.022491,0.0
Predictive Coding,Conv3,V4,sub-03,4,0,0.006457,0.001019
Predictive Coding,Conv3,LOC,sub-01,4,0,0.006401,0.001128
Predictive Coding,Conv3,LOC,sub-02,4,0,0.003296,0.093521
Predictive Coding,Conv3,LOC,sub-03,4,0,0.001475,0.452914
Predictive Coding,Conv3,IT,sub-01,4,0,0.00577,0.003327
Predictive Coding,Conv3,IT,sub-02,4,0,0.009727,1e-06
Predictive Coding,Conv3,IT,sub-03,4,0,0.004419,0.024568
Predictive Coding,FC1,V1,sub-01,4,0,0.1224,0.0
Predictive Coding,FC1,V1,sub-02,4,0,0.151216,0.0
Predictive Coding,FC1,V1,sub-03,4,0,0.029514,0.0
Predictive Coding,FC1,V2,sub-01,4,0,0.073258,0.0
Predictive Coding,FC1,V2,sub-02,4,0,0.100198,0.0
Predictive Coding,FC1,V2,sub-03,4,0,0.010624,0.0
Predictive Coding,FC1,V3,sub-01,4,0,0.050096,0.0
Predictive Coding,FC1,V3,sub-02,4,0,0.092148,0.0
Predictive Coding,FC1,V3,sub-03,4,0,0.01074,0.0
Predictive Coding,FC1,V4,sub-01,4,0,0.030361,0.0
Predictive Coding,FC1,V4,sub-02,4,0,0.041214,0.0
Predictive Coding,FC1,V4,sub-03,4,0,0.003504,0.074608
Predictive Coding,FC1,LOC,sub-01,4,0,0.003541,0.071589
Predictive Coding,FC1,LOC,sub-02,4,0,-0.009535,1e-06
Predictive Coding,FC1,LOC,sub-03,4,0,0.001239,0.528388
Predictive Coding,FC1,IT,sub-01,4,0,0.004208,0.032304
Predictive Coding,FC1,IT,sub-02,4,0,0.010103,0.0
Predictive Coding,FC1,IT,sub-03,4,0,0.004538,0.020942
Predictive Coding,Conv1,V1,sub-01,4,1,0.048106,0.0
Predictive Coding,Conv1,V1,sub-02,4,1,0.076783,0.0
Predictive Coding,Conv1,V1,sub-03,4,1,0.016618,0.0
Predictive Coding,Conv1,V2,sub-01,4,1,0.027436,0.0
Predictive Coding,Conv1,V2,sub-02,4,1,0.040928,0.0
Predictive Coding,Conv1,V2,sub-03,4,1,0.001706,0.385458
Predictive Coding,Conv1,V3,sub-01,4,1,0.021195,0.0
Predictive Coding,Conv1,V3,sub-02,4,1,0.02629,0.0
Predictive Coding,Conv1,V3,sub-03,4,1,0.004527,0.02126
Predictive Coding,Conv1,V4,sub-01,4,1,0.010982,0.0
Predictive Coding,Conv1,V4,sub-02,4,1,0.010863,0.0
Predictive Coding,Conv1,V4,sub-03,4,1,0.005477,0.00533
Predictive Coding,Conv1,LOC,sub-01,4,1,0.00578,0.003275
Predictive Coding,Conv1,LOC,sub-02,4,1,0.001777,0.366035
Predictive Coding,Conv1,LOC,sub-03,4,1,-0.000357,0.855785
Predictive Coding,Conv1,IT,sub-01,4,1,0.005668,0.00393
Predictive Coding,Conv1,IT,sub-02,4,1,0.005198,0.008182
Predictive Coding,Conv1,IT,sub-03,4,1,0.002139,0.276476
Predictive Coding,Conv2,V1,sub-01,4,1,0.0541,0.0
Predictive Coding,Conv2,V1,sub-02,4,1,0.075467,0.0
Predictive Coding,Conv2,V1,sub-03,4,1,0.017225,0.0
Predictive Coding,Conv2,V2,sub-01,4,1,0.027893,0.0
Predictive Coding,Conv2,V2,sub-02,4,1,0.034229,0.0
Predictive Coding,Conv2,V2,sub-03,4,1,0.00191,0.331112
Predictive Coding,Conv2,V3,sub-01,4,1,0.020018,0.0
Predictive Coding,Conv2,V3,sub-02,4,1,0.025246,0.0
Predictive Coding,Conv2,V3,sub-03,4,1,0.004155,0.034519
Predictive Coding,Conv2,V4,sub-01,4,1,0.01113,0.0
Predictive Coding,Conv2,V4,sub-02,4,1,0.013169,0.0
Predictive Coding,Conv2,V4,sub-03,4,1,0.005322,0.00678
Predictive Coding,Conv2,LOC,sub-01,4,1,0.005018,0.010684
Predictive Coding,Conv2,LOC,sub-02,4,1,0.001109,0.57266
Predictive Coding,Conv2,LOC,sub-03,4,1,0.000262,0.893769
Predictive Coding,Conv2,IT,sub-01,4,1,0.004877,0.013091
Predictive Coding,Conv2,IT,sub-02,4,1,0.005588,0.004468
Predictive Coding,Conv2,IT,sub-03,4,1,0.002436,0.21518
Predictive Coding,Conv3,V1,sub-01,4,1,0.071971,0.0
Predictive Coding,Conv3,V1,sub-02,4,1,0.086903,0.0
Predictive Coding,Conv3,V1,sub-03,4,1,0.019912,0.0
Predictive Coding,Conv3,V2,sub-01,4,1,0.036249,0.0
Predictive Coding,Conv3,V2,sub-02,4,1,0.041978,0.0
Predictive Coding,Conv3,V2,sub-03,4,1,0.003999,0.041872
Predictive Coding,Conv3,V3,sub-01,4,1,0.024161,0.0
Predictive Coding,Conv3,V3,sub-02,4,1,0.039275,0.0
Predictive Coding,Conv3,V3,sub-03,4,1,0.005662,0.003967
Predictive Coding,Conv3,V4,sub-01,4,1,0.015617,0.0
Predictive Coding,Conv3,V4,sub-02,4,1,0.022479,0.0
Predictive Coding,Conv3,V4,sub-03,4,1,0.006465,0.001005
Predictive Coding,Conv3,LOC,sub-01,4,1,0.006403,0.001123
Predictive Coding,Conv3,LOC,sub-02,4,1,0.003274,0.095767
Predictive Coding,Conv3,LOC,sub-03,4,1,0.001482,0.45082
Predictive Coding,Conv3,IT,sub-01,4,1,0.005781,0.003271
Predictive Coding,Conv3,IT,sub-02,4,1,0.009725,1e-06
Predictive Coding,Conv3,IT,sub-03,4,1,0.004438,0.023949
Predictive Coding,FC1,V1,sub-01,4,1,0.100595,0.0
Predictive Coding,FC1,V1,sub-02,4,1,0.113836,0.0
Predictive Coding,FC1,V1,sub-03,4,1,0.023016,0.0
Predictive Coding,FC1,V2,sub-01,4,1,0.058169,0.0
Predictive Coding,FC1,V2,sub-02,4,1,0.064774,0.0
Predictive Coding,FC1,V2,sub-03,4,1,0.00636,0.001214
Predictive Coding,FC1,V3,sub-01,4,1,0.033986,0.0
Predictive Coding,FC1,V3,sub-02,4,1,0.060326,0.0
Predictive Coding,FC1,V3,sub-03,4,1,0.006106,0.001893
Predictive Coding,FC1,V4,sub-01,4,1,0.022324,0.0
Predictive Coding,FC1,V4,sub-02,4,1,0.032656,0.0
Predictive Coding,FC1,V4,sub-03,4,1,0.003495,0.075345
Predictive Coding,FC1,LOC,sub-01,4,1,0.003627,0.065028
Predictive Coding,FC1,LOC,sub-02,4,1,-0.002917,0.137788
Predictive Coding,FC1,LOC,sub-03,4,1,0.001828,0.352314
Predictive Coding,FC1,IT,sub-01,4,1,0.004341,0.027195
Predictive Coding,FC1,IT,sub-02,4,1,0.007535,0.000126
Predictive Coding,FC1,IT,sub-03,4,1,0.003097,0.115165
Predictive Coding,Conv1,V1,sub-01,4,2,0.048176,0.0
Predictive Coding,Conv1,V1,sub-02,4,2,0.076857,0.0
Predictive Coding,Conv1,V1,sub-03,4,2,0.016645,0.0
Predictive Coding,Conv1,V2,sub-01,4,2,0.027477,0.0
Predictive Coding,Conv1,V2,sub-02,4,2,0.040984,0.0
Predictive Coding,Conv1,V2,sub-03,4,2,0.001718,0.382152
Predictive Coding,Conv1,V3,sub-01,4,2,0.02123,0.0
Predictive Coding,Conv1,V3,sub-02,4,2,0.026327,0.0
Predictive Coding,Conv1,V3,sub-03,4,2,0.004539,0.020932
Predictive Coding,Conv1,V4,sub-01,4,2,0.011004,0.0
Predictive Coding,Conv1,V4,sub-02,4,2,0.010876,0.0
Predictive Coding,Conv1,V4,sub-03,4,2,0.005483,0.00528
Predictive Coding,Conv1,LOC,sub-01,4,2,0.005782,0.003262
Predictive Coding,Conv1,LOC,sub-02,4,2,0.001767,0.368556
Predictive Coding,Conv1,LOC,sub-03,4,2,-0.000351,0.85838
Predictive Coding,Conv1,IT,sub-01,4,2,0.005667,0.003939
Predictive Coding,Conv1,IT,sub-02,4,2,0.005204,0.008107
Predictive Coding,Conv1,IT,sub-03,4,2,0.002143,0.275495
Predictive Coding,Conv2,V1,sub-01,4,2,0.054142,0.0
Predictive Coding,Conv2,V1,sub-02,4,2,0.075456,0.0
Predictive Coding,Conv2,V1,sub-03,4,2,0.017216,0.0
Predictive Coding,Conv2,V2,sub-01,4,2,0.027921,0.0
Predictive Coding,Conv2,V2,sub-02,4,2,0.034163,0.0
Predictive Coding,Conv2,V2,sub-03,4,2,0.001909,0.331543
Predictive Coding,Conv2,V3,sub-01,4,2,0.019972,0.0
Predictive Coding,Conv2,V3,sub-02,4,2,0.025225,0.0
Predictive Coding,Conv2,V3,sub-03,4,2,0.004147,0.034863
Predictive Coding,Conv2,V4,sub-01,4,2,0.011125,0.0
Predictive Coding,Conv2,V4,sub-02,4,2,0.01314,0.0
Predictive Coding,Conv2,V4,sub-03,4,2,0.005323,0.006767
Predictive Coding,Conv2,LOC,sub-01,4,2,0.00499,0.011128
Predictive Coding,Conv2,LOC,sub-02,4,2,0.001076,0.584041
Predictive Coding,Conv2,LOC,sub-03,4,2,0.00027,0.890727
Predictive Coding,Conv2,IT,sub-01,4,2,0.004862,0.013383
Predictive Coding,Conv2,IT,sub-02,4,2,0.005546,0.004781
Predictive Coding,Conv2,IT,sub-03,4,2,0.002443,0.213831
Predictive Coding,Conv3,V1,sub-01,4,2,0.072067,0.0
Predictive Coding,Conv3,V1,sub-02,4,2,0.087029,0.0
Predictive Coding,Conv3,V1,sub-03,4,2,0.019942,0.0
Predictive Coding,Conv3,V2,sub-01,4,2,0.036368,0.0
Predictive Coding,Conv3,V2,sub-02,4,2,0.042131,0.0
Predictive Coding,Conv3,V2,sub-03,4,2,0.004028,0.040452
Predictive Coding,Conv3,V3,sub-01,4,2,0.024264,0.0
Predictive Coding,Conv3,V3,sub-02,4,2,0.039405,0.0
Predictive Coding,Conv3,V3,sub-03,4,2,0.005702,0.003723
Predictive Coding,Conv3,V4,sub-01,4,2,0.015651,0.0
Predictive Coding,Conv3,V4,sub-02,4,2,0.022463,0.0
Predictive Coding,Conv3,V4,sub-03,4,2,0.006471,0.000995
Predictive Coding,Conv3,LOC,sub-01,4,2,0.006406,0.001118
Predictive Coding,Conv3,LOC,sub-02,4,2,0.003251,0.098156
Predictive Coding,Conv3,LOC,sub-03,4,2,0.001488,0.449128
Predictive Coding,Conv3,IT,sub-01,4,2,0.005791,0.003217
Predictive Coding,Conv3,IT,sub-02,4,2,0.009722,1e-06
Predictive Coding,Conv3,IT,sub-03,4,2,0.004456,0.023376
Predictive Coding,FC1,V1,sub-01,4,2,0.106565,0.0
Predictive Coding,FC1,V1,sub-02,4,2,0.112163,0.0
Predictive Coding,FC1,V1,sub-03,4,2,0.025847,0.0
Predictive Coding,FC1,V2,sub-01,4,2,0.062985,0.0
Predictive Coding,FC1,V2,sub-02,4,2,0.063672,0.0
Predictive Coding,FC1,V2,sub-03,4,2,0.007866,6.3e-05
Predictive Coding,FC1,V3,sub-01,4,2,0.037915,0.0
Predictive Coding,FC1,V3,sub-02,4,2,0.057127,0.0
Predictive Coding,FC1,V3,sub-03,4,2,0.008059,4.1e-05
Predictive Coding,FC1,V4,sub-01,4,2,0.024078,0.0
Predictive Coding,FC1,V4,sub-02,4,2,0.035023,0.0
Predictive Coding,FC1,V4,sub-03,4,2,0.004951,0.011775
Predictive Coding,FC1,LOC,sub-01,4,2,0.003566,0.069662
Predictive Coding,FC1,LOC,sub-02,4,2,-0.003213,0.102155
Predictive Coding,FC1,LOC,sub-03,4,2,0.001798,0.360312
Predictive Coding,FC1,IT,sub-01,4,2,0.005357,0.006423
Predictive Coding,FC1,IT,sub-02,4,2,0.008009,4.6e-05
Predictive Coding,FC1,IT,sub-03,4,2,0.003445,0.079618
Predictive Coding,Conv1,V1,sub-01,4,5,0.048385,0.0
Predictive Coding,Conv1,V1,sub-02,4,5,0.077072,0.0
Predictive Coding,Conv1,V1,sub-03,4,5,0.016724,0.0
Predictive Coding,Conv1,V2,sub-01,4,5,0.027602,0.0
Predictive Coding,Conv1,V2,sub-02,4,5,0.041151,0.0
Predictive Coding,Conv1,V2,sub-03,4,5,0.001752,0.37268
Predictive Coding,Conv1,V3,sub-01,4,5,0.02134,0.0
Predictive Coding,Conv1,V3,sub-02,4,5,0.026438,0.0
Predictive Coding,Conv1,V3,sub-03,4,5,0.004572,0.020022
Predictive Coding,Conv1,V4,sub-01,4,5,0.011072,0.0
Predictive Coding,Conv1,V4,sub-02,4,5,0.010917,0.0
Predictive Coding,Conv1,V4,sub-03,4,5,0.0055,0.005142
Predictive Coding,Conv1,LOC,sub-01,4,5,0.00579,0.003222
Predictive Coding,Conv1,LOC,sub-02,4,5,0.00174,0.376008
Predictive Coding,Conv1,LOC,sub-03,4,5,-0.00033,0.866629
Predictive Coding,Conv1,IT,sub-01,4,5,0.005663,0.003961
Predictive Coding,Conv1,IT,sub-02,4,5,0.005225,0.007857
Predictive Coding,Conv1,IT,sub-03,4,5,0.002154,0.273133
Predictive Coding,Conv2,V1,sub-01,4,5,0.054241,0.0
Predictive Coding,Conv2,V1,sub-02,4,5,0.075385,0.0
Predictive Coding,Conv2,V1,sub-03,4,5,0.017185,0.0
Predictive Coding,Conv2,V2,sub-01,4,5,0.027985,0.0
Predictive Coding,Conv2,V2,sub-02,4,5,0.033929,0.0
Predictive Coding,Conv2,V2,sub-03,4,5,0.001898,0.334133
Predictive Coding,Conv2,V3,sub-01,4,5,0.019815,0.0
Predictive Coding,Conv2,V3,sub-02,4,5,0.025138,0.0
Predictive Coding,Conv2,V3,sub-03,4,5,0.004119,0.036122
Predictive Coding,Conv2,V4,sub-01,4,5,0.0111,0.0
Predictive Coding,Conv2,V4,sub-02,4,5,0.013047,0.0
Predictive Coding,Conv2,V4,sub-03,4,5,0.00532,0.006801
Predictive Coding,Conv2,LOC,sub-01,4,5,0.0049,0.012663
Predictive Coding,Conv2,LOC,sub-02,4,5,0.000977,0.619288
Predictive Coding,Conv2,LOC,sub-03,4,5,0.000289,0.882939
Predictive Coding,Conv2,IT,sub-01,4,5,0.004807,0.014466
Predictive Coding,Conv2,IT,sub-02,4,5,0.005415,0.00587
Predictive Coding,Conv2,IT,sub-03,4,5,0.002468,0.209277
Predictive Coding,Conv3,V1,sub-01,4,5,0.072332,0.0
Predictive Coding,Conv3,V1,sub-02,4,5,0.087384,0.0
Predictive Coding,Conv3,V1,sub-03,4,5,0.020034,0.0
Predictive Coding,Conv3,V2,sub-01,4,5,0.036717,0.0
Predictive Coding,Conv3,V2,sub-02,4,5,0.042575,0.0
Predictive Coding,Conv3,V2,sub-03,4,5,0.004112,0.036418
Predictive Coding,Conv3,V3,sub-01,4,5,0.02457,0.0
Predictive Coding,Conv3,V3,sub-02,4,5,0.039779,0.0
Predictive Coding,Conv3,V3,sub-03,4,5,0.00582,0.003064
Predictive Coding,Conv3,V4,sub-01,4,5,0.015752,0.0
Predictive Coding,Conv3,V4,sub-02,4,5,0.022409,0.0
Predictive Coding,Conv3,V4,sub-03,4,5,0.006484,0.00097
Predictive Coding,Conv3,LOC,sub-01,4,5,0.00641,0.00111
Predictive Coding,Conv3,LOC,sub-02,4,5,0.003182,0.10551
Predictive Coding,Conv3,LOC,sub-03,4,5,0.001501,0.444964
Predictive Coding,Conv3,IT,sub-01,4,5,0.005814,0.003096
Predictive Coding,Conv3,IT,sub-02,4,5,0.009711,1e-06
Predictive Coding,Conv3,IT,sub-03,4,5,0.004516,0.021585
Predictive Coding,FC1,V1,sub-01,4,5,0.086695,0.0
Predictive Coding,FC1,V1,sub-02,4,5,0.087334,0.0
Predictive Coding,FC1,V1,sub-03,4,5,0.020901,0.0
Predictive Coding,FC1,V2,sub-01,4,5,0.054021,0.0
Predictive Coding,FC1,V2,sub-02,4,5,0.052355,0.0
Predictive Coding,FC1,V2,sub-03,4,5,0.00868,1e-05
Predictive Coding,FC1,V3,sub-01,4,5,0.035699,0.0
Predictive Coding,FC1,V3,sub-02,4,5,0.051308,0.0
Predictive Coding,FC1,V3,sub-03,4,5,0.008617,1.2e-05
Predictive Coding,FC1,V4,sub-01,4,5,0.021626,0.0
Predictive Coding,FC1,V4,sub-02,4,5,0.031634,0.0
Predictive Coding,FC1,V4,sub-03,4,5,0.007514,0.000132
Predictive Coding,FC1,LOC,sub-01,4,5,0.004942,0.011932
Predictive Coding,FC1,LOC,sub-02,4,5,0.001225,0.532996
Predictive Coding,FC1,LOC,sub-03,4,5,0.002924,0.136882
Predictive Coding,FC1,IT,sub-01,4,5,0.006167,0.001705
Predictive Coding,FC1,IT,sub-02,4,5,0.009651,1e-06
Predictive Coding,FC1,IT,sub-03,4,5,0.004999,0.010982
Predictive Coding,Conv1,V1,sub-01,4,10,0.048728,0.0
Predictive Coding,Conv1,V1,sub-02,4,10,0.077416,0.0
Predictive Coding,Conv1,V1,sub-03,4,10,0.016856,0.0
Predictive Coding,Conv1,V2,sub-01,4,10,0.027811,0.0
Predictive Coding,Conv1,V2,sub-02,4,10,0.041429,0.0
Predictive Coding,Conv1,V2,sub-03,4,10,0.001812,0.356572
Predictive Coding,Conv1,V3,sub-01,4,10,0.021525,0.0
Predictive Coding,Conv1,V3,sub-02,4,10,0.02662,0.0
Predictive Coding,Conv1,V3,sub-03,4,10,0.004629,0.018507
Predictive Coding,Conv1,V4,sub-01,4,10,0.01119,0.0
Predictive Coding,Conv1,V4,sub-02,4,10,0.010984,0.0
Predictive Coding,Conv1,V4,sub-03,4,10,0.005531,0.004895
Predictive Coding,Conv1,LOC,sub-01,4,10,0.005804,0.003149
Predictive Coding,Conv1,LOC,sub-02,4,10,0.001695,0.388563
Predictive Coding,Conv1,LOC,sub-03,4,10,-0.00029,0.8826
Predictive Coding,Conv1,IT,sub-01,4,10,0.005662,0.003971
Predictive Coding,Conv1,IT,sub-02,4,10,0.005261,0.007443
Predictive Coding,Conv1,IT,sub-03,4,10,0.002175,0.268557
Predictive Coding,Conv2,V1,sub-01,4,10,0.054324,0.0
Predictive Coding,Conv2,V1,sub-02,4,10,0.075149,0.0
Predictive Coding,Conv2,V1,sub-03,4,10,0.017119,0.0
Predictive Coding,Conv2,V2,sub-01,4,10,0.028021,0.0
Predictive Coding,Conv2,V2,sub-02,4,10,0.033439,0.0
Predictive Coding,Conv2,V2,sub-03,4,10,0.001862,0.343352
Predictive Coding,Conv2,V3,sub-01,4,10,0.019501,0.0
Predictive Coding,Conv2,V3,sub-02,4,10,0.024928,0.0
Predictive Coding,Conv2,V3,sub-03,4,10,0.004062,0.03878
Predictive Coding,Conv2,V4,sub-01,4,10,0.011027,0.0
Predictive Coding,Conv2,V4,sub-02,4,10,0.012891,0.0
Predictive Coding,Conv2,V4,sub-03,4,10,0.005297,0.007037
Predictive Coding,Conv2,LOC,sub-01,4,10,0.004738,0.015931
Predictive Coding,Conv2,LOC,sub-02,4,10,0.000809,0.680756
Predictive Coding,Conv2,LOC,sub-03,4,10,0.000299,0.879014
Predictive Coding,Conv2,IT,sub-01,4,10,0.004696,0.016882
Predictive Coding,Conv2,IT,sub-02,4,10,0.005187,0.00832
Predictive Coding,Conv2,IT,sub-03,4,10,0.002511,0.201492
Predictive Coding,Conv3,V1,sub-01,4,10,0.072719,0.0
Predictive Coding,Conv3,V1,sub-02,4,10,0.087906,0.0
Predictive Coding,Conv3,V1,sub-03,4,10,0.020188,0.0
Predictive Coding,Conv3,V2,sub-01,4,10,0.037297,0.0
Predictive Coding,Conv3,V2,sub-02,4,10,0.043282,0.0
Predictive Coding,Conv3,V2,sub-03,4,10,0.00425,0.030617
Predictive Coding,Conv3,V3,sub-01,4,10,0.025083,0.0
Predictive Coding,Conv3,V3,sub-02,4,10,0.040347,0.0
Predictive Coding,Conv3,V3,sub-03,4,10,0.006018,0.002201
Predictive Coding,Conv3,V4,sub-01,4,10,0.015934,0.0
Predictive Coding,Conv3,V4,sub-02,4,10,0.022273,0.0
Predictive Coding,Conv3,V4,sub-03,4,10,0.006482,0.000975
Predictive Coding,Conv3,LOC,sub-01,4,10,0.006419,0.001092
Predictive Coding,Conv3,LOC,sub-02,4,10,0.003066,0.118765
Predictive Coding,Conv3,LOC,sub-03,4,10,0.001517,0.440139
Predictive Coding,Conv3,IT,sub-01,4,10,0.005855,0.002892
Predictive Coding,Conv3,IT,sub-02,4,10,0.009682,1e-06
Predictive Coding,Conv3,IT,sub-03,4,10,0.004606,0.019106
Predictive Coding,FC1,V1,sub-01,4,10,0.085865,0.0
Predictive Coding,FC1,V1,sub-02,4,10,0.090911,0.0
Predictive Coding,FC1,V1,sub-03,4,10,0.021825,0.0
Predictive Coding,FC1,V2,sub-01,4,10,0.054215,0.0
Predictive Coding,FC1,V2,sub-02,4,10,0.057232,0.0
Predictive Coding,FC1,V2,sub-03,4,10,0.009474,1e-06
Predictive Coding,FC1,V3,sub-01,4,10,0.035236,0.0
Predictive Coding,FC1,V3,sub-02,4,10,0.056998,0.0
Predictive Coding,FC1,V3,sub-03,4,10,0.009172,3e-06
Predictive Coding,FC1,V4,sub-01,4,10,0.022752,0.0
Predictive Coding,FC1,V4,sub-02,4,10,0.033428,0.0
Predictive Coding,FC1,V4,sub-03,4,10,0.007914,5.7e-05
Predictive Coding,FC1,LOC,sub-01,4,10,0.005407,0.005942
Predictive Coding,FC1,LOC,sub-02,4,10,0.001377,0.483606
Predictive Coding,FC1,LOC,sub-03,4,10,0.003209,0.102511
Predictive Coding,FC1,IT,sub-01,4,10,0.007566,0.000118
Predictive Coding,FC1,IT,sub-02,4,10,0.010481,0.0
Predictive Coding,FC1,IT,sub-03,4,10,0.004992,0.011087
Predictive Coding,Conv1,V1,sub-01,4,20,0.049382,0.0
Predictive Coding,Conv1,V1,sub-02,4,20,0.078041,0.0
Predictive Coding,Conv1,V1,sub-03,4,20,0.017125,0.0
Predictive Coding,Conv1,V2,sub-01,4,20,0.02823,0.0
Predictive Coding,Conv1,V2,sub-02,4,20,0.04196,0.0
Predictive Coding,Conv1,V2,sub-03,4,20,0.001934,0.32519
Predictive Coding,Conv1,V3,sub-01,4,20,0.021894,0.0
Predictive Coding,Conv1,V3,sub-02,4,20,0.026952,0.0
Predictive Coding,Conv1,V3,sub-03,4,20,0.00475,0.015672
Predictive Coding,Conv1,V4,sub-01,4,20,0.01144,0.0
Predictive Coding,Conv1,V4,sub-02,4,20,0.011118,0.0
Predictive Coding,Conv1,V4,sub-03,4,20,0.005597,0.004408
Predictive Coding,Conv1,LOC,sub-01,4,20,0.005844,0.002946
Predictive Coding,Conv1,LOC,sub-02,4,20,0.001614,0.411701
Predictive Coding,Conv1,LOC,sub-03,4,20,-0.000205,0.917102
Predictive Coding,Conv1,IT,sub-01,4,20,0.005675,0.003885
Predictive Coding,Conv1,IT,sub-02,4,20,0.005341,0.006578
Predictive Coding,Conv1,IT,sub-03,4,20,0.002218,0.259034
Predictive Coding,Conv2,V1,sub-01,4,20,0.054292,0.0
Predictive Coding,Conv2,V1,sub-02,4,20,0.074488,0.0
Predictive Coding,Conv2,V1,sub-03,4,20,0.016956,0.0
Predictive Coding,Conv2,V2,sub-01,4,20,0.027914,0.0
Predictive Coding,Conv2,V2,sub-02,4,20,0.032312,0.0
Predictive Coding,Conv2,V2,sub-03,4,20,0.001753,0.372424
Predictive Coding,Conv2,V3,sub-01,4,20,0.018753,0.0
Predictive Coding,Conv2,V3,sub-02,4,20,0.024467,0.0
Predictive Coding,Conv2,V3,sub-03,4,20,0.003927,0.045722
Predictive Coding,Conv2,V4,sub-01,4,20,0.010826,0.0
Predictive Coding,Conv2,V4,sub-02,4,20,0.012675,0.0
Predictive Coding,Conv2,V4,sub-03,4,20,0.005179,0.008423
Predictive Coding,Conv2,LOC,sub-01,4,20,0.004367,0.026315
Predictive Coding,Conv2,LOC,sub-02,4,20,0.000476,0.808825
Predictive Coding,Conv2,LOC,sub-03,4,20,0.00027,0.890585
Predictive Coding,Conv2,IT,sub-01,4,20,0.004435,0.024054
Predictive Coding,Conv2,IT,sub-02,4,20,0.004713,0.016496
Predictive Coding,Conv2,IT,sub-03,4,20,0.002603,0.18538
Predictive Coding,Conv3,V1,sub-01,4,20,0.073276,0.0
Predictive Coding,Conv3,V1,sub-02,4,20,0.088767,0.0
Predictive Coding,Conv3,V1,sub-03,4,20,0.020488,0.0
Predictive Coding,Conv3,V2,sub-01,4,20,0.038461,0.0
Predictive Coding,Conv3,V2,sub-02,4,20,0.044699,0.0
Predictive Coding,Conv3,V2,sub-03,4,20,0.004551,0.020579
Predictive Coding,Conv3,V3,sub-01,4,20,0.026162,0.0
Predictive Coding,Conv3,V3,sub-02,4,20,0.041383,0.0
Predictive Coding,Conv3,V3,sub-03,4,20,0.006464,0.001006
Predictive Coding,Conv3,V4,sub-01,4,20,0.016314,0.0
Predictive Coding,Conv3,V4,sub-02,4,20,0.021802,0.0
Predictive Coding,Conv3,V4,sub-03,4,20,0.006398,0.001134
Predictive Coding,Conv3,LOC,sub-01,4,20,0.006418,0.001094
Predictive Coding,Conv3,LOC,sub-02,4,20,0.002778,0.157498
Predictive Coding,Conv3,LOC,sub-03,4,20,0.001523,0.43833
Predictive Coding,Conv3,IT,sub-01,4,20,0.005903,0.00267
Predictive Coding,Conv3,IT,sub-02,4,20,0.009567,1e-06
Predictive Coding,Conv3,IT,sub-03,4,20,0.00477,0.015235
Predictive Coding,FC1,V1,sub-01,4,20,0.107656,0.0
Predictive Coding,FC1,V1,sub-02,4,20,0.119906,0.0
Predictive Coding,FC1,V1,sub-03,4,20,0.026808,0.0
Predictive Coding,FC1,V2,sub-01,4,20,0.069743,0.0
Predictive Coding,FC1,V2,sub-02,4,20,0.083204,0.0
Predictive Coding,FC1,V2,sub-03,4,20,0.010598,0.0
Predictive Coding,FC1,V3,sub-01,4,20,0.047344,0.0
Predictive Coding,FC1,V3,sub-02,4,20,0.080436,0.0
Predictive Coding,FC1,V3,sub-03,4,20,0.010013,0.0
Predictive Coding,FC1,V4,sub-01,4,20,0.030204,0.0
Predictive Coding,FC1,V4,sub-02,4,20,0.039812,0.0
Predictive Coding,FC1,V4,sub-03,4,20,0.007677,9.4e-05
Predictive Coding,FC1,LOC,sub-01,4,20,0.005192,0.00825
Predictive Coding,FC1,LOC,sub-02,4,20,0.000623,0.75118
Predictive Coding,FC1,LOC,sub-03,4,20,0.002435,0.21534
Predictive Coding,FC1,IT,sub-01,4,20,0.008088,3.9e-05
Predictive Coding,FC1,IT,sub-02,4,20,0.013425,0.0
Predictive Coding,FC1,IT,sub-03,4,20,0.005532,0.004884
Predictive Coding,Conv1,V1,sub-01,4,30,0.049939,0.0
Predictive Coding,Conv1,V1,sub-02,4,30,0.07852,0.0
Predictive Coding,Conv1,V1,sub-03,4,30,0.017387,0.0
Predictive Coding,Conv1,V2,sub-01,4,30,0.028608,0.0
Predictive Coding,Conv1,V2,sub-02,4,30,0.042408,0.0
Predictive Coding,Conv1,V2,sub-03,4,30,0.002054,0.295922
Predictive Coding,Conv1,V3,sub-01,4,30,0.022225,0.0
Predictive Coding,Conv1,V3,sub-02,4,30,0.027204,0.0
Predictive Coding,Conv1,V3,sub-03,4,30,0.004869,0.01325
Predictive Coding,Conv1,V4,sub-01,4,30,0.011679,0.0
Predictive Coding,Conv1,V4,sub-02,4,30,0.01122,0.0
Predictive Coding,Conv1,V4,sub-03,4,30,0.005664,0.003957
Predictive Coding,Conv1,LOC,sub-01,4,30,0.0059,0.002684
Predictive Coding,Conv1,LOC,sub-02,4,30,0.001541,0.432893
Predictive Coding,Conv1,LOC,sub-03,4,30,-0.000126,0.948907
Predictive Coding,Conv1,IT,sub-01,4,30,0.005713,0.003652
Predictive Coding,Conv1,IT,sub-02,4,30,0.005418,0.005839
Predictive Coding,Conv1,IT,sub-03,4,30,0.002264,0.249392
Predictive Coding,Conv2,V1,sub-01,4,30,0.054247,0.0
Predictive Coding,Conv2,V1,sub-02,4,30,0.074047,0.0
Predictive Coding,Conv2,V1,sub-03,4,30,0.016805,0.0
Predictive Coding,Conv2,V2,sub-01,4,30,0.02773,0.0
Predictive Coding,Conv2,V2,sub-02,4,30,0.031419,0.0
Predictive Coding,Conv2,V2,sub-03,4,30,0.001629,0.407172
Predictive Coding,Conv2,V3,sub-01,4,30,0.017989,0.0
Predictive Coding,Conv2,V3,sub-02,4,30,0.024256,0.0
Predictive Coding,Conv2,V3,sub-03,4,30,0.0038,0.053173
Predictive Coding,Conv2,V4,sub-01,4,30,0.010634,0.0
Predictive Coding,Conv2,V4,sub-02,4,30,0.012753,0.0
Predictive Coding,Conv2,V4,sub-03,4,30,0.00499,0.011118
Predictive Coding,Conv2,LOC,sub-01,4,30,0.004019,0.040862
Predictive Coding,Conv2,LOC,sub-02,4,30,0.000138,0.943842
Predictive Coding,Conv2,LOC,sub-03,4,30,0.000208,0.915887
Predictive Coding,Conv2,IT,sub-01,4,30,0.004187,0.033149
Predictive Coding,Conv2,IT,sub-02,4,30,0.004259,0.030239
Predictive Coding,Conv2,IT,sub-03,4,30,0.002718,0.166766
Predictive Coding,Conv3,V1,sub-01,4,30,0.072826,0.0
Predictive Coding,Conv3,V1,sub-02,4,30,0.088608,0.0
Predictive Coding,Conv3,V1,sub-03,4,30,0.02063,0.0
Predictive Coding,Conv3,V2,sub-01,4,30,0.039288,0.0
Predictive Coding,Conv3,V2,sub-02,4,30,0.045762,0.0
Predictive Coding,Conv3,V2,sub-03,4,30,0.004852,0.013561
Predictive Coding,Conv3,V3,sub-01,4,30,0.027038,0.0
Predictive Coding,Conv3,V3,sub-02,4,30,0.041876,0.0
Predictive Coding,Conv3,V3,sub-03,4,30,0.006903,0.000445
Predictive Coding,Conv3,V4,sub-01,4,30,0.016512,0.0
Predictive Coding,Conv3,V4,sub-02,4,30,0.020885,0.0
Predictive Coding,Conv3,V4,sub-03,4,30,0.006234,0.001515
Predictive Coding,Conv3,LOC,sub-01,4,30,0.006333,0.001273
Predictive Coding,Conv3,LOC,sub-02,4,30,0.002362,0.229529
Predictive Coding,Conv3,LOC,sub-03,4,30,0.001548,0.431043
Predictive Coding,Conv3,IT,sub-01,4,30,0.005877,0.002789
Predictive Coding,Conv3,IT,sub-02,4,30,0.009242,3e-06
Predictive Coding,Conv3,IT,sub-03,4,30,0.004908,0.012516
Predictive Coding,FC1,V1,sub-01,4,30,0.085657,0.0
Predictive Coding,FC1,V1,sub-02,4,30,0.088889,0.0
Predictive Coding,FC1,V1,sub-03,4,30,0.022399,0.0
Predictive Coding,FC1,V2,sub-01,4,30,0.059603,0.0
Predictive Coding,FC1,V2,sub-02,4,30,0.058022,0.0
Predictive Coding,FC1,V2,sub-03,4,30,0.008345,2.2e-05
Predictive Coding,FC1,V3,sub-01,4,30,0.03796,0.0
Predictive Coding,FC1,V3,sub-02,4,30,0.05433,0.0
Predictive Coding,FC1,V3,sub-03,4,30,0.008806,7e-06
Predictive Coding,FC1,V4,sub-01,4,30,0.025425,0.0
Predictive Coding,FC1,V4,sub-02,4,30,0.033632,0.0
Predictive Coding,FC1,V4,sub-03,4,30,0.008278,2.5e-05
Predictive Coding,FC1,LOC,sub-01,4,30,0.006312,0.001322
Predictive Coding,FC1,LOC,sub-02,4,30,0.001411,0.472917
Predictive Coding,FC1,LOC,sub-03,4,30,0.002268,0.248578
Predictive Coding,FC1,IT,sub-01,4,30,0.009693,1e-06
Predictive Coding,FC1,IT,sub-02,4,30,0.011038,0.0
Predictive Coding,FC1,IT,sub-03,4,30,0.005176,0.008458
Predictive Coding,Conv1,V1,sub-01,4,40,0.050355,0.0
Predictive Coding,Conv1,V1,sub-02,4,40,0.078774,0.0
Predictive Coding,Conv1,V1,sub-03,4,40,0.017611,0.0
Predictive Coding,Conv1,V2,sub-01,4,40,0.028908,0.0
Predictive Coding,Conv1,V2,sub-02,4,40,0.042718,0.0
Predictive Coding,Conv1,V2,sub-03,4,40,0.002155,0.272847
Predictive Coding,Conv1,V3,sub-01,4,40,0.022491,0.0
Predictive Coding,Conv1,V3,sub-02,4,40,0.027328,0.0
Predictive Coding,Conv1,V3,sub-03,4,40,0.004974,0.011395
Predictive Coding,Conv1,V4,sub-01,4,40,0.011892,0.0
Predictive Coding,Conv1,V4,sub-02,4,40,0.011261,0.0
Predictive Coding,Conv1,V4,sub-03,4,40,0.005727,0.003572
Predictive Coding,Conv1,LOC,sub-01,4,40,0.005965,0.002406
Predictive Coding,Conv1,LOC,sub-02,4,40,0.001477,0.45233
Predictive Coding,Conv1,LOC,sub-03,4,40,-6.4e-05,0.974034
Predictive Coding,Conv1,IT,sub-01,4,40,0.005774,0.003307
Predictive Coding,Conv1,IT,sub-02,4,40,0.005483,0.005282
Predictive Coding,Conv1,IT,sub-03,4,40,0.002297,0.242581
Predictive Coding,Conv2,V1,sub-01,4,40,0.054014,0.0
Predictive Coding,Conv2,V1,sub-02,4,40,0.07364,0.0
Predictive Coding,Conv2,V1,sub-03,4,40,0.01659,0.0
Predictive Coding,Conv2,V2,sub-01,4,40,0.027397,0.0
Predictive Coding,Conv2,V2,sub-02,4,40,0.030717,0.0
Predictive Coding,Conv2,V2,sub-03,4,40,0.001474,0.453202
Predictive Coding,Conv2,V3,sub-01,4,40,0.017212,0.0
Predictive Coding,Conv2,V3,sub-02,4,40,0.024215,0.0
Predictive Coding,Conv2,V3,sub-03,4,40,0.003679,0.061218
Predictive Coding,Conv2,V4,sub-01,4,40,0.010437,0.0
Predictive Coding,Conv2,V4,sub-02,4,40,0.013029,0.0
Predictive Coding,Conv2,V4,sub-03,4,40,0.004787,0.014867
Predictive Coding,Conv2,LOC,sub-01,4,40,0.003699,0.059828
Predictive Coding,Conv2,LOC,sub-02,4,40,-0.000213,0.913893
Predictive Coding,Conv2,LOC,sub-03,4,40,0.00013,0.947461
Predictive Coding,Conv2,IT,sub-01,4,40,0.003981,0.042829
Predictive Coding,Conv2,IT,sub-02,4,40,0.003818,0.05207
Predictive Coding,Conv2,IT,sub-03,4,40,0.002821,0.151236
Predictive Coding,Conv3,V1,sub-01,4,40,0.070634,0.0
Predictive Coding,Conv3,V1,sub-02,4,40,0.086458,0.0
Predictive Coding,Conv3,V1,sub-03,4,40,0.020411,0.0
Predictive Coding,Conv3,V2,sub-01,4,40,0.039296,0.0
Predictive Coding,Conv3,V2,sub-02,4,40,0.045725,0.0
Predictive Coding,Conv3,V2,sub-03,4,40,0.00509,0.009608
Predictive Coding,Conv3,V3,sub-01,4,40,0.027356,0.0
Predictive Coding,Conv3,V3,sub-02,4,40,0.041208,0.0
Predictive Coding,Conv3,V3,sub-03,4,40,0.007227,0.000236
Predictive Coding,Conv3,V4,sub-01,4,40,0.016386,0.0
Predictive Coding,Conv3,V4,sub-02,4,40,0.019358,0.0
Predictive Coding,Conv3,V4,sub-03,4,40,0.006011,0.002228
Predictive Coding,Conv3,LOC,sub-01,4,40,0.006186,0.001648
Predictive Coding,Conv3,LOC,sub-02,4,40,0.002013,0.305885
Predictive Coding,Conv3,LOC,sub-03,4,40,0.001595,0.417146
Predictive Coding,Conv3,IT,sub-01,4,40,0.005823,0.003052
Predictive Coding,Conv3,IT,sub-02,4,40,0.008737,9e-06
Predictive Coding,Conv3,IT,sub-03,4,40,0.004934,0.012072
Predictive Coding,FC1,V1,sub-01,4,40,0.093084,0.0
Predictive Coding,FC1,V1,sub-02,4,40,0.102101,0.0
Predictive Coding,FC1,V1,sub-03,4,40,0.023448,0.0
Predictive Coding,FC1,V2,sub-01,4,40,0.063941,0.0
Predictive Coding,FC1,V2,sub-02,4,40,0.06904,0.0
Predictive Coding,FC1,V2,sub-03,4,40,0.009343,2e-06
Predictive Coding,FC1,V3,sub-01,4,40,0.042815,0.0
Predictive Coding,FC1,V3,sub-02,4,40,0.067384,0.0
Predictive Coding,FC1,V3,sub-03,4,40,0.009635,1e-06
Predictive Coding,FC1,V4,sub-01,4,40,0.027764,0.0
Predictive Coding,FC1,V4,sub-02,4,40,0.035768,0.0
Predictive Coding,FC1,V4,sub-03,4,40,0.008245,2.7e-05
Predictive Coding,FC1,LOC,sub-01,4,40,0.006777,0.000565
Predictive Coding,FC1,LOC,sub-02,4,40,-0.001208,0.538674
Predictive Coding,FC1,LOC,sub-03,4,40,0.001161,0.554721
Predictive Coding,FC1,IT,sub-01,4,40,0.009758,1e-06
Predictive Coding,FC1,IT,sub-02,4,40,0.01042,0.0
Predictive Coding,FC1,IT,sub-03,4,40,0.004439,0.023907
STDP,Conv1,V1,sub-01,4,0,0.03412,0.0
STDP,Conv1,V1,sub-02,4,0,0.057811,0.0
STDP,Conv1,V1,sub-03,4,0,0.010567,0.0
STDP,Conv1,V2,sub-01,4,0,0.017992,0.0
STDP,Conv1,V2,sub-02,4,0,0.02964,0.0
STDP,Conv1,V2,sub-03,4,0,-0.000175,0.928952
STDP,Conv1,V3,sub-01,4,0,0.015178,0.0
STDP,Conv1,V3,sub-02,4,0,0.017855,0.0
STDP,Conv1,V3,sub-03,4,0,0.00214,0.276372
STDP,Conv1,V4,sub-01,4,0,0.00709,0.00031
STDP,Conv1,V4,sub-02,4,0,0.00964,1e-06
STDP,Conv1,V4,sub-03,4,0,0.003631,0.064686
STDP,Conv1,LOC,sub-01,4,0,0.006713,0.000637
STDP,Conv1,LOC,sub-02,4,0,0.000695,0.723793
STDP,Conv1,LOC,sub-03,4,0,-0.00064,0.744791
STDP,Conv1,IT,sub-01,4,0,0.006911,0.000438
STDP,Conv1,IT,sub-02,4,0,0.004112,0.036451
STDP,Conv1,IT,sub-03,4,0,0.001716,0.382639
STDP,Conv2,V1,sub-01,4,0,0.029305,0.0
STDP,Conv2,V1,sub-02,4,0,0.044093,0.0
STDP,Conv2,V1,sub-03,4,0,0.007391,0.00017
STDP,Conv2,V2,sub-01,4,0,0.016574,0.0
STDP,Conv2,V2,sub-02,4,0,0.021881,0.0
STDP,Conv2,V2,sub-03,4,0,-0.000986,0.615902
STDP,Conv2,V3,sub-01,4,0,0.012924,0.0
STDP,Conv2,V3,sub-02,4,0,0.015741,0.0
STDP,Conv2,V3,sub-03,4,0,0.002235,0.25544
STDP,Conv2,V4,sub-01,4,0,0.006963,0.000396
STDP,Conv2,V4,sub-02,4,0,0.006871,0.000473
STDP,Conv2,V4,sub-03,4,0,0.005126,0.009103
STDP,Conv2,LOC,sub-01,4,0,0.006581,0.000813
STDP,Conv2,LOC,sub-02,4,0,-0.00394,0.045007
STDP,Conv2,LOC,sub-03,4,0,-0.002767,0.159265
STDP,Conv2,IT,sub-01,4,0,0.007628,0.000104
STDP,Conv2,IT,sub-02,4,0,0.002836,0.149132
STDP,Conv2,IT,sub-03,4,0,0.001325,0.500107
STDP,Conv3,V1,sub-01,4,0,0.02694,0.0
STDP,Conv3,V1,sub-02,4,0,0.034716,0.0
STDP,Conv3,V1,sub-03,4,0,0.007346,0.000186
STDP,Conv3,V2,sub-01,4,0,0.015193,0.0
STDP,Conv3,V2,sub-02,4,0,0.015904,0.0
STDP,Conv3,V2,sub-03,4,0,-0.000214,0.913245
STDP,Conv3,V3,sub-01,4,0,0.010125,0.0
STDP,Conv3,V3,sub-02,4,0,0.013265,0.0
STDP,Conv3,V3,sub-03,4,0,0.002364,0.229028
STDP,Conv3,V4,sub-01,4,0,0.005291,0.007108
STDP,Conv3,V4,sub-02,4,0,0.008468,1.6e-05
STDP,Conv3,V4,sub-03,4,0,0.00631,0.001326
STDP,Conv3,LOC,sub-01,4,0,0.005945,0.002489
STDP,Conv3,LOC,sub-02,4,0,0.000492,0.802388
STDP,Conv3,LOC,sub-03,4,0,-0.000673,0.731882
STDP,Conv3,IT,sub-01,4,0,0.007581,0.000115
STDP,Conv3,IT,sub-02,4,0,0.005716,0.003635
STDP,Conv3,IT,sub-03,4,0,0.001801,0.359509
STDP,FC1,V1,sub-01,4,0,0.096126,0.0
STDP,FC1,V1,sub-02,4,0,0.117648,0.0
STDP,FC1,V1,sub-03,4,0,0.018893,0.0
STDP,FC1,V2,sub-01,4,0,0.05572,0.0
STDP,FC1,V2,sub-02,4,0,0.079694,0.0
STDP,FC1,V2,sub-03,4,0,0.006767,0.000575
STDP,FC1,V3,sub-01,4,0,0.036479,0.0
STDP,FC1,V3,sub-02,4,0,0.07385,0.0
STDP,FC1,V3,sub-03,4,0,0.007829,6.8e-05
STDP,FC1,V4,sub-01,4,0,0.024584,0.0
STDP,FC1,V4,sub-02,4,0,0.030524,0.0
STDP,FC1,V4,sub-03,4,0,0.004685,0.01714
STDP,FC1,LOC,sub-01,4,0,0.002074,0.291363
STDP,FC1,LOC,sub-02,4,0,-0.013507,0.0
STDP,FC1,LOC,sub-03,4,0,-0.000202,0.918246
STDP,FC1,IT,sub-01,4,0,0.003819,0.052036
STDP,FC1,IT,sub-02,4,0,0.004269,0.029844
STDP,FC1,IT,sub-03,4,0,0.002611,0.184036
STDP,Conv1,V1,sub-01,4,1,0.034285,0.0
STDP,Conv1,V1,sub-02,4,1,0.057482,0.0
STDP,Conv1,V1,sub-03,4,1,0.010331,0.0
STDP,Conv1,V2,sub-01,4,1,0.017759,0.0
STDP,Conv1,V2,sub-02,4,1,0.029705,0.0
STDP,Conv1,V2,sub-03,4,1,-0.000157,0.936239
STDP,Conv1,V3,sub-01,4,1,0.01508,0.0
STDP,Conv1,V3,sub-02,4,1,0.018382,0.0
STDP,Conv1,V3,sub-03,4,1,0.002071,0.292138
STDP,Conv1,V4,sub-01,4,1,0.006945,0.00041
STDP,Conv1,V4,sub-02,4,1,0.010207,0.0
STDP,Conv1,V4,sub-03,4,1,0.003538,0.071886
STDP,Conv1,LOC,sub-01,4,1,0.006736,0.00061
STDP,Conv1,LOC,sub-02,4,1,0.000912,0.64261
STDP,Conv1,LOC,sub-03,4,1,-0.000481,0.80654
STDP,Conv1,IT,sub-01,4,1,0.006959,0.000399
STDP,Conv1,IT,sub-02,4,1,0.00429,0.029057
STDP,Conv1,IT,sub-03,4,1,0.001751,0.372959
STDP,Conv2,V1,sub-01,4,1,0.030006,0.0
STDP,Conv2,V1,sub-02,4,1,0.045516,0.0
STDP,Conv2,V1,sub-03,4,1,0.00756,0.00012
STDP,Conv2,V2,sub-01,4,1,0.017048,0.0
STDP,Conv2,V2,sub-02,4,1,0.022488,0.0
STDP,Conv2,V2,sub-03,4,1,-0.001018,0.604648
STDP,Conv2,V3,sub-01,4,1,0.013093,0.0
STDP,Conv2,V3,sub-02,4,1,0.016171,0.0
STDP,Conv2,V3,sub-03,4,1,0.002227,0.257227
STDP,Conv2,V4,sub-01,4,1,0.007127,0.000288
STDP,Conv2,V4,sub-02,4,1,0.007294,0.000206
STDP,Conv2,V4,sub-03,4,1,0.005015,0.01073
STDP,Conv2,LOC,sub-01,4,1,0.006541,0.000875
STDP,Conv2,LOC,sub-02,4,1,-0.003838,0.050865
STDP,Conv2,LOC,sub-03,4,1,-0.002712,0.167632
STDP,Conv2,IT,sub-01,4,1,0.007602,0.00011
STDP,Conv2,IT,sub-02,4,1,0.002937,0.135104
STDP,Conv2,IT,sub-03,4,1,0.001245,0.526427
STDP,Conv3,V1,sub-01,4,1,0.027138,0.0
STDP,Conv3,V1,sub-02,4,1,0.035138,0.0
STDP,Conv3,V1,sub-03,4,1,0.007553,0.000122
STDP,Conv3,V2,sub-01,4,1,0.015289,0.0
STDP,Conv3,V2,sub-02,4,1,0.016174,0.0
STDP,Conv3,V2,sub-03,4,1,-7.6e-05,0.969152
STDP,Conv3,V3,sub-01,4,1,0.010334,0.0
STDP,Conv3,V3,sub-02,4,1,0.013406,0.0
STDP,Conv3,V3,sub-03,4,1,0.002449,0.212844
STDP,Conv3,V4,sub-01,4,1,0.005425,0.005777
STDP,Conv3,V4,sub-02,4,1,0.008769,8e-06
STDP,Conv3,V4,sub-03,4,1,0.006226,0.001538
STDP,Conv3,LOC,sub-01,4,1,0.005995,0.002287
STDP,Conv3,LOC,sub-02,4,1,0.000843,0.667861
STDP,Conv3,LOC,sub-03,4,1,-0.000634,0.746882
STDP,Conv3,IT,sub-01,4,1,0.00759,0.000113
STDP,Conv3,IT,sub-02,4,1,0.005973,0.002373
STDP,Conv3,IT,sub-03,4,1,0.001725,0.380157
STDP,FC1,V1,sub-01,4,1,0.071511,0.0
STDP,FC1,V1,sub-02,4,1,0.080114,0.0
STDP,FC1,V1,sub-03,4,1,0.013919,0.0
STDP,FC1,V2,sub-01,4,1,0.050943,0.0
STDP,FC1,V2,sub-02,4,1,0.054296,0.0
STDP,FC1,V2,sub-03,4,1,0.003096,0.115223
STDP,FC1,V3,sub-01,4,1,0.029795,0.0
STDP,FC1,V3,sub-02,4,1,0.043073,0.0
STDP,FC1,V3,sub-03,4,1,0.004341,0.027204
STDP,FC1,V4,sub-01,4,1,0.020226,0.0
STDP,FC1,V4,sub-02,4,1,0.023404,0.0
STDP,FC1,V4,sub-03,4,1,0.004776,0.015096
STDP,FC1,LOC,sub-01,4,1,0.003072,0.118094
STDP,FC1,LOC,sub-02,4,1,-0.01429,0.0
STDP,FC1,LOC,sub-03,4,1,-0.000233,0.905595
STDP,FC1,IT,sub-01,4,1,0.005446,0.005596
STDP,FC1,IT,sub-02,4,1,0.00026,0.894795
STDP,FC1,IT,sub-03,4,1,0.00048,0.80716
STDP,Conv1,V1,sub-01,4,2,0.034723,0.0
STDP,Conv1,V1,sub-02,4,2,0.057407,0.0
STDP,Conv1,V1,sub-03,4,2,0.010201,0.0
STDP,Conv1,V2,sub-01,4,2,0.017845,0.0
STDP,Conv1,V2,sub-02,4,2,0.029991,0.0
STDP,Conv1,V2,sub-03,4,2,-0.000109,0.955782
STDP,Conv1,V3,sub-01,4,2,0.015132,0.0
STDP,Conv1,V3,sub-02,4,2,0.019003,0.0
STDP,Conv1,V3,sub-03,4,2,0.002139,0.276522
STDP,Conv1,V4,sub-01,4,2,0.006902,0.000446
STDP,Conv1,V4,sub-02,4,2,0.010741,0.0
STDP,Conv1,V4,sub-03,4,2,0.003558,0.070239
STDP,Conv1,LOC,sub-01,4,2,0.006797,0.000545
STDP,Conv1,LOC,sub-02,4,2,0.001101,0.575312
STDP,Conv1,LOC,sub-03,4,2,-0.000304,0.876957
STDP,Conv1,IT,sub-01,4,2,0.007072,0.00032
STDP,Conv1,IT,sub-02,4,2,0.004465,0.023103
STDP,Conv1,IT,sub-03,4,2,0.001838,0.349681
STDP,Conv2,V1,sub-01,4,2,0.030236,0.0
STDP,Conv2,V1,sub-02,4,2,0.046478,0.0
STDP,Conv2,V1,sub-03,4,2,0.007618,0.000106
STDP,Conv2,V2,sub-01,4,2,0.017275,0.0
STDP,Conv2,V2,sub-02,4,2,0.023025,0.0
STDP,Conv2,V2,sub-03,4,2,-0.001024,0.602305
STDP,Conv2,V3,sub-01,4,2,0.013141,0.0
STDP,Conv2,V3,sub-02,4,2,0.016757,0.0
STDP,Conv2,V3,sub-03,4,2,0.002216,0.259551
STDP,Conv2,V4,sub-01,4,2,0.007186,0.000256
STDP,Conv2,V4,sub-02,4,2,0.007651,9.9e-05
STDP,Conv2,V4,sub-03,4,2,0.004901,0.012644
STDP,Conv2,LOC,sub-01,4,2,0.006551,0.000859
STDP,Conv2,LOC,sub-02,4,2,-0.003803,0.053004
STDP,Conv2,LOC,sub-03,4,2,-0.002733,0.164351
STDP,Conv2,IT,sub-01,4,2,0.007629,0.000104
STDP,Conv2,IT,sub-02,4,2,0.003029,0.123346
STDP,Conv2,IT,sub-03,4,2,0.001129,0.565589
STDP,Conv3,V1,sub-01,4,2,0.02812,0.0
STDP,Conv3,V1,sub-02,4,2,0.036429,0.0
STDP,Conv3,V1,sub-03,4,2,0.007831,6.8e-05
STDP,Conv3,V2,sub-01,4,2,0.015909,0.0
STDP,Conv3,V2,sub-02,4,2,0.017007,0.0
STDP,Conv3,V2,sub-03,4,2,6.8e-05,0.972443
STDP,Conv3,V3,sub-01,4,2,0.01081,0.0
STDP,Conv3,V3,sub-02,4,2,0.014083,0.0
STDP,Conv3,V3,sub-03,4,2,0.002582,0.189024
STDP,Conv3,V4,sub-01,4,2,0.005793,0.003203
STDP,Conv3,V4,sub-02,4,2,0.009248,3e-06
STDP,Conv3,V4,sub-03,4,2,0.006142,0.001778
STDP,Conv3,LOC,sub-01,4,2,0.006094,0.001932
STDP,Conv3,LOC,sub-02,4,2,0.000985,0.616285
STDP,Conv3,LOC,sub-03,4,2,-0.000672,0.732364
STDP,Conv3,IT,sub-01,4,2,0.007647,0.0001
STDP,Conv3,IT,sub-02,4,2,0.006124,0.001836
STDP,Conv3,IT,sub-03,4,2,0.001656,0.399428
STDP,FC1,V1,sub-01,4,2,0.071848,0.0
STDP,FC1,V1,sub-02,4,2,0.085368,0.0
STDP,FC1,V1,sub-03,4,2,0.015699,0.0
STDP,FC1,V2,sub-01,4,2,0.050112,0.0
STDP,FC1,V2,sub-02,4,2,0.059234,0.0
STDP,FC1,V2,sub-03,4,2,0.00629,0.001373
STDP,FC1,V3,sub-01,4,2,0.030589,0.0
STDP,FC1,V3,sub-02,4,2,0.045364,0.0
STDP,FC1,V3,sub-03,4,2,0.006872,0.000472
STDP,FC1,V4,sub-01,4,2,0.019653,0.0
STDP,FC1,V4,sub-02,4,2,0.023134,0.0
STDP,FC1,V4,sub-03,4,2,0.007137,0.000282
STDP,FC1,LOC,sub-01,4,2,0.003456,0.078692
STDP,FC1,LOC,sub-02,4,2,-0.011465,0.0
STDP,FC1,LOC,sub-03,4,2,0.000159,0.935683
STDP,FC1,IT,sub-01,4,2,0.005533,0.00488
STDP,FC1,IT,sub-02,4,2,0.000256,0.896234
STDP,FC1,IT,sub-03,4,2,0.001781,0.364947
STDP,Conv1,V1,sub-01,4,5,0.036268,0.0
STDP,Conv1,V1,sub-02,4,5,0.058729,0.0
STDP,Conv1,V1,sub-03,4,5,0.010071,0.0
STDP,Conv1,V2,sub-01,4,5,0.018761,0.0
STDP,Conv1,V2,sub-02,4,5,0.031514,0.0
STDP,Conv1,V2,sub-03,4,5,5.3e-05,0.978339
STDP,Conv1,V3,sub-01,4,5,0.015816,0.0
STDP,Conv1,V3,sub-02,4,5,0.020924,0.0
STDP,Conv1,V3,sub-03,4,5,0.002394,0.223281
STDP,Conv1,V4,sub-01,4,5,0.0071,0.000303
STDP,Conv1,V4,sub-02,4,5,0.012034,0.0
STDP,Conv1,V4,sub-03,4,5,0.003519,0.07344
STDP,Conv1,LOC,sub-01,4,5,0.006861,0.000482
STDP,Conv1,LOC,sub-02,4,5,0.001328,0.499287
STDP,Conv1,LOC,sub-03,4,5,7.7e-05,0.968659
STDP,Conv1,IT,sub-01,4,5,0.007284,0.000211
STDP,Conv1,IT,sub-02,4,5,0.004812,0.014351
STDP,Conv1,IT,sub-03,4,5,0.001986,0.312273
STDP,Conv2,V1,sub-01,4,5,0.032783,0.0
STDP,Conv2,V1,sub-02,4,5,0.051067,0.0
STDP,Conv2,V1,sub-03,4,5,0.008197,3e-05
STDP,Conv2,V2,sub-01,4,5,0.018793,0.0
STDP,Conv2,V2,sub-02,4,5,0.02596,0.0
STDP,Conv2,V2,sub-03,4,5,-0.000803,0.682766
STDP,Conv2,V3,sub-01,4,5,0.014026,0.0
STDP,Conv2,V3,sub-02,4,5,0.019401,0.0
STDP,Conv2,V3,sub-03,4,5,0.002405,0.221114
STDP,Conv2,V4,sub-01,4,5,0.007729,8.4e-05
STDP,Conv2,V4,sub-02,4,5,0.009015,5e-06
STDP,Conv2,V4,sub-03,4,5,0.004724,0.016243
STDP,Conv2,LOC,sub-01,4,5,0.006627,0.000747
STDP,Conv2,LOC,sub-02,4,5,-0.004033,0.040165
STDP,Conv2,LOC,sub-03,4,5,-0.002582,0.188933
STDP,Conv2,IT,sub-01,4,5,0.00763,0.000104
STDP,Conv2,IT,sub-02,4,5,0.003162,0.107658
STDP,Conv2,IT,sub-03,4,5,0.001094,0.577815
STDP,Conv3,V1,sub-01,4,5,0.029656,0.0
STDP,Conv3,V1,sub-02,4,5,0.038715,0.0
STDP,Conv3,V1,sub-03,4,5,0.008121,3.6e-05
STDP,Conv3,V2,sub-01,4,5,0.016861,0.0
STDP,Conv3,V2,sub-02,4,5,0.018647,0.0
STDP,Conv3,V2,sub-03,4,5,0.00024,0.9027
STDP,Conv3,V3,sub-01,4,5,0.011411,0.0
STDP,Conv3,V3,sub-02,4,5,0.01544,0.0
STDP,Conv3,V3,sub-03,4,5,0.002797,0.154738
STDP,Conv3,V4,sub-01,4,5,0.006268,0.001428
STDP,Conv3,V4,sub-02,4,5,0.010061,0.0
STDP,Conv3,V4,sub-03,4,5,0.006111,0.001878
STDP,Conv3,LOC,sub-01,4,5,0.006116,0.001861
STDP,Conv3,LOC,sub-02,4,5,0.000959,0.625686
STDP,Conv3,LOC,sub-03,4,5,-0.000652,0.740029
STDP,Conv3,IT,sub-01,4,5,0.007634,0.000103
STDP,Conv3,IT,sub-02,4,5,0.00628,0.001399
STDP,Conv3,IT,sub-03,4,5,0.001575,0.42302
STDP,FC1,V1,sub-01,4,5,0.064305,0.0
STDP,FC1,V1,sub-02,4,5,0.078756,0.0
STDP,FC1,V1,sub-03,4,5,0.017124,0.0
STDP,FC1,V2,sub-01,4,5,0.049741,0.0
STDP,FC1,V2,sub-02,4,5,0.060269,0.0
STDP,FC1,V2,sub-03,4,5,0.007849,6.5e-05
STDP,FC1,V3,sub-01,4,5,0.031759,0.0
STDP,FC1,V3,sub-02,4,5,0.048624,0.0
STDP,FC1,V3,sub-03,4,5,0.007605,0.000109
STDP,FC1,V4,sub-01,4,5,0.021466,0.0
STDP,FC1,V4,sub-02,4,5,0.022416,0.0
STDP,FC1,V4,sub-03,4,5,0.009459,1e-06
STDP,FC1,LOC,sub-01,4,5,0.006131,0.001813
STDP,FC1,LOC,sub-02,4,5,-0.006817,0.000523
STDP,FC1,LOC,sub-03,4,5,0.000368,0.851391
STDP,FC1,IT,sub-01,4,5,0.010281,0.0
STDP,FC1,IT,sub-02,4,5,0.00431,0.028337
STDP,FC1,IT,sub-03,4,5,0.002577,0.189819
STDP,Conv1,V1,sub-01,4,10,0.036969,0.0
STDP,Conv1,V1,sub-02,4,10,0.058892,0.0
STDP,Conv1,V1,sub-03,4,10,0.009856,1e-06
STDP,Conv1,V2,sub-01,4,10,0.01952,0.0
STDP,Conv1,V2,sub-02,4,10,0.032438,0.0
STDP,Conv1,V2,sub-03,4,10,0.000155,0.937154
STDP,Conv1,V3,sub-01,4,10,0.016558,0.0
STDP,Conv1,V3,sub-02,4,10,0.022397,0.0
STDP,Conv1,V3,sub-03,4,10,0.002723,0.165916
STDP,Conv1,V4,sub-01,4,10,0.0074,0.000167
STDP,Conv1,V4,sub-02,4,10,0.012644,0.0
STDP,Conv1,V4,sub-03,4,10,0.003597,0.067222
STDP,Conv1,LOC,sub-01,4,10,0.006965,0.000395
STDP,Conv1,LOC,sub-02,4,10,0.001341,0.494996
STDP,Conv1,LOC,sub-03,4,10,0.000236,0.904508
STDP,Conv1,IT,sub-01,4,10,0.00761,0.000108
STDP,Conv1,IT,sub-02,4,10,0.005031,0.01048
STDP,Conv1,IT,sub-03,4,10,0.00216,0.271767
STDP,Conv2,V1,sub-01,4,10,0.03692,0.0
STDP,Conv2,V1,sub-02,4,10,0.057674,0.0
STDP,Conv2,V1,sub-03,4,10,0.009096,4e-06
STDP,Conv2,V2,sub-01,4,10,0.021474,0.0
STDP,Conv2,V2,sub-02,4,10,0.030795,0.0
STDP,Conv2,V2,sub-03,4,10,-0.000444,0.821173
STDP,Conv2,V3,sub-01,4,10,0.015907,0.0
STDP,Conv2,V3,sub-02,4,10,0.023697,0.0
STDP,Conv2,V3,sub-03,4,10,0.002758,0.160576
STDP,Conv2,V4,sub-01,4,10,0.008794,8e-06
STDP,Conv2,V4,sub-02,4,10,0.011056,0.0
STDP,Conv2,V4,sub-03,4,10,0.004606,0.019116
STDP,Conv2,LOC,sub-01,4,10,0.006867,0.000476
STDP,Conv2,LOC,sub-02,4,10,-0.004255,0.030394
STDP,Conv2,LOC,sub-03,4,10,-0.00245,0.212511
STDP,Conv2,IT,sub-01,4,10,0.007929,5.5e-05
STDP,Conv2,IT,sub-02,4,10,0.003547,0.071178
STDP,Conv2,IT,sub-03,4,10,0.001133,0.564363
STDP,Conv3,V1,sub-01,4,10,0.032284,0.0
STDP,Conv3,V1,sub-02,4,10,0.042051,0.0
STDP,Conv3,V1,sub-03,4,10,0.008671,1e-05
STDP,Conv3,V2,sub-01,4,10,0.018449,0.0
STDP,Conv3,V2,sub-02,4,10,0.020886,0.0
STDP,Conv3,V2,sub-03,4,10,0.00055,0.77961
STDP,Conv3,V3,sub-01,4,10,0.012488,0.0
STDP,Conv3,V3,sub-02,4,10,0.017268,0.0
STDP,Conv3,V3,sub-03,4,10,0.003125,0.111851
STDP,Conv3,V4,sub-01,4,10,0.007045,0.000338
STDP,Conv3,V4,sub-02,4,10,0.010973,0.0
STDP,Conv3,V4,sub-03,4,10,0.006145,0.001768
STDP,Conv3,LOC,sub-01,4,10,0.006373,0.001186
STDP,Conv3,LOC,sub-02,4,10,0.000762,0.698101
STDP,Conv3,LOC,sub-03,4,10,-0.000598,0.760819
STDP,Conv3,IT,sub-01,4,10,0.007792,7.4e-05
STDP,Conv3,IT,sub-02,4,10,0.006391,0.001147
STDP,Conv3,IT,sub-03,4,10,0.00163,0.40695
STDP,FC1,V1,sub-01,4,10,0.053421,0.0
STDP,FC1,V1,sub-02,4,10,0.054987,0.0
STDP,FC1,V1,sub-03,4,10,0.013516,0.0
STDP,FC1,V2,sub-01,4,10,0.039051,0.0
STDP,FC1,V2,sub-02,4,10,0.036711,0.0
STDP,FC1,V2,sub-03,4,10,0.006439,0.001053
STDP,FC1,V3,sub-01,4,10,0.027182,0.0
STDP,FC1,V3,sub-02,4,10,0.033191,0.0
STDP,FC1,V3,sub-03,4,10,0.007786,7.5e-05
STDP,FC1,V4,sub-01,4,10,0.017723,0.0
STDP,FC1,V4,sub-02,4,10,0.018684,0.0
STDP,FC1,V4,sub-03,4,10,0.009774,1e-06
STDP,FC1,LOC,sub-01,4,10,0.00637,0.001192
STDP,FC1,LOC,sub-02,4,10,-0.003674,0.061613
STDP,FC1,LOC,sub-03,4,10,0.000411,0.834334
STDP,FC1,IT,sub-01,4,10,0.01089,0.0
STDP,FC1,IT,sub-02,4,10,0.003745,0.056772
STDP,FC1,IT,sub-03,4,10,0.002758,0.160634
STDP,Conv1,V1,sub-01,4,20,0.036322,0.0
STDP,Conv1,V1,sub-02,4,20,0.057559,0.0
STDP,Conv1,V1,sub-03,4,20,0.009325,2e-06
STDP,Conv1,V2,sub-01,4,20,0.019605,0.0
STDP,Conv1,V2,sub-02,4,20,0.032863,0.0
STDP,Conv1,V2,sub-03,4,20,0.00023,0.90687
STDP,Conv1,V3,sub-01,4,20,0.017072,0.0
STDP,Conv1,V3,sub-02,4,20,0.024015,0.0
STDP,Conv1,V3,sub-03,4,20,0.003003,0.126606
STDP,Conv1,V4,sub-01,4,20,0.007536,0.000126
STDP,Conv1,V4,sub-02,4,20,0.01314,0.0
STDP,Conv1,V4,sub-03,4,20,0.003798,0.053324
STDP,Conv1,LOC,sub-01,4,20,0.006934,0.000419
STDP,Conv1,LOC,sub-02,4,20,0.001455,0.459213
STDP,Conv1,LOC,sub-03,4,20,0.000202,0.918334
STDP,Conv1,IT,sub-01,4,20,0.00781,7.1e-05
STDP,Conv1,IT,sub-02,4,20,0.005202,0.00813
STDP,Conv1,IT,sub-03,4,20,0.002325,0.236785
STDP,Conv2,V1,sub-01,4,20,0.04165,0.0
STDP,Conv2,V1,sub-02,4,20,0.064179,0.0
STDP,Conv2,V1,sub-03,4,20,0.010082,0.0
STDP,Conv2,V2,sub-01,4,20,0.024575,0.0
STDP,Conv2,V2,sub-02,4,20,0.036143,0.0
STDP,Conv2,V2,sub-03,4,20,3.8e-05,0.984476
STDP,Conv2,V3,sub-01,4,20,0.018205,0.0
STDP,Conv2,V3,sub-02,4,20,0.028415,0.0
STDP,Conv2,V3,sub-03,4,20,0.00332,0.091233
STDP,Conv2,V4,sub-01,4,20,0.009917,0.0
STDP,Conv2,V4,sub-02,4,20,0.013215,0.0
STDP,Conv2,V4,sub-03,4,20,0.004713,0.016501
STDP,Conv2,LOC,sub-01,4,20,0.007177,0.000261
STDP,Conv2,LOC,sub-02,4,20,-0.004616,0.018839
STDP,Conv2,LOC,sub-03,4,20,-0.002183,0.266712
STDP,Conv2,IT,sub-01,4,20,0.008394,1.9e-05
STDP,Conv2,IT,sub-02,4,20,0.003875,0.048678
STDP,Conv2,IT,sub-03,4,20,0.001308,0.505911
STDP,Conv3,V1,sub-01,4,20,0.034236,0.0
STDP,Conv3,V1,sub-02,4,20,0.044686,0.0
STDP,Conv3,V1,sub-03,4,20,0.009189,3e-06
STDP,Conv3,V2,sub-01,4,20,0.019601,0.0
STDP,Conv3,V2,sub-02,4,20,0.022643,0.0
STDP,Conv3,V2,sub-03,4,20,0.00091,0.643457
STDP,Conv3,V3,sub-01,4,20,0.01333,0.0
STDP,Conv3,V3,sub-02,4,20,0.01863,0.0
STDP,Conv3,V3,sub-03,4,20,0.003578,0.068732
STDP,Conv3,V4,sub-01,4,20,0.007401,0.000166
STDP,Conv3,V4,sub-02,4,20,0.011786,0.0
STDP,Conv3,V4,sub-03,4,20,0.006373,0.001185
STDP,Conv3,LOC,sub-01,4,20,0.006612,0.000768
STDP,Conv3,LOC,sub-02,4,20,0.000497,0.800227
STDP,Conv3,LOC,sub-03,4,20,-0.000387,0.843991
STDP,Conv3,IT,sub-01,4,20,0.007963,5.1e-05
STDP,Conv3,IT,sub-02,4,20,0.006401,0.001128
STDP,Conv3,IT,sub-03,4,20,0.001878,0.339313
STDP,FC1,V1,sub-01,4,20,0.049757,0.0
STDP,FC1,V1,sub-02,4,20,0.058359,0.0
STDP,FC1,V1,sub-03,4,20,0.015629,0.0
STDP,FC1,V2,sub-01,4,20,0.040436,0.0
STDP,FC1,V2,sub-02,4,20,0.044118,0.0
STDP,FC1,V2,sub-03,4,20,0.007181,0.000259
STDP,FC1,V3,sub-01,4,20,0.025033,0.0
STDP,FC1,V3,sub-02,4,20,0.03771,0.0
STDP,FC1,V3,sub-03,4,20,0.008713,9e-06
STDP,FC1,V4,sub-01,4,20,0.016257,0.0
STDP,FC1,V4,sub-02,4,20,0.016668,0.0
STDP,FC1,V4,sub-03,4,20,0.009108,4e-06
STDP,FC1,LOC,sub-01,4,20,0.005993,0.002294
STDP,FC1,LOC,sub-02,4,20,-0.003684,0.06092
STDP,FC1,LOC,sub-03,4,20,0.001427,0.467951
STDP,FC1,IT,sub-01,4,20,0.009771,1e-06
STDP,FC1,IT,sub-02,4,20,0.004807,0.014459
STDP,FC1,IT,sub-03,4,20,0.002751,0.161565
STDP,Conv1,V1,sub-01,4,30,0.036029,0.0
STDP,Conv1,V1,sub-02,4,30,0.057438,0.0
STDP,Conv1,V1,sub-03,4,30,0.00914,3e-06
STDP,Conv1,V2,sub-01,4,30,0.019852,0.0
STDP,Conv1,V2,sub-02,4,30,0.03361,0.0
STDP,Conv1,V2,sub-03,4,30,0.00034,0.862596
STDP,Conv1,V3,sub-01,4,30,0.017525,0.0
STDP,Conv1,V3,sub-02,4,30,0.02526,0.0
STDP,Conv1,V3,sub-03,4,30,0.003123,0.112078
STDP,Conv1,V4,sub-01,4,30,0.007713,8.7e-05
STDP,Conv1,V4,sub-02,4,30,0.013653,0.0
STDP,Conv1,V4,sub-03,4,30,0.003822,0.051813
STDP,Conv1,LOC,sub-01,4,30,0.006883,0.000462
STDP,Conv1,LOC,sub-02,4,30,0.001337,0.496471
STDP,Conv1,LOC,sub-03,4,30,0.000241,0.902611
STDP,Conv1,IT,sub-01,4,30,0.007882,6.1e-05
STDP,Conv1,IT,sub-02,4,30,0.0052,0.008152
STDP,Conv1,IT,sub-03,4,30,0.002416,0.219027
STDP,Conv2,V1,sub-01,4,30,0.044371,0.0
STDP,Conv2,V1,sub-02,4,30,0.068202,0.0
STDP,Conv2,V1,sub-03,4,30,0.010532,0.0
STDP,Conv2,V2,sub-01,4,30,0.026431,0.0
STDP,Conv2,V2,sub-02,4,30,0.03963,0.0
STDP,Conv2,V2,sub-03,4,30,0.000354,0.85695
STDP,Conv2,V3,sub-01,4,30,0.019744,0.0
STDP,Conv2,V3,sub-02,4,30,0.031536,0.0
STDP,Conv2,V3,sub-03,4,30,0.003615,0.06586
STDP,Conv2,V4,sub-01,4,30,0.010529,0.0
STDP,Conv2,V4,sub-02,4,30,0.014657,0.0
STDP,Conv2,V4,sub-03,4,30,0.004682,0.017209
STDP,Conv2,LOC,sub-01,4,30,0.007201,0.000248
STDP,Conv2,LOC,sub-02,4,30,-0.004786,0.014885
STDP,Conv2,LOC,sub-03,4,30,-0.001914,0.330103
STDP,Conv2,IT,sub-01,4,30,0.008534,1.4e-05
STDP,Conv2,IT,sub-02,4,30,0.00411,0.036548
STDP,Conv2,IT,sub-03,4,30,0.001444,0.462512
STDP,Conv3,V1,sub-01,4,30,0.035569,0.0
STDP,Conv3,V1,sub-02,4,30,0.046566,0.0
STDP,Conv3,V1,sub-03,4,30,0.009499,1e-06
STDP,Conv3,V2,sub-01,4,30,0.020487,0.0
STDP,Conv3,V2,sub-02,4,30,0.024173,0.0
STDP,Conv3,V2,sub-03,4,30,0.001151,0.558201
STDP,Conv3,V3,sub-01,4,30,0.013976,0.0
STDP,Conv3,V3,sub-02,4,30,0.019895,0.0
STDP,Conv3,V3,sub-03,4,30,0.003885,0.048105
STDP,Conv3,V4,sub-01,4,30,0.007524,0.000129
STDP,Conv3,V4,sub-02,4,30,0.012411,0.0
STDP,Conv3,V4,sub-03,4,30,0.006507,0.000931
STDP,Conv3,LOC,sub-01,4,30,0.006575,0.000823
STDP,Conv3,LOC,sub-02,4,30,0.000401,0.838355
STDP,Conv3,LOC,sub-03,4,30,-0.000364,0.853071
STDP,Conv3,IT,sub-01,4,30,0.007951,5.2e-05
STDP,Conv3,IT,sub-02,4,30,0.006463,0.001009
STDP,Conv3,IT,sub-03,4,30,0.001939,0.323857
STDP,FC1,V1,sub-01,4,30,0.065826,0.0
STDP,FC1,V1,sub-02,4,30,0.09146,0.0
STDP,FC1,V1,sub-03,4,30,0.019625,0.0
STDP,FC1,V2,sub-01,4,30,0.050402,0.0
STDP,FC1,V2,sub-02,4,30,0.06843,0.0
STDP,FC1,V2,sub-03,4,30,0.007267,0.000218
STDP,FC1,V3,sub-01,4,30,0.033138,0.0
STDP,FC1,V3,sub-02,4,30,0.058984,0.0
STDP,FC1,V3,sub-03,4,30,0.008027,4.4e-05
STDP,FC1,V4,sub-01,4,30,0.021096,0.0
STDP,FC1,V4,sub-02,4,30,0.028733,0.0
STDP,FC1,V4,sub-03,4,30,0.007472,0.000144
STDP,FC1,LOC,sub-01,4,30,0.004703,0.016733
STDP,FC1,LOC,sub-02,4,30,-0.001979,0.314071
STDP,FC1,LOC,sub-03,4,30,0.00091,0.643211
STDP,FC1,IT,sub-01,4,30,0.008711,9e-06
STDP,FC1,IT,sub-02,4,30,0.008194,3.1e-05
STDP,FC1,IT,sub-03,4,30,0.002289,0.244223
STDP,Conv1,V1,sub-01,4,40,0.035908,0.0
STDP,Conv1,V1,sub-02,4,40,0.057502,0.0
STDP,Conv1,V1,sub-03,4,40,0.009032,4e-06
STDP,Conv1,V2,sub-01,4,40,0.020089,0.0
STDP,Conv1,V2,sub-02,4,40,0.034124,0.0
STDP,Conv1,V2,sub-03,4,40,0.000431,0.82661
STDP,Conv1,V3,sub-01,4,40,0.017832,0.0
STDP,Conv1,V3,sub-02,4,40,0.026093,0.0
STDP,Conv1,V3,sub-03,4,40,0.003258,0.097432
STDP,Conv1,V4,sub-01,4,40,0.007845,6.6e-05
STDP,Conv1,V4,sub-02,4,40,0.01409,0.0
STDP,Conv1,V4,sub-03,4,40,0.0039,0.047221
STDP,Conv1,LOC,sub-01,4,40,0.006838,0.000503
STDP,Conv1,LOC,sub-02,4,40,0.001226,0.532681
STDP,Conv1,LOC,sub-03,4,40,0.000209,0.915335
STDP,Conv1,IT,sub-01,4,40,0.007938,5.4e-05
STDP,Conv1,IT,sub-02,4,40,0.005155,0.00872
STDP,Conv1,IT,sub-03,4,40,0.002464,0.209969
STDP,Conv2,V1,sub-01,4,40,0.046989,0.0
STDP,Conv2,V1,sub-02,4,40,0.071744,0.0
STDP,Conv2,V1,sub-03,4,40,0.011242,0.0
STDP,Conv2,V2,sub-01,4,40,0.028008,0.0
STDP,Conv2,V2,sub-02,4,40,0.042429,0.0
STDP,Conv2,V2,sub-03,4,40,0.000692,0.724633
STDP,Conv2,V3,sub-01,4,40,0.02107,0.0
STDP,Conv2,V3,sub-02,4,40,0.033959,0.0
STDP,Conv2,V3,sub-03,4,40,0.003896,0.047476
STDP,Conv2,V4,sub-01,4,40,0.011206,0.0
STDP,Conv2,V4,sub-02,4,40,0.015892,0.0
STDP,Conv2,V4,sub-03,4,40,0.004762,0.015402
STDP,Conv2,LOC,sub-01,4,40,0.007394,0.000169
STDP,Conv2,LOC,sub-02,4,40,-0.004795,0.014712
STDP,Conv2,LOC,sub-03,4,40,-0.001668,0.396152
STDP,Conv2,IT,sub-01,4,40,0.008706,9e-06
STDP,Conv2,IT,sub-02,4,40,0.004441,0.023844
STDP,Conv2,IT,sub-03,4,40,0.001646,0.40243
STDP,Conv3,V1,sub-01,4,40,0.036832,0.0
STDP,Conv3,V1,sub-02,4,40,0.04755,0.0
STDP,Conv3,V1,sub-03,4,40,0.009904,0.0
STDP,Conv3,V2,sub-01,4,40,0.021095,0.0
STDP,Conv3,V2,sub-02,4,40,0.024785,0.0
STDP,Conv3,V2,sub-03,4,40,0.001334,0.497484
STDP,Conv3,V3,sub-01,4,40,0.014547,0.0
STDP,Conv3,V3,sub-02,4,40,0.020456,0.0
STDP,Conv3,V3,sub-03,4,40,0.004134,0.035451
STDP,Conv3,V4,sub-01,4,40,0.007683,9.3e-05
STDP,Conv3,V4,sub-02,4,40,0.012889,0.0
STDP,Conv3,V4,sub-03,4,40,0.006675,0.000684
STDP,Conv3,LOC,sub-01,4,40,0.006603,0.000781
STDP,Conv3,LOC,sub-02,4,40,0.000404,0.837179
STDP,Conv3,LOC,sub-03,4,40,-0.000368,0.851308
STDP,Conv3,IT,sub-01,4,40,0.007933,5.4e-05
STDP,Conv3,IT,sub-02,4,40,0.006532,0.00089
STDP,Conv3,IT,sub-03,4,40,0.002025,0.302838
STDP,FC1,V1,sub-01,4,40,0.050552,0.0
STDP,FC1,V1,sub-02,4,40,0.05957,0.0
STDP,FC1,V1,sub-03,4,40,0.013243,0.0
STDP,FC1,V2,sub-01,4,40,0.03903,0.0
STDP,FC1,V2,sub-02,4,40,0.040984,0.0
STDP,FC1,V2,sub-03,4,40,0.006348,0.00124
STDP,FC1,V3,sub-01,4,40,0.027073,0.0
STDP,FC1,V3,sub-02,4,40,0.038648,0.0
STDP,FC1,V3,sub-03,4,40,0.007624,0.000105
STDP,FC1,V4,sub-01,4,40,0.016287,0.0
STDP,FC1,V4,sub-02,4,40,0.017035,0.0
STDP,FC1,V4,sub-03,4,40,0.007969,5e-05
STDP,FC1,LOC,sub-01,4,40,0.006591,0.000798
STDP,FC1,LOC,sub-02,4,40,-0.003335,0.089704
STDP,FC1,LOC,sub-03,4,40,-0.000543,0.782222
STDP,FC1,IT,sub-01,4,40,0.010668,0.0
STDP,FC1,IT,sub-02,4,40,0.006688,0.000668
STDP,FC1,IT,sub-03,4,40,0.001533,0.435537
