perm,lower|cr|V1,upper|cr|V1,lower|crb|V1,upper|crb|V1,lower|cr|V2,upper|cr|V2,lower|crb|V2,upper|crb|V2,lower|cr|LOC,upper|cr|LOC,lower|crb|LOC,upper|crb|LOC,lower|cr|IT,upper|cr|IT,lower|crb|IT,upper|crb|IT
0,0.0006296805224676995,0.5480887905721924,0.0005731459280900289,0.5480163411584762,-0.0015751768698615476,0.5519434682419669,-0.0016481018988726628,0.551915242137419,0.0022031812894270837,0.5510026456469143,0.002111904577693562,0.5509815188229822,-0.0010877785467518334,0.5462150498410142,-0.0010526476404513897,0.5462329165476648
1,0.0027210958768507953,0.5485798955234938,0.002902297466835275,0.5486354718752776,-0.004674376662336764,0.5504588424082967,-0.004549629648895481,0.5504985081309558,0.0017612492213077504,0.5508136661924626,0.0017248017022426434,0.5507980921303575,2.7095486408413964e-05,0.546778978922717,3.5815805984087944e-05,0.5467741878268758
2,0.0030039790387485538,0.5491209093812902,0.003106014743954451,0.5491256381251047,-0.0002473505041258291,0.5529288176567976,-0.0005554252305140653,0.5527447336873844,1.8890004002444284e-05,0.5502911023755614,0.00018173306470736358,0.5503758489128378,-0.002302486392580637,0.5459524947252826,-0.002260539086786559,0.5459740478376217
3,-0.0017778579397096502,0.5467157454811304,-0.0018271798534204898,0.5466756275154473,0.003378650432135554,0.5539785381867638,0.0029982866743945187,0.5537649359823875,0.003092018330946631,0.5517400208105457,0.0031674666557084097,0.5517595200893027,0.0002911274709232589,0.5470677832473583,0.00031126506548216203,0.5470944999482876
4,0.0023626886951892885,0.5487972325102334,0.0022631303688071583,0.5486854886850439,-0.0010772847833322276,0.5520284836390272,-0.0007672446423873791,0.5521626412250599,-0.0005719747958696394,0.5498221401888329,-0.0005843324060089038,0.5498285108846926,-0.00028430353345196605,0.5465602096563649,-0.00030535865332361427,0.5465750078752096
5,0.004432595623403378,0.5495912060331559,0.004417687403222108,0.5495664011532778,-0.002783280143558144,0.551432725150259,-0.0027134400208543904,0.5514675588519709,-0.001628935824813151,0.549347466972714,-0.0016516668404098203,0.5493381887602272,0.0021449725703844573,0.5476767380631878,0.002081424800192283,0.5476658303687358
6,-0.00011812556319340622,0.547817193018273,-0.00015998777357886738,0.5477809427830772,-9.764221182340734e-05,0.5526478725172052,8.090578693254666e-05,0.5527198108727868,-0.0007642565129734935,0.5500803528304289,-0.0006996980811088263,0.5501223664798826,-0.004113461165513094,0.5446128086850016,-0.004110497726009874,0.5446290528876364
7,0.00047846985334831023,0.5477157945477062,0.00032778584377744525,0.5476159242283946,-0.00037833094375269277,0.5527703986505071,-0.00037980033084722274,0.5527475165817052,0.001376734240321157,0.55081117773512,0.001616299599558318,0.5509159578345447,0.002434601656297946,0.54775701472771,0.0024343391778512014,0.5477604130657823
8,0.0011187951325249564,0.5480628633680643,0.001239771800912762,0.5480699855411564,-0.0026249802824387636,0.5515608276892948,-0.0027206809456564863,0.5514861397456011,-0.0004735513247467054,0.549761767863266,-0.000527291408731531,0.5497448488678468,-0.002685698418278768,0.5456304685078505,-0.0027113327657235092,0.5456416927633142
9,0.0019289235265092623,0.5486852634512177,0.0019442408154472385,0.5486824118179366,0.0011796457291433752,0.5530646126169071,0.001243170725383159,0.5530745678317738,0.0027575892613436194,0.5514811004313134,0.002718336625009879,0.5514677014777501,-0.00292165197504366,0.545595106672291,-0.002917729120835246,0.5456012659125792
10,0.001299921156577753,0.5484893780219925,0.0011563184022737307,0.5483844481359029,-0.0006240489899416026,0.5524558567177813,-0.0005708964232453974,0.5524709394751472,0.0002692766139056672,0.5505079030198939,0.00024434864744658585,0.5505090264779419,0.0004000740502893776,0.547013299356078,0.00040546131034524356,0.5470184786999207
11,-0.0012731756667165052,0.547297621640655,-0.0014815274023815012,0.5471444488179711,-0.0013781435578986024,0.5519641517634474,-0.0014377459876936925,0.5519185544677053,-0.0007830614922513813,0.5500934281132861,-0.0007611363968817323,0.5501089923999433,-0.0002965708490802672,0.5466327599311449,-0.00031360679385396495,0.5466537457462232
12,0.0027872583115256463,0.5489093053048574,0.0027764190041446985,0.5488853606008104,-0.0022054074351296788,0.5518346534779549,-0.002149288815865945,0.5518452498723945,0.0005990702307818869,0.550439934523313,0.000627328733862994,0.5504430055323318,4.5571564657889566e-05,0.5467170206038964,7.452986463748351e-05,0.5467415505587047
13,0.002498318823610697,0.5490002562437106,0.002550684411999876,0.5490045133895317,0.0006868927131376333,0.5528235196256034,0.0007128608587950303,0.5528121171612662,-0.0018102886864550562,0.549300743130424,-0.0018076374466145613,0.5493231511636792,-0.00038114764688453734,0.5464493051362671,-0.0002817622442911712,0.5464877168965621
14,-0.002878968870067262,0.546544158113766,-0.0031182592631436392,0.5464072289421149,-0.00035239561658446163,0.552403077214794,-0.000315233240136021,0.5523777016778074,-0.0003544171833325398,0.5501406963660186,-0.0004351622029406929,0.5501357829150355,-0.0013024424590109141,0.5459965954858332,-0.0013030430528112628,0.5460046138052833
15,0.0019240295613573788,0.5484568208103667,0.001750260106290406,0.548360306233762,-0.003121025125691459,0.5512094554680216,-0.0029966930826777123,0.5512341203134692,0.00016548540591968604,0.55029050287652,0.00023595063264696974,0.5503139207892936,-0.0007247921384750098,0.5462779708736619,-0.0008232688788585994,0.5462429162349117
16,-0.0003096446192711767,0.5472471414668219,-0.00042844075111644263,0.5471851302407127,0.0016132112660320929,0.5532697508534256,0.001445740059059339,0.5531834655503466,-2.2508638400318075e-05,0.5503903399059463,-0.00010258381616802955,0.5503603852841871,-0.00113058678314108,0.5463023976720635,-0.001170412318606172,0.546273073331823
17,0.0016700703624027517,0.5483272217440653,0.0016216990760646746,0.5483129858519882,-0.0014012136724796305,0.5519812924736099,-0.0014294688028823465,0.5519546587202583,0.0014274793544364831,0.5508747390169478,0.001433972684438859,0.5508834672047702,-0.0006343915712027819,0.546245752981812,-0.0006292183656313406,0.5462468500526332
18,-0.0017865851330677088,0.5467590010837643,-0.001631263125656427,0.5468237244115349,0.0021862245518099927,0.5536556886326568,0.0022795777164795485,0.5536894139456185,-0.0006248244876468799,0.5499937915217676,-0.000687528751815105,0.5499861351869219,-0.0013380830134108593,0.5459648783150278,-0.0013094108992827951,0.5459670645377712
19,0.0006122431246355076,0.5479947319136081,0.0006218154512642005,0.548006712611015,0.0008456360385005889,0.5529233255578997,0.0010095843086424699,0.5530115215233593,0.0007763504418940494,0.5506265866261849,0.0005696634891212315,0.5505432370589605,4.950322240864476e-05,0.5470050813758723,0.00012349606673545796,0.5470462670349026
20,-0.00046509652139323275,0.5474337378727728,-0.0008404561595036063,0.5472154568799107,-0.00023950234448362983,0.5525129943017505,-0.00025905718961420323,0.552511949209845,0.001236691970398349,0.5507792618530232,0.0011514061394064913,0.5507465477604886,0.000694760883508807,0.5468943598461735,0.0007222818269438238,0.5469124452291086
21,0.0005618996304205469,0.5478411256065591,0.0003444278588081811,0.5477508381130468,-0.000256540172970208,0.5523082646109762,-0.00019798508985656416,0.552320084288072,0.0002457083408797174,0.5504509596378089,2.378322045997119e-05,0.5503655026596049,0.0009949879246228246,0.547434564863953,0.0010558163391592688,0.5474752780231139
22,-0.0007435414179250232,0.5473417665983885,-0.0006334241949943784,0.5473137565922638,-0.0006619573801042751,0.5522600491966633,-0.0006276978174070788,0.5522562329311823,-0.002949358019775828,0.5490178330218128,-0.0029299525769353966,0.5490328282801213,-0.0034918100874301305,0.5452800514465767,-0.003501899994366141,0.5452705637147074
23,-0.0017351879564079077,0.5469162235425141,-0.0017277673940166124,0.5469040539091364,0.0021877864287866266,0.553840219253932,0.0022665906246535166,0.5538723574539208,0.001258851968463747,0.5508358360367006,0.001292182122089647,0.5508355786021987,-0.0008415434973166151,0.5463759435376997,-0.00084444834665989,0.5463906314567519
24,0.0007101605707803691,0.5482529886169923,0.0005843892301599521,0.5482021865843812,0.0015650213180351876,0.5531421443817095,0.00137742029177758,0.5530334092964341,0.0005446172135174305,0.5504449983562317,0.0002684262428989337,0.5503512734813252,-0.00020473991419948573,0.5465038735609903,-0.0002521966182933419,0.5464764687732641
25,-0.0017792243702051229,0.5468996532160229,-0.0016881962304499886,0.5469142021788024,0.004599289823986453,0.5545979425208695,0.004681722640734652,0.5546191520818002,-0.00013243549911461992,0.5499009035058325,-0.000226827856128705,0.5498808005182352,-0.000836967012663213,0.5463612637179555,-0.0008608904562550974,0.5463488914612374
26,0.0008652689729278896,0.5478914535118906,0.000834549013838227,0.5478667309885302,0.0008315877523089208,0.5529623356388672,0.0009701412382817296,0.5530146713206556,4.530623589523913e-05,0.5504863749518049,2.038799520583141e-05,0.5504659076117943,-0.0004933594565841654,0.5464228606476543,-0.0005382770373173468,0.5464174222649079
27,0.0020297176229268766,0.5487753244418689,0.002251971319948675,0.5488675948852458,-0.002184228921490623,0.5516925828347748,-0.002152446329564695,0.5516506196724966,-0.0006759260374750815,0.5498387218536921,-0.0006354163212377999,0.549873306389677,-0.00027125544975877214,0.546802877440626,-0.00021451577564558655,0.5468410810428801
28,-0.0003127807632427936,0.5478749683364638,-9.899978590701426e-05,0.5479711249468211,-0.0015413930274818513,0.5518219684438644,-0.0014541184922704329,0.5518381624422538,-5.0439014210284224e-05,0.5502992777244815,-0.0003195583145018158,0.5502002772970223,-4.1104830475926375e-05,0.5467744353724037,-5.8019063169031646e-05,0.5467697780874213
29,0.0011973649586975103,0.548624678142652,0.0012887666806347825,0.5486303307495586,-0.0007488151591939591,0.5523331294851829,-0.00071900879745766,0.5523429600481002,0.0004368215262553383,0.5505085713037393,0.00044016931973979364,0.5505058725158545,-0.0018288093855108277,0.5457339023380882,-0.0017635810233523487,0.5457773202669679
30,0.0019054016827371012,0.548430707497266,0.0020033605840091497,0.5484602311316255,-0.0028320188878426106,0.55127869206423,-0.0026461859777674747,0.5513420151333981,-0.0016665091545899097,0.5497360152761561,-0.0016232951690728064,0.5497611774873649,0.00033587059799928794,0.5469042762912617,0.0002990149013355423,0.546889798126958
31,0.001176857799153438,0.5480813162831862,0.0014657605249517,0.548181735156776,0.0013459397026992373,0.5531047476183021,0.0011889388259096253,0.5530201239418885,-0.0012402632084506052,0.5496852330560658,-0.001296618610720354,0.5496655255493507,-0.002298507207041063,0.5459153867636459,-0.002357288598206599,0.545921954625956
32,-0.0023022457379722264,0.5467917826776615,-0.0024901035907623254,0.5466326010414408,0.0003512375219151726,0.5528016758181354,0.0004991901449784929,0.5528374531473914,0.0017692231405030893,0.5511507321898712,0.001800929782937123,0.5511718901372138,0.0002378996556891146,0.5468061579057659,0.0001985595421195053,0.5467935021712707
33,-0.0034677355903590854,0.5459038525293608,-0.003362828123752149,0.5459538798298548,-0.004354360132320369,0.5508266637827872,-0.004298801938229976,0.5508173169656861,0.0025635537001193007,0.551357264744586,0.0024495207453568623,0.5513068955557842,0.0008173797291291476,0.547104868109994,0.0008582193389953049,0.5471424703764759
34,-0.0008766203332244623,0.5475703720222508,-0.0010183005953026427,0.5475096276009562,0.0014225633296696637,0.5531358094181713,0.0014164447671251232,0.5531352348978057,-0.00037189200447545096,0.5501805573091176,-0.00038162392585808024,0.5501732418245561,0.0011248985520950045,0.5471188183528187,0.0011204121731269812,0.5471179051402341
35,-0.0012820667468221262,0.5469258969635532,-0.0011287828340467482,0.5469617493804259,0.00312260684410433,0.5537356911927916,0.0030032081385363446,0.553685834312051,0.00173570484667195,0.5507429542858966,0.001778224459853152,0.5507787428613602,0.005427184085797315,0.5491313783608412,0.005402372554478784,0.5491201949386665
36,-0.003737642280864093,0.5461532886849927,-0.0036984494452812575,0.5461410576642978,0.0010768492039793895,0.5533460631360861,0.0010551891942083128,0.5533191467723625,-0.002019610281918083,0.5491861850203583,-0.0020136505675149084,0.5491848173071446,-0.002919293668692665,0.5452994897190763,-0.002916502633372792,0.5453090539992207
37,-0.0004397086734637745,0.54753615092773,-0.0005386865895047692,0.5474717097555096,0.004670528078932518,0.5544943109127239,0.004523029975291925,0.554406583481327,0.0021919887209984426,0.5512085471739412,0.002183484086506104,0.5512368962466482,-0.0009341820088252456,0.5461655842158971,-0.0009523897891449071,0.54616999337699
38,-0.0016494628885207103,0.5469251215636839,-0.0015999191675592232,0.5469600031257501,0.0002377767546787158,0.5528997058083335,0.00021248753879534347,0.5528681584833165,-0.0015764794734458827,0.549595382688907,-0.0016407559448985871,0.5495776754285163,0.0027700450576338335,0.5479784210931283,0.0027357968230429693,0.547965334524864
39,3.6881747598809e-05,0.5474547598281121,7.773951759595126e-05,0.5474627574002037,-0.002163639769357147,0.5517492862410954,-0.002334025974301748,0.5516556538588614,0.0035129099094594867,0.5516693013738411,0.003351350516767649,0.551619976367174,0.0010610348385379075,0.5471091347071938,0.0010410005895985636,0.5471086753306996
40,-0.0027018928791732975,0.5470016993074419,-0.0027005186758214824,0.5469408207856744,-0.0009637316894802282,0.5520191437754695,-0.0011590127915826322,0.5519192888827694,0.0009040731719603413,0.5506765051230477,0.0009308210896825648,0.5506761529967846,0.001625262372345963,0.5474682765880228,0.0016035040338964936,0.5474620019261591
41,0.0032357540033796576,0.5490521568623006,0.0029652790835431424,0.5489033869721169,-0.0017667472461207832,0.5519092742091822,-0.0019138207475467301,0.5518173594234154,0.002077302263421623,0.5511683987582612,0.0019453046395784713,0.5511190568151185,0.0020023329003946914,0.5474091443570436,0.002023670802977,0.547420461110252
42,0.0014227780375846762,0.5484545226891343,0.0012443191282538078,0.5483511602716852,-0.002621256888896476,0.5514592238473107,-0.0028185975325368284,0.5513503205151186,-0.0012319998057930533,0.5496668581505131,-0.0011501059066737005,0.5497108997006263,0.0025381201488413755,0.547803357713626,0.0025154998530159374,0.5477886127139501
43,-0.002041068840792039,0.5467419826501118,-0.0019433584783899518,0.5467544979007466,0.00026647177535481134,0.5527612492584298,0.0005022277922696595,0.5528285054192473,0.0011562154378182098,0.5506411855896168,0.0010596980504672187,0.5506241768405344,-0.0001874933040557547,0.5463293105586108,-0.00026277272200439235,0.5462923572164365
44,0.001183506404569862,0.5484018092690154,0.0013483949424803975,0.5484486338229443,-0.001201723978607297,0.5519528753765138,-0.0011744331294063107,0.5519454057499591,-0.002565118542976329,0.5492828154643764,-0.0025311854148489933,0.5492948497596292,-0.00017494904270518494,0.5464025608965843,-0.00018033995076149726,0.5464018584297469
45,-0.0007390074181485494,0.5472616390013532,-0.0007564051347624198,0.5472252854902933,0.0025648551496341727,0.5537075192360401,0.002792097989571767,0.5537584896399587,0.00244102876109277,0.5514601173067226,0.0023907383709585017,0.5514282087692802,-0.00022812747490917316,0.5466467116523704,-0.00027727355981465776,0.5466200677247458
46,-0.00013617902333358232,0.5481396787652583,-8.17133163398022e-06,0.5481931822856303,-0.00011260045107250273,0.5526989990478434,-7.023070753317113e-05,0.552701818882088,-0.001046935693143647,0.5496125971681739,-0.0011348500962579178,0.5495780437222779,-0.00021828650935393795,0.546526172610367,-0.00025814750804900653,0.5465186779311376
47,0.0006325138907926809,0.5480065088952685,0.0003358586264949369,0.5478421694411441,-0.0028711211842263012,0.5512824562848622,-0.0029399590128865176,0.5512514140238602,0.0029904265601085975,0.5518241139423657,0.002963365639543509,0.5518241369558848,-0.001266312808915711,0.545998650826883,-0.0012953263288802625,0.5459925535120451
48,0.0034679491269895696,0.549243070259383,0.0033741458008894345,0.5491668174937118,0.00022667497662221754,0.5526854253241172,0.00026622538043777545,0.5526814171655902,-0.0005947649925009907,0.5500120483827615,-0.0006935867372653771,0.5499792381670542,-0.0014401072258894462,0.546247738586814,-0.0014495509948704796,0.5462482794449812
49,-0.002857972870317827,0.5461040027993366,-0.0030657709053392977,0.5459988084540762,0.0005529646823235134,0.5528515506704342,0.0006264759882485244,0.552855295777882,-0.0006418890434371601,0.5500586569389833,-0.000665515947218452,0.5500609671835823,-0.0011820880954883863,0.5461734709878036,-0.0010617800869770792,0.5462529168548008
50,0.001566517669007167,0.5485788681254282,0.0015274553722760046,0.5485275910394135,0.002942457004210039,0.5537301007437466,0.002897500525359751,0.5536752190807971,0.001729628779434835,0.5507601872465949,0.0016641992296549729,0.5507480841167706,0.003333015233158203,0.5484469805271176,0.003345791160893466,0.5484678267440817
51,0.004394617459460063,0.5498204758081733,0.004511927532877368,0.5498580682902836,-0.0040486623780180255,0.55086062490328,-0.0040087427550291885,0.5508419176282121,0.0021493328448487633,0.5514041317153046,0.002272319389524055,0.5514582688072532,-0.00187046553670739,0.5457613349515951,-0.0018545131085112878,0.5457777642235877
52,0.0047481156239976225,0.5500007358665724,0.004857510753915166,0.5500072562822295,0.0010378676575701752,0.5529552432023306,0.0011652268658375305,0.5530080391421222,-0.0007499568680239707,0.5497948406304088,-0.0006458751660018686,0.5498450277159458,-0.003295275175067612,0.5451043978851502,-0.0033381946619267856,0.5450941483753984
53,0.0007069937348386737,0.5479110414752609,0.0006485956934369529,0.5478494681896063,-0.001559197669427489,0.5520451597018781,-0.001429792345099063,0.5520885487797278,0.0016151332837934865,0.5509036154593746,0.001637345951890072,0.550920430060699,-0.0005703804550166223,0.5461171426743116,-0.0005760764454885923,0.5461163308289089
54,0.0010092838105822796,0.5482045142199792,0.0011048745611373571,0.5482147034419151,-0.0017769794443568707,0.5518094537177057,-0.0017325834408522484,0.5518078884632962,-0.0015273612502200822,0.5493019583674883,-0.0015027197383778463,0.5493334288035289,-0.0010595329756610654,0.5464360854675964,-0.0011115873205734025,0.5464342507015428
55,0.007887722797434493,0.5518036209563083,0.007990860921962896,0.5518196812028355,-0.0019565281918136244,0.551527956143779,-0.0018548056191268214,0.5515820842952258,-0.002014742091708242,0.5496786047362786,-0.002124519922152317,0.549652439567691,-0.0029205005889698953,0.5455156425093509,-0.00301747553119999,0.5454964459147423
56,0.002126138057763594,0.5488432362981602,0.0021389169446166547,0.5488320771680947,9.01024059207149e-05,0.5525105784297195,0.0001110741788214382,0.552492235839887,0.0008041471137735716,0.5504227880302947,0.0008008482095713289,0.5504273276017084,-0.00281245688832258,0.5453424186039372,-0.002821684052026928,0.5453450181051239
57,0.0015270863026477174,0.5482909421143395,0.0016073323619675659,0.5482904977997519,0.002505159075621797,0.5535988644335695,0.0025581318246171154,0.5536171965150417,-0.0008062493348287603,0.5498589247340838,-0.0009021273271293994,0.5498287927792141,-0.0005678270145830212,0.5463038135855647,-0.0005223094478541936,0.5463323029796375
58,-0.001354716442067201,0.5470192752644946,-0.0014548459584158404,0.5469442031771964,-0.0021028206390909542,0.5517340417185438,-0.002273315807423489,0.5516313625541046,0.0011650010226253434,0.5508039833360998,0.0010122881866658237,0.5507389234413993,0.0006721439216311136,0.5471236621703645,0.000735801570067016,0.5471742147056554
59,-0.0034350962145337683,0.5459968928531174,-0.0034256677997142105,0.5459958086649114,0.001298396741505542,0.5529895598467566,0.0013740846470943916,0.5530283045332762,-0.002894503541822509,0.548931586256188,-0.002750344230428222,0.5489813881171469,0.003314673459261553,0.5483793556542564,0.003277580972973463,0.5483696982312394
60,0.0027218003629179,0.5487310111183136,0.0027741975905523227,0.5487229732669444,-0.0024482045906051475,0.5516668050275272,-0.0024150639754804597,0.5516737059989244,0.00019248221464536388,0.5505050582233048,0.00013385904322207146,0.5504881593757331,-0.0006478331404082881,0.5463870686713845,-0.0005677962157382481,0.5464304042193214
61,0.0031177605085350875,0.5494350219394715,0.0031873583687133263,0.5494153010478283,-0.0032160366681967555,0.5508953416950179,-0.0031814279106278202,0.5509090906274696,0.0008190580893549541,0.5504518825410092,0.0007830728040487557,0.5504336066741353,0.0006607255005240271,0.5468930778533702,0.0007035442849433192,0.5469305623076607
62,0.0020259198894191656,0.5488103059744542,0.0018008592817150154,0.548701435666676,0.001979775103361586,0.5533770199720033,0.0022563811871073257,0.5534880752308712,-0.0013021583376363955,0.5497806728928237,-0.0011633239260495133,0.5498389665714819,0.0005333992263004199,0.5471472806723865,0.0005010186560337637,0.54714470142956
63,0.00022852772044599755,0.5478765735980525,0.0002687092720841337,0.5478676713435823,0.001195869653668811,0.5531418511278753,0.0009700471277635207,0.5530024104036507,-0.0020757554320967454,0.5493594648478083,-0.002169549155095361,0.5493356382000837,0.0030339086964015338,0.5481017973413472,0.0030128385489411515,0.5480876281606275
64,-0.00023581961032496023,0.5477388559124357,-0.0005978912030899652,0.5475199329683179,-0.0016188434964015126,0.5516961511512992,-0.0015420719190725911,0.5517174924474381,-0.001023079314664105,0.549543336522301,-0.0012130574933854395,0.5494710789355028,-0.0013841371863867555,0.5462182641775578,-0.0013955205743099864,0.5462165793555008
65,-0.0025442749289742404,0.5464804554611509,-0.0027454079730957347,0.5463853434702327,-0.00033473164536782445,0.5520396672243901,-0.0003237351103334745,0.5520289303473445,-0.0008785293695621966,0.5497538805512219,-0.0008924060752455977,0.5497471181774101,-0.001658811133875126,0.5460199974426138,-0.0016985627219602735,0.5460099833023763
66,0.00010129026151229935,0.5478449728002981,-4.52284189813346e-05,0.5477752446364905,-0.001984108677809867,0.5517668739501298,-0.002024876055019399,0.5517372344736083,0.002417172854747825,0.5515201803318365,0.0024429384886343933,0.5515475867719161,0.0016331511715245474,0.5473933023070591,0.0016696171184416078,0.5474139960350971
67,-0.0020758211593785493,0.5463652223756091,-0.002042689672722115,0.5463670070577575,-0.001969497999984804,0.5517093364903891,-0.001945861731979758,0.5517254199735345,0.00037636122091588923,0.5502517889538702,0.00016531594544267096,0.5501626328458206,-0.002551279129200915,0.5457106273867535,-0.002544709369890866,0.545738239274923
68,-0.003610914723273923,0.5459979824443405,-0.003641416957194754,0.5459640021832278,0.002199968380524801,0.5535802410897435,0.002296321921745584,0.5536067006654531,0.0006910908246309575,0.5505912738931295,0.000606248335052593,0.55056426831431,-0.0017567751186045092,0.5459579727573375,-0.0016874229715397905,0.5459941246526223
69,-0.001419190164126496,0.5469145797102382,-0.00126529584059478,0.5469449257238685,-0.0008535890983362018,0.5522022571462027,-0.0009785832198377696,0.5521370620233558,-0.003161700215454512,0.5486066493984532,-0.003164772922133248,0.5486095434604411,-0.0005562098719302468,0.5464204543030412,-0.0005408594031432275,0.546439138490217
70,0.00014820092734442212,0.547652060315885,0.00019115560149826107,0.5476367315564524,-0.0005410560103466335,0.552542837869569,-0.00042466036930513946,0.5525848250707536,0.001263212051116726,0.5506595892630162,0.0013494981016257395,0.5507005057964031,6.196112103831217e-05,0.5466165566119136,3.52814879636982e-05,0.5466019847189554
71,0.00029269930814860515,0.5476726252160518,0.000289288060939576,0.5476692933256675,0.0007913002786185393,0.5530454689275716,0.0006160800853188194,0.5529605313392099,-0.00040188108301287255,0.5497957483519631,-0.00032202910449646,0.5498351629840195,0.001850522499974986,0.54737772152566,0.0018813012731633237,0.5474102323223531
72,-8.47076410606633e-06,0.5475002890964857,-7.003041524635864e-05,0.5474699721643085,0.002278081923737694,0.5535584361567333,0.0022600267610652105,0.5535309581599296,-0.0008328923385683804,0.549813582734627,-0.0007757739540494192,0.5498533399266109,0.0006659940543618306,0.5471318035325164,0.0005894828159827336,0.5471168037873623
73,-0.00020094831915426405,0.5472989725363618,-0.00015148037502893093,0.5472617634315997,-0.0002519735685241609,0.5526471484279064,-0.00037654959722459693,0.5525739440084358,0.0006884290880520204,0.5505701290447825,0.0006948302269771785,0.550597073262345,-0.0017007289596849863,0.546397732978602,-0.001708994489724663,0.5463853796367332
74,-0.0007923056403095783,0.5476188870001146,-0.0010943189693988064,0.5474603919620779,-0.002822212946963615,0.5512209333251605,-0.0029100527322602995,0.551181108542,0.0022220763556946963,0.5512129389225121,0.00213972542525465,0.5511757011922506,-0.0011083258715289125,0.546416623901544,-0.0010722964754505007,0.5464446100467816
75,-0.0006710390755746658,0.5473670688696001,-0.0011359884450208824,0.5471329288402731,0.0027560525574456666,0.5538073752687569,0.002787363460417082,0.5538239998476671,-0.0007560062765592221,0.5500067566496943,-0.0008348123865373029,0.5499835499377754,0.0017696691048420578,0.5472188472526714,0.001791513872834786,0.5472466156125124
76,0.00033506829091711185,0.5474245094698751,0.00031885880610648797,0.5473909086994578,-0.002544693704420392,0.5514643750750059,-0.0025324483655651086,0.5514607043955935,0.0005822576110692816,0.5503917890852025,0.0005737414622569497,0.5503778915153753,0.002937732273686919,0.5483352841693397,0.002944008068457999,0.54835488675911
77,-0.0037748992536571976,0.5458817494523679,-0.0038206533909272943,0.5458401692114402,-0.0011620074232891317,0.5522959325452149,-0.001154740285189787,0.5522560020131118,-0.002520880730423281,0.5489913275342339,-0.0025144368212514975,0.5490359039729912,0.0006337839299346166,0.5468621932451936,0.0005648754618645717,0.5468228977910318
78,-1.1679187884716582e-05,0.5474927367058494,0.00022969992235089237,0.547573310290049,0.0028761331736816167,0.5535997118253403,0.0029861440105252066,0.5536414212299984,-0.00044100509573316284,0.550180998313177,-0.00043262260555010026,0.5502000735606815,-0.0014362029632022176,0.5460909727213971,-0.0014103598281744942,0.5460914698790883
79,-0.00042167257395052854,0.5475019181180217,-0.0004157774635985578,0.5474883910417199,0.002640705319773348,0.5538946260403542,0.00257078658310853,0.5538346972650054,0.001369350532763416,0.5509386091943184,0.0012069128289996713,0.5508748250385637,1.8712457497500614e-05,0.5465338948433675,6.535806906173502e-05,0.5465673176276367
80,0.0006535524818467134,0.5476397510183325,0.0007516505126419137,0.5476764621351435,0.0002548446873742783,0.5526069402149364,0.0003792449687267205,0.5526591959572121,-0.0024313384039764165,0.5490765576796427,-0.0023657731205228294,0.5491102843912112,-0.0006147290398215489,0.5462061688578516,-0.000617583536327551,0.546213969417127
81,-0.0038885010660047216,0.5460499387200141,-0.0039465594790050245,0.5460192921081549,-0.0009022590850150492,0.5521891685108038,-0.0009364018641086857,0.5521336311815812,0.0020078039529044752,0.5513201343277552,0.002021962025614812,0.5513480150613708,-0.0007739337143692198,0.546131092863343,-0.0007687267296563894,0.5461380573423676
82,0.00019336324542458552,0.5480967429820365,0.00013571539880743102,0.548074828211368,-0.0019604089059690713,0.551929043713132,-0.0017887634755099852,0.5519917729967999,-0.0015492397000973514,0.5494956509759125,-0.0013708888194768054,0.5495837151143433,0.0002103947400073419,0.5465802074767881,0.00021788592143755792,0.5465853268170197
83,-0.003400829431368926,0.5458575234675028,-0.0035384382965881708,0.5457928503646156,0.0025267300165286153,0.5537915422467173,0.002710189606830037,0.5538566848638974,0.0008500001903122466,0.5505336770807612,0.0006448998963972676,0.5504564343956598,0.001938965024840588,0.5475296412925292,0.001981554896249059,0.5475639737969235
84,0.003930955914514962,0.5493207613325368,0.003696699722607186,0.549184863074871,0.00017959415387843773,0.5528023461056341,0.0002771112663987338,0.5528402559289376,-0.00021836228483955724,0.5502753054291728,-0.00032823507993379446,0.550248730448327,0.0014257982044906983,0.5474342036627132,0.0014562510871315166,0.5474539851032701
85,0.0022407062087077155,0.5488171215942295,0.002122842585415371,0.5487281495043259,-0.0008415139356136286,0.5522540091473854,-0.000779009317187827,0.552257657843721,9.525703460855307e-05,0.5505851304794641,0.00018215684500228502,0.5506310539158846,0.0008783094555061873,0.5470724275766358,0.0008888116449431356,0.5470857619004651
86,-0.004479710723257357,0.545463186109198,-0.004401274054203976,0.545475495120805,-0.0007269699277770871,0.5523156825961936,-0.0006368566765739598,0.5523523948672139,-0.0018156372468118402,0.5495934373011045,-0.0019682461393710584,0.5495204896200431,-0.0037912682571312312,0.5451912994514578,-0.0038876572417205495,0.5451582828230558
87,0.0019751568189809764,0.5487591995693467,0.0019112524277907661,0.5487096949239927,-0.0011132651919818423,0.5518360254454073,-0.0010184535083034318,0.5518780914804854,-0.0016054653751049971,0.5494828961624432,-0.0015728081630035692,0.5494971038528602,0.0009624900892012844,0.5471928365978375,0.0008799061926948376,0.5471628204533544
88,0.0004086302316925592,0.5477761300326244,2.1580883198452988e-05,0.5475779984038589,0.0013090482365085028,0.5532029061573778,0.001307320421975466,0.5531928460722948,0.004611676320249889,0.5525047724539193,0.004784764855285569,0.5525874666466383,0.0005676619526155984,0.5470943266092079,0.0005123335889133066,0.5470746250961079
89,-0.0011788562151605548,0.5471149858491007,-0.0011532101077645072,0.5471047211802432,-0.001831789996517373,0.5517561098356412,-0.0017719042896314696,0.5517929354348431,-0.0015427529300520444,0.5497750964434682,-0.0015602867638300835,0.5497748851878418,-0.0008804704496650049,0.5461149335726492,-0.0009627102164911904,0.5460875424600143
90,-0.0025106412648516468,0.5466279252588803,-0.0023904745333757876,0.5466700152857187,0.002734718932818023,0.554012780937159,0.0027814290710458053,0.5540324916274212,-0.004000216722174512,0.5484565271380053,-0.003988088469963615,0.5484565222233971,0.0019990920419368594,0.547510026194673,0.0020011164044263573,0.5475154036186138
91,0.0021613388532058897,0.5487250718782293,0.002178708498190794,0.5487211527128291,-0.00121187468185673,0.5518105780843386,-0.0008789053580776609,0.5519318119313142,-0.0004981557337950785,0.5501053582826315,-0.0005336053763272311,0.5500953317420213,0.0021047172946655666,0.5477361041090812,0.002040182058875769,0.5477149513543117
92,0.0031276831637241805,0.5488609800433067,0.003287017446189172,0.5489119562915373,-0.0018809086249425777,0.5516437743647431,-0.0018829218894181124,0.5516094013487703,-0.0010856007940025756,0.5499767076129615,-0.0011562880901322275,0.5499553636326823,0.0008390398615933607,0.5466812188978839,0.0007704164616433015,0.5466603710826848
93,-0.0004196203542532826,0.5476325951389232,-0.00029427709911716127,0.5476463095074923,0.00016051786515411092,0.5525638167011625,0.0002757744356400934,0.5526175502281566,0.004321118484616791,0.5518481312606652,0.004339501673512068,0.551852381289893,0.0006455549382250224,0.5467365852352134,0.0006101300771925228,0.5467137251977516
94,0.002776016230872095,0.5489012974021362,0.0026607739674815874,0.5488633857932509,-0.0008493397414095736,0.5523178075582589,-0.0005755720816184223,0.5524407577966874,0.00020246070012235124,0.550630791347725,0.0001976931892773943,0.5506568706781535,0.0009113183788135036,0.547348094679883,0.00094571183496095,0.5473586806342725
95,0.0015204447296515487,0.5484068264862764,0.001706805339063552,0.5484781357774221,-0.0016656141090128824,0.5517678662759985,-0.0015561510167246852,0.5518127373649017,-0.0003038516579859143,0.5500787248371449,-0.00019236738667989398,0.5501382648673235,-0.0003642018471750011,0.5467603741264336,-0.0003743337008599937,0.5467674663279772
96,0.0007794042108676234,0.5482307675139647,0.0008026976942915653,0.5482216900472839,0.0013773667821572724,0.5530331592745799,0.0015412481742785751,0.5530810116747434,-0.00101873202200588,0.5495989371178825,-0.0011958723315822145,0.549538288652737,0.000432549545178843,0.5467271849432476,0.00046128102960946057,0.5467581738252977
97,0.0013230788673285893,0.5481874648941142,0.0013166227282737088,0.5481984493886217,0.0011206263259104416,0.5528797028135443,0.001263004076780904,0.55292081439505,-0.004125227174960667,0.5483685030375164,-0.0041392542023222295,0.5483546836490172,0.0003617296091702707,0.5467213452243714,0.00036747434328594656,0.546738954504086
98,-0.001915517098885969,0.5470105699767474,-0.0022342172883491255,0.5468567172262161,0.0012427534740264182,0.5527587506668983,0.0012245597505275816,0.5527284676622283,0.00025314081255197986,0.5503603249787156,0.00024168542172643099,0.550370829223398,0.0033451391184727004,0.5485368094529287,0.0033107368080968233,0.5485248765446654
99,0.00038675421688587775,0.5479209933825696,0.00032429335235683833,0.547876974061159,-0.0007634071838437811,0.5521324849419211,-0.0006410434894587573,0.5521662387358178,0.001186630375461961,0.5506856042133252,0.0013220430225095359,0.5507504710886055,-0.0011667124298069594,0.5461845079631876,-0.0012573165250556186,0.546156568070494
100,0.00037029896044501266,0.5478253814801458,0.00017536190413014688,0.547700760832574,-0.0004667597725234196,0.5524154294568921,-0.000386189175664209,0.5524349554994649,0.002676178486551706,0.5512311537056469,0.002724389562024653,0.5512665686028317,0.0014123232717913597,0.5473843690073018,0.0014682562400406005,0.5474351482080239
101,-0.0012227074683553599,0.5469712876775374,-0.0011932177095105097,0.5469556456913321,-0.0010282262807780774,0.5521253398333887,-0.00117566014214033,0.5519965993648811,0.0007848526559990276,0.5505581267453845,0.0007409249502337845,0.5505275698284792,0.004210301136419934,0.5487599079376827,0.004275742596389023,0.5487944412718208
102,-0.004375575881920414,0.545660195535735,-0.004261224644571494,0.5456895758118926,-0.0015197163886096598,0.5519166120333573,-0.001701025008807448,0.5518343417739308,0.0003483475279222076,0.5502914501562218,0.0005526623694399537,0.5504187800174972,-0.0007524904685712678,0.5464058244949227,-0.0007211972474064188,0.5464241473330479
103,-0.0013635134647989016,0.5469636658394731,-0.0013549777828279364,0.5469708966962151,-0.0016012181918887858,0.5516303691010128,-0.0017136055608196817,0.5515369203349496,0.00020306941421063327,0.5500703751013799,0.00026802030854534287,0.5500988280497352,-0.0013997552409706687,0.5462766945004711,-0.0014046728873003728,0.5462777239733537
104,-0.0014293702057728277,0.5471736656817047,-0.001503969462863265,0.5471176750382599,0.002143701361276663,0.5534449335295013,0.002028007183477475,0.5533747352365849,-0.002702969401529859,0.548856162631438,-0.0026858698377107935,0.54885295834304,-0.0007624693357605167,0.5465179120100704,-0.000833962362332105,0.5465148176598446
105,0.0005210746897754519,0.5484076778737353,0.00047830860353892217,0.5483748579329825,-0.0015001069915825322,0.552064753032249,-0.0015397772845107424,0.5520219067188421,-0.0012301898343760735,0.5495791676007883,-0.0012629857579362549,0.5495675886952949,0.00035653654024821207,0.5470450731653247,0.00036386586252474656,0.5470485221780815
106,-0.0023431927363625235,0.546374248930396,-0.002562382971017812,0.5462280665054954,-0.002022186064956941,0.5516663384522177,-0.0021815063456183236,0.5515595726481862,-0.0020788983475397145,0.5493820033380924,-0.001968358230951615,0.5494501417049428,-0.0010526797056454934,0.5464450272484694,-0.0010548176816167945,0.5464532346681615
107,0.003423662838112853,0.5492134147005201,0.0037387450142151806,0.5493043841850475,-0.0022111433193458744,0.5515034296145126,-0.0023529850850045947,0.5514141126092044,0.0018943100239005107,0.5512152200382937,0.001865592992063485,0.5511973121543142,0.0007748243485600292,0.5469101660170931,0.0007320422580332775,0.5468928793002624
108,0.0006467682031001332,0.5478122760252689,0.0005702272130314137,0.5477885213244225,-0.0014812470220765702,0.5516362217428797,-0.0013651067725198003,0.5516777696977101,0.0009240516039397371,0.5505685858383859,0.0008497971414125966,0.5505517250421775,-0.0006521363921928425,0.5462771244336365,-0.0006408808928663507,0.5462670935817924
109,-0.0009071007029083821,0.5472743260161748,-0.0008493980030893997,0.547297747825117,0.008491253593371313,0.5561904010828481,0.008539103302906326,0.5561843842860559,-0.0005187430405294494,0.5497254853764827,-0.00042687219937966356,0.5497678857958749,0.0026735427010067567,0.5479874602704821,0.0026396751389045343,0.5479875098834137
110,0.00212300835553172,0.5485207489915138,0.002063886318151525,0.5484798393223445,-0.0013915794321909699,0.5518176560147671,-0.0012933632119239947,0.5518472500243919,0.002050054925752184,0.5513407448635329,0.0019650275084432327,0.551290645793194,0.0004268447196534109,0.5469043233590463,0.00029700142495812926,0.546851402395911
111,0.0027970023965409193,0.549257807741823,0.0027070301191924485,0.5492115697492689,0.0015041675859632792,0.5532821790667901,0.0014824031296336781,0.5532648515695767,0.0014119672348369917,0.5508395203827885,0.0013825515498881644,0.5508350045906505,0.00035693643527166975,0.5467854759963334,0.00034821527992334733,0.5467814819560398
112,-0.0009067976415526843,0.5472879066331122,-0.0010876269380089025,0.5471685274872551,-0.0012820799952230168,0.5520534400160526,-0.0013905603828110351,0.5519997667678104,-0.001353350620171422,0.5494973388673915,-0.001355796100700235,0.5494954081182559,0.0006447173983678553,0.5469177851580361,0.0006899688134677225,0.5469523483733351
113,-0.004273683759591349,0.5458468242021163,-0.004152985226737169,0.5458868637459326,0.0014521340625680385,0.5532551843222495,0.0014311154481987298,0.5532254141855678,-0.000549812371035842,0.5502811899500492,-0.0006763885090256364,0.5502328229849122,-5.655925920390039e-05,0.5466743429941786,-4.409836452980047e-05,0.5467099058826265
114,-0.0008796620098777824,0.5471329246043419,-0.0009055740204743606,0.5471069691192251,0.0007590690253436461,0.5528930456202191,0.0008163253847852901,0.5529129923196158,-0.0005296953379159189,0.550240755888299,-0.00047502998376068925,0.5502710064042257,-5.228232682171017e-05,0.5469291119572043,-0.00016949854519218572,0.5468710570357053
115,0.0006738395526161986,0.5479921886053555,0.00040652089796473285,0.5478438690524688,0.005338116689373049,0.5550644970080271,0.005477029694518643,0.5551295019781884,0.0022843806929028474,0.5513048555991293,0.00236931769318082,0.5513639868199908,-0.002506212781797096,0.545630409755976,-0.0026710583042370904,0.5455568335933686
116,-0.000788202403995835,0.5473976530904111,-0.0008024110263499485,0.5473622225999152,-0.0011241819496270685,0.5521018024745313,-0.001133603667222148,0.5520951544674491,0.0009693924329280797,0.5505140069360305,0.0009596514541243021,0.5505129134620116,0.001390667968983186,0.5475578488266222,0.001393232539039201,0.5475542367920903
117,0.00012297642594503948,0.5478410176322974,-1.6729180579495705e-05,0.5477408876562416,-0.0013424996739629929,0.5520580208434852,-0.00140091289024955,0.5520257588250269,-0.0012894643908533405,0.5497281190335269,-0.001327849216942696,0.5497067910474174,0.0006332275016093148,0.5469033574904641,0.0006204419524860032,0.5469102195607499
118,0.0008474757881916094,0.5481670512471485,0.0008779433338955296,0.5481744146401456,-0.0017524078147862238,0.5517640334375784,-0.0019116086594870771,0.5517098123346474,0.0014857302312346332,0.5505935149758773,0.0014684952412033485,0.5505888741214727,0.0015347397155508358,0.5478395848944256,0.0014543823466276386,0.5478268619530158
119,-0.00011220137519792242,0.547517807105298,-0.0002379665521542728,0.5473813674145568,0.0007757285749016375,0.5527706983097921,0.0007395427210175905,0.5527511377228457,-0.0007039689002395795,0.5501650712392134,-0.0008652320998943688,0.5501006787514318,-0.0027647027174992206,0.5456020409069469,-0.002761509315944184,0.5456034607402563
120,0.0021242575940657936,0.5487824626844079,0.0022316041537533567,0.5488233496607157,-0.0008413284737455647,0.5520640450175294,-0.0005518897898746576,0.552197365470296,0.0018538994914714096,0.5510822313799368,0.0018095410510483162,0.5510921607614147,0.0004846847940480582,0.5469287230877132,0.00047013288993514045,0.5469338985041542
121,0.0032301050094194535,0.5490288014627179,0.003143252334760502,0.5489449616440699,-0.0006671801010302071,0.552040395821852,-0.00051631191166689,0.5520921281509398,5.432991552254275e-05,0.5503256280110185,0.00015372123371243962,0.5503662270399822,0.0004443213615808353,0.5470013749789939,0.00043722926387778656,0.5469980103756563
122,0.0025207702484609175,0.5489554849231096,0.0025002222617585552,0.5489224630879742,0.002228916782774928,0.5537029827063349,0.0022617159080364642,0.5537162134949362,-0.00028327684887455865,0.5502051919288492,-0.0003168269183798709,0.5501991787200744,0.000987689703324068,0.5470936559474624,0.0010754633081493528,0.5471517780320284
123,-0.0009228821613237805,0.5471165932203348,-0.0008420126359633536,0.5471456720934205,-0.0003137995270484709,0.5525290251580235,-0.00019869625533102474,0.5525775043506798,0.0007054479006064363,0.5506987650350413,0.0006193553723271589,0.5506785087043262,-4.026022936089306e-05,0.5465977429026331,-2.070319439871489e-05,0.5466123120565624
124,1.7703407469014357e-05,0.5477921937493014,2.1565536928319813e-05,0.5477626447857853,-0.00145947246185068,0.551864890747988,-0.001449517043805474,0.551858431987459,-0.0008477416213295176,0.5497196438404331,-0.0009381812525564347,0.5496845062028536,0.0002693195628901888,0.5466054082478714,0.0002526165986389015,0.5466039025687819
125,-0.000555661948741181,0.5474109061874907,-0.0006162002595143561,0.547395937313032,-0.0023123578801065078,0.5515814851269213,-0.002132315137010597,0.5516719870480808,-0.0030470421112877006,0.5491264365289554,-0.0029820173011453205,0.5491506254082829,0.0024812505818933585,0.5477803710709045,0.0024696802130590822,0.5477911071691882
126,-0.0012099992239939053,0.5474709222737726,-0.001310338054558821,0.5474171776081928,-0.0024192244649349696,0.5516613478702922,-0.002382449084786555,0.5516613208594214,0.0005833471513898323,0.550728875437128,0.0005045615863561633,0.5507339850580215,0.0025240050701281955,0.5480171497505723,0.0025618240895459807,0.5480429492922464
127,0.00251272648446885,0.5490078062267806,0.0024872633291595798,0.5489577282513055,0.0010408208296775517,0.5531594746729805,0.001117994501129257,0.5531771295432971,-0.0014588580545258027,0.5495489931463112,-0.0013634160441491061,0.5495723143714244,-0.0006087590950434717,0.5463285217843624,-0.0006193437703539535,0.5463334483979355
128,0.0008143584453266222,0.5479140646524355,0.0008524206110077778,0.5479313396171978,0.0004946767264292301,0.5525564449964334,0.00045335277780321844,0.5525442749724531,0.0014822680134621736,0.5508339632316904,0.0014202493116716017,0.5508086782672942,0.001114541827317568,0.5471638016941748,0.0011468621928681704,0.5471775917235815
129,0.0020055657587125385,0.5488500103878878,0.0019518084261872827,0.5487924866905037,-0.0007885438461168506,0.5522315925815012,-0.0006072797752252001,0.552283210228986,-0.00024472785373249163,0.550243527590386,-0.00017299911945946366,0.5502748710556181,0.0018291839451752435,0.5476051877228071,0.0019182818917303363,0.5476430612472225
130,-0.0007550344049215832,0.5474467634404635,-0.0008128590332182268,0.5473614549255948,-0.0009238217207187075,0.5523481606410225,-0.0008192649063685593,0.552388879560023,-4.797843760933002e-05,0.5505124502150728,-0.00017421993399981684,0.5504681025307687,0.000800390864062701,0.5469861988498282,0.00086670949560333,0.5470293886046484
131,-0.002758232944177938,0.5464439853490074,-0.0027427547934614255,0.5464088126356051,-0.003729941836843388,0.5508049603318289,-0.0036763403186956026,0.5508317564388915,-0.00047724060069218336,0.5502982142067916,-0.0003682988479636326,0.5503521964587005,0.0005171306985248274,0.5466706052430365,0.0005295190757707843,0.5466843006855782
132,0.000748030618974698,0.5482655006585561,0.0007584353332816688,0.5482387437980831,0.001243099323534145,0.5532317891760964,0.001048967805205192,0.55312385990666,-0.002218048220296785,0.5492157746171779,-0.0022722549418489075,0.5492033667401621,-0.001977116917766983,0.5459910803145139,-0.0019329729638339229,0.5460175574228756
133,0.0037257074582297913,0.5491934564681732,0.0036107514181294934,0.5491122819227313,8.177407069996271e-05,0.5529188282721923,0.00027213975558013087,0.5529770967414079,-0.0015652958501990112,0.5494726668278772,-0.0014757291484428382,0.5495032921671333,0.0006008978147132535,0.5470434044919535,0.0005863040124655665,0.5470264662889025
134,-0.0011368983153909986,0.547006606292522,-0.001201477209303028,0.5469742905232705,-0.0006062103751836686,0.5524131863207858,-0.0007466602784627132,0.5523233967517783,-0.0014911249304045322,0.5493280462838923,-0.0013300719543585108,0.5493964236387876,0.0027813834715931796,0.5478071476297909,0.002790956490008871,0.5478160273135524
135,-0.0035834242802681073,0.5462760746754043,-0.003627447161482482,0.5462266349466903,-0.003389614304630879,0.5512295774116821,-0.003679124636426124,0.5510692414864736,0.0007606151235535884,0.5506553167117286,0.0008900075435622091,0.5507251507703593,0.0018260133545143049,0.5476695233464569,0.001808963105087813,0.5476676653483056
136,-0.004693681661019157,0.5453688844864868,-0.004620400835134691,0.545350411117459,0.002632032447494674,0.5537020702881222,0.002460341703922496,0.5536077200282858,-0.0006440067271542546,0.5497381774230364,-0.000642489224746666,0.5497388735386705,8.801064267521873e-05,0.5469262930612565,0.00011052999250607744,0.546963888084157
137,0.002815759871818573,0.5490308381564012,0.002848741752793619,0.5490281682306581,0.0014275363836484323,0.5531749220484614,0.0013943434444556107,0.55313378855277,-0.00035881090603308497,0.5501861872692803,-0.0004635739214833086,0.5501684481720156,0.002380654402955427,0.5480914931577168,0.0023729830684877215,0.548092550967211
138,-0.002275400088350216,0.5468710436034924,-0.0021442148418133796,0.5469178131735671,0.003176023685461986,0.554224010742334,0.0033658820297877124,0.5542873036576474,-0.0009597073189280173,0.5500197798251014,-0.0010788508724247805,0.5499756837661803,-0.0016529079820987403,0.5461255720029309,-0.0016447108313537417,0.5461270748191406
139,-0.0010496722338080911,0.5471608905562426,-0.0009865171016520686,0.5471733815773062,0.000930774869939647,0.5530489709149674,0.0007927746550474415,0.5529851059815879,-0.002320538524399604,0.5492777454531057,-0.0023046522742231745,0.5492934390449186,-0.0001161922995272115,0.5467651632596017,-0.00013078339478185265,0.5467577982919972
140,-0.002945062388213963,0.5463615805551865,-0.0032825776986913535,0.5461703357837528,0.0017871415289809525,0.5531303429475669,0.0016636009889570982,0.5530530308183571,0.00032853176764341207,0.5506067898952546,0.0003562880479881908,0.5506221046995236,0.003973784679741208,0.5482507247516221,0.003991765839071669,0.5482532047041274
141,0.0011876889969878845,0.5480257880659606,0.0009259393917844097,0.5478587214993896,-0.0001119469689739873,0.5525650408946258,-4.393485715086943e-05,0.5525918276063901,-0.00411174015082004,0.5483793124165608,-0.0040558785212804205,0.5484194458244053,-0.0035645773693310026,0.5449727151788556,-0.0036161225328034986,0.5449556226610616
142,-0.0039780055372209645,0.5459884942408053,-0.0037871941403638705,0.5460597110848565,0.0008451282182393225,0.5529229902180064,0.0008603118930520631,0.5529148246008573,7.055909788969861e-05,0.5501798096999052,0.00013214521570606362,0.5502001170518662,-0.00015934224179166767,0.5464820414134334,-0.0002020822761547308,0.5464550937894307
143,-0.000610122229418763,0.5475264897158034,-0.000673734384415425,0.5474816123303192,9.343785670733517e-05,0.5521670191856075,0.00021297313652092896,0.5522192974231644,-0.00018763223419448606,0.5502806894157476,-0.00023530625537410274,0.5502690215819547,0.00026611569218154476,0.546974661268548,0.000294390149877096,0.5470053768772315
144,0.0009000896977957297,0.5478549895260417,0.0008666646492002892,0.5478464249411227,-0.0005337968969975557,0.5523459057492955,-0.0006911638171260377,0.5522830272484819,0.0030329178704857893,0.5511716594034202,0.0029989034670698475,0.5511662620565295,0.0008840217457231967,0.5472370632090223,0.0009126386751516914,0.5472425979268211
145,-0.00015759260608347957,0.547906012126345,-0.00034256714294819305,0.547819330130058,-0.00274003027046339,0.5515096686874553,-0.0029044550956484894,0.5514314557165104,0.0030601592771821087,0.5517912212419733,0.002958916821872807,0.5517482004450819,0.0015335058256860823,0.5474516618625076,0.001468176570401696,0.5474243792752075
146,0.0016210357942829344,0.5483297326454614,0.001538605323054212,0.5483053872113542,-0.0002569337212244176,0.5524807216290771,-0.00013308957146901902,0.5525182792022906,-0.003034700376101791,0.5488795450198443,-0.002976904816671883,0.5489080525336948,-0.0011948802314494774,0.545956919410585,-0.0011677427855020166,0.5459845126671471
147,0.0030118501323728917,0.5492012408168773,0.00306928393809283,0.5492066678388698,-0.0008490528981912547,0.5520206592483233,-0.0011076354958119274,0.5518665132492386,-0.001218422602519899,0.5498054080512506,-0.0011441715886255782,0.5498417127676193,0.003133973840392516,0.5478590270756557,0.003071199216717842,0.5478349347165477
148,0.002661751532273568,0.5491094773222139,0.0025312261162715633,0.5490442064647739,-0.0011766672107516342,0.5520709662936779,-0.0014256512150630626,0.5519335504771095,-0.0018462805588561314,0.5492037142689471,-0.0018912579926585067,0.5491837736021912,0.0011755023244084738,0.5471502572589605,0.001096716100078674,0.5471102107353992
149,0.0017458031217248463,0.5487132977471011,0.00201347906895021,0.54883379453817,-0.0013952938088566795,0.5520718568006817,-0.0014162377468412847,0.5520084673201149,0.0012177900658852522,0.5508040000033932,0.0012361752606788003,0.5508140256028612,0.0019197866782065896,0.5474253872992535,0.0018793576039480154,0.5474073209001266
150,-0.0013604966885709781,0.5469905856678797,-0.0011437146697940482,0.5470339489647474,-0.0017888966461302317,0.5518928998973762,-0.0019216922102883542,0.5518202542843524,-0.0026729040446578137,0.5490933072373222,-0.0026478921436562004,0.5491101147761578,-0.0006358745419275711,0.5463072904173097,-0.0005917286980547681,0.5463339373076636
151,-0.0030068134728239893,0.5461875219739014,-0.003057087562366985,0.5461323131757619,-0.0023840718350504105,0.5514530747539064,-0.0023853514048566057,0.5514699290457165,-0.001577304415542961,0.5495907478911594,-0.0016176783811296125,0.5495699775875048,-0.0003738213721834773,0.54633840642314,-0.0004098994334675649,0.5463280400002798
152,0.0011191915784926868,0.5486452761731876,0.0009930200212712468,0.5485695351633458,-0.0008653076550264761,0.5522004236023818,-0.0008870458347648323,0.552184738724086,-0.001929306323106613,0.54937757894981,-0.0019836045515203202,0.5493625462052626,0.0008870830783876296,0.547253212494505,0.0008783249189256152,0.5472354611207162
153,-0.0016563635694350695,0.5469456351305713,-0.00167381118205714,0.5469299798573676,-0.0008507265488396414,0.5522699324750838,-0.0008413164939980211,0.5522544666708101,0.0019586927894365658,0.551105543966072,0.0018934574777531498,0.5511031379437457,0.0013378647386719674,0.547003766649679,0.0012881787092887912,0.5469944193415414
154,0.0013156351210383756,0.5481729418389288,0.0013854909479316254,0.548212207215911,-0.0007347568577768436,0.552187095346063,-0.0007976939420865761,0.5521258571896587,-0.0023659966496603407,0.5492565813986519,-0.0023807981908746433,0.549255628691976,-0.0024970388385540123,0.5453831946384171,-0.0025150591664201854,0.5453699240800373
155,0.0017470073118108645,0.5485785935279054,0.0016804279237232782,0.5485122554298433,0.002949085590662906,0.5539337499254758,0.002960702196128286,0.5539348810248129,-0.0005968289609150065,0.5499828507637163,-0.0006329862599176624,0.5499647345692024,0.0014167769645855085,0.5472328455510885,0.0014366729113606059,0.5472608069206712
156,4.451236056114715e-05,0.5478001369930963,-0.0004616321420471113,0.547502718417999,-0.0003665616478049449,0.5524204877925079,-0.00023111385286733437,0.5524517579809355,0.00011220672962423968,0.5502696268060318,0.00013373265897690387,0.5502539626824738,-0.0021879720004612953,0.5457824078028065,-0.002168497955362041,0.5457951930820145
157,0.003066650773001394,0.5488272580538441,0.002995284668144879,0.5487872236900878,-0.0023717340972698015,0.5511701754261512,-0.0022412830760484546,0.5512302799590894,-0.0021693997498091456,0.5493418972386097,-0.002197237436416756,0.5493382767742315,0.0028111505758735655,0.5483280915417095,0.002882795285750627,0.5483826262172165
158,0.0033994259699014462,0.5493410415838494,0.0032982780645779398,0.549302562793771,0.0012806525919376022,0.5532344417813545,0.0012511036790412739,0.5532084829669724,-0.003568200200842886,0.5486363390775024,-0.00357524232240593,0.5486345465535987,0.0023991037222505494,0.5474663720523902,0.0024127111571531387,0.5474847816342865
159,-0.0015898849976864983,0.5468453118537818,-0.0013505913344968468,0.5469325025285137,-9.969095698169543e-05,0.5526033515205163,-6.36944061021949e-06,0.552628983284252,-0.0012124488113388553,0.5493499124138553,-0.0012870416632617474,0.5493489752403694,0.0026563288808367103,0.5480168962928703,0.002675406822755626,0.5480162923630465
160,-0.001124108061092004,0.5471347182219493,-0.001173126866881566,0.547111959907933,-5.598332010289635e-05,0.5525995388091215,-7.727667811671957e-05,0.5526049630060845,-0.002287210942957526,0.5492539025574369,-0.002314934360519698,0.5492553601541713,-0.0014257396139121536,0.5459301051991322,-0.0013872204768094374,0.5459455318019543
161,0.0037895694906991194,0.5492206543559854,0.003661868098804476,0.5491155462939082,0.0015164919949166354,0.5534984793375621,0.001520469421953651,0.5534976117033167,9.46388594229529e-05,0.5503062491447253,4.122477177680655e-05,0.5503027714213937,0.0013182298850034962,0.5470165878861927,0.001305356413577332,0.5470193464012625
162,-0.002448050953392815,0.5468273617859697,-0.0022165481729517432,0.546934066749639,-0.0018768469243830726,0.5518459160461994,-0.0017312499809800394,0.5519089850478198,-0.0013026366364029065,0.5499094172089737,-0.0012183113765297708,0.5499330514999542,-0.0023954420201676343,0.5457973927498536,-0.002398590539177224,0.5457814254997114
163,0.00038598977277235993,0.547609512246909,0.00015182547619888186,0.5474685206212299,-0.001968191181639888,0.551720454710895,-0.0018712831907328163,0.5517525993548625,-0.0003754803701626545,0.5498084524975496,-0.0005610179481077778,0.5497410588056627,0.0009565894872102845,0.5471978798478415,0.0008835990008299487,0.5471708412796236
164,-0.0004342436190759042,0.5474516039253162,-0.0006688686908346295,0.5473117132565534,-0.004950201016191422,0.5503115323933393,-0.005017983769007809,0.5502556686144559,-0.001051429601922793,0.550031850545086,-0.0010071515922169194,0.5500550921959751,-0.002623300313723514,0.5454921594439259,-0.002594005027278013,0.5455004671143205
165,-0.00015465689126126694,0.5476439414838599,-0.00021571217743235872,0.5476142177457081,-0.0010748274680703544,0.5521899615504188,-0.0009698930963662561,0.5522228681452246,-0.0036762104965960777,0.5486566586702968,-0.0036162228514579394,0.5486670190394666,0.000852032501538147,0.5470020927454782,0.0007696178622238441,0.5469572584500576
166,-0.0034578831793152325,0.5461739387463173,-0.003539324978337222,0.5460986169889243,-0.0006077973731554022,0.552450600517695,-0.000824832558777222,0.5523560891519445,0.0009866819941295134,0.550599658305201,0.0010572035148358407,0.5506361815896498,-0.00017290666681535772,0.5469141611957125,-0.0002330460425937044,0.546903354600601
167,-0.0005818549831065925,0.5472314373121597,-0.00035554498919242243,0.5473341238724087,-0.0014884174341718171,0.5518284869774291,-0.0014636937110847452,0.5518061606672621,0.0009215702954244867,0.5506643196927633,0.0010824737640511208,0.5507174478321533,-0.0005606158200458251,0.5464702864076749,-0.0004989764148971692,0.5464933179042816
168,-0.00013750494120106372,0.5476079931615819,-4.414206594677883e-05,0.5476472620850821,-0.001043328744211184,0.552057118546075,-0.000996474731132755,0.5520729236429712,0.0018681230862820624,0.5512664547915099,0.0018037809969316879,0.551252049839982,-0.0009833805466637432,0.5460535718956246,-0.0009689483069043545,0.5460719354051509
169,0.00036626853190792997,0.5475320017164029,0.00047832321760108446,0.5475867222863101,0.00088415246774938,0.5529603582257949,0.0007366276233302855,0.5528760530480049,0.0015114274906869163,0.5508454233761321,0.0015003108150955988,0.5508386292461284,0.0006026884284800005,0.5471103385301512,0.0006510727886920292,0.5471540238285785
170,-0.0020632338404043622,0.5465311753948944,-0.0024330638897033167,0.5463395625362867,0.0002278105698967848,0.5528970939825316,0.00028140831772781056,0.5529179434781448,0.0027792271846392926,0.5513002863741733,0.0025559850927293353,0.5512033125587938,-0.0016447249162817815,0.5461464755070663,-0.001667828983947163,0.5461673553009342
171,-0.00269582049015062,0.5464826806092221,-0.0025265178516674044,0.5465539824322067,-0.00036938212504332305,0.5525431184074032,-0.0003467700624527731,0.5525579324076731,-8.546931997490271e-05,0.5500145231351508,-0.00012652338182646942,0.5499894027652391,-0.0003224259815645534,0.5467456142725943,-0.00032697005310346926,0.5467495930353657
172,-0.0002531008809603817,0.5476451113779461,-0.00027899581156552695,0.5476070968866251,-0.00013619880322428916,0.5526238675449119,-0.0001253398705647243,0.552606320511459,-6.1195871299386e-05,0.5500800767477916,-7.59241835947277e-05,0.5500795250888825,-0.00020497702893148043,0.5466474067098814,-0.000219999409786097,0.5466377488668451
173,0.0012486100022833754,0.5485191777987165,0.0012089831176036847,0.5484954072500456,-8.316385808212135e-05,0.5523367341403927,-4.351203064609265e-05,0.5523503284338904,0.0007331868178996927,0.5506618527548438,0.0007212499235240709,0.5506482648540323,-0.0020054860490747,0.5458966480455146,-0.0019946957711632195,0.5459018200688363
174,-0.0011958348657571019,0.5474281498612504,-0.0011863456557520123,0.5474080013343072,-0.006232083694965224,0.54993495621695,-0.0062313026302375325,0.5498758531365149,-0.0033882492099048243,0.548995514349063,-0.0034009755857939326,0.5489901950023554,0.004436886154995682,0.5487476042703512,0.004598935133064901,0.5488213742696252
175,-0.0008466350957950919,0.5471217566101884,-0.0006348878743482405,0.5472231654139273,0.0035181368642714515,0.5541135698287879,0.0035006844960701108,0.5540805448680088,0.0011257149923516562,0.55049137874936,0.0011747778605993833,0.5505335093147067,0.00017955438771098784,0.5466616424138363,0.00020177488930205804,0.5466779317243492
176,0.0018938774923264207,0.5488015609545012,0.0018106629821133449,0.5487270646641917,-0.001510066142631139,0.5521266307464362,-0.001600785698973422,0.5520871348192932,0.0015395315272941374,0.5508244028320582,0.0013942865635612808,0.5507638453160667,0.0019267569813574883,0.5475005152920932,0.001997906716092917,0.5475388460228231
177,0.0009625730038896915,0.5483284371919172,0.0011220882496846068,0.548393934113189,0.000612899663813222,0.5528281060429091,0.0005836057792170491,0.5527903238291675,0.0024034007201532625,0.551216175934088,0.0022854039699613305,0.5511813933783696,0.0001835706746869966,0.5467755332300314,0.00027263296402855374,0.546824325758834
178,0.0010367748976200404,0.5476695964171605,0.0009305500131871967,0.5475934811797422,-0.0012239090076705216,0.5519910648743377,-0.001173091495359434,0.5520208379615547,0.00017052301764549496,0.5504451997613398,0.0001732990674263534,0.5504435231840837,0.00021555842462281526,0.5471340905017008,0.00013576404786952133,0.5470986519753016
179,6.387584114724855e-05,0.5477736154057213,0.00018699191542973894,0.5478136035392919,0.0029008456723631144,0.5538750740485646,0.0032047046542517193,0.5540109018013433,-0.0015208458589679996,0.5495559817571755,-0.0013497063954469948,0.5496327132445059,-0.000952890675983912,0.5462818618809558,-0.0009392524390096415,0.5463028589515266
180,-0.00379683638778206,0.5460914717713092,-0.0038778059566579003,0.5460336630667464,-0.002047639545068513,0.5519490304066963,-0.0018925534138908714,0.5520053243389235,0.0005348675131674275,0.5502495794550027,0.0002822448151778164,0.5501584104257228,0.0020019975031855424,0.5473880127653611,0.0019826048469290675,0.5473858206847101
181,0.0003320084705731112,0.5478752184203867,0.0002826465864848996,0.5478347739880761,0.0006208151469232469,0.5531174111372572,0.0008634626551012791,0.5532107274345689,0.002114280235863268,0.5513074199153779,0.0021326473700397485,0.5513230578979488,8.68159630031154e-06,0.5467675791042291,1.448717303099873e-05,0.5467861701874429
182,-0.002178065635750811,0.5467002913221156,-0.002216742342452386,0.5466321615464459,0.0003476604013657733,0.552847569404119,0.00021928806565599861,0.5527631513550021,-0.0020972577070911464,0.5494776633002284,-0.0021116969997261033,0.5494711570058833,0.0002982623547572646,0.5469696395301945,0.00024564642832007626,0.5469511015999253
183,-0.003092180861913469,0.5463122715024654,-0.0029462133542750373,0.5463206839579265,0.001794482426253943,0.5532566694579207,0.0014706401271231265,0.5530949585020262,0.0013199113762621024,0.5508138605791096,0.00135843244957256,0.5508593874404778,-0.0010355893004393357,0.5461616955597589,-0.0009825369163230777,0.5461899945097278
184,0.00011552872981853417,0.5476587393729239,-0.00013262066268683102,0.5474811582583626,-0.0006509687247178495,0.5519681883100381,-0.0004082655910621783,0.5520663680607156,0.004323709075822815,0.5521325667142772,0.004307675650375882,0.552152084110343,0.00014174094381978956,0.5465955420270884,0.00017201738203973847,0.5466172022652861
185,0.004879247529561766,0.5498323477916843,0.004857311002597341,0.5497697553840725,-0.002126793067112971,0.5517799540285062,-0.0024406565391430477,0.5516226360836031,-0.00012903920316565317,0.5502467305358518,-0.00022691013365456756,0.5502060304357125,0.0007993533312343681,0.5471241286717986,0.0007614444312705991,0.5471021116409537
186,-0.00028049569561859356,0.547483376961999,-0.0003529240568083238,0.5473698387718549,0.0014582261733509978,0.5533528931638841,0.0014218738012509822,0.5533298895202118,0.0030591442232410994,0.551622398784957,0.003037703767188107,0.5516141617618201,-0.0005086617268833106,0.54626113090158,-0.00047527562332585625,0.5462743973901215
187,-0.003839930042815854,0.5457265402971317,-0.003688778757823519,0.5457869928139649,-0.002103385882592344,0.5516457805443117,-0.0021424883617142945,0.5516258831024553,0.0010996697066343408,0.5509199703586831,0.001038364644089755,0.5509003979131165,0.002724028254537119,0.5478808869450585,0.002702654517619635,0.5478910218329975
188,0.0003243915200365042,0.547968635529292,0.0003280484486442231,0.5479528605330884,0.00029980874788843845,0.552496856728348,0.00024103430541795966,0.5524782013577395,0.0016225965893383874,0.5512321618642814,0.0016728434639248122,0.5512501476571758,0.0006368357295343188,0.5469656897603995,0.0005930577749421153,0.5469527352945153
189,-0.0006351073415668365,0.5474118733155726,-0.0005777434705194609,0.5474426091006882,0.00036962281341476367,0.5527116386657194,0.000212145817535794,0.5526362431281924,0.0023187091400240535,0.5512549738528962,0.0021591879553013696,0.5511958598404115,0.002560709006805516,0.5479115131659403,0.002514821633895535,0.5479007083625367
190,0.00024760611361095364,0.547455931940645,0.0001554180959953056,0.547344797534996,0.0005318450005765547,0.5527564836337079,0.0005774366199368851,0.5527739763335364,-0.0024749990784553124,0.5490996342783064,-0.002659852389859591,0.549034129478117,0.0012475063018365835,0.547022994237332,0.0011916301408756063,0.5470011706732827
191,-9.019819599571231e-05,0.5477045050659758,-0.00023075892692196384,0.5475890950674119,-8.525163703795417e-05,0.5524208265198293,-0.00010735620360367299,0.5523901558827701,-0.0013959608365460053,0.5495637520452664,-0.0014678271754879253,0.549545871920533,0.004302009358875598,0.5486658946072396,0.004251461806811948,0.5486377890239508
192,0.004331657052698067,0.5497581671029711,0.004543645995859499,0.5498650323449845,-0.0021609206464819424,0.5516159491299608,-0.002144063283307378,0.5516211453891237,0.0005416767274835549,0.5504194198788163,0.0006121780204411076,0.5504546418335053,0.0010015830076956337,0.547057919474005,0.0010175277545162727,0.5470718058758663
193,0.00026550597434138527,0.5478401790372186,0.00025604815598514384,0.5478313295849155,0.0013871741007593658,0.5535233764824244,0.0012630325492678249,0.5534593005730138,-0.0005340221809077162,0.5501219455680256,-0.0005196441985939301,0.5501392906046334,-0.003139621444762892,0.545346706890961,-0.0032383893754936444,0.5453016696476435
194,7.825381203270271e-05,0.5475317360758963,0.0003039222254154067,0.5476236048663142,-0.001083148522094025,0.5524010171427808,-0.0010656076495633617,0.5524099671671076,3.805604114867821e-06,0.5503251142980217,8.250751678497484e-05,0.5503575213222213,0.0036843156209403934,0.5486143952928453,0.0036622598848511877,0.5486017286844841
195,0.0014204135988318198,0.5485002483340164,0.0015414033647723599,0.5485473131427776,-0.003504169663329209,0.5511988703234519,-0.00350354412909462,0.5511963620056191,-0.001219352513455722,0.5497507106114182,-0.0013731232391810775,0.5496967765212322,-0.00118646064699998,0.5460609508377924,-0.001174176562878728,0.5460675337557873
196,-0.00402591477359221,0.5461459439620581,-0.003993687221965916,0.5461217524587122,0.0019103542524108918,0.5536105352851285,0.002084346991001291,0.5536726952081668,-0.0003075113786809348,0.5499401890342666,-0.0005038829938239627,0.5498774557007278,-8.79928131281125e-05,0.546762804874912,-4.586511102953095e-05,0.5467937705583148
197,-0.00013930802853220472,0.5477623258126827,-0.0003032889433305363,0.5476787474772996,7.88775207860416e-05,0.5526170662588957,0.00018730104246484757,0.5526485288856051,0.00059197389670878,0.5506651877585859,0.0007098011742322419,0.550724689645044,-0.0012080365660617643,0.5462392812698765,-0.0011818191595329899,0.5462462240838004
198,-0.0007197798515119442,0.5470631015131578,-0.0007711741464640004,0.5470477548463051,-0.0013080722160360185,0.5521633305169198,-0.0011634045482972729,0.5522421840205537,0.0040753375361518825,0.5520852324257463,0.004247043872389065,0.5521703113931736,-0.0003873932152130101,0.5464195542984688,-0.0004816199924940164,0.5463908703965172
199,0.0014794359399649714,0.5482906174115478,0.0013045800513806565,0.5481806595061317,0.0002993734846950732,0.5525471966066124,0.0004890414968905426,0.5526162264766565,0.0029802651634485713,0.5514787863497017,0.00297053498433836,0.5514770149621225,8.267067212041673e-05,0.5467937606522445,9.426206372913082e-05,0.5468023592467156
200,0.0012721176963567764,0.5482319718408487,0.0012271674181178595,0.5481894185925648,-0.001473533694055293,0.552013802465738,-0.0013614244291025397,0.5520445442485437,-0.00012184471528173698,0.5502822768133762,-0.00010485504992270116,0.5502830614713309,0.0014470540774402707,0.5472213002051247,0.0014052729331477775,0.5472112554972434
201,-0.0023214798156958763,0.5463670639946764,-0.0022908729885409962,0.5463548185564497,-0.0022447316297806593,0.5517273845734746,-0.0021136308458593283,0.5517439013561182,-0.0005796289766343384,0.5500891872468531,-0.0006780222451049782,0.5500804297973966,0.004541875815527313,0.5487320037238379,0.004719569902591771,0.5488132187313804
202,-4.68120425856425e-05,0.5476433125349282,-3.1429000839993866e-05,0.5476122359711283,9.316492726000999e-05,0.5524237551008467,0.0001993409892498014,0.5524696595742025,0.0017552618302210789,0.5510202007156356,0.0019525212694571472,0.5511087964440212,-0.0012576594623190463,0.5460192488403982,-0.0012711178205270794,0.5460385595455232
203,0.00222571218489871,0.5484299438006707,0.002294170601242285,0.5484610712053741,0.0009032438105585728,0.5528721781696002,0.0008669080767903596,0.5528378941134818,-0.0005079581228435026,0.5500957091841713,-0.0005091868666554511,0.5501035060180058,0.00012721217299204224,0.546527820501571,0.00017030423618297823,0.5465692837081314
204,-0.0007557846127989638,0.5475013400815011,-0.00044145648077775133,0.5476010572108215,-0.0017248754656767732,0.5519326804436316,-0.0016157974315592768,0.5519685559513063,0.0007274076234794957,0.550506655387823,0.0007941266545639668,0.5505333845968515,0.00046884226475814783,0.5469139923339309,0.0005040366058140455,0.5469245905946317
205,0.00462471815174683,0.549687719101975,0.004473513827247711,0.5495788428005377,-0.00037195096217303874,0.552298449058553,-0.0004245051170242251,0.5522596115417642,0.001579075132265395,0.5508114139375447,0.0015057601060989674,0.5507800580801022,-0.000808483622424458,0.5462745490575175,-0.0008015740860288856,0.5462822281395311
206,-0.0016324138259280255,0.5467996111068548,-0.0016527374898091362,0.5467737918293406,-0.004560849265674815,0.5503054179477614,-0.0044678817160142105,0.5503345600383227,-0.0025816747700237804,0.5492082990809002,-0.0025357268929219056,0.5492166054524378,-0.001992022373712364,0.5457128585990739,-0.0018936106253130771,0.5457557544410929
207,-0.0010279702786071313,0.5472806047880185,-0.001050078762178485,0.5472465391555678,-0.00167859673110996,0.5519661595498762,-0.0016424112944552708,0.5519766357622288,-0.00276016108812596,0.5490828033405953,-0.002562332385985706,0.5491736433635304,-0.00022752427769078993,0.5465968116401677,-0.00019992352675730332,0.5466071546330737
208,-0.0006111548768029761,0.5472967276298345,-0.0005090045888981543,0.5473290352141512,0.0014075783793801703,0.55337765614236,0.0014366696825739796,0.5533813252778611,-0.0009404032776778264,0.5497185368176456,-0.0010003498731461454,0.5497024313224232,-0.002540288730854751,0.5456846138685912,-0.0025605295650870095,0.5456654017962977
209,-0.0009368331465368753,0.5469787975971062,-0.0009676978148458927,0.5469389368551374,-0.000841777450995617,0.5522230719216833,-0.0007974838269915804,0.5522209922726047,-0.0005155114056244934,0.5500400039558953,-0.0004950251654516825,0.5500385204838535,-0.0013038752329773398,0.5459710322762533,-0.001326870995238273,0.5459622318828402
210,1.2630615413981514e-05,0.547795452603488,1.1963239858103538e-05,0.5477823080558991,0.0013540008345717836,0.5532114240797579,0.0013623646003188983,0.5532096493449267,-0.000852218171653539,0.5497585580177495,-0.0008993271801696007,0.5497568013331855,0.0021207119644255086,0.5477647073390471,0.002155844524879616,0.5477918716857977
211,0.0030840441303053028,0.5492337269524633,0.0029924074011097746,0.5491628140856543,-0.0015443389441441035,0.5519108390713309,-0.0015710161866306239,0.5518785100909483,0.00377651329054782,0.5519885371232042,0.003815676957562232,0.5520236029118961,0.00020227174837793334,0.5469159316690163,0.00021837919829316085,0.5469309746909258
212,0.0037048323198350594,0.5495517803923352,0.003996836413217166,0.5496606587592342,-0.00018180847834948046,0.5524369077773325,-0.00020274671921340589,0.5524343129842708,0.0027776921641994457,0.5515443043514775,0.0027573914197507494,0.551562165073941,-0.0024713901413064656,0.5458238706934418,-0.0024550344767525485,0.5458454981988751
213,-0.00013678626088294184,0.5477520536307655,-0.0001692767022095479,0.5477224241360656,-0.0037717055316163106,0.5509960454792663,-0.003961064690637506,0.5508807212121444,-0.00010253468814629997,0.549998666539211,1.057817631024196e-05,0.5500520102183843,0.002395012058009968,0.5475269331838705,0.002340919797604007,0.547510125523043
214,0.0027404037973372,0.5486973044203904,0.0027995209033536785,0.548713589678815,0.004312471087821106,0.5548441169743683,0.004250055648993801,0.5547895940517176,0.003184290608257675,0.5518351325517397,0.003184103890062087,0.551837261605844,0.001184987225028739,0.5472102356352337,0.0011328832234799263,0.5471988260463302
215,0.0013863228824586322,0.5484840250567719,0.0015099557975313653,0.54850281878168,-0.002767119398574746,0.55149883374495,-0.002790324313325855,0.5514719952838592,0.002228442937162698,0.5514095829052743,0.0022128675307093583,0.5514131492548121,-0.0033262186414863538,0.5456303948068585,-0.0032918039483740887,0.545646817745478
216,0.00026524641264618476,0.5481421067703408,0.0002868157078402069,0.5481310241806422,0.0002668558810475837,0.5528585717621829,0.0001622605058423949,0.5527930749951321,-0.0008935595902234229,0.5497864446278761,-0.000948339157062797,0.549770230827452,9.468409293438231e-05,0.5468941358993988,0.00013477987201362482,0.5469038249512965
217,-0.00042631107823981005,0.5472368966963537,-0.000350652796865436,0.5472533842924943,0.004612135254796076,0.5547200496283488,0.004559926225473624,0.5546901131466684,0.0013547917924566638,0.5508169579378416,0.0012806010894489675,0.5507940034575386,-9.949372297518072e-05,0.5465268619141049,-0.00019303193761324757,0.5464831773583609
218,-0.000336617787188764,0.5475832092182673,-7.866501480493777e-05,0.5476975399848878,0.002164523502418032,0.5538837803211961,0.002218785496931447,0.5538722209242978,0.0014263861410284615,0.5505510005088291,0.0014163892084164467,0.550551834488978,-0.0008809678754428753,0.5464282176925456,-0.000831258804638703,0.5464573358009351
219,0.0007263982069249802,0.5475383034579909,0.000697613469995711,0.5474333119390199,-0.0016188185824289535,0.5520644352838712,-0.0016035920770837264,0.5520620893980156,-0.00020991055111374449,0.5500172489086796,-0.0001829129168120767,0.5500350271813569,-0.00019837033727920705,0.5466873050722908,-0.00021253309881319818,0.5466941952924432
220,0.0008629218739306324,0.5480183700250912,0.0010165986529452487,0.5480857028620295,0.0004076508189562908,0.5527810700628861,0.0002552775794508119,0.5526912178417628,-0.0011463037805718931,0.5496054758784625,-0.0011811315984244797,0.5495913582450945,-0.0005178372981013191,0.5467516193095504,-0.0004748936052651977,0.546769647950805
221,-0.0016613462286660552,0.5467750989676493,-0.0017473489103854575,0.5467086202038703,-0.001656057369339977,0.5518670271747609,-0.0017114128221433873,0.5518419300854301,0.0020997290074643944,0.5511685039222015,0.0021681772509631564,0.5511898013421662,-0.0018868179872393073,0.5458379392732732,-0.0018273122399602066,0.5458858822095564
222,0.0018148366175216228,0.548519509690733,0.0014553038935167077,0.5482718595775196,0.0016526080538602202,0.5533527963460236,0.0013633166153689483,0.553198801314811,-0.0014211762879332505,0.5495624622680398,-0.0013658468638968635,0.5496235582098473,-0.001983566674683669,0.5457406336835761,-0.002047767142093667,0.5457219568462764
223,-0.0008900766764956073,0.5470100543709658,-0.0008960505949562821,0.5469701876163146,-0.0010470652997108625,0.5519634920302511,-0.0009862848676088873,0.5519642440950873,-0.0042899025449251935,0.5480864637360107,-0.004266787352549891,0.5481077138749303,-0.0015186675220325312,0.5458971075031857,-0.0015068288447121889,0.5459062654294019
224,-0.00457510246707749,0.5454482459369824,-0.0044373223084608155,0.5454989535702056,0.002203417139331257,0.5535352394221361,0.002180370708862105,0.5535344627992832,0.0008642534790287785,0.5508096316997079,0.0008291380440606428,0.5508083228805775,0.002449821418717447,0.5479304413358334,0.002420471167260962,0.5479296111021186
225,0.0012522545228084274,0.5483850328023322,0.0013044725920290515,0.5483978112731299,0.00036055580315354983,0.5528687755624792,0.000346401931257423,0.5528380898365396,0.0008476956671680741,0.5507993204219299,0.0008047476716438283,0.5507818659927075,-0.00232638910545545,0.5457802305380985,-0.002391362826301575,0.5457580034521193
226,-0.0008911102381848028,0.5473035327221053,-0.0011465698245048971,0.5471220717685206,0.00030915199389356713,0.5526134517010712,0.00020523566259409028,0.5525464674212878,-0.0010383868976064257,0.5497776615159687,-0.0010789809254581808,0.5497712454028968,-0.0007915076376424553,0.5463015425783925,-0.0007638841822106848,0.5463112253225028
227,0.0009333864209228356,0.5480804548194583,0.0011378822140799044,0.5481320173614166,0.0014713252227493857,0.5536454666450574,0.001350490997506783,0.5535984180952219,-2.577743615933237e-05,0.550362583576305,6.621757173348383e-05,0.5504134690378699,0.0011111206337329905,0.54701146513729,0.0010703427471297447,0.5469868053777048
228,0.0011734518547109097,0.5486735224190924,0.0012197870345937237,0.5486704704263524,-0.0014874821773155703,0.5518629554209571,-0.0016086920569837876,0.5518084493616334,-0.0017966401799536264,0.5494261582278596,-0.0017693613958773766,0.5494366949640226,0.0021522959968091945,0.5473770141969551,0.0022509463090371086,0.5474369983823392
229,0.0027157841210708315,0.5489045310259569,0.0026834441559423264,0.5488655105284918,0.0031856533957539124,0.554046928947845,0.003341546265679991,0.5541258844073161,-0.0009300303516813478,0.5497040287862075,-0.0007935899848971507,0.5497615988180099,-0.0003029731056555759,0.5464956489440231,-0.00033903287844638195,0.5464989047120096
230,-0.002323332045928789,0.5467673597919379,-0.0022096669335079882,0.5467944973861354,0.0007753034752883735,0.5528875602716429,0.0009624573762414427,0.5529456989661973,-0.0013925023120984186,0.549908141579,-0.0012486455950410005,0.5499828956880229,-0.0005932076767944937,0.5463068470496127,-0.0005992527193519314,0.5463136753806769
231,-0.0027664435691651915,0.546270943891114,-0.002700397995791627,0.5462687201461359,-0.001654863137195643,0.5518204586936821,-0.0016128454016675513,0.5518363462283041,-0.0021638602073225516,0.5493271082658993,-0.002170979883436328,0.5493246399982602,0.004215772659261594,0.5485652499660526,0.004143955039813892,0.5485400436996922
232,0.0013819109984234213,0.5482463374786525,0.0012267709293291072,0.548152779107404,0.0019317540032399117,0.5533725518287512,0.0019815817427158047,0.5533921532003218,-0.00029771175333180214,0.5502318916018384,-0.00023272565583101786,0.550262611424898,-0.002592805132173949,0.5457969798136287,-0.0025878505116417915,0.5457984897333673
233,-0.0020569192140000394,0.5466335351691377,-0.002084120004854257,0.5466212497917541,-0.0006722640227446937,0.5521418553939622,-0.0007317165475970132,0.5521149583622954,-0.0016126663742262535,0.5494204651360097,-0.0016041242257467758,0.5494278940977884,-0.00215989459578634,0.5454859235955758,-0.0020530374192765377,0.5455423211895545
234,0.0007851645897094889,0.5481555673732844,0.0008180165522596701,0.5481648280477994,-0.0017890183302125603,0.5515279156093725,-0.0015493474921400435,0.5516335992884827,0.0006534573330724352,0.550696665537635,0.0007150248683196727,0.5507445132020061,0.0008259549138992308,0.5470961462650424,0.0007419661197363044,0.5470694437086842
235,-2.5941679129471366e-05,0.547512315504593,-0.0002083479420932248,0.5474143230078211,-0.00196624709538902,0.5515289180890012,-0.0019788192323561757,0.5515248368669262,-0.0004656453118100828,0.5503132516323213,-0.00044423959010461814,0.5503275241644908,0.004002571287419736,0.5486861165366795,0.004024814704490227,0.5486886421265629
236,-0.0005763261167918429,0.5473726391788123,-0.0006671413561018731,0.5473011164978914,-0.0010345273266403803,0.5520368633925067,-0.0009576777368007573,0.552071259284217,0.0014923784062961588,0.5510280358122243,0.0013488382563417861,0.5509982072794575,-0.0010397434564348932,0.5462121134916172,-0.0009385689951223536,0.5462471574430448
237,0.00017011873869963564,0.5478642214555944,0.0002657651943925801,0.5478920433229316,-0.0004809914550574948,0.5523458935307319,-0.0005986236498799601,0.5522685522041745,7.452693511826815e-05,0.5504743553503176,2.0055700572133308e-06,0.5504606887396352,0.0012208958677188623,0.5471088293252065,0.0012300128436150703,0.5471188143337739
238,-0.0031528573250311324,0.5464727034667367,-0.0031489150715895997,0.546444859320974,0.00023292891379151064,0.5524524757463432,0.00031746676574558134,0.552483797339326,-0.003073255100746021,0.5488902115311355,-0.003128378184840444,0.5488721714558209,0.0004746847209051187,0.5469285439785376,0.0006166932374815241,0.5470095576662454
239,-0.0017726030945380122,0.5471981931716591,-0.0020398275082745485,0.5470353628374978,0.002934705274565892,0.5538429479140595,0.002989851442009153,0.5538478604499816,0.003170514841147779,0.5517476313985171,0.003101862143911279,0.5517289765274023,-0.0008605588827128532,0.5464094941299201,-0.0009471959655974914,0.5463860893950682
240,-0.00018842469585299447,0.5476219558811368,-0.00039007213468225237,0.5474753839546311,0.0022548604698612116,0.5536219578727561,0.0022621698187380583,0.5535967247445709,-0.0012337578940319405,0.5496339051165314,-0.001376274872825799,0.549571050028354,-0.0028304717237853075,0.5453873284506773,-0.002831174325093033,0.5454008682993287
241,-0.00016188188047746863,0.5474406844206717,-0.00021583508899340756,0.5474105711636942,0.003353172748000064,0.5541022498783037,0.003568538046100879,0.5541686713236377,-0.0009982314762440295,0.5497890766536773,-0.0009449120495642628,0.5498331148442795,0.004271908920765769,0.5485647801505565,0.00419864941704761,0.5485363105455398
242,-0.0026633988371082998,0.5464738972514772,-0.002591033660411434,0.546484169323893,-0.0007296091897093715,0.5523092979852359,-0.0006016205388756404,0.5523524873981954,-9.290702027230063e-05,0.5503504324852281,-7.676875721838131e-05,0.5503655383269944,0.0013477968173293477,0.5473577066462875,0.0013286056788474766,0.5473787343926418
243,-0.0011988567005443921,0.5472423259665508,-0.001285201127070767,0.5471497617734911,0.0006715923393827727,0.5530057953658477,0.000764830290497826,0.5530250599949641,-0.0026515653447888913,0.5493100828689829,-0.0026748743382348783,0.5493046777799399,-0.0004933795124239657,0.5462164475101265,-0.0004640511589277995,0.5462260060516421
244,-0.00046254671808686486,0.5471420564210175,-0.0003623600144301766,0.5471129908579145,-0.0012534797816741833,0.5519432025643316,-0.001454617893530178,0.5518423157007392,0.0027695589625815475,0.5516693282602522,0.002765480780150711,0.5516858929677725,0.0006432299052879025,0.547032276857309,0.0006776297219903368,0.547051476230037
245,0.001183952331399523,0.5482351087009744,0.0014350848593733681,0.5483340679018087,0.0002728397893968912,0.5529331556485475,0.00028647535596366887,0.5528989589125906,0.0019396616739016336,0.5510827321568263,0.0019099545639349605,0.5510931121666148,-0.00010503502933203853,0.5466298177146794,-0.00017560333170858527,0.5466144419593049
246,-0.0013186413634237958,0.5471101259031427,-0.0013833612013636587,0.5470419828237115,-0.0036669365732237397,0.5509870107489881,-0.0036384624304052564,0.55096621830539,-0.0002394871239195037,0.5498820081513384,-0.00027571901452483214,0.5498549579465745,0.00039807917088612233,0.5469905635702456,0.0004074542912662598,0.5469927439694845
247,0.004587078958846761,0.5496685839756135,0.004645379148889357,0.5496853938728984,-0.0005616210853542536,0.5524582027696527,-0.0007689005246883738,0.5523455176100526,0.0013017148591764193,0.5505464144003889,0.0013316865419419135,0.5505715020559007,-0.0002684108201528432,0.5469171694484526,-0.0002122606582624736,0.5469457566930926
248,0.001459703098090721,0.5486240291009552,0.0013965353461646186,0.5486041613962077,0.003121881221141013,0.5542014746245415,0.0029606472740571848,0.5541275494924655,-0.004272917582638079,0.5483591738682613,-0.004248840865276827,0.5483732401917082,0.00040715209533045217,0.5470143099681518,0.000405470275885001,0.5470320900660062
249,-0.0003356810384721373,0.5475595506152464,-0.00028089488540393676,0.5475642042716505,0.0002758200929591534,0.552669048967523,0.000324701052336046,0.552702492693215,0.00045330000835328655,0.5504945176963211,0.00043425009825949273,0.5504998380118432,0.0012148759754230696,0.5472339830326615,0.0011665386078843574,0.5472224592034115
250,-0.0010542455850501744,0.5471702096607746,-0.0010416422281549454,0.5471570983012488,-0.0038719949195030134,0.5508011183030601,-0.0038584993656223207,0.5508029047013682,-0.001889801259101389,0.549728722531511,-0.002018808296086171,0.5496892676045732,0.004057673201612866,0.5487197710340447,0.004011247789669859,0.5486966018042582
251,0.0014814297022133361,0.5485092232173044,0.001492094069966407,0.5484988575079376,0.0010955662396989515,0.5531186044002558,0.0010681172489805703,0.5531126997122651,-5.0097120512483705e-05,0.5501256446931926,-7.363593166848454e-05,0.550130703420126,0.0012821481735010838,0.5472487564889917,0.0013763933119266692,0.5472931939906375
252,-0.0009567277155419382,0.5470132472907943,-0.0011053956643532262,0.5469436774410186,-0.0002476607525427248,0.5523754826189334,-0.00023098289847275563,0.552377441407563,0.002072905915878748,0.5509883283785166,0.0019014829584926025,0.5509106773325527,-0.000863098035443865,0.5463434775411856,-0.0009654518537243018,0.5462967373707218
253,-0.0004732328081424207,0.5474710967910027,-0.0006965470239962612,0.5473711539212015,-0.0011863054727092113,0.5520806905263257,-0.0011055511732368558,0.5520918116789413,0.0019023115892462398,0.5510044528210547,0.001901918292440218,0.5510149261118217,0.0012053596220265896,0.5471113268863794,0.0011944740296591463,0.5471133542863317
254,0.004244985813418361,0.5498507756802451,0.004074111635243388,0.549761635490361,0.005261794270985085,0.5548302948928064,0.0052872796190514375,0.5548270086626831,-0.0014928720084773275,0.5499034226697382,-0.00155832759402583,0.5498721802594727,0.0013534994911043958,0.5473735558656104,0.0013302350219615022,0.5473627480572746
255,-0.001659648232907707,0.5468273133146653,-0.0018747139833776337,0.5467181069198989,0.0009115978661826153,0.5531789472238978,0.0010098038099565644,0.5531820261978243,-0.0011318664944058269,0.549885664330721,-0.0010329300285403344,0.5499384438910084,-0.001216868979038811,0.5462419075564965,-0.0012875623078918983,0.546217633296784
256,-3.618383970855439e-05,0.5475480254594808,-4.549843213016568e-05,0.5475469624133941,0.0006122316749953668,0.5527146342698694,0.0005895957179332405,0.552685877585986,-0.003366001388370918,0.5486918361146057,-0.0032758854364020318,0.5487336386157153,-0.000701480504921218,0.5467544178317687,-0.0006549354538912927,0.546776436483267
257,-0.002515851066123394,0.5463759391745869,-0.0025546704576975897,0.546330912945273,-0.0012179086014389368,0.5521952684966683,-0.0010998175984545755,0.5522297420416437,0.0019449130160300292,0.5510371448877214,0.00187430700270781,0.5509872576339965,4.0703842530606764e-05,0.5467326502092238,-8.94518171128812e-05,0.5466717709504304
258,-0.0009593426396488158,0.5472585875055673,-0.0008092944661328978,0.5473094537072171,0.0004704685586877612,0.552639737398231,0.0003526041059805474,0.5525602375953954,-0.002473457382975825,0.549349227343055,-0.002412694741821225,0.5493741805884563,0.0011598496334879584,0.5470770118764398,0.001042133303625293,0.547038471545919
259,-0.0013145512023978497,0.5472153950360558,-0.001200772136980841,0.547274441800821,-0.001480984894121232,0.5520914921696023,-0.001452644644685385,0.5520951169672812,-0.002088743359727719,0.549315936023003,-0.0020501072002031104,0.549337191673128,-0.002425796926600754,0.5457608808413265,-0.0025069283327598226,0.5457195733673608
260,0.0018558824242265093,0.5487661189517646,0.0020129049072050336,0.5487881370437094,0.00029534372565162976,0.5526966407871359,0.0004479278212665714,0.5527675319267236,-0.004092103550865438,0.5482337901069346,-0.004039577199651366,0.5482580214606853,0.0030579869191160645,0.5483751956530671,0.0029646771404593826,0.5483508303937317
261,0.001450727912691625,0.5484451520355925,0.0014361074929412439,0.5484002167556586,0.002112893244698828,0.5533830515098921,0.002135486063931899,0.5533943114477143,-0.0022296264054694863,0.5494817729606145,-0.002284688320065214,0.5494692746113831,-0.0019096692987181998,0.5459399526218692,-0.0019117475962609337,0.5459274930185027
262,0.0025442227465158175,0.5488860909024864,0.002487898679779968,0.5488080323808487,-0.001997207719598559,0.5515046298192582,-0.0020313070607619757,0.5514872552865661,-0.0006901946543793439,0.5501654523065597,-0.000711057945169131,0.5501673920517173,-0.002877258387829994,0.5453570774362831,-0.002945538181506185,0.5453377928378903
263,0.001570484181439449,0.5485949608582941,0.0016608831725175802,0.5486272739411119,-0.0008335560968679411,0.5523580296663076,-0.0010352680011063466,0.5522300330090693,-0.0022232773990659947,0.5495088089327029,-0.002192483184188286,0.5495421823987615,-0.002560578590165077,0.5456319597072925,-0.0026261640620498052,0.5456112279122122
264,-0.0024472173403227806,0.5465262007332558,-0.0025964137431501283,0.5464550979337289,0.0016677334913390018,0.5536150406101478,0.001662016253850258,0.5536036995848954,-0.00013807690168199738,0.5501633796420714,-0.0001876128127054759,0.5501565263319609,-0.0014792749688940386,0.5465031364597995,-0.0015203536049785303,0.5464892668443037
265,-3.181171010884677e-05,0.5472695906977165,-0.00016949958756662124,0.5471675647024296,0.00020223290276085194,0.5526918495760281,0.0001658861858506663,0.5526427786254341,0.001453609228681602,0.5506670723424566,0.0015147940269993586,0.5507081290357986,0.0018184303112738058,0.5474599467521196,0.0017408054366811535,0.5474337522375133
266,-0.001472183138635481,0.5470237082524528,-0.0014720911169948424,0.5469980462615384,-0.003520762814762078,0.5508868869984537,-0.0034639949364936146,0.5508823162878794,-0.001823250736196878,0.5496604408942637,-0.0016442118390383811,0.5497445452273774,-0.00016107258959140234,0.5465282101332928,-0.0002490766220067382,0.546488611712672
267,0.0006445237378457501,0.5480418570759573,0.000486923536454776,0.5479148469177328,0.0015757968165012674,0.5533933908961846,0.0015005497107204106,0.5533421076718165,0.0010658181696484579,0.5508385953089832,0.0011334880956987553,0.5508835646558903,-0.004020656242553801,0.545102109555431,-0.004057631360427665,0.5450937744944101
268,0.0010767323564065618,0.5478553991999237,0.0010868994011716878,0.547803296950461,-0.0002455025757421173,0.5524224946175657,-0.00029428801616716334,0.5523858512997143,-0.002019352815350575,0.549297079572491,-0.0020100747420159324,0.5493197918824355,0.004075952256310277,0.5485187234386958,0.004098586115675421,0.5485277507632107
269,-0.0013912926416703487,0.5471288898116425,-0.0013224876467591712,0.5471517841105547,0.0002570282193148348,0.5527766508412423,0.00025752254813300783,0.5527451533234525,0.0005306877960881744,0.5503785384056834,0.0005167608647429099,0.5503809146157663,0.001112348691993416,0.5475204809540318,0.0011945289888519635,0.5475501128249333
270,-0.0024084574074110586,0.5467531212244273,-0.0023219359762018505,0.5467556305587928,0.0018920877289470707,0.5535960150777668,0.0018120569324420943,0.5535519298043586,0.0020521834705576406,0.5511712481727181,0.001954100182154167,0.5511409161191841,-0.0004121169629831527,0.5465731584105656,-0.00037360460548602263,0.5466000403358785
271,-0.0036908772450984055,0.5461970873829693,-0.0037477560424570653,0.546140166565713,0.00042353751506877163,0.5529465582495715,0.000498103218034046,0.5529798754647904,0.0035908383182891926,0.5519975557568473,0.003650076060474033,0.5520424083829982,0.0008195364523017526,0.5470456082373727,0.0008053781829390831,0.5470590840510408
272,0.003641706749499592,0.5493538078785457,0.003703341630750043,0.5493679062588354,-0.0007072261549391809,0.5525127136820261,-0.0008274265483412457,0.5524291246828189,-0.00012567355670853892,0.5504706323126044,-3.815928102487322e-05,0.5504984803314584,0.0010875833946643436,0.5472300698385727,0.001070427206473132,0.547226861752108
273,-0.00015744893707709902,0.5473651500032907,-7.68496340404652e-05,0.5473730218275269,0.0015219081597087748,0.5534163988047126,0.0015532620713136311,0.5534149317262046,0.0023666948165912594,0.5513353572444298,0.0024034390945913736,0.5513489565304402,-0.0011219380715291364,0.5463622373925378,-0.0011109287559779133,0.5463679611086932
274,0.00396544733973111,0.5497155055350189,0.0038685579332630774,0.5496484451578234,0.0013405549866915571,0.5530375399512254,0.0012743540270551525,0.5529815994403354,-0.0007460605306919515,0.5498526018322062,-0.0007128708277516115,0.5498676022253246,-0.004495503036688866,0.5449963884448149,-0.0044181321519654575,0.5450311916402782
275,-0.003312152469432799,0.5462780010984518,-0.003137454940162583,0.5463470468540872,-0.0015749911785307308,0.5515661320511032,-0.0015294520129436218,0.5515532308319411,-0.0015045524673801235,0.5498535670654978,-0.0014422699993984665,0.549875214596072,-0.0008652849350934674,0.5466116247870824,-0.0008585422729318791,0.5466148483490056
276,0.0016046145867043924,0.5490542777040539,0.0017216090040575404,0.5490949206292498,-0.0013212359874626319,0.5521629144517534,-0.001463796468275695,0.5520597001989479,-0.0011444177044906462,0.5497265768584249,-0.0011002470637394566,0.5497710030626258,0.0005316746162003905,0.5470379413818806,0.0006279502079159306,0.5470802711596304
277,-0.0017605800773235498,0.5469375446785079,-0.0016071457587348258,0.5469751669390743,0.00023356164976492535,0.552408161889083,0.00016071982780793736,0.5523655401107622,0.0022651881440610244,0.5512386913720476,0.002302169852707135,0.5512594861769428,-0.0017715831138266607,0.5461854286516067,-0.001743569919233308,0.546204887972106
278,-0.0035454819862097853,0.5459377995010152,-0.003578360031920616,0.545874355485027,0.0007274209369616016,0.5530930728634414,0.0006636589986356521,0.5530693539369643,-0.0014933876861129743,0.5496884412340687,-0.0014751259136918868,0.5497023339871231,-0.0023204937802938116,0.5456744202491897,-0.0023108745831750305,0.5456665169333909
279,0.0006573968858369297,0.5481223482406467,0.0008433739366753559,0.5482006735469912,-0.00020378186440407042,0.5525256683940519,-7.046211313476943e-05,0.5525528823427258,-0.0004049868716270481,0.5501005721193671,-0.0004599638888674211,0.5500795109138366,0.0013271394904844993,0.5471703952278123,0.0012050532716879798,0.547145296764751
280,-0.002637998636137936,0.546826456057878,-0.0025384016155174526,0.5468782337375487,-0.0007777019428392768,0.5523802185388076,-0.0009521527929928485,0.5522811549576483,-0.00041194886249135636,0.5499836194473424,-0.0003573375133667153,0.5500125488598542,0.0011349728612795294,0.5475152373226057,0.0011158205866517482,0.5475321482202014
281,-0.0020437390785197685,0.546502621312991,-0.002067972544540761,0.5464430392523295,-0.001163748467208712,0.5520954110277162,-0.0012842573014078958,0.5520371351799954,-0.00013089376459656126,0.55030230744906,-0.0001870709542832627,0.5502909131115304,0.0026773839087477253,0.5479880107889616,0.0026467332215694347,0.5479828658221096
282,-0.003029233400705336,0.5461738759146125,-0.0028685410504083572,0.546221920635482,-0.0020526653830391854,0.5514239960525941,-0.0020651098569865424,0.5513876118528637,-0.00284888335758138,0.5490811523569834,-0.002846798369036726,0.5490894579780208,0.0008971227403498502,0.5471747084049426,0.0009296828693757777,0.5472177046061639
283,0.004579812346027162,0.549887515483729,0.004613779574338144,0.5498426561691679,-0.00031160015109463803,0.5523560360779648,-0.00036268891139405154,0.5522985791284293,0.0007275507145756171,0.5509348851949692,0.0008618868599583757,0.5509798239179702,-0.0013885268330747237,0.5460610026879589,-0.0014179670950639248,0.5460480132891834
284,0.004736944966789641,0.5495689671495536,0.004646257412087785,0.5495070235683569,0.0022367987686916966,0.553647148039265,0.0022235856639753037,0.553617544434175,-0.0020344247355937478,0.549329266084379,-0.0021313079400615428,0.5492876611218963,0.002830184813265734,0.5480070664121153,0.002772344048571577,0.5479837213568325
285,0.0024250453094951784,0.5491880776325138,0.0025993713934781442,0.5492582959763644,0.0016458116157578478,0.5531997333088104,0.0017202179183390476,0.5532287247749637,-0.0006554957937249033,0.5499190445021375,-0.0007076125645814617,0.5498985722043791,0.0015241507760374055,0.5473657159697719,0.0016171983512623441,0.5474181036773693
286,-0.0027547589666406433,0.5462464731907087,-0.0029768156697541743,0.5461070049083839,0.0014173563964977876,0.5531687434123481,0.0015103892392167135,0.5531785201542686,0.0034526450881949143,0.5517824134326111,0.003512348166665888,0.5518303275402618,0.0002846046825078137,0.5469039988793031,0.0003962057974943871,0.5469776263280068
287,-0.00029375772436686273,0.5475073701138622,-0.00038225314154564086,0.547428725231834,0.00046068241505535485,0.5527903128288983,0.00022298336828495752,0.5526911738329005,-0.0012221517643359139,0.5498169501020028,-0.001441639399192914,0.54974556772325,0.0006818590637104509,0.5469451778198166,0.000685133585102649,0.5469540850077362
288,0.001642371621945246,0.5481492751707712,0.0015391932856453894,0.5480639750957423,-0.0011743189521789676,0.5523381563068833,-0.001092022027238066,0.5523591519793106,-0.0027045447268929956,0.5489877781954605,-0.0026614609344914678,0.5490189394646046,-0.0007918914491456852,0.5464029183295086,-0.0007074908446112448,0.5464312284541893
289,-0.002679889725463362,0.5465224667997957,-0.0027399816611039392,0.5464681713638461,-0.002168237040474363,0.5514539908332193,-0.001976143843238088,0.5515494434521117,-0.0020189018828470073,0.5492853284435874,-0.0019763050779930203,0.5492971849501099,0.0007872146132660114,0.5471068988606193,0.0007818009572177066,0.5471181566083941
290,-0.0005131376020565895,0.5474217957712334,-0.0003582854760243996,0.5474847934558252,0.0018538939897830124,0.5536621296676613,0.001552345598646472,0.5534924913708925,0.001017470694850459,0.5504895178466521,0.001020192966681521,0.5505137313634267,-0.0013869990232426427,0.5460400652745047,-0.0013780473366784513,0.5460453767536296
291,0.0008341882364580939,0.5481603185361589,0.0009178856938136616,0.5481618674167564,-0.00012171879200209141,0.5527859596985595,-0.00023214923915536507,0.5527229498892045,0.0009209062618575655,0.5504326500658996,0.001030863445279955,0.5504911792526438,0.002523697068379636,0.5478421718550452,0.002513642826793121,0.5478349897367067
292,0.003145104172560819,0.5491090355105642,0.0032943142743968646,0.5491556417031144,-0.0013590542610283874,0.5521011256517531,-0.001267222160151975,0.5521231532324695,-0.001484446067875014,0.5496094139939093,-0.001304585094031152,0.549700316082535,1.7079130146356467e-05,0.5466630532054729,2.722649149081136e-05,0.5466661814102941
293,0.0011604542213323342,0.5481502227056192,0.0008519867773394422,0.5479940949866723,-0.002102557088826664,0.5513055344787262,-0.0019735073397920007,0.5513547793847939,-0.0014945464726932873,0.5493014713733061,-0.0013067502303944314,0.5493951782221952,0.00019805982072833796,0.5468189283166174,7.989559107563282e-05,0.5467652570636595
294,0.0022239945952557323,0.5487047897428511,0.002224285724680528,0.5486855763367955,-0.0004621123436532469,0.5521148987782017,-0.0002475331850614575,0.5521937500874264,-0.0016537224276722713,0.5494576737525924,-0.0016256175985195364,0.5494899731448034,-0.00044399813333284344,0.5465687605511188,-0.0005291101204222622,0.5465429693228275
295,0.0012175749543758975,0.5484565601361754,0.001169306663712911,0.5484377166632143,0.0021412913142857914,0.5534730030491163,0.001938193567453365,0.5533517598287377,-0.0005026161657863303,0.5501644317903973,-0.0004331601393392385,0.5502104800904758,0.0005557685593896869,0.5470963449305869,0.0005753168186518927,0.5471149680194777
296,0.0001189831601883704,0.5475062390131328,0.00017237410717607792,0.5475007903575272,-3.2320580243136995e-05,0.5523945323304765,-0.0001102334238699294,0.5523517439118399,-0.00011976628028727634,0.5499698197664786,-6.948170243378583e-05,0.549993406155977,-0.001100293165719822,0.5461553927673473,-0.0010597971156239725,0.5461743552293202
297,0.0004646927007350755,0.5478920014454934,0.0005220374567269743,0.5478830262867412,0.0005428813205932971,0.5526210291450313,0.0005111270727196476,0.5526069688396422,0.0005079342993936217,0.5501625694324765,0.0005685831676369981,0.5502017576874713,-0.0002706910369685233,0.546294602895284,-0.00027874203227302996,0.546283760964598
298,-0.0024715324847168277,0.5464188465022756,-0.0024835722922800538,0.546387110220791,0.0012746375757053774,0.553287010362974,0.0013439339437570062,0.5533196925120106,0.001146247807758703,0.5507818675773075,0.0010259737337915613,0.5507283876990395,0.0008409708690039443,0.5469217236196695,0.0006885406822102739,0.5468762465286964
299,0.001581519151089679,0.5482396448544116,0.0016575414077518896,0.5482713472774678,-0.0015868002748133396,0.5519730951219453,-0.0015317313345319652,0.551993371551756,0.0007176387464078972,0.5505411951083898,0.0005162727478610781,0.5504691383808428,-0.0026266541523640176,0.5457889076684812,-0.0026447298629184153,0.5457819670942274
300,0.001965706707136317,0.548459131491977,0.001956407590009057,0.548428599132127,-0.0007515086500809099,0.5523080408475184,-0.0007255121890645818,0.5522646648385691,0.001177283258549944,0.5508363528621868,0.0010949348267337408,0.5508167693531705,-0.00029308120970767066,0.5463794460440206,-0.00030406422304489,0.5463840735732466
301,-0.00298376764372381,0.5462761269350506,-0.0031478690903889825,0.5461103681430147,-0.0018148452165762604,0.5517704602253805,-0.0016794297889704943,0.5518084368873098,0.000988012653100611,0.550513777446265,0.0011012349966035345,0.5505608447768592,-0.0009305982728730625,0.5465443106040643,-0.0009549844904676166,0.5465377995211332
302,-0.0004499812877983838,0.5478053575979116,-0.0006568103194870721,0.5476471074365291,0.00024958017096224247,0.552845501425455,0.0004275175507455363,0.5528901695741902,0.0004297438673162099,0.5507368207937519,0.0004174227379923441,0.5507238858490804,0.004591879894007577,0.5490923456563955,0.0046173998234721346,0.5491207930224099
303,0.002529707172028634,0.5485606839649285,0.0027607708165047116,0.5486405000253615,0.00216337325045626,0.553559974847787,0.002330323084717872,0.5536091452324602,-0.003291565976751353,0.5489500636937961,-0.0030062375438864738,0.5491064744892573,-0.0034167836891732585,0.5451297868581659,-0.0033345986607251515,0.5451737601207184
304,0.0003027966295427053,0.5479272945855987,0.0002945831290194466,0.5478524313802207,-0.001093562670166278,0.5524112393042114,-0.0011500575543954262,0.5523871248163662,-0.0015028035116404301,0.5494181838676572,-0.0015868677042058393,0.5493871236514588,0.0023464514489755874,0.5478560891955317,0.002364664695855438,0.5478847669360782
305,-0.0021841799883632884,0.5467880338119698,-0.0021666738000224724,0.5467373959696246,0.00040867190765601767,0.55280346107528,0.0004939006758886565,0.552818645562451,0.0017503714661263766,0.550981506055945,0.0016684989634869628,0.5509646035914852,0.0003114336396175753,0.5469930273098043,0.00036868707867379857,0.5470426678942402
306,-0.0018334409055143191,0.5466975401875915,-0.0017578367619061478,0.5467240415451453,0.00043081779161166923,0.5528760552922263,0.0003308153135550584,0.5527902942032619,0.0017113109598193166,0.5510171659124595,0.0016970298682847825,0.5510148547955422,-0.001677901243301299,0.5458425748827921,-0.0017026157862654742,0.5458300444896821
307,-0.0006721634804521298,0.5472270855257074,-0.0006663047328119262,0.5472085082494894,0.0005877870631374025,0.5523779673341936,0.0006746909558089015,0.5524046358468895,0.002886283391671343,0.5516151334475771,0.0028224624621405823,0.5516085292469403,0.0037240081857721464,0.5482922422532357,0.0038212261632441305,0.5483348912176685
308,-0.0006761963970206296,0.5473357560490003,-0.0005804191982161322,0.5473585763249549,-0.0005957298839264171,0.552005104643467,-0.0005068284389011411,0.5520165581121077,-0.0011233306986808622,0.5497850835994654,-0.001089274862841508,0.549786771266413,-0.00074565908685424,0.546484942666071,-0.0006655081409935601,0.5465134377325703
309,-0.001030799685419861,0.547092475511627,-0.0008302308991884151,0.5471484813209221,-0.002255837396025552,0.551640393235564,-0.0023174467346803833,0.551608491539025,-0.0028980399200938312,0.5490303457144247,-0.0028161852252232274,0.5490656553299952,0.003216743433056574,0.548014134572079,0.003240922277093418,0.5480329280344803
310,-0.0004193477028467453,0.5473726466211072,-0.00042209091516716624,0.5473813842984446,-0.00025048602562932387,0.5525623856129543,-0.0004098309492370084,0.552483644267512,0.0004899672716528188,0.5506994560391106,0.00025886049417748796,0.5506345836356152,-0.002011084988349218,0.5457902858554733,-0.0020466831253431648,0.5457837502732035
311,-0.0016082872023115286,0.5470583044512404,-0.0014330942986480707,0.5471018516119326,-0.0003478799289843555,0.552116660046731,-8.592776389798407e-05,0.5522023451897434,-0.0022089795570485594,0.5492878148609012,-0.002279930593261185,0.5492641265930002,-0.0018158515804632231,0.545894447912207,-0.0017816650396314335,0.5459239206513308
312,-0.0023291943935645986,0.5465365647340942,-0.002193861215637596,0.5465808441704763,-0.0002970635657867406,0.5523724804430293,-0.000238738785747906,0.552374227722008,-0.0012046419767643302,0.5499090474309204,-0.0012403488964079197,0.5499010926635517,-0.0014229071386160181,0.5460676176522782,-0.0013331443814241315,0.5461076957698495
313,-0.0005595506315211732,0.547300294050324,-0.0007067455449786589,0.5471994415382174,-0.0010165700412701883,0.5523123505684652,-0.001001727085682146,0.5523201874589218,0.0009991570015593766,0.5506466803527049,0.0009808476452134068,0.5506409234708044,-0.0002699685928365568,0.5464764906443036,-0.0004332123179320861,0.5464129621091912
314,0.0060473436711560415,0.550156378786545,0.005796434486326119,0.5499886796328962,0.0035373957161335414,0.5544271352219855,0.0037234103122497325,0.5544915163560468,0.0003913125105052576,0.550739371708236,0.0002837084737042721,0.5507019815177029,-0.0011605281976515315,0.5461435326065063,-0.0011874040256247547,0.54612702861386
315,0.0015939307803041005,0.54869062796514,0.0015646235060922358,0.5486892711547178,0.0005688682179381464,0.5528316070383,0.0006433410621107439,0.5528376576203451,-2.4981900753503307e-05,0.5502992701177526,0.0001083824556978773,0.5503772004381863,-0.0004246090354154523,0.5466203520485741,-0.00043845141496919667,0.5466178478837395
316,6.3108260630644905e-06,0.5475100499665931,1.0625514921649662e-06,0.5475046116194736,0.0032538060167711367,0.5538210587819374,0.0032715526738322878,0.5538068649007278,-0.0007550249313046511,0.5498378567007666,-0.0007335170847435511,0.5498537964171067,0.0015220285608283418,0.5475392882641904,0.001515583088602222,0.5475388325391064
317,-0.0011909361755991013,0.5470792936757394,-0.0011464425820757248,0.5470933118601812,0.002725184644510484,0.55389354083459,0.0027528651775496453,0.5539038742910632,0.0010640005252374532,0.5508615844212678,0.0010733572168423041,0.5508666009308931,0.0017773468067341536,0.5477081574534363,0.0017240652544604103,0.5476946315228582
318,-0.0009525752714557986,0.5472522229813999,-0.0011708789255051347,0.5471381053792315,-0.0015760655915445035,0.5520383682332577,-0.0015964444006882521,0.5520149252924226,-0.0010941066808952888,0.5499056328997861,-0.0012084457984312816,0.5498780618206999,0.001842569103371271,0.5476390772075467,0.0017942001909156968,0.5476362978054674
319,0.0017878158626981487,0.5486165586667875,0.001628354860038556,0.5485033645715585,-0.0011077481420089695,0.5520403249494438,-0.000988809488570141,0.5520786098668236,0.0011765466106128447,0.550892789197338,0.0011974444005338398,0.5509192685942281,-0.0017678070953963069,0.5460128429071566,-0.0018205108605541304,0.5459957100077846
320,0.0007874092567302502,0.5480392731008495,0.000591502744294386,0.5479102236230667,-0.0035833553156184132,0.5509515268027081,-0.003206249295837157,0.5511018578071453,-0.00047272715657011613,0.5499515718454128,-0.0004282947414815488,0.5499727382542218,-0.000771466206651738,0.546094413520466,-0.0007529289735174571,0.5461185879107887
321,-0.0015243681283495633,0.5468986481766221,-0.0014086102966976346,0.546938921235092,0.002500507769052854,0.5534231012631777,0.0022093142102148633,0.5532542439418642,0.002627674312293012,0.5514808766215756,0.0026723014222713552,0.5515123563822804,-7.751100578373057e-05,0.5467438987066318,8.486626149720225e-05,0.5468288837518217
322,-0.0012229139567170087,0.5474031158411697,-0.0011268697089197282,0.5474087200112524,0.0029880021633566906,0.5539216562341717,0.0029054126121858194,0.5538771266884773,0.0006849062583439017,0.5505245503232296,0.0006837010475777612,0.5505275837519933,-0.001819593084073982,0.5458185375179059,-0.0018818161836712261,0.5457936052879079
323,-0.000426680240272741,0.5477396760606824,-0.00046701140590780995,0.5476573183522297,-0.0026361701182201582,0.5515403588010533,-0.002643713149217026,0.5515314558197643,-0.00219125361349158,0.5492609895830557,-0.0022111844412488245,0.5492738306684837,0.0005305586344247251,0.5468276955424596,0.0005892763370481539,0.5468622858150977
324,-0.0017113759906410711,0.5469256544035935,-0.0018190832569665698,0.5468664634792247,0.0015723328223983674,0.5533753847139126,0.0014808724232607557,0.553321905793162,0.00023422123105825408,0.5505701093453648,0.00012494260965089114,0.5505351275827238,-0.0007246590903196487,0.5462478470353443,-0.0006618313381615776,0.5462796970257974
325,-0.0003376006460066434,0.5474533124937428,-0.00045496024979929916,0.5473589936063123,0.0020110458623899177,0.5534089058009146,0.0022967023250003568,0.5535182926641622,0.0005655121786440736,0.5505352835082732,0.00047841769263157283,0.5504982718744639,-0.0018445608864931101,0.5458925212813975,-0.0018389693213211745,0.5458925318791473
326,0.0012394247925798327,0.5478099747546991,0.0013350410625052281,0.547811093257332,-0.0020318597374834007,0.5517935811505472,-0.00175783359025255,0.5518889811685731,0.0013152478014187763,0.5509806810754841,0.0012499456925429565,0.5509609076627319,4.388904184423045e-05,0.5467753933518105,3.4693311117531214e-05,0.5467804185558343
327,0.0017228098626983605,0.5484567894117318,0.0016566630146584594,0.5484141710265985,0.0005417405054906425,0.552597256446569,0.0003991833583350609,0.5525204484856171,0.00043129066712824037,0.5504348798390565,0.0003479962086282462,0.5504451174283971,-0.0006810544288402111,0.5465082681665183,-0.0006891363595213407,0.5465028345504249
328,-0.0003467138171383273,0.5478222494792959,-0.0003287595481455746,0.5478157678702872,-0.000886435491949702,0.5524235540278767,-0.0010197104447764397,0.5523477997601759,-0.00037993657178332375,0.5499372246669397,-0.0002467923571612413,0.5500129139469813,-0.004326219187481215,0.5447887301953424,-0.004244952298229703,0.5448370123258335
329,3.278753527135057e-05,0.5480149644337692,0.0003214548348826356,0.5481390684536921,0.0029169391898465798,0.553580004360958,0.002827089055630409,0.5535461059783575,0.0025782800064814916,0.5514906777701766,0.002540136252824209,0.5514871612398564,0.0012667501366076157,0.5472553600065263,0.0012343504458152885,0.5472513404772518
330,-0.0010636690162109728,0.5472473663996148,-0.0008434836796938494,0.5473350171601812,-0.0030205213253824566,0.5512089155156478,-0.0032698298583957452,0.5510794539049221,-0.0027162042977780347,0.5492126755606472,-0.002656565898211083,0.549233901153516,0.0015217161873010332,0.5471929967519062,0.0014543998679884416,0.5471576230173736
331,-0.0032798308761618766,0.546088242338926,-0.002872758369361801,0.5462825421561037,0.00014299303875451997,0.5526097946454864,0.00019212933472639542,0.552613814537546,-0.002283602061594179,0.5489669249944803,-0.0023876260279952597,0.5489435593619446,-0.002782519057592239,0.5457429492284344,-0.002803841670877671,0.5457410433840225
332,-0.0027611139788812663,0.5463616807099755,-0.002806713070618664,0.5463613246658453,-0.0007550164529009749,0.5521070573379648,-0.0007995617904048377,0.5520643067339623,-0.00018980701536619636,0.5503827657450177,-0.00038508621251057856,0.5503050587782201,-0.0007624781226209506,0.5463309716979409,-0.000760543498110374,0.5463423136930416
333,0.0018402762858338738,0.5483565508418348,0.0019025642972134275,0.5483258981422513,0.0017805001202487486,0.5533394814992457,0.001709445336325207,0.5532924076856555,-4.029366276834218e-05,0.5501820708937641,-0.00013166496958685975,0.5501491133121993,0.0026051391483691492,0.5476141711441637,0.0026111262528535836,0.5476400355066419
334,0.0002626061766790343,0.5479459267060923,0.00021324146146495986,0.5479066894535639,0.002356015995240304,0.5536016908211914,0.0023975060802214434,0.5536127523767504,-0.00046653620035558204,0.5502878785538498,-0.0005187043936215173,0.5502655085229845,0.0011606289407944696,0.5472091162092881,0.001156670881821388,0.5472116603245013
335,0.0019276846380725532,0.5484493574431001,0.0018905907223714122,0.5483733622899041,0.0010798837075687037,0.5531392430104712,0.000973561204565878,0.5530652185734563,-0.0002528200821698742,0.5500731747416973,-0.0003114034821523315,0.5500443312502435,-4.184876137665913e-05,0.5466213092879831,-1.8179388497259648e-05,0.5466465278320508
336,-0.0009376954111129434,0.5470758023306247,-0.0009367796004752901,0.5470849911796148,-0.001548875972705652,0.5519417761536781,-0.0018264640998929456,0.5518021408742755,0.0014573479243547565,0.5508586214313715,0.001292921696360831,0.5508017886821087,0.0012115427558037379,0.547199259624024,0.0012809569315153965,0.5472343522074002
337,-0.0003023006052102082,0.5478622636602449,-0.00023295100676422637,0.5478735367358388,-0.0011012249632961298,0.552110903348998,-0.0010251857597312335,0.5521211102969177,9.326394118932715e-05,0.5502364309728449,0.00018748630487915775,0.5502870109210914,0.000855430219075574,0.5470444120756329,0.0008806384520399325,0.5470597533373711
338,0.0020653640034217643,0.5485634180890209,0.002003281550481555,0.5484965121772459,-0.0005271157817537139,0.5523070556627337,-0.0006091167015236517,0.5522633945263076,-0.0022992415521604173,0.5490819423838662,-0.002288278745913389,0.549093655455963,0.005305125137909962,0.5489805530231758,0.005353400390655387,0.5490058591938292
339,-0.001994209995261747,0.5469987524057255,-0.00209597795436883,0.5469575946066138,0.0028062217398698657,0.5537556216812956,0.00282781678290731,0.5537340247728159,0.0005976284010260693,0.5505501013648502,0.0006818033702351866,0.5505912573176295,0.003332171714697754,0.5480680763988178,0.003356000998706318,0.5480909100224919
340,-0.0018218952447265145,0.5465687182773716,-0.0017817380918374425,0.5465863771638959,0.0008207479397641828,0.5524993140090054,0.0007619795560046646,0.5524472506905389,0.0003397562135361609,0.550392484445828,0.0002857281011064204,0.5503724818839019,0.00017677430363868002,0.5467484137721083,0.00019227977783802552,0.5467684136728326
341,-0.0007647722426638638,0.5472967890589544,-0.0005682703351622198,0.5473563106086652,5.636903065015687e-07,0.5524626859131636,4.4625625516182795e-06,0.5524470040398902,0.0001727333531297059,0.5502070447515486,0.0002329823894209711,0.5502425775189509,-0.0007825192870948069,0.5462805395698155,-0.0008101710484937592,0.5462758166211658
342,0.0006655958876932647,0.547935795188068,0.0007808503792300299,0.5479550215500285,-0.0002219732620377269,0.5525816860601366,-0.00020649172085628596,0.5525783852625371,0.0013153976018011944,0.550753873777631,0.0012732619818020716,0.5507559586938029,-0.001985752896293257,0.545992085410533,-0.0020194442963973307,0.5459913516767196
343,-0.0025419931894050435,0.5464946790012225,-0.0022410979070904536,0.5466119321773109,0.0009876577422148634,0.5530423294655967,0.0009494103502148595,0.5530147294896014,4.7111461190163895e-05,0.5503217363043555,0.00015476502692035512,0.5503657876684459,0.00024289215881149396,0.5470726099902646,0.00032655953405333007,0.5471279733816035
344,-0.0004978569687675704,0.5469600746692272,-0.0004768240107297294,0.5469673293202185,0.000496311633850806,0.5527469758654501,0.0006618379939655215,0.5527964491337127,0.0004660256394704526,0.5507114651604805,0.00042562824334669474,0.5506849544450514,0.0011612948661141927,0.5475546124007066,0.001200396185818785,0.5475776469013663
345,0.002613044659586377,0.5487608448374064,0.0028834297335490516,0.5488573698651836,0.0026790053442452746,0.5535771635841514,0.0027399385556387073,0.5535906391598083,-0.0027392540845537455,0.548949098155655,-0.0027504265717920016,0.5489589260737794,0.00015534043567623545,0.5467841389326916,0.00015679476567303152,0.5468031287007639
346,-0.000462099961175686,0.5473555883632742,-0.0006909989411224843,0.547223997632048,0.0007258796703624443,0.5527480530496952,0.0006725944124832302,0.5526793752753161,0.0018680322274402933,0.5509867436829353,0.0018674790172299542,0.5509875278043862,0.001662277770321377,0.547362623457326,0.0015758298632154815,0.5473296210473405
347,0.0006135513219756805,0.5481506315091993,0.0007137059328491245,0.5481722860832744,7.382017886125383e-06,0.55249590132183,-8.533568170447596e-06,0.5524833105070175,-0.0014974706513732922,0.5494886850141096,-0.0015021949907415763,0.5494894655812775,0.0011905833383805784,0.547316564097667,0.0012219502670773434,0.5473356018070573
348,-0.002169123086705976,0.546955382635014,-0.0019815470063631407,0.5470286651177502,-0.002189770719852557,0.5515793421572363,-0.0023357733111985866,0.551454494962439,0.001760849134986309,0.5511660994907487,0.0017601332149743366,0.5511794078996345,0.0007773286549017997,0.5470295599382998,0.000768107641534,0.5470309659573518
349,-0.00027146628613986326,0.5476218010158321,-0.00032760435600540897,0.5475716779875648,0.0001143946264620899,0.5526663180902941,7.414165164839968e-05,0.5526524621315926,0.0009069797661315444,0.5506584183830144,0.0009310283382948065,0.5506778741717917,-0.00020495045204656811,0.5465989561420154,-0.00024546612417603866,0.5465859269676768
350,0.0026351496201242872,0.548980838680115,0.0026746843758054424,0.5489476705204602,0.0010213626856561244,0.5529949071657536,0.001198325146750412,0.5530450937119796,-0.0009917562684494772,0.5498307930271288,-0.0010603270086997944,0.549817523101233,0.00236240031181032,0.5477259132243858,0.002342375071842862,0.5477128838983412
351,0.007011220828414161,0.5506025280890886,0.007011049983590122,0.5505970587806218,-0.0013878560529641327,0.5519806497987515,-0.0014669737489196252,0.5519220376246009,0.0002020146154119145,0.5504017786881785,0.00022289104441011558,0.5503787262521271,-0.00011108649569194745,0.546595804035416,-4.955746346518671e-05,0.5466346809285001
352,0.0008473798075132733,0.5479967364151729,0.0005929536212088135,0.5478533178662596,-0.0025115495740627427,0.5513925122080193,-0.0022664536725978232,0.5514986575820912,-0.0008823967731842389,0.5502557930902477,-0.000832960473192969,0.5502710996716139,0.0013635450780936607,0.547072581793053,0.0013054349486692847,0.5470762385902739
353,-0.0003459901047565403,0.5471403284014787,-0.00010123271491324514,0.5472413778888751,0.0003214780508848304,0.5527603942862874,0.0003873810571181754,0.5527636690819419,-0.0006226483817064419,0.5500056607652876,-0.0007050241877415327,0.549973839462549,-0.0008550089849842694,0.5464981656462007,-0.0008506208362668374,0.5464986234419528
354,0.0023949333538414667,0.5486317186728783,0.0023588446390092038,0.5485639303721468,-0.00037617329018190606,0.5522389658568897,-0.000478588367023358,0.5521721299868894,-0.0013186211939273202,0.5495955452427185,-0.0013136377256562557,0.5496108254729855,0.002350221116361996,0.5478113729508628,0.002361801971108874,0.5478100169708305
355,0.00014878303500605945,0.5477364965894876,-7.449246615884367e-05,0.5476116845490919,-0.0017143442565411258,0.5516953262702632,-0.0016645094925759457,0.5517157832265713,0.0017152837781791175,0.5512472790443564,0.0018953222872335274,0.5513318637052991,-0.0021927708567163915,0.5457433308486374,-0.00212242540114111,0.5457656665850493
356,-0.00360591811301328,0.5456239123311396,-0.0036931205923193488,0.5455696952208244,0.00032449880221694505,0.5526545849278423,0.000303029447883641,0.5526051830964711,0.0002683920272761267,0.5503036120874999,0.00021621228158227922,0.5502865597518186,0.000424977331496205,0.5470337035057146,0.0004947945073144904,0.5470552348399274
357,-0.001409554768150388,0.5468348582810315,-0.0015255073157481765,0.546781855184424,-0.00018398494149137682,0.5525966232612596,-0.0003086528226249866,0.5525186037583777,-0.0006897044288360207,0.5498729433220203,-0.0007492803853009648,0.5498713287977511,0.0006313776655893304,0.5469858500741079,0.0006734153118764188,0.5470161965666734
358,0.00020856528808764854,0.5478934479750658,9.617915717794103e-05,0.547804075745506,0.0024280704222827813,0.5538870889914834,0.002661308771822394,0.5539801582483505,-0.0008658910564147039,0.5498621313234605,-0.0006374759218562045,0.549981583761401,0.0004101493560006631,0.5470696123943233,0.0003708412579709131,0.5470609427238791
359,0.0023295011895339223,0.548971252996874,0.001990131845584478,0.5487587006973383,-0.0033542801344131085,0.5511210131617489,-0.0032501961390808583,0.55116060189309,-0.0010687900408050226,0.5499351675375378,-0.001032337227250198,0.5499563124830764,-0.0023916732063132746,0.5454465157684929,-0.0023567942069385177,0.5454699505741031
360,-0.0023955933996528014,0.5468458376162256,-0.0025776863830149596,0.5467721794164672,-0.0005309533015392288,0.5523547254088829,-0.0006740894204447421,0.5522672654986899,-0.001185048808712907,0.5496319653217036,-0.001157758071581628,0.5496662704971788,0.00015297867279203057,0.5467318959828984,0.00017497718010312915,0.5467601876553838
361,-0.00026505527873584884,0.5473204364355387,-0.000305505396404187,0.5472880404629895,0.00019470916448071022,0.5525684970614343,0.00029545746993884657,0.5525984737872177,-0.0011756273544219929,0.5495017527516232,-0.0012008195418254622,0.549481204757261,-0.0027105290999248246,0.545493452691582,-0.0026864860652814283,0.5455048567760818
362,0.0016986830889524785,0.5479915849657075,0.00177727342480988,0.5480342615751065,-0.0008021993902852251,0.5520586621659928,-0.0009090441345495217,0.5520046874461495,-0.003120489944007396,0.5485071087287027,-0.0031332849243055935,0.5485252310611272,-0.0032191868180645143,0.5454174704872438,-0.0031995890076947243,0.5454228230201085
363,-0.0007923212905339574,0.5475335418801311,-0.0004479532786236667,0.5477132776499319,8.758461744319701e-05,0.5528370966176334,0.00011620607852558952,0.5528583189844016,0.0021361406415263107,0.5511441388517864,0.0019418278672463454,0.551065476169108,-0.0012027840623028633,0.5461803905976037,-0.001310308929168869,0.5461555996035634
364,-0.0009133129598520095,0.5474809154263496,-0.000563769437042236,0.5476535127831738,-0.0016723809924595306,0.5519393058578552,-0.0018004670538781821,0.5518510421477393,8.141797947901729e-05,0.5500266438910912,0.00017178850759117978,0.550079495076831,-0.0018149827807802516,0.545834062554315,-0.0018091478944304168,0.5458424080891092
365,-0.0005944383279210171,0.5472312482671825,-0.0009650660851010915,0.5470332761592548,9.857995293076631e-05,0.5526066084362178,-0.00010590504946756605,0.5524889808629918,0.0033318696925162816,0.5517183611172308,0.003461751841998614,0.5517816757280729,-0.001361475235900276,0.5461126469462078,-0.0013286680186763659,0.5461159639199641
366,-0.003744844201515022,0.5459295263905538,-0.0037421952591017507,0.5459206101072126,-0.0011945546630897587,0.5522355179604898,-0.0012518515168500435,0.5522159798747471,0.0008155237383015466,0.5505459744816527,0.0009133038109043211,0.5505901964609557,-0.003152773530789986,0.5453017010297533,-0.0031485300544285785,0.545301129568003
367,-0.0016820987002912704,0.5472260643561572,-0.0017717195807458112,0.5471747555275117,-0.000525292486227749,0.5524859234305807,-0.0006423571213294826,0.5524285268107262,-0.00011676832356743054,0.5501457648243421,-0.00022654039784653977,0.5501113957725147,-0.0002833662369055663,0.5467256304443558,-0.00024378786633533764,0.546749414622596
368,-0.0012718435042529958,0.5472334760995077,-0.0012019240654348492,0.5472247244847885,9.56147418502648e-05,0.55247653809138,-0.00013092014802159116,0.5523635637926403,-0.003278510243845841,0.5487938280228358,-0.0032099200848532392,0.5488506205486663,-0.001449298035551139,0.5460387571062889,-0.001384636564382444,0.5460750735112812
369,-0.0017703372393858459,0.5466823526782422,-0.0019249687033287236,0.5465791208181977,0.0009501949046057306,0.5529750614325424,0.0008836705221761986,0.5529066374467523,0.001076279858492535,0.5506774776100171,0.001137709821402405,0.5506976163940954,-0.003378454022038825,0.5451741964189468,-0.003377047594889486,0.5451729000251416
370,0.0018360985611854074,0.5485126620970879,0.0019830514424031176,0.5485632803918926,-0.000520846544549986,0.5523091149315603,-0.0002564465357325724,0.5524308323060375,-0.0018131128956219158,0.5495093449665474,-0.0017661130105088997,0.5495278684907058,-0.0002527965877703057,0.5467903945064138,-0.0002344090869532061,0.5467988802563707
371,-0.0013004123424175784,0.5470656770241326,-0.0011864711006473769,0.547111174612299,-0.002570632335572589,0.5512892204989934,-0.002495824997830624,0.5512965570873153,0.0010260864129898039,0.5506915860180928,0.0011937489494395499,0.5507799286418993,0.002385065280844744,0.5480756245067445,0.0023059175972946883,0.5480520101408827
372,0.0006773246363947115,0.5477266155160121,0.0009357323444233143,0.5478386572626102,-0.003394658087586958,0.5511391609263857,-0.0033339842822508025,0.5511254179474142,0.0020832349025843495,0.5510367071127605,0.002083425454603872,0.5510381331115037,0.0020558657149394436,0.5471819698152237,0.0020142022626981402,0.5471800803265753
373,-0.0007938721186073868,0.5471880319936006,-0.0009015602312066174,0.5471168381934416,0.0041680873885600956,0.5540264139113753,0.0041111560996618035,0.5539896993947361,-0.0018955341044594534,0.5494303008414781,-0.0019883226123206823,0.5494080682685709,0.0006171026967531152,0.5472287199883489,0.0005948592571769504,0.5472278253107875
374,-0.0035151896603782015,0.5460782741842578,-0.0034003189769071644,0.5461086258383108,-0.0009131112076651163,0.552184973609989,-0.0010073780753138278,0.5521203930381341,0.0009934519517980666,0.5506889922070991,0.0011184729556262768,0.5507257195272642,0.0009191052639560968,0.5472763126530406,0.0008809631142090898,0.5472698309557709
375,0.000998863481225222,0.5483110407266379,0.000969423015276736,0.5482883492501016,0.0012507804935126693,0.5530728310307044,0.0014445879067652267,0.5531509147088166,0.0043979690401025244,0.5522867929986107,0.004360931330002849,0.5522930497069486,0.002647622606763349,0.547812394986681,0.0026055436455048996,0.5477836863568104
376,0.0008775271488452244,0.5476363649041115,0.0009042001094361462,0.5476384892858976,-0.0014799424943204842,0.5520476788937785,-0.001573499420909336,0.5520008513938204,0.0009231180196606334,0.5507435034952896,0.0009543117686071699,0.5507685620987383,0.001166337494777725,0.5471247838377447,0.0010228653918817174,0.5470724377838914
377,-0.00396391104697131,0.5458541035065135,-0.004128884844015675,0.545740274135501,-0.002126172159095372,0.5513280451221609,-0.0022027722065689607,0.5512764639202312,8.144216076772918e-05,0.5501008931556182,0.00011228620565468985,0.5501240329089242,0.0011108689727887446,0.5473851445722666,0.0010542272162463722,0.5473721563583448
378,-0.00011990795265751,0.5473358428924299,-0.00010443847284548307,0.5472913487748932,-0.0008307854553902301,0.5522356996380948,-0.0007803682776808663,0.552256439764836,-0.0015773081999258156,0.5491508729574566,-0.0014751216662668837,0.5492178702921174,-0.0028901821085765608,0.5456130665151046,-0.002928625642778338,0.5456004331665291
379,-0.0006707036841203818,0.5475827528705534,-0.00041450216072351866,0.5476841009867278,-0.000505137811298436,0.5523092638403423,-0.0006155613720342986,0.5522423217495155,-0.0017905830101807077,0.5495392797695374,-0.0018477923773366257,0.549526101007507,0.0005338653837857818,0.5468905304604892,0.0005967227632526028,0.5469110094115947
380,0.0020638665962211347,0.5488361917826191,0.0021667015171837867,0.5488774616227022,-0.0022040022483834896,0.55163404645044,-0.002113707067607868,0.5516642516640919,-0.0002493760700164762,0.5504621760485842,-0.00019010544540938115,0.5505069039062898,0.0016269303011178175,0.5472607405183573,0.001617765605500865,0.5472619278550953
381,-0.0035319330703894613,0.5461458458907847,-0.0035389023043730767,0.5461319803746348,-0.002836637728949919,0.5512238282502361,-0.00284296509238085,0.5511995167764919,-0.0018294440912887788,0.549499142659711,-0.0017829808910249368,0.5495193668393749,-2.5547423226332203e-05,0.5465320371148595,-6.625486820729298e-05,0.5465190145152085
382,0.00013475826500646289,0.5478096027999952,0.0001371286761856961,0.5478127001695007,0.000943545025430534,0.5529959479114984,0.0008795534866430418,0.552961250992174,0.000765068065302421,0.5507304224250947,0.0008067906089687275,0.5507720002727896,-0.0017693419545407058,0.5457543415018488,-0.0018286844203752619,0.545721611498898
383,-0.0006814502026183936,0.5473311749148716,-0.0006676528536555464,0.5473297254276653,-0.0001750688113128662,0.5525242470471007,8.838479393313629e-05,0.5526098037613717,1.6385608355469353e-05,0.5502836801517177,0.00012640878580605594,0.5503274902830229,0.0023736802142609197,0.5477740207960013,0.0023806856666101954,0.5477881188441168
384,-0.0018358054928927163,0.546965011607098,-0.0019010673970602722,0.5469147735030903,0.0011085854964332624,0.5532232054629406,0.0008260311218758061,0.553072294988835,-0.0050619147434220945,0.5482748652891495,-0.004969956969425698,0.548304213933548,0.00027625190177430625,0.5467226652860807,0.00020001365091568582,0.5467174879495601
385,0.001519075754179829,0.5483297534612567,0.0013772211806334462,0.5482384658309593,-0.00021834628864222572,0.5525215979438519,-0.00030296265423036556,0.5524683187098045,-0.002066996917132645,0.5494393028990956,-0.002024735808099752,0.5494787263872213,-0.0019062666099395667,0.5458973663340885,-0.001974125820563174,0.5458619460007753
386,0.002134500253187755,0.5485354155952066,0.0021628409104379434,0.5485470900833054,0.0009511952822288958,0.5530929683419211,0.0011557188170197615,0.553168669878258,-0.0019144108969480257,0.5493891969533912,-0.001859760887072867,0.5494381606110871,-2.447237952277666e-05,0.5467611892838846,-3.500739763477868e-05,0.5467485232729673
387,0.0032598371592477177,0.5491488294647203,0.003469703146215772,0.5492283503099166,-0.0003992252217727093,0.5524050553909863,-0.00011069297763665405,0.5525337475186799,0.0006706713575428459,0.5506920278950704,0.0007170475634067936,0.5507014501757764,-0.000525604241479382,0.5464330871034031,-0.0005079236745999409,0.5464374627345909
388,0.0036632074236336264,0.5493986225549602,0.0036767125230835894,0.5494023954496384,-0.0012218688527099923,0.5521741247575486,-0.00115915215955246,0.5521951163007901,0.0021448738562707755,0.5509432432559459,0.002095176056624659,0.5509402472320704,-0.001069982024327988,0.5461733180938766,-0.0010565799623732948,0.5461672376613167
389,-0.0018114305696741966,0.5464231574969217,-0.0017558343224519382,0.5464280529401652,0.0002826450974612518,0.5526332413736702,0.00027966375998006156,0.5526072975215514,-0.0006645463589272883,0.5501076454971839,-0.0007295545952695697,0.5500765269567598,0.0018954755885481102,0.5474137617729841,0.0018556283646529498,0.5474074924784083
390,0.0015237114423567882,0.5485652947094146,0.0017223845601085728,0.5486286090214186,0.0011297699723420967,0.5527768059488523,0.0010789872759104004,0.5527647920732054,-0.00048818447383604577,0.5500678718741739,-0.00040362312567623313,0.550106092784502,0.0017307064039865842,0.547528050942806,0.0017437273078186842,0.5475551175851555
391,0.0020801945913115124,0.5485789275126564,0.0021679749045695365,0.5485755928422885,-0.0018983062113965908,0.551598932443921,-0.0019960853131780567,0.5515417232839634,0.00020572693038868118,0.55043660931207,0.00016439650455579247,0.5504328035076103,-0.0006817728249776771,0.5466095367172512,-0.0007334398817552661,0.5466162280690696
392,0.0014427663370231356,0.5484515013793646,0.001481572260126307,0.5484544022922154,-0.0002999264535328673,0.5524221748058654,-0.00027640082205102555,0.5524314082145801,-0.0005643178438032692,0.5498396079868599,-0.0005825449254325467,0.5498244965135092,-0.0007460589026425267,0.5462765626727072,-0.0008509651948560246,0.5462219516564162
393,0.00011554352368403201,0.547598138791968,-5.3521364007987636e-05,0.5475003652087399,-0.0017359056825633665,0.5518689152588372,-0.0017171189144160803,0.5518602166393112,0.000859936219209875,0.5507854867746785,0.0007789766466605553,0.5507385275208138,0.0025811560910922854,0.5478730318863415,0.0025997075282224807,0.547882461991533
394,-0.000285531627744978,0.5477770114456494,-0.00036828250107636757,0.5477261766561189,-0.0031594041653936825,0.5512382498164229,-0.002998403722503769,0.5513185154527552,0.000845093431032167,0.5505186011239092,0.0007999497399045806,0.5504963154884615,-0.0036407350225762694,0.5448565937142497,-0.0036382479978708687,0.5448556082813143
395,0.00037514783274386274,0.5479454513244737,0.00032513115114614024,0.5479129611131365,-0.0005519578444634851,0.5522329989851386,-0.0007354479967951874,0.5521272839102087,0.0018228453778780362,0.5508183507375021,0.0018912276581956524,0.5508561934956493,0.0013055611645911237,0.547413315593934,0.0013037558369390875,0.547419966993017
396,0.0017671211779687597,0.5481151905975556,0.001752655443489374,0.5480788896408638,0.0012542564637636913,0.5529513928520577,0.0011767271531148453,0.5529139770049829,0.0038473585517562483,0.5520636705860674,0.00384144958021729,0.5520731356376332,0.0003706968584033899,0.5468766788529873,0.00032327373683605024,0.5468618981067594
397,-0.0016199823312066902,0.546695110378553,-0.001513804812661723,0.5467307716991936,-0.0009252633776628962,0.5519775265111525,-0.0010033839121407955,0.5519089189271094,-0.0009737390962569692,0.5497420575362592,-0.0009280533380976569,0.5497682941939296,0.0012534064359168604,0.5473295980346162,0.0012269435568374894,0.5473258174415236
398,-0.001491129582232225,0.5467396528133162,-0.0012801697825478658,0.5468204993205387,-0.001302269541785357,0.5523766118314126,-0.0013114480507046174,0.5523604954983891,-0.00228109626622618,0.5489133795308675,-0.002219380180923716,0.54894902074339,0.001457933875546026,0.5474134826069479,0.0014478586407939917,0.547420733954391
399,-0.0015829202526748598,0.5470439160338145,-0.001473810531907183,0.5470765736509607,-0.000133993789777591,0.5525635597802094,-0.00014923203972509768,0.5525524249842501,0.0012546411215437006,0.5507732465646036,0.0011447658336687695,0.5507390339399582,-0.005087619294553203,0.5446317917057603,-0.005045718195875626,0.5446558556785576
400,0.0031682465561725676,0.5490828320921133,0.0031925697844326466,0.5490636315072285,-0.0029943757713484006,0.5515100533173657,-0.0030471038631022696,0.551476086086529,0.0005419798538296021,0.5505239607450173,0.0006938676111554635,0.550586913981596,-0.001086690962194693,0.5460871446151132,-0.0011796558177449075,0.5460588496702531
401,-0.002030871475351525,0.5465272690022764,-0.0019267019053340617,0.5465729744360185,-0.0006843029373415273,0.552177019751138,-0.0005156492908130329,0.55225577219523,0.000972596629513103,0.5505892190091952,0.0009491880099701212,0.5505828889923651,-2.217506724778359e-05,0.5466055389590485,-7.845229858170621e-05,0.5465946120033262
402,-0.0010379921641402669,0.5472843720215664,-0.0010668138778826242,0.5472620656834012,0.0022410578132202167,0.5536273682506693,0.002576033429995889,0.5537842727195148,0.003583787719622622,0.5516938125754607,0.0033908357875598095,0.5516349859563673,-0.0009279964581524949,0.5463518871384861,-0.00092918223426058,0.546367631173252
403,0.0019144433640823234,0.5480834715631872,0.001981069624391666,0.5481048756770006,0.001900511086824817,0.5531809458869866,0.0019320673674008814,0.5531813784255486,-0.00010915275053342449,0.5500969785852222,-0.00017334130248167936,0.5500726395814007,-0.001885999368589713,0.5458280456553054,-0.001865745028114415,0.545846065133813
404,-0.00033735210891227977,0.5476279877983491,-0.0003791806355669755,0.5476138021629781,-0.0007770764207759019,0.5524775293007202,-0.0005916680176649873,0.5525273328936481,-0.004122243010745444,0.5486634236765564,-0.0041405786157545955,0.5486589399168373,-0.0011396601656280684,0.5462487310720091,-0.0012586776943084709,0.5462111103595756
405,-0.001741507963356994,0.5467375120961658,-0.001688884058785075,0.5467428513356144,0.0010903287487757888,0.5530077947293682,0.001369053637116542,0.5531301635498292,0.00013188290614552024,0.5501375376632751,9.702176254139546e-05,0.5501372540706789,0.0004065145689320701,0.5467343861164281,0.00040494986202464214,0.5467395642908145
406,-0.0035940909431616142,0.5462102546084645,-0.003685519119047345,0.5461463887644341,0.004625688328820599,0.5544339619490092,0.004596328926259702,0.5544056510430911,-0.0013843891758740009,0.5496550446450609,-0.0013857746657475443,0.5496646346827255,0.002941870551134862,0.5482283331846342,0.0030166801908741692,0.5482541980967662
407,0.001286804313419801,0.5480917229086337,0.0013996800005462915,0.54812974397885,0.000911018324014127,0.5530319535713982,0.0007517935676473109,0.5529234935538689,0.0014482017792135597,0.5509744533549016,0.0015587671818824169,0.5510418694397473,0.0009228175253940951,0.5471493875887259,0.0009708773227420182,0.5471668834732352
408,0.002067652983269658,0.5484951212441112,0.0020469287664978807,0.5484795938115309,-0.0008630697049572638,0.552049730363874,-0.0008866304055056763,0.5520166492179116,0.0002715568954838824,0.5506963990877539,0.0003237457056870514,0.5507364483828736,0.002353690331071211,0.5481087414542726,0.0023824949072188345,0.5481262287265047
409,0.0019506410877544247,0.5486584223725574,0.0021266732517110296,0.5487203738527927,0.001933526852222517,0.5535066515960311,0.0018882679415375126,0.5534609087825612,-0.0009807062721717376,0.5495940176395934,-0.0009817426995529998,0.5496036837153553,0.00020436858287898053,0.5468697379959485,0.00015845238436539626,0.5468574698542569
410,-0.0031911208386119143,0.5461002548883168,-0.0032971971522069133,0.5460523041172473,-6.912811213121885e-05,0.5527678953597336,-0.00039107230027090375,0.5525784468426428,0.002386837536010367,0.5514152354326165,0.002379810919781671,0.5514343778795952,0.0005155274040220479,0.5471811858388133,0.0004630652546778239,0.5471630918976294
411,-0.0019347292245635985,0.5466980052723748,-0.0021481336796288527,0.546572121137312,-0.002513367453103947,0.5513620957012196,-0.002301388672850786,0.551452764963959,0.00023589189599710605,0.5501527448067018,6.261080811202411e-05,0.5501102909830748,-0.0020873524469685735,0.5458116609647199,-0.002094348959665709,0.5458088653993284
412,-0.0017670121923417297,0.5470104018713159,-0.0018073834344377506,0.5469562762139589,-0.0032737629999682414,0.5512606035417386,-0.003081368120694515,0.5513401957232564,0.0021269855364542266,0.5510080224244783,0.0020669838106829844,0.550998359925762,-0.0006365021319140737,0.5466048311185151,-0.0007093558601606898,0.5465924551865565
413,-0.0001802942826501884,0.5478987104858336,-1.2331225337861048e-05,0.5479531103197607,-0.0005668363442582473,0.5523850905047264,-0.0003294457910567442,0.5524873747122792,0.002061073172300211,0.5510889748839097,0.0021424858371998207,0.5511556498249314,-0.0010284577872299169,0.5462553266400013,-0.0009600550563199639,0.5462856369937109
414,-0.0026937699894225412,0.5462146998728697,-0.002565314063950703,0.5462631608814027,-0.0019525676780850808,0.5515491654213968,-0.0017745960248904975,0.5516126041138455,-0.000669858188219863,0.5500507807719953,-0.0005951222455608747,0.5500929625948694,0.0002635743561123656,0.5465946160087831,0.00026850799325231744,0.5466036068897719
415,0.002380826641214201,0.5487438679159822,0.0024704987367390402,0.5487671402125052,-0.0013346513907366306,0.5521690375986096,-0.001289123122827314,0.5521706010673807,0.00018147797913766468,0.5500972342905598,0.00016511835293282558,0.5500962378341239,0.001773842006467885,0.5472990324224235,0.0016816813205709463,0.5472850919356108
416,0.002885287113871314,0.5488923705919276,0.002790417183049879,0.5488625348620971,0.0033204030571829884,0.5540911568102648,0.0033441149052951934,0.55409889058045,0.0016486668375916534,0.5511394601468328,0.0017352414414243875,0.5511772911089844,-0.003465107735128347,0.5453413931606712,-0.0034642056891891287,0.5453529008451157
417,0.0020778726773242697,0.5486101795200756,0.0022078887087199927,0.5486433053814053,-0.0010692166873733935,0.5519546325087461,-0.0008606528497161241,0.5520353801654613,-0.0015742356656853317,0.5497267230268424,-0.0016455075717476937,0.5496965085307892,0.00012058399127777232,0.5467670728503612,0.00010628901560312926,0.5467703273040446
418,-0.0008680016249691075,0.5473400088319176,-0.0007779985443668053,0.5473733984060257,-0.0007349812215095862,0.5523070118610018,-0.0006812542742685145,0.5523181924520554,3.1047555841267446e-05,0.5503374636471978,-2.249179529830673e-05,0.5503288856444196,-0.000679626730559065,0.5467666425886845,-0.000634314569119135,0.5467964715469854
419,0.0017753602001504196,0.5485761922375983,0.0019192246165498502,0.5486034232353375,-0.002589713226893695,0.5516494269283243,-0.0026116354760847443,0.5516306160619886,0.0013032166513153726,0.5507495361756034,0.0012113477072908298,0.5507289890549584,-0.0001857772518564175,0.5465790421698652,-0.00010148681922597094,0.5466327151450315
420,-0.00012275467916155825,0.5476695669607307,-0.00015201912754111472,0.547649707910468,-0.0024358118156764543,0.5518246565195543,-0.002510532365631512,0.551762136488971,-0.0007663435401859195,0.5499231783318508,-0.0007494701333376057,0.549940837624168,-0.00034906151569019835,0.5464712755084312,-0.00035479249995346045,0.5464714119517354
421,-0.0009825203431095327,0.5472969455925926,-0.0008942175327525956,0.5473251529860744,-0.00011982898946299272,0.5524051142269282,2.582691542180649e-05,0.5524615360937711,0.0016562148251874147,0.550994073443511,0.001652898141253381,0.5510166548724477,-0.004506330687264584,0.5447595895792865,-0.004547277558836912,0.544744954722857
422,-0.0001745957739048185,0.5476251936754161,-8.440549539837148e-05,0.5476399153364294,-0.0005675647495088493,0.5521583305330016,-0.0005951369855180986,0.5521452125705005,0.0024827486982502162,0.5513730239446638,0.0026078257356033953,0.5514388464967573,0.00047203353717354643,0.5469025170763923,0.000471666920206009,0.5469151234604493
423,-0.0008887678397323781,0.5476123682945907,-0.0009938120571824488,0.5475332718713767,0.0014862568834882763,0.5534468462655321,0.0014831690330241209,0.5534045847416048,0.0013890485737967986,0.5510005029142645,0.0014667022338847348,0.5510299401647326,7.394896474730333e-05,0.5468283275713482,9.638772917650101e-05,0.5468535525804384
424,0.0034389713274567513,0.5495191549811974,0.0034154865046546034,0.5494701686627813,0.0025972874851553003,0.5538222320197944,0.0024074515433163053,0.5537171150014776,0.0052746370498438465,0.5527324537965267,0.005254817374644653,0.5527410414890522,-0.0018756386021079377,0.5460823950473,-0.0018478721496616613,0.5461004600061939
425,0.0024682527663747018,0.5485396057227415,0.0023898651152035448,0.5484583146482626,0.001363886676923204,0.5532328418603276,0.0013859343812984263,0.5532322653054144,0.001403110257041166,0.5508984707012673,0.0015501281839374124,0.5509915194849037,0.00024214421289677816,0.5468029004781203,0.00021242314823427226,0.5467981866335498
426,-0.0035732237782505204,0.5460328673231246,-0.0035635070469135556,0.5460101951271727,0.0007192981329838128,0.5529827023934862,0.0007305950653082121,0.5529766019923328,-0.00039330439301957183,0.5501374779743935,-0.0002929815764975223,0.5502021820731157,0.0003361961093495778,0.5467679818941685,0.0003760763740456073,0.546791945080266
427,0.0002718577610476938,0.5479066121569501,0.0003242990744189831,0.5479060996755706,0.00088838980214103,0.5531888136572244,0.0006207331162676942,0.5530914154815699,0.0010596744890079928,0.5506420730038087,0.000867957931102828,0.5505651295444361,-0.00221273024406942,0.5456007918932352,-0.002134075398596429,0.5456423765915016
428,-0.0016222765058486466,0.5470194545037838,-0.001297792299959866,0.5471743602988322,-0.003974196716493264,0.5508274077380046,-0.0038712873777206045,0.5508633365693928,-0.003109503619607949,0.5490070774539851,-0.0029868804248742993,0.5490524089189422,-0.0006640354737088282,0.5463608830556735,-0.0006910552317040836,0.5463534653885874
429,-0.000399008551859241,0.5475448004244168,-0.0004624261811990074,0.5475041170401043,-0.00011666990675650677,0.5525840217304925,-9.364232888835952e-05,0.5525888671572535,0.00033609417607831604,0.550485189128548,0.0003002985457430541,0.5504994338195313,0.0020214263403780463,0.5477790187721304,0.0019523055399076799,0.547750576382738
430,-0.0005234155044817945,0.5472858642194917,-0.0007725822284353803,0.5470997698389809,0.004290891152048557,0.5543077433841045,0.004304468818814759,0.5543073491480012,-0.0033009784766087117,0.5486452598543295,-0.0031735672005296883,0.548682700789752,0.0010469582064765901,0.5470718494943906,0.0010794526278099792,0.5470948649015503
431,0.0003845492515822531,0.5475497043480393,0.00047262981795519,0.5475965040018164,-0.0004971017452702763,0.5522437569381076,-0.000459682048609443,0.5522514117801025,0.002567635779569877,0.5513704552630334,0.002566395358378087,0.5513861532095502,0.0021610404423910838,0.5475712841681957,0.0022145883613446235,0.5476117163050106
432,-0.0021638575810172833,0.5469453164902497,-0.002549615887491766,0.5467026085732315,-0.002389015539510585,0.5513652528495216,-0.002488095961195288,0.551306075483249,0.0015145223716088233,0.551063244395899,0.0016262974650348826,0.551116974178309,0.002422652304071719,0.547752488594197,0.002349140245652233,0.5477229880253852
433,-0.00343626853292604,0.5460767989228934,-0.0034953764839574606,0.5460138062471523,-0.0013277598678305377,0.5521435900471289,-0.0013401012441965848,0.5521249210129429,-0.0034563758135265025,0.5487628198447009,-0.003398317622100185,0.5487836953942874,0.004062744119452716,0.5486841610214024,0.0040755163432620685,0.5486936874364305
434,0.0023435589245414576,0.5485351878861245,0.002398282582424502,0.5485752257683679,0.0025875492282495835,0.5535896392671292,0.0026738443984285418,0.5535948744641936,-0.0020091021645557744,0.5492789898665332,-0.0020706579962371124,0.5492580070999011,-0.0024977721753668652,0.5457855808845022,-0.002446419838145531,0.5458179543231908
435,0.0010340419060450464,0.5483800035962322,0.0008286565495061139,0.5482573122872875,0.004153296063629189,0.5543596472026423,0.004103543553830213,0.5543250537259631,-0.0011270161279425851,0.54963146816112,-0.001094892395259062,0.5496419141162695,0.0001231841880637407,0.5466453346260123,0.00016965655732576986,0.5466650669392447
436,-0.0019015771867931719,0.5468568431794414,-0.0017884102914231656,0.5468936441824835,0.001120125593853637,0.5532954377305838,0.0011474851305661809,0.5532811706280619,-0.0004868054478302314,0.5499654393503461,-0.0004848912985519985,0.5499723439686128,-0.001831237511657663,0.5460031799552776,-0.0017638241595013266,0.5460355708250292
437,-0.0006390064021745902,0.5477141096502396,-0.0006170116899765802,0.5477242695195476,0.002984942453170282,0.55409789028444,0.0029314884120048104,0.5540676069842002,-0.0013271772747179761,0.5496047308144579,-0.0011986819306536894,0.5496613791277155,0.0004035559282774517,0.5468337438074583,0.0004130543053466493,0.5468488823600585
438,-0.0015348147631578733,0.5471267515195176,-0.0013338992778926166,0.5472065673636698,-0.0018392051971930614,0.551734266758995,-0.0017725238730642312,0.5517447747732077,0.00010055097485066247,0.5503124995540649,7.903305236353732e-05,0.550300655233102,0.0017837976293108597,0.5475441584762457,0.0016913696613697225,0.5475101583306943
439,-0.0006203696876266178,0.5476064877546339,-0.00047380870108180154,0.5476481981327306,0.0012912808049510454,0.5533874199378808,0.001435400204491147,0.5534408363983169,-0.002634714305132438,0.5491195915633105,-0.0026123882080015827,0.5491313158126608,0.0009265162094967385,0.5469548262171791,0.0009017398667497699,0.5469503918798362
440,-0.000636391012966595,0.5473430600674505,-0.0005701702278992957,0.5473614346330495,0.0014374567173516862,0.5534543049162114,0.001590875295541753,0.5535096630053523,-0.0008981260821372443,0.5499168943803915,-0.0008365097005222735,0.5499507310088703,0.0001440759354914341,0.546782964808127,0.00019821845546138798,0.5468225768034186
441,-0.0014461462515819416,0.5471766747838481,-0.0014376129129793245,0.5471683566562232,0.0036262913074954113,0.5541285395978438,0.0033747480615008638,0.5540153363383999,-0.001246612849502902,0.5493999630811554,-0.0011826542381851873,0.5494353574903301,-0.0003480498792214402,0.5464210853019477,-0.0002626606394964721,0.5464576177688206
442,0.000995959881623449,0.5480697203388001,0.0006732569451627819,0.5478958333596003,-0.0014402229666052328,0.5517595112734988,-0.0015951746974027191,0.5516648472021317,0.0012945652606543838,0.550851397729224,0.001072851690103498,0.5507586695007715,0.0014739978839178297,0.5469731932075305,0.0015057712521276652,0.5469886591030542
443,0.002289447737056353,0.5487927976238218,0.0024235084528795906,0.5488095372144423,-0.0016353657900692916,0.5519080383970486,-0.0015132827455744747,0.5519714875083604,-0.0014253098799704882,0.5497325632431482,-0.0013869763131484074,0.5497685416906198,-0.0011540126677784877,0.546138335276165,-0.0012933998214500909,0.546104895957524
444,-0.002235012725981325,0.5465868026732269,-0.0024094270953436124,0.5464697268450969,0.0004926231507574663,0.552896057662512,0.0003346739646589335,0.5528188856382683,0.00042150687437741296,0.5503886878522556,0.000381795157920565,0.5503783941240838,-0.0018769801706588765,0.5459840152278125,-0.0018045344463284829,0.5460380375214008
445,0.001740008209811748,0.5485808215566571,0.0019145120002437097,0.5486411604088276,0.0032218024147317326,0.5539133564823268,0.0031828477933427066,0.5538835085645055,0.001972746874061688,0.5510518331516332,0.001921031491769392,0.5510487713129627,-0.001271526775050036,0.546146660248631,-0.001306574688985876,0.5461313662227103
446,-0.000822432401423784,0.547372187452572,-0.0006700155129974721,0.5474306115088065,0.002798808950011496,0.5539769839933435,0.0028435484524816194,0.5539668265507545,0.0005776260323358892,0.5501114303400156,0.0006941043611327187,0.5501822482821774,-0.0013054085259503105,0.5457852523617878,-0.001352323394438122,0.5457761515915532
447,-0.003160088641329129,0.5462174568419228,-0.0032664878048047634,0.5461344509562363,1.4471134388180837e-05,0.5525598018918916,-0.00015605322836809493,0.55245892780519,0.0006434631765983617,0.5507383336951165,0.0006253161818252894,0.5507271351689794,-0.0035381804913671437,0.5452133634020879,-0.003597354045293891,0.5451879110507715
448,-0.003470157545678742,0.546108346682194,-0.0035158564248090186,0.546052152931654,-0.0026334470467545504,0.5516118451864153,-0.0025961514911429294,0.5516308439531884,0.00017727470096739887,0.5504484250358417,0.00020230293552056904,0.5504640543911808,-0.003202621741731696,0.5455556683711794,-0.003339233768632287,0.545503496652536
449,0.00012172543675970093,0.5478214493043619,0.00013220699682550742,0.5477883698090071,-0.0012674488522756977,0.5521314508796039,-0.0012790681242541497,0.552091090069768,0.0013589285735606622,0.5508928157731566,0.0014280418297946396,0.5509453638638279,-0.0013790633559145873,0.5460418742658814,-0.0013350440073157607,0.5460677207993677
450,0.00044059040902461754,0.547801022604051,0.00035513214802812126,0.5477141277730712,-0.0014469672744176045,0.5517517891977542,-0.001416648543022669,0.5517301557982363,0.00026468684670722135,0.5507474877318795,0.00027348415204552813,0.5507578296162609,0.0012568322545948463,0.5474979761640087,0.001336464243203314,0.5475344402631469
451,-0.00026424781653856377,0.5475355903809989,-0.0002496806091806681,0.5475348047711505,-0.0017736315450846976,0.5517889420345097,-0.0018552082998070146,0.5517532653225237,-0.0010569608976837598,0.5498384493605544,-0.0011115422881638486,0.5498196084464497,-0.0006114111863415484,0.5466997462513308,-0.0006080030908971132,0.5467054341247882
452,-0.0008661575053438369,0.5469424477514203,-0.0007592301351367407,0.5469698808941569,0.0010235628176233252,0.553045201331845,0.0009838317818028843,0.5530213181821773,-0.00188833502458066,0.5494970726949228,-0.0018511023465025388,0.5495216374227704,-0.002424393176721416,0.5456482729622767,-0.00235585580976366,0.5456911999479974
453,-0.0006612005447885616,0.5474567642594946,-0.0005711422896183158,0.547511140932161,-0.0007005765270640275,0.5521888192129029,-0.0004980195557765832,0.5522425585169356,-0.0010805527644647186,0.5496424811787538,-0.0011614461532270155,0.5496225334358898,0.0017294655170894682,0.5474738624594069,0.0017414755882918544,0.5474921751316819
454,0.0023440453539837636,0.5486219968545617,0.002384062259689625,0.5486148593830377,0.0016345184902758958,0.5530683248186187,0.001468138119195215,0.5529831091582271,0.00039513466280779926,0.5503265221565866,0.0006220595196916103,0.5504197581983449,-0.002812968848931318,0.5455283225704611,-0.0029367870861228326,0.545461847014323
455,0.000968785498617216,0.5481909867963626,0.0010209407666842605,0.548216504282637,-0.000658103236681382,0.5525197848025677,-0.0007107576689706078,0.5524847430788382,-0.0002770955852049938,0.5500677982752527,-0.0001984131369370843,0.5500931923777904,0.0032256584063435276,0.5485467055968968,0.0032904136001175766,0.5485835938705371
456,-0.0009633295842960319,0.5471093338121622,-0.00111097654664929,0.5470492383088924,0.0013446865800043936,0.5533524133730833,0.001442128634146081,0.5533654737285199,-0.0015275157741232827,0.5496209188664181,-0.0016928879915617142,0.549537403990454,0.00112264263561222,0.5472631377108762,0.0010960337884567248,0.5472617600041522
457,-0.003328122704883941,0.5463278820380545,-0.00369077390866302,0.5460832288558326,-0.0016984387704067471,0.5519864395727331,-0.0015619159766839072,0.5520348880917801,0.0018307895420763118,0.5512543014176768,0.0017674126370872633,0.5512388599974607,-0.0017682102136070005,0.5460422284125372,-0.0017323322207691962,0.5460821758548868
458,0.0009831935095425662,0.5484825850746903,0.0007826405496481132,0.5483453032550548,-0.002598424311599711,0.5517407520859642,-0.0027786284823243103,0.5516470059447777,-0.0012026143460835805,0.5499032287706785,-0.0010456883024298296,0.5499738979856139,-0.0019452594500628969,0.5462329828442717,-0.0019587931732846235,0.5462311474015048
459,0.0013327508653610534,0.5479950190620689,0.0016196665655529771,0.548099733595491,0.0021647304442914063,0.5538648302472309,0.0022046349796700708,0.5538292789058974,0.0008038823294066353,0.5506888762668295,0.0007415495377353938,0.5506534128307773,-0.0028136395528958343,0.5455467048878561,-0.002851589725358777,0.5455251482659912
460,-0.000608654522979197,0.5472637523757043,-0.0009521535176888813,0.5470840593089022,-0.0005342339110286556,0.5525651168686924,-0.0006996571105488534,0.5524751160073745,9.330445470834708e-05,0.5504470122660935,7.983065914377153e-05,0.5504495894363028,0.003707277423512427,0.5484661124216338,0.003696611149332365,0.5484635074910258
461,0.0021703243223265777,0.548511523306248,0.0019837403284185956,0.5484165340616273,0.0007364978995216131,0.5530028718243684,0.0005593512656084889,0.5528978051720442,0.0030030233213944415,0.5517305608107268,0.0030792167795042073,0.5517605591083555,0.00020513879351690095,0.5469596728610395,0.00020641887301825037,0.5469618555959597
462,0.0029962587981604053,0.5491397598379383,0.0032087830599348134,0.5492388473085512,-0.00036404777427882746,0.5524188251342136,-0.00017764547949912328,0.5524729701363934,0.0007986092672685683,0.5507631355478845,0.0009565293813548498,0.5508416545505986,0.000596416516166865,0.5468560832132315,0.0005235414751939327,0.5468309753111988
463,-0.0018914629536672313,0.546460286523948,-0.0018408129164965762,0.5464635380304023,5.385447554984291e-05,0.5526894105491622,-0.00014172621584342343,0.5526134231745359,-0.001930268130628975,0.5493003255322119,-0.0019366927223471303,0.5493049634983177,0.0004823832121309212,0.5469221147880271,0.0005226633186075036,0.5469524301312395
464,-0.001868883139389318,0.5469061526763027,-0.0018001023824765442,0.5469293638643947,0.001351665494649443,0.5532119948747414,0.0013971099730798128,0.553227230051657,-0.0024117899795213227,0.5490876424497677,-0.0024207162040725903,0.5490816938584975,-0.00016092403201949874,0.546595862667348,-0.00018010418120272757,0.5465842796185659
465,-0.0020742283061564414,0.54666741513388,-0.002369106367129668,0.5464826574683377,-0.002793354397210393,0.551517044851973,-0.0026048192890924617,0.5516098353983259,-0.0003285171406960128,0.5499540384766106,-0.00044055275756378973,0.5499210189510638,0.0018812189242850199,0.5475890872028625,0.0019138482897737077,0.5476112673803845
466,0.0005252558827093108,0.5478489611767563,0.000711664987057094,0.5479414854710218,-0.0015389495376534458,0.5520233233519304,-0.001633272909626694,0.5519657710604932,0.0011340589174084284,0.5504694596219655,0.001190295673111617,0.5505036647629028,-0.0013720104073965684,0.5461415430786378,-0.001343301704731744,0.5461526337393522
467,0.0005622640842821549,0.5479380618103625,0.0008371681930345,0.5480560397657083,-0.0029501197557727185,0.5513769675043193,-0.0030871288193038923,0.551289253210478,0.0015121835592551592,0.5508761415933158,0.0014557415491271576,0.5508683580248567,0.000909654180698838,0.5472100818803081,0.0009289332945128578,0.547245844021477
468,-0.0009052407496111851,0.5472287355525647,-0.0011625031849225472,0.5470825959300728,-0.0005359942566411364,0.5521663670600624,-0.0004154612863476156,0.5522127543417206,-0.001377500477375963,0.5494669149653479,-0.001471155476762277,0.5494361815505738,-0.001978210911890393,0.5457126794830437,-0.0018718275478559639,0.5457579183114242
469,-0.0015101931510205432,0.5468532698032875,-0.0014260621822623904,0.5468857993935209,-0.002551109544013997,0.5516661758106238,-0.0025550004571486375,0.5516450377963782,0.0016372968540956812,0.5507329911000431,0.001512342513390096,0.5507169461996039,0.0013628329029686224,0.5472054967593353,0.001418728027832013,0.5472512481753374
470,0.0010829677676027249,0.5483981027750294,0.001212379820368308,0.5484363838503303,0.005118673061009554,0.554689154954711,0.005011471448081484,0.554628362980871,-3.757377047817842e-05,0.5501539196938275,3.6780649325872046e-05,0.5502023341823213,0.001940378605664065,0.5475331518049164,0.0019649398212766025,0.5475361763040237
471,0.0018821637049102813,0.5486000289243974,0.001837126430870116,0.5485560272260303,0.0009906833925119906,0.553220208593744,0.0010910626869597647,0.5532615722035276,-0.0030583679184784823,0.5488184493025982,-0.0029695346740478824,0.5488726442183994,-0.0026933625398381385,0.5459211366588068,-0.0027227670713173917,0.5459123948870084
472,-0.0008196999194466137,0.5472377658586498,-0.0008405859544506786,0.5472093790949826,0.00014792428998330602,0.5527876223410346,3.765737035119096e-05,0.5527361679934597,0.0035369617366126636,0.5517556761001284,0.003502183792781121,0.5517345774804254,0.0015618139209443108,0.5472568972872898,0.0016686243564348335,0.5473019902833365
473,0.0003167575403603638,0.5475731693296941,0.0003079331230358545,0.547551950784633,8.563749022269154e-05,0.5528067636916737,8.950655138508137e-05,0.5527913636868339,0.0011535886457600274,0.5505969078232826,0.0011450162038097245,0.5505770575264328,-0.0021165292498246785,0.5458238873922765,-0.002117251192822941,0.545835442338963
474,-0.0023508445679389822,0.5468847700580514,-0.002437805280283133,0.546812427949107,0.0004998022323640211,0.5530459341264132,0.0003742905926097093,0.5529640914942041,-0.001611681334151567,0.549388950117098,-0.0015388788739782854,0.5494329551548134,-0.0018285634073765564,0.5460228681840226,-0.0018924679421329544,0.545993532334682
475,0.0028695440734755905,0.549051808851568,0.0027673047440648166,0.5490115302216493,-0.003008661568306672,0.5513084075292597,-0.0028707822948092314,0.551365926796493,0.0013466080728116205,0.5507519585795683,0.0012887834538434224,0.5507306851534265,-0.0006797334636892528,0.5465294599399031,-0.0006590623448591575,0.5465378444426553
476,0.0008028159262282105,0.5479628911114357,0.0005667911554343069,0.5477870671403817,-0.0018961571841853494,0.5516945782784056,-0.0018469360773244378,0.5516924424054653,-0.001687519694482353,0.549603937989359,-0.001684847116323786,0.5496251253798476,-0.0021796699244461884,0.5455222132870139,-0.002128162822878459,0.5455460967702781
477,-0.003953648423986554,0.5458064827026062,-0.003803411073480026,0.545849113891098,-0.0017766829553706176,0.5517634946194075,-0.001993298682858195,0.5516493425030414,-0.0030301478460391623,0.5489611135512592,-0.0029802300753422523,0.5489909813308514,0.0015563286519827354,0.5473797210175784,0.0014702094294827776,0.547349909196753
478,-0.00046950075792324644,0.5473214273853492,-0.0002305602043853345,0.5473982676139446,0.00023126318860642366,0.5528155447090431,0.00028314590928767077,0.5528137977776335,-0.0019630740616894842,0.549638672278483,-0.0020569225638123003,0.5496126218554537,2.726278931732516e-06,0.5467169525791326,-5.3866199223087025e-05,0.5467009664227276
479,-0.0010373746496909059,0.5470556426593521,-0.0011099838277753306,0.5470092484098149,0.003603849978318526,0.5541568763982426,0.0036392846897164814,0.5541392184800112,0.0001334264297276648,0.5505968273979617,0.00010435660413825743,0.5506044294797291,0.00028802992384357974,0.5466977000207344,0.00029911557006838136,0.5467067474765841
480,0.0001559215770401814,0.5472648825673433,-4.449975590280151e-05,0.5471405075146284,-0.0006091771790915122,0.5522140759460249,-0.0005809191394995763,0.5522301716225033,0.0018325635501080632,0.5509736762531253,0.0018361493977604477,0.5509876128388064,-0.0007071778791639923,0.5465964510867868,-0.0007358934161880592,0.5465982320617618
481,0.000244200656979342,0.547908138039222,0.0005684256766350817,0.5480254134598134,0.00041861159151909835,0.5529186463240133,0.00044967863576303864,0.5529141078419483,-0.0003095743801086331,0.5501550119679766,-0.00035907893595899025,0.5501394827570899,-0.0006623661001197725,0.5465670284264439,-0.0006525819888206183,0.5465819467710755
482,-8.326661681051682e-05,0.5478187023582896,-2.6816639734091763e-05,0.5478439405040388,-0.0032400616072408663,0.5512712889450451,-0.003251573690747977,0.5512098891947842,0.0008555260530383326,0.5503842045201943,0.0009541955527525302,0.5504338473526863,0.0015313782873357339,0.5472724655628048,0.0014651510353258165,0.5472474151646652
483,-0.0003107121170049467,0.5476079815009885,-1.21264071322096e-06,0.5477422505798262,0.0037964468191487694,0.5540320280810725,0.003952945501263626,0.5540760035460454,0.0022889095364307254,0.5513272025075718,0.0021355474613662397,0.5512418898654301,0.002192942550181514,0.5479494230658751,0.0022123301273440643,0.5479639291506462
484,-0.00355017340538639,0.5461298588076162,-0.003722217495378717,0.5460162813839546,0.0010464067337807687,0.5530606967869236,0.0009249148424787531,0.552959107267072,0.0001582168925984981,0.5501712019950395,0.0002301132365494367,0.5502006347192655,0.0008281587418958281,0.5470419734506117,0.0009140936126603365,0.5470660031746294
485,0.0021040123425257913,0.5487835586714828,0.0021263826339159003,0.5487973691998519,-0.0028028214820189057,0.5514068913176687,-0.0028653468491714007,0.5513736158577911,0.0008620055963258286,0.5506618109594786,0.0007188095194600282,0.550593642336511,-0.002725085695725263,0.5457387778118666,-0.0027037319583582066,0.5457591217572446
486,0.0003813532791323477,0.5477260808075878,0.0005054280640037775,0.5477883805518743,0.0005179807557415588,0.5530400944128686,0.0004562404773831307,0.5529961495719203,0.0033215070573209596,0.5517998386211292,0.003342865328678653,0.5518115134129161,-0.0035495630909454824,0.5453033880093008,-0.0035520744396612645,0.5453005224407731
487,0.0033018487020497595,0.5493890591649415,0.003322111435701406,0.5493914108955505,0.0016438766013327254,0.5534035628398699,0.0018293026196285263,0.5534666741369821,0.0016144710296616112,0.550868723641838,0.001550813904107124,0.5508487231704686,-0.0014921090026914494,0.5461964371063873,-0.0014922224515428052,0.546198809007695
488,-0.0024284467616905885,0.5463848614982586,-0.002386612863236036,0.5463918605984489,-0.0008656442090724859,0.5519291557221032,-0.0007183941830564127,0.5519776619253718,0.001228729085968195,0.5510071759799301,0.0013932831573868854,0.5510730906239246,-0.003477552682155593,0.54494411661312,-0.0035233029467397633,0.5449224096095224
489,-0.002295863470657243,0.5467187643589023,-0.002266681232085853,0.5467203205571607,-0.0024147660045479623,0.5515454313642084,-0.0023119729845176235,0.5516097474212707,-0.0007805695101129067,0.5502222503152847,-0.0007726864806115585,0.5502133902415242,0.003857160942586728,0.5483523754393357,0.0038961884996530443,0.5483703186007406
490,-0.0019280109497985486,0.546766072772927,-0.0016779425704675586,0.5468341221381082,0.002054664242701592,0.5531630376011649,0.0021197578418793227,0.5532038705692431,-0.001269489070993178,0.549874604587205,-0.0013895763815427948,0.5498276961358514,-0.0002502365171301113,0.5466934056657449,-0.00017436719608633026,0.5467244271212599
491,0.001683010607736165,0.548573861500088,0.001691260596405027,0.548543472672729,0.0009021670427141042,0.5529014261680277,0.000835062811135614,0.5528608675459638,0.000603550689889879,0.5506963346632374,0.0007285596339967965,0.5507381319463386,0.0006450841684699026,0.5474885209643102,0.0006790533993519116,0.547526604381588
492,-0.00018137869923325612,0.5474152308583525,-0.00010628796203119672,0.5474490326841112,0.0003106737221386488,0.5528007628859587,0.00018167691001894833,0.5527436610880699,0.0011053851211896,0.5510318496270611,0.001089825629553316,0.5510446276108824,0.0015535060364920358,0.5473156981454309,0.0014970587350396451,0.5472869215235662
493,-0.00203025310529995,0.5469980913771146,-0.0020004292103107052,0.5470126621069848,-0.0021120564951736024,0.5514962462200911,-0.0017150268419244318,0.5516419193316354,0.0013735659346647217,0.5508377544756595,0.0013336546966917255,0.550836455159046,-0.0010090513562579445,0.5462927117255933,-0.0010636264006595563,0.5462610649856886
494,-0.004444352420472748,0.545704431664161,-0.004341752994666692,0.5457361389577368,0.0010882241159623001,0.5529049140011023,0.0009776053266668692,0.5528342123313309,-0.00023771629101804423,0.550012958459095,-0.0002734951742497582,0.5500117172486674,-0.0019407174859382983,0.5456657442503791,-0.002022818315044047,0.5456388204504461
495,-0.0021963613246616565,0.5466030800819291,-0.0018526419192143838,0.5467310180661683,-0.0013647743964429716,0.5518286083748903,-0.0013150146205754374,0.5518454063610221,-0.0009425254429970744,0.549934939750674,-0.0009421468182479867,0.5499393589724434,-0.002686304213684869,0.5455280184033432,-0.0027799717646649117,0.5454727500008599
496,-0.0007909563624611458,0.547140771808302,-0.0008460284847232592,0.5470811481292154,-0.001411695399016081,0.552095875433534,-0.00152952318754906,0.5520374643663828,0.0008656654795428049,0.5504724537022028,0.0009150609703096039,0.5504963658501884,0.0005570895911261465,0.5472750410192354,0.0005242053329660641,0.5472725933097002
497,0.0018708043618464122,0.5485684601075576,0.002215638789178961,0.5487170996696378,-0.0027233014191189613,0.5514992253821082,-0.003065548985144709,0.5513211915158184,-0.001730048109760177,0.5495997978310984,-0.0018448549903020345,0.5495512661423017,0.00031229842488560556,0.5469174896156723,0.00040982560834277275,0.5469708257843252
498,-0.001062557383214857,0.547065829721906,-0.0011109401620653476,0.5470120130123032,0.0012768943823333247,0.5533021423022493,0.001246007688866616,0.5532487870965901,0.002188913158242043,0.5508841125517404,0.0020625803735872584,0.5508232136912393,-0.0012253265819717138,0.5462874662083076,-0.0011380240837695595,0.5463270388664604
499,-0.0028841465097661583,0.5463321028572033,-0.0027713623998722307,0.5463616437643379,-0.0011156691513978755,0.5522220497053172,-0.0009977737661046953,0.5522593122038603,-0.0034185504298018497,0.548715022460475,-0.0033317155823980493,0.5487527923672086,0.0018741952818844803,0.5473226958871314,0.0018411671920883943,0.5473019257234875
500,0.0009683733189729512,0.5482925265679315,0.0008750405091944177,0.5482599558050016,0.0008269031699040937,0.5531436453334462,0.0008208089772878052,0.5531486926220232,-0.0008747406427580973,0.5497172719605353,-0.0009882182262149995,0.5496859664848852,-0.0009200042077552509,0.5463820210670104,-0.0009130482765592607,0.5463829963473332
501,-2.459784286445047e-05,0.5476881934194544,-0.00015354266835594147,0.5476080338913972,0.0026540429693757595,0.5538594976666943,0.0026715527798108923,0.5538521841844789,0.0009016436714060341,0.5506450217652916,0.0009079003558679031,0.5506643164573825,-0.001176390463150243,0.5461226202611629,-0.0011564014030520694,0.5461188510561433
502,-0.0008163634679433772,0.5472930118647207,-0.0006606395331839983,0.5473569151152451,-0.0020473515361379324,0.551861504304621,-0.0019867904440558936,0.5518640730310845,0.0035218737801938956,0.5518837160002499,0.003511536645889425,0.5518803789096604,-0.0014154097894485851,0.5458889106035237,-0.0013074013321721272,0.5459268639024225
503,-0.0001165870329817488,0.5477116134354602,-1.2284287968561822e-05,0.5477563776051131,-0.00047562192105512097,0.5524484006223399,-0.000415052938696557,0.5524693028770153,0.0013995120623236604,0.5509873284017186,0.0013936242503114827,0.5509837033261452,-0.0016367996739133821,0.5460142930429278,-0.0016012023087744924,0.546035685037982
504,-0.002320155310203826,0.5465031548020275,-0.0022473841007036037,0.5465358871342684,-0.0008583254038277852,0.5521285943417453,-0.0008698496309936943,0.5521303463753614,0.00012735972197536348,0.550539917704377,0.00014394955517169812,0.550545886681011,0.0026369321072767563,0.5478778817906503,0.0026565104994658376,0.5478854591249133
505,-0.0025059791918095463,0.5463583334186405,-0.002404851475995545,0.5463816199586212,0.0004710405698685732,0.5525761244030811,0.00037195990842585,0.5525266552777462,-0.0010579015175088225,0.5496527098530056,-0.0009996536757936674,0.5496870984992074,-8.842658808032903e-05,0.5465219231199533,-0.0001340292390939185,0.5465205629051585
506,0.002432502942055103,0.5486480972560149,0.0023488363541577365,0.5486072675157603,-0.00046960035327525516,0.5524649717457374,-0.0002891009920114134,0.5525190208989844,0.0002605735106616318,0.5504123006998397,0.00037093476482475345,0.5504687230010253,-0.00024414987467561697,0.5468014006178837,-0.00022500902412938285,0.5468169380297181
507,0.0038862683467854125,0.5492688402782179,0.003674669893991078,0.5491212479662777,-0.002901916915512233,0.5512075708930331,-0.002969175692289014,0.5511789462596082,-0.000217668761691674,0.5503351467130256,-0.00033547830796448334,0.5502843378005305,0.00032792944364883715,0.5468912963085769,0.0003424244620414886,0.5469019458034438
508,-0.0003464227404990841,0.5479953332675063,-0.0004817936677423814,0.547892706785282,0.0018348688216175766,0.5532767663065514,0.0016399482790314182,0.5531612757021322,0.00014253351961041616,0.5502885478820516,0.0002023474918890406,0.5503269118364723,-0.0028725489674565666,0.5452603394695542,-0.0028162520862199587,0.5452937796427175
509,-0.0025519568109732913,0.5465166464871352,-0.003026435182685945,0.5462265890830328,0.0018599477846411403,0.5534349600505849,0.0017705887983920053,0.5533788458058045,0.0008513830429797467,0.5505577668049694,0.0006802915743490807,0.5504821212703326,0.0009924081322128782,0.5472166852059722,0.0009187925835150735,0.5471858601130442
510,-0.00010740802751742203,0.5473992844575526,8.265459291579532e-05,0.54748651567253,0.0007308300234018743,0.5529531226794511,0.0008093328105598603,0.5529783745594358,0.0008253746968388218,0.5507509699303061,0.0007792342923673298,0.5507367631004588,-0.0011373360646162371,0.5460493073034575,-0.0011010063712169015,0.5460955706729732
511,0.0036722538271434877,0.5493211443028303,0.0034600588246923845,0.5492010153968375,0.00039797043654750934,0.5526925338668546,0.00045709241859138126,0.5527085926021708,-0.00037959738469829987,0.5502284534257836,-0.000463098856958549,0.550220648407309,-0.0005872281298007607,0.5461835478961338,-0.0005161910047758813,0.546229503386897
512,0.0018093071030285712,0.5485099539174492,0.0017134337917605862,0.5484468178483327,-0.0017147327340397746,0.5516727944880637,-0.0020056621527103024,0.5515297513946168,0.0005351840833169357,0.5509653582637272,0.0006134690043126436,0.5510118433121706,0.00028261703062678234,0.5466379653582313,0.0003757966768434923,0.5466884538468367
513,-7.697434140150221e-05,0.5475250345875081,-0.0004371094611496323,0.547261710187874,0.0020349250742601813,0.5538218573988286,0.0020832106871846415,0.5538159895691083,-0.0019636475854883212,0.5494924556877651,-0.0019903545413812672,0.5494735300513006,-0.0015185108669587234,0.5461672234398098,-0.0015410145116384344,0.5461590325135651
514,0.001938446207283826,0.5488397755894973,0.0017458848498542103,0.5486912254421782,0.0003246352806337573,0.5527303000901974,0.00018992292339111555,0.5526783612842833,0.00014447691925206712,0.5503620955964306,0.00027618972224131844,0.5504324982819738,-0.0004888750682756419,0.5467936231279024,-0.0004930783137018111,0.5467877317299603
515,0.0011603108608274982,0.5481148632883821,0.001037656101240178,0.5480229901631731,0.0017109501189457928,0.5533264459405202,0.001689248021359507,0.5532790498119753,0.0012893564633209929,0.5505351837622977,0.0014064639537028824,0.5505977594818353,0.0012851575092562505,0.5476486178775027,0.0011838673089789805,0.5476045524757872
516,-0.0029636129421321297,0.5466099324976267,-0.0029104042895061097,0.5466185997334772,-0.0018618427304277509,0.5517362957943898,-0.0019581226194262426,0.5516651882477422,-0.00032709339845002697,0.5501220811864475,-0.00033315118814588267,0.5501278859700095,0.002174193446916465,0.5475368956011193,0.002167434229318825,0.54753145788855
517,0.0035118563412669204,0.5492881521626019,0.00371429039002923,0.5493597895726839,-0.0017568652330718314,0.5520019548936718,-0.0016939566316549741,0.5520470022504947,0.002605460392068659,0.5515790713537939,0.0025401515428592337,0.5515674257770111,-0.00040685311767842456,0.546339443394206,-0.000407119658460959,0.5463385706271779
518,-0.0022874755429652103,0.5465762682867042,-0.0021858720215417876,0.5466011363302711,0.00042252640446243414,0.5525344100745181,0.00033889932284648016,0.5524871864555866,-0.00296777918498636,0.5488261855759489,-0.0028778969233923184,0.5488476544540185,-0.00041193318872816115,0.5465206519358391,-0.0004436980779753311,0.5465125429845848
519,0.002459890409573702,0.5489799294690662,0.0023306211881181124,0.5489194351866361,0.00039863622183243,0.5527929089129694,0.0001845776056540719,0.552686554883065,0.0008043917672760658,0.550782387180954,0.0008417214532909181,0.5508068914573825,0.0011982822265681921,0.5472087801375541,0.0012398773912101699,0.5472564884269435
520,-0.001781787768131663,0.5467045839368926,-0.0015831855438605946,0.5467597686134003,-0.0011935795746541046,0.5521598775321214,-0.0012172857593970273,0.5521390060999974,-0.001327500758056651,0.5497063279376547,-0.0012820564037250804,0.5497274051035532,-0.0026902102309655923,0.5456903932070728,-0.0026283948582902783,0.545715525064789
521,0.0004325664199672582,0.5476525988162647,0.0004876293430654357,0.5476742827043095,0.0019511620196233208,0.5533865945894733,0.002076262342693347,0.5534457740324789,-0.003290924517054312,0.5486240154972143,-0.0035408207432707354,0.548542081316945,0.001368917850796803,0.5477249648912189,0.0013732380833607575,0.5477437166845424
522,0.0024435290157570617,0.5486679351760785,0.002381102731364399,0.5486101676453577,0.0006285282848239601,0.5532638167685525,0.00069169044530943,0.5532640093398892,0.0014035384507515578,0.5506470454858039,0.0012543897928150927,0.5506154774482803,-0.0005646073322283671,0.5463004526021384,-0.0006109947321056112,0.5462868893124286
523,-0.0035476361146270043,0.5461231095137481,-0.003450416172519228,0.5461508527326541,-0.0026064747856433625,0.5515683075669475,-0.0024512824461217432,0.551620622073511,-2.103179108055153e-05,0.5503045863351316,3.8501739962591915e-05,0.5503423944217404,0.001892438736150826,0.5473428821123453,0.0020318264652684753,0.5474035163104025
524,-0.0016036395220861914,0.5467833096000366,-0.001618973541065104,0.5467596023334874,0.0015921230328951813,0.5533327712585133,0.0016127672485260157,0.5532981676549692,0.0006525868289760542,0.5507763842186605,0.0007243299767550072,0.5508138337005799,0.0008231946072236987,0.5469506781621801,0.0007932576862454424,0.5469394741603276
525,0.002326919426792319,0.5491121539992431,0.002322965372289887,0.5490560168553227,-0.00011282242295446676,0.5523058343708979,-0.00020661406315767626,0.5522714838907615,0.0013805276071783704,0.5507556687798411,0.0015144888337159576,0.5508301178368814,0.0017476188258368798,0.547277434050543,0.001713414212565649,0.547270515276549
526,-0.0023996948184726763,0.5466342276373463,-0.002618815077696363,0.5464822230062655,0.0026600729381617365,0.553534994025461,0.0028363481257617958,0.5536143311787779,0.001175957365525309,0.5506215736679345,0.001132162925081212,0.5506254572086956,0.005091216276248692,0.5488141309632167,0.005110241597701521,0.5488230579928212
527,-2.9479517749618142e-05,0.5479993049363702,-3.96662943131933e-05,0.547970501820229,-0.0023380501934291537,0.5512496738759252,-0.0024428426879953918,0.5512141195229593,0.0022731474105849962,0.5514299379418871,0.0022572713752221276,0.5514238353936408,0.0010772527872558839,0.5473830732178785,0.0011050315827781083,0.5473878063510891
528,0.000705648789037928,0.5479120396761048,0.0007199101258630924,0.5478980364325202,0.00028923100502693247,0.552659774351061,0.000491352104964469,0.5527519656549864,0.0009293958956578153,0.5508331302838291,0.0012145817378712237,0.5509452705050565,0.0028910298559304396,0.5478452379839353,0.0028868820391125213,0.5478428600782551
529,-0.002820131075397723,0.5463733704623356,-0.0026831657821872537,0.5464155688808888,0.0006159439361271682,0.552602989781943,0.000509213945451399,0.5525468470676613,0.001667626116053672,0.5509942129144574,0.0016503301464900859,0.5510014153028312,0.0011634494930406966,0.5469289212230425,0.0011404318812135892,0.5469260070686065
530,-0.0003948396900773199,0.5473871745401474,-0.0003000533069411006,0.547405461262466,0.0015403755724270735,0.5534017995223904,0.0016970600402230948,0.5534651049243955,0.0008657827700142578,0.5502990337901251,0.0007744435625753504,0.5502499441263617,0.0002872502828563358,0.5470430472403102,0.0003015367414810662,0.5470485207716865
531,-0.0005609467528975887,0.5472411870889141,-0.00029371004661530616,0.5473752675972946,-0.0010619337228401627,0.552030248414815,-0.0009622978122811677,0.5520678472427373,-3.0175491428211833e-06,0.5502353109926318,-1.3597766066980136e-05,0.5502200524048674,-0.0009896986391390232,0.5463626118727788,-0.0010162258730392964,0.5463611352772487
532,0.00032334524042203276,0.5474662515323169,0.0004939002376630844,0.5475333921112283,0.0005040682218339976,0.5527555799848689,0.0005238335406757302,0.5527488776442656,0.001217669839113467,0.5507751544915783,0.0012185234608487723,0.5507837939294883,-0.0027552555190642133,0.5455078880317007,-0.002693344759493096,0.5455378901258588
533,-6.496273295401108e-05,0.5477230755111739,0.00017061681512303936,0.5477968319910828,0.0015223642797778398,0.5532421095608405,0.0014518202579571514,0.5531905298474752,0.0008094263985743349,0.5506685459622528,0.0008236447772157277,0.5506894367160999,0.0005494050120809184,0.5466994855633133,0.0005828431646277816,0.5467237011819854
534,-0.0020269136907681284,0.5464995948994286,-0.0022231484353546003,0.546355926209194,-0.0035030921269875066,0.550925098234914,-0.003340429459969562,0.5509947327395838,-0.0010201995860295466,0.5499189546709486,-0.0009795491544640573,0.5499710859430258,-0.0026205807425892977,0.5455802875935676,-0.002586829238457494,0.5456058189752143
535,0.0014017676599144555,0.5483645678935362,0.0014926209455114945,0.5484012372429234,-0.0026009362104596136,0.5512185671477683,-0.0026400673826756497,0.5512005115437674,-0.000721756721288709,0.5501213706935261,-0.0006645471702821491,0.5501607198732651,-0.0009747887481402736,0.5462876151160221,-0.0009208379781121874,0.5463016641916525
536,0.0008982554354276998,0.5477903792060309,0.0009246501989579797,0.5477688479257455,0.0008982372873451903,0.5529661937908674,0.0007712533404128093,0.5528841031454615,-0.000152023865664159,0.550317737887665,-0.0001565785252376476,0.5503233744398037,0.0011961598314735348,0.5471911658735709,0.0012023426511949644,0.5472079518176215
537,-0.0022978169080114883,0.5464346240208046,-0.0021236658568599114,0.5464872324160444,-0.0007310051789319942,0.5524682255409503,-0.0007209686828736797,0.5524715975031643,-0.0030024441059050707,0.5493045884927763,-0.0030583426294494543,0.5492939427428493,-0.0008773126910041823,0.5462240628086189,-0.0008455949670585056,0.5462432583616634
538,0.00023488045566734018,0.547956255316897,-0.00015457553603939874,0.5477391303064092,0.0005205315354574304,0.5526921520523943,0.0006572393116326307,0.5527474603100644,0.0010969969546585623,0.5506072818023838,0.0011161075039093718,0.5506164483386468,-0.0035341141291278222,0.5453846106557508,-0.003547727890068723,0.5453800679393582
539,0.0009127155223153254,0.5476990255585186,0.0009728827419562463,0.5477217228637833,0.002522392864415975,0.5536427802696565,0.0023058093595050076,0.5535290517969546,-0.0015541343304970353,0.5498127196903958,-0.0016137652918638051,0.5497877802950365,0.0022465000459462943,0.5480663163530162,0.002326308394351226,0.5481227260238368
540,-0.0012993481776040043,0.5470051106693653,-0.0013502789027473826,0.5469805637489565,-0.0008150129104968973,0.5522286887490164,-0.0008250903576133391,0.5522241871265315,0.0010539494322639915,0.5506839010781605,0.001017249723070993,0.5506823566679598,-0.0010431349914610053,0.5462732772110336,-0.0010627236043808672,0.5462609574732121
541,0.0016092416493581447,0.5482547785726498,0.001720259531089479,0.5483098734294555,0.0005231976469472824,0.5528696250505805,0.0006488301452359254,0.5529118566593715,0.00234183632983051,0.5515541959919634,0.0022888515757392143,0.5515514412543844,-0.0031353468668961584,0.5454436581755556,-0.0031245261430227385,0.5454489343652067
542,-0.00013433415336497125,0.5471531722731275,-1.2207337982278603e-05,0.547203374291035,0.0024838989473675017,0.5538560040308881,0.0026070603249807264,0.5538859372332016,0.0006943766666541545,0.5505750543090882,0.0005840071869997811,0.550537943734133,0.0005459785695743711,0.5470035010422175,0.0005481588311225897,0.5470089051821366
543,-0.0005487759342081328,0.5472936184288173,-0.0003354755823408094,0.5473611791008586,0.0015817086673858233,0.5534849126604379,0.0014843022521147272,0.5534347419097604,0.0019071889928066997,0.5510867092998991,0.001975375364085497,0.5511321482819095,-0.0004950397573923198,0.5467805983081552,-0.000563547088087901,0.54675490868919
544,0.0010219111111726758,0.5481887169501642,0.0010962168761382395,0.5482008395669583,-0.0026431777865048404,0.5517253682988797,-0.0027812330753016466,0.5516617431339044,0.002322030358900911,0.5511322856575523,0.002349292766848323,0.551147309461376,-8.824850382639174e-06,0.5467838269042024,-5.696409150571243e-05,0.5467671699271718
545,-0.001960570943690972,0.5465210691075945,-0.0019217402424166925,0.5465203772186967,-0.002427084646026026,0.5514726867722642,-0.002483672177342778,0.5514287653452689,0.00018701771070910226,0.5505635576143959,0.00020724430592232177,0.5505673839043391,-0.0005694426699017775,0.5465818270088535,-0.0006445491967424459,0.5465392254831514
546,0.0014694173825829466,0.5484028449192664,0.0011661504563572575,0.5482022766753497,-0.004137652364928446,0.5506548898021394,-0.003997680014728398,0.5507020763536135,0.0035052665160435893,0.5520138029849265,0.0035572082555394534,0.5520481222542452,0.0019760422950623273,0.5480459852631147,0.00194467506015037,0.5480206228418164
547,-0.0024288504593175412,0.5467067232679194,-0.0022133448269853833,0.5467665191747576,0.0025495158306186824,0.5536207976664405,0.002811361542083336,0.5537062332023915,-0.0009586148114256271,0.550030197773364,-0.0010224009986421442,0.5499933275628623,0.00014049546730803263,0.5467106961527769,0.00014684801328260718,0.546727090261677
548,0.0007908634481801187,0.5478660759860228,0.0005496989335766402,0.5477235360145595,-0.0017942376900783475,0.551788288335366,-0.0017630756696159534,0.5517882085699423,-0.002708995830303334,0.5490845503540104,-0.0027926127802865726,0.549051353718482,0.0026385586794969405,0.5480073675327767,0.002705445983079082,0.5480380363638028
549,-0.00028605920287625054,0.5475099931302494,-0.0006011033686246744,0.5472906307182571,-0.003179269232650446,0.5511974715786364,-0.0030956633061405823,0.55121519974543,-0.0022839983037094293,0.5492320288278078,-0.002315739437940595,0.5492166871185138,0.0024225214322356873,0.5478743431439904,0.0024176548508593907,0.5478698198406856
550,0.00047312261112814606,0.5481870368506057,0.0002694601659251781,0.5480690483362903,-0.00448129584882008,0.5504759937784433,-0.00427729263325025,0.550556394079623,-0.003895869733284004,0.5488551623121339,-0.0039006961021373515,0.5488645048001808,0.0030670198538878973,0.5483006494331386,0.003055215018553765,0.5483031552668169
551,-0.0024316141436278925,0.5468101504129536,-0.002650287645371934,0.5466818477783791,-0.0008235804437924224,0.552476207471276,-0.0009067022526896376,0.5523980921601263,-0.0017032476709850114,0.5494009707211908,-0.001527587975131397,0.5494830186865267,-0.0007617020961256459,0.546443953259634,-0.0007641753357203645,0.5464511514726064
552,0.0011117188590736577,0.5484606809783853,0.0010000842148417963,0.5484050715439148,-0.002026402373049668,0.551816474273562,-0.0018096212434553771,0.5519244953470099,-0.00016721632194637232,0.550054846372792,-6.349383235474402e-05,0.5500960851561569,0.0012107834487444613,0.5472425811697988,0.001134025294513473,0.5472218179931204
553,-0.002853184327817011,0.5463254979977152,-0.0028288456780050544,0.5463459250985409,3.264758464887913e-05,0.5525446112512168,0.00011700312819756436,0.5525769247035367,0.0012867070203459242,0.5510113526517583,0.0014120896591680802,0.5510811693704529,0.0007242081901544997,0.5468790702921704,0.0007778442172683941,0.5469014057494553
554,-0.00019499063051295457,0.5478972672360083,-0.00027114732421666275,0.5478189683117671,-0.003731019331809775,0.5508727873979794,-0.003935601371847645,0.5507633117577412,0.0010888149011941213,0.5507824015240074,0.0010994306855489982,0.5507978680976867,-0.0013144449266759611,0.5457924353647199,-0.0014265515347386603,0.545734388546236
555,0.0016450566686523574,0.5484751126007157,0.0016656213945458126,0.548458075869466,0.003068656535624012,0.5536958535911624,0.003033788781043824,0.553670321486253,4.2173349127536e-05,0.5502399440747223,0.00010975660910992012,0.5502650505171617,0.0002035004979120119,0.546831498628574,0.00019194407660917678,0.5468475600030559
556,0.004079712929545845,0.5495736352125146,0.0039803772536296115,0.5494991563044446,0.00055531301406039,0.5528802725917766,0.0006532659327158708,0.5529185142755022,0.005692411996002295,0.5527650959820635,0.005838372335598171,0.5528269245362071,0.0013262555893371445,0.5475596494640498,0.0013223286662155242,0.5475587821229818
557,0.0008322223293244952,0.5481062594623043,0.0009720933360561099,0.548161234008926,0.00010162484970375645,0.5528950766566896,0.00026458882284869094,0.5529523920736327,8.165249744833884e-05,0.5503730342169871,0.0001958338420743297,0.5504133185677527,0.004628234422028453,0.5488733654022194,0.00462004167104367,0.5488685870106934
558,0.000683359752503929,0.548170861230963,0.0006041828788052619,0.5480983822026814,0.00021296884276677196,0.552764773421127,-0.0002649193500996831,0.5525152686274423,0.000665217069983857,0.5504578218869663,0.0006261314570802583,0.5504453599628419,-0.00396494634931882,0.5448454676984531,-0.004006158815763693,0.5448291175788647
559,-0.003083358421998451,0.5461031473048306,-0.0031951751621468343,0.5459824363180766,-0.0024153478750828894,0.5517914575043003,-0.00240310606777771,0.5517991999448152,-0.0010676496248798997,0.5498932017315591,-0.0010084551482391396,0.5499269618730468,-0.0026952582580082236,0.5456320089748758,-0.0026875814639332764,0.5456410290529959
560,-0.001386087447891082,0.5470359112337334,-0.0012068444613051522,0.5471041626784819,0.0007498847522832298,0.5527673298966862,0.0006586709746796352,0.552704665371285,-0.0010926161725851688,0.5497819803795189,-0.0011424106055043036,0.5497641560399189,0.0015400929452414937,0.5469903605131019,0.0014728772636497442,0.5469620605501558
561,-0.0021328295426682312,0.5467510306076929,-0.0020186473948987037,0.5467806588670735,-0.0011326083678449414,0.5522357964292072,-0.0011561094737916157,0.5522090485456885,0.0009791286735618757,0.5508904947750182,0.001041477452991737,0.5509130486262558,0.0009160649815454203,0.5469240039782125,0.0009159244649104325,0.5469392109110837
562,-0.00034256502611155327,0.5474979709642186,-0.0003969594886672611,0.5474529400904705,2.9038551089000573e-06,0.5525449296431949,-8.27918526366997e-05,0.552506198899956,-0.0013098611189178754,0.5496472281706893,-0.0013355626306912971,0.5496269571756792,0.0004262512863871231,0.546799740014686,0.0004833349081761464,0.5468308928550909
563,-0.00016890806048270918,0.5475609997102655,-0.00018654284879609885,0.5475228938593643,0.0032033029788126315,0.5542040898266466,0.0032425710978393964,0.5542115350117451,0.0014124066565609954,0.5510299204791118,0.0013171558416901225,0.550998300497223,0.003619726955678016,0.5483989923359865,0.003595788779922495,0.5483744195607124
564,0.004579001308531113,0.5496492895563733,0.0045799565644421,0.5496035501250183,0.0022551536073435845,0.553578935409277,0.0025262645326647316,0.5536665106910577,-0.0005224196191604382,0.5501176995914184,-0.00046588265100318526,0.5501343611685562,0.0021704209871283805,0.547952810347323,0.0021706776504610563,0.5479613675455132
565,0.0015544533216437174,0.5482314451851558,0.001761412142738221,0.5483151839336985,0.002243178240981016,0.5537118698823705,0.002338671401872197,0.5537541431727383,-0.002099238684852845,0.5496154828987477,-0.002083051576593969,0.5496146990550367,5.214280000859318e-05,0.5465707377760497,-5.757303830991008e-06,0.5465598584552754
566,-4.889715900637914e-05,0.5475644057450691,-0.0002564218954795963,0.5474742238667808,-0.0002184294089638781,0.5524986588754478,-0.00036177912449418293,0.5524375294766264,0.0005749514942468781,0.550630909359644,0.0006811122495197406,0.5506965179096813,0.0015647034036741045,0.5471566700601223,0.0016243111055260235,0.5471890355136461
567,-0.0021188228156163013,0.5465500184694284,-0.002138046470252361,0.5465249026952635,0.000900569589979142,0.5528805956206909,0.0011478331579466126,0.5529726035418064,0.0020740637108590102,0.5510153952042227,0.0020527131789585397,0.5510108068659787,0.0005936422706053239,0.5470756704486562,0.0006076531631628088,0.5470910396950537
568,-0.0026957728628810326,0.5466479088716919,-0.002546828650436953,0.54670224987889,0.0019473510312630598,0.5533567124926344,0.0018434180003588558,0.5532731956438047,0.0029341795789615244,0.5516087719891786,0.0029082943908850458,0.5516030480016928,0.0017123018821473934,0.5472581572453188,0.0016370784412814744,0.5472344108636482
569,0.0023838061510096094,0.5488273895793411,0.0024502820817373836,0.5488337392932535,0.00025311326088070404,0.5527871081683262,0.00013624277099748752,0.5527168189959136,-0.0012187520161581415,0.5498481435398316,-0.0011994866131209315,0.5498586535216379,-0.0027437558903504796,0.545727326809932,-0.002746406841437179,0.5457342318666539
570,-0.00162929579446412,0.5467933641758548,-0.0016410297247638876,0.5467707310205318,0.0012485081739647894,0.552884144702768,0.001127390667668905,0.5527825042813791,0.0006594179421710901,0.5504567791514153,0.0006436475871545819,0.5504605212417131,0.002745275916418118,0.5477267642643057,0.0028484665751478317,0.5477832421344243
571,0.0027382406417623462,0.5487943336088522,0.0028898075917951813,0.5488254915365659,0.0015162284628010628,0.5534054674614587,0.0014688473426209398,0.5533660089402671,-0.0008344539182702501,0.5499452621747141,-0.0008327288914331091,0.5499582829651014,-0.0001623564756664678,0.5467418489120212,-9.592872999224479e-05,0.5467725755000518
572,-0.002733926061200065,0.5461972355054251,-0.0025487723408788797,0.5462224576724236,0.0004672660264608019,0.5527350557107513,0.0005402607147328485,0.5527469605517866,0.00046169737901200755,0.5502491645196447,0.0004159456249214283,0.5502498591900832,0.0031701832372791425,0.5480667087536629,0.003148797938003676,0.5480644035740895
573,-0.00241449547363305,0.5465271467376982,-0.0024618349369372647,0.546469436388337,0.0025495808407448198,0.5533972140566208,0.002469909722237838,0.5533443997061871,-0.002176954066130512,0.5490679975912798,-0.002214427092840444,0.5490541529425257,0.004411555192325686,0.548911140267575,0.004385156667308397,0.5488932212502768
574,-0.0005044923371787038,0.5471413316126214,-0.00037054994073343773,0.5472067804530408,0.002009173222390029,0.5534083782681981,0.0021398486380171874,0.5534542818756457,-0.0005850444989612664,0.5498727464570735,-0.0007098803009202833,0.5498235833712627,-0.0006186690577629529,0.5462449776276769,-0.0005940114377566087,0.5462550634909554
575,-0.003202925108873222,0.5460664873552078,-0.0029132799026390563,0.5461290813011755,1.0628574186845579e-05,0.5525865832862128,-6.822749067748105e-05,0.5525355927784693,0.0017443062020431478,0.5504769587063092,0.0019079485721846389,0.5505598484938384,-0.0013361101096411008,0.5458255612904783,-0.0013678716611641043,0.5458117761128852
576,0.001308410820273307,0.5480239213693743,0.001497451256565166,0.5480876489728269,0.00010389559630296921,0.5526113947502734,0.00012309875999548062,0.5526112776896636,0.001062055430230046,0.5505005973583054,0.0010008342817489854,0.5504722002090574,0.0004397104534995834,0.5466574452478129,0.00044443380328630617,0.5466852473850761
577,0.0031767653204031743,0.549208568296104,0.0033833581412903366,0.5492635674278409,-0.0027485060018619754,0.551330944717969,-0.002729508498890554,0.5513261533676487,-0.0023233691983501974,0.5492111127142709,-0.0021994288900833744,0.5492825490981317,0.0005314983973004765,0.5470269279941802,0.0006309730942807783,0.5470737334780865
578,-0.0008088179577422507,0.5472119885108793,-0.0009155568201702939,0.5471330160587843,0.0008162526694201674,0.5532085310860172,0.0010872577597410898,0.5533105168513578,-0.00012572603105765902,0.5499808657607611,7.724542032275419e-05,0.5500745420693769,0.00045177148924740947,0.5471035012899556,0.0003944156574970112,0.5470796097118061
579,-0.0014033725271957937,0.5468599758423874,-0.0014051000151763208,0.5468362029706554,-0.0004170557442461375,0.552257878775397,-0.0005854643371385491,0.552172202490211,-0.00038554133436987954,0.5499365501243911,-0.0003107906433541441,0.5499848133824371,-0.0020113921156074016,0.5460670510168205,-0.0019995460912516656,0.546078282508036
580,0.00025700579249601395,0.5478570471665144,7.943484634424932e-05,0.5477508730965407,0.0021790301563466585,0.5535541822593161,0.002210239408162899,0.5535635838891783,-0.0016766218145742515,0.5493433073292436,-0.0018039688296134012,0.5492981345551885,-0.00023132360881904037,0.5463831488579127,-0.00022434800611389953,0.546398341848357
581,-0.00026656815623176923,0.5470877285467971,-1.0538861267839568e-06,0.5471523271632523,-0.00025425654945256283,0.552723610961006,-0.00034657768680511233,0.5526686086234149,-0.003311435765033238,0.5489864226228628,-0.0032647180886107483,0.549017396354596,-0.0022250533780723714,0.5456410320460265,-0.0021463864467841883,0.5456759144354572
582,0.0004989934398054998,0.5481175225413718,0.0005370592154618714,0.5481206921009045,-0.000937936454610939,0.5520661977973784,-0.0007581822178963389,0.5521253947600152,0.0013370411472777477,0.5509291398924776,0.0013983606323561112,0.5509522965739443,-0.002733576208982645,0.5453658883879484,-0.0027890608245713655,0.5453464034424457
583,0.0025541003867976626,0.5486691948885176,0.002438294745347187,0.5485827381273948,-0.0019506947424714715,0.5517761705284525,-0.0019169643258671644,0.5517848967193003,-0.0031734314989734502,0.549003243208401,-0.0031831372366961717,0.5490063210578162,0.0024690314579657855,0.5479822520322348,0.0024111018666386533,0.5479642360188878
584,-0.0025070818491497887,0.5463550648766716,-0.0025138900979481374,0.5463503999479347,0.0018039164514961651,0.5535739387528634,0.0015378840356342202,0.5534501586286521,-0.0007918904100610328,0.5499819312199753,-0.000833015120224095,0.549989997625353,-0.0008180852903647316,0.5462969423071772,-0.0008674661161119599,0.5462876739431085
585,-0.0031767670826817283,0.5462221495559478,-0.0034370973869961015,0.5460730944560727,0.0024036640911697625,0.5535782920715975,0.0023341788065131225,0.5535179507949278,-0.00036298417983773754,0.5502721978473425,-0.00036240329310453545,0.550279178123111,-0.0016039973196309398,0.546165382299538,-0.0015689590087341714,0.5461825810961631
586,0.0021229169975135816,0.5484547807485933,0.001876046908394453,0.5483358819211407,0.0009366939545435742,0.5529654346570013,0.0010353121976075937,0.5529955341459725,-0.0011876531655286363,0.5494719337676073,-0.0011452212922970337,0.549499483535894,0.002222726502132746,0.5477332589538837,0.0022002760313900626,0.5477293732837715
587,-0.0022035185892308054,0.5468994157405994,-0.0020730217535322648,0.5469194121405057,-0.004196278933133967,0.5506205043547309,-0.0042081500003805375,0.550625566253581,0.0009355088401691278,0.5506478421387478,0.0008859544444048498,0.5506510673474935,0.0004985079183711198,0.5471793963752276,0.0005014923552835501,0.5471944978722897
588,-0.00214383443114098,0.5466336500394087,-0.0017394343134150628,0.5467801178651256,0.0005767448289465851,0.5528670855236711,0.0007247582708380453,0.5529315832316261,-0.004968586319862652,0.5480038821317952,-0.005057648694401818,0.5479890013136799,-0.0015133069289630671,0.5462815354671763,-0.0014241184866517268,0.5463229629101128
589,-0.0004872273826799656,0.5477284443710273,-0.00038765401394319016,0.5477841842958825,0.0004489824044283288,0.5526782635695623,0.0002870658599786094,0.5525806672890433,-0.0036354431612756286,0.548864853187565,-0.0037059870813068046,0.5488434128159366,0.0010725889465933646,0.5474378176700604,0.0010590194384753838,0.5474296284804047
590,0.0035924699905874667,0.5493933490242121,0.0035599855528297194,0.5493510345538501,0.0013571322885492204,0.5532148071519941,0.0015770596326600977,0.553308999477663,-0.000458485654540037,0.54978171384397,-0.0004587527441174458,0.5497868967138668,-0.0019641191120616983,0.5459507277370766,-0.002016289643101752,0.5459354640141917
591,0.0023800608264610184,0.5485523804046701,0.0022233890014536546,0.5484681418185186,0.0024784437727339357,0.5536919961106065,0.0024867413036504817,0.5537030116707237,-0.000280036900555548,0.5502208266134159,-0.00028936613422794576,0.5502335940738734,-0.0021120793000075013,0.5453841125346498,-0.002225290112868561,0.5453437094678826
592,0.003836697717716036,0.5497125963811342,0.003670865692468417,0.5495841646005305,0.002379822848902976,0.5536474648676903,0.002243692283311535,0.5535637650753612,-0.0022844532403938182,0.5493153718360709,-0.0022790028375688017,0.5493327965692917,6.525540530297065e-05,0.5468328272824122,-4.287363902463997e-06,0.5468042373093366
593,0.0014328420759393043,0.5480887115524413,0.0014060677766555025,0.548054551159404,-0.0029928119046666074,0.5514599132063315,-0.002707882743744673,0.5515981945353564,-0.0005995862706968592,0.5499983369117271,-0.0005313761420575655,0.5500243691507021,-0.0035739467039605202,0.5452651281201304,-0.0035712853283043394,0.5452744139830344
594,0.0006873119511905425,0.5477620381400512,0.0007820817302652962,0.5477556835153287,-0.003202830469549054,0.5514560100906946,-0.0032264676175237108,0.5514651018674789,0.0007742982476300787,0.5506502301737286,0.0007870005195035738,0.5506624616069488,-0.0009902947912375315,0.5462346775051887,-0.000994704679920817,0.5462328983814788
595,-0.00020078399757383707,0.5475327561158534,-3.2253837171742693e-05,0.5475742820933269,0.0014492943910032637,0.5532173146871644,0.0014016341446295851,0.5531437456101735,-0.002955945258315993,0.5488868360909154,-0.00290040857629155,0.5489101501451594,-0.0012299474965214395,0.546183916848216,-0.0012435211195906536,0.5461818371584375
596,-0.0032824081071475193,0.5461277370087106,-0.003433862941974854,0.5460595260968026,0.000940890666063943,0.5531112122938884,0.0009535951118941881,0.5531030390031112,0.00031172854465619514,0.5504202476005259,0.00012854872933084946,0.5503539866140749,-0.0005780164844749154,0.5464066277337915,-0.0004987010073657265,0.5464500448105306
597,0.0021407050986603188,0.5486759561504405,0.0023165331851264246,0.5487423331298292,-0.0022204709320583107,0.5517066259222023,-0.0022737361484747587,0.5516686175648736,0.0019333823373855151,0.5512529347486352,0.0020123038555575467,0.5512852869425503,0.0011908216178506922,0.5474363582758418,0.0011637292998642349,0.5474280595953704
598,6.246132886919113e-05,0.5478679114870614,0.000186788018677102,0.547906662217844,-6.405581564968184e-05,0.552577812961545,-0.0001829889904867466,0.5525231186579852,0.0003829621608324991,0.5505703754006839,0.000378749499223453,0.5505648546023698,-0.0008917342116621718,0.5462305978916714,-0.0008782577089684673,0.5462300955006815
599,-2.730414705631629e-06,0.5478400577177264,0.00017048824804012481,0.5478721106314065,0.0008750749521258309,0.552832472161683,0.000762618022654219,0.5527716585905732,0.0008514468298811833,0.5505206679230722,0.0008678674665799279,0.5505290090039857,-0.0006424818408828297,0.546575621875728,-0.0006128302570327642,0.5465987362602944
600,0.003357519474102283,0.549497726016296,0.0034331400771196127,0.5495170894879171,-0.0009246873680229625,0.5521374662873656,-0.0009380553717687904,0.5521220188902275,-0.0004532937765163163,0.5500985665725726,-0.0003880130492210176,0.5501515672757238,-0.00281817551887354,0.5456896794346555,-0.002914144936320874,0.5456535092356801
601,0.0010848266128021587,0.5482545544730456,0.0013588817200367164,0.548369578065011,0.0003029961162902421,0.5524164301269775,0.00031964723079615335,0.5524211670587357,0.00019968801570303076,0.5502720420488657,0.00024256287050286197,0.5503031062525455,-0.0009337542592649687,0.5462591620256657,-0.0009661328388075242,0.5462632715384576
602,0.00334881636203711,0.5494717232560905,0.0034846876473845103,0.549520492827598,-0.0017567043204861838,0.5519552099367574,-0.001533284584355786,0.5520419350493804,-0.0020640386412267395,0.5493907123782006,-0.0020242368947964847,0.5494278215336998,-0.0025844385859319467,0.5456514115751475,-0.002508866278068478,0.5456758573182371
603,0.0007496124653235186,0.5477806955851893,0.0005207339042632671,0.5476542151787711,0.002585604055819643,0.5532940570908147,0.002156602483631778,0.553073513046878,0.0015327953945000951,0.550807329643907,0.0017346103239294901,0.5508960470753359,-6.529863380026475e-05,0.5467712787429725,6.494017331646797e-06,0.546810251411903
604,0.00332811566893618,0.5490220343525433,0.003612645649589418,0.5491456019381727,-0.0008084629994636316,0.5523860195676887,-0.0008611075483220448,0.55235615037169,-0.0026645071429050576,0.5491764649671328,-0.0026479339251623372,0.5491985731781442,-0.001956538826871139,0.5459480172207168,-0.0019727464856845855,0.5459365708570066
605,0.0009984146878947216,0.5481968963961499,0.0009285487823179547,0.5481428863611023,0.0003838920022845047,0.5530047635112192,0.0005231344471454494,0.5530714275895553,-0.0008978692462793216,0.5500366321859478,-0.0008180864922732343,0.5500801392212066,0.0007250032487307184,0.5470988403222081,0.000650103202533481,0.5470680790026887
606,-0.001992231857892775,0.5468722564543603,-0.0019953389380458113,0.5468336900887957,-0.0011718146627650106,0.5521810019685875,-0.0009338700371425211,0.5522892049200369,0.0007144718895595627,0.5504959123717089,0.0008021094630836514,0.5505465226570495,-0.0019609164842049106,0.5457255468122537,-0.0019787369226520984,0.5457244765749344
607,-0.0015779646196446243,0.547238333751357,-0.0015813250818815794,0.547231911962938,0.0008758433394280346,0.5527422596658823,0.001045714874958651,0.5527840483629648,-8.18978217846745e-05,0.5502493355513698,-9.891162734522235e-05,0.5502273577432233,-0.0007630070424413888,0.5466018558943168,-0.000869763711018974,0.5465595697587707
608,-0.0027448889289956387,0.5464907195784616,-0.0028800484619309064,0.5463681977593836,-0.0018978275077941506,0.5518256587274523,-0.0017225524239572814,0.5518731229153883,-0.001973437936341376,0.5496656624206452,-0.0020818289193090763,0.5496430924332759,0.0006564118586978694,0.5470290959120553,0.000680738668606741,0.5470641161398485
609,0.003064118965797617,0.5489289331584345,0.0029191312203463893,0.5488334414082844,-0.0006877012019852287,0.5521735345567256,-0.0005481379258906403,0.5522008653769981,-0.002237411907825755,0.549463274111612,-0.002145795194432334,0.5494934675222479,-0.0017397622832197215,0.5461363320716135,-0.001794443013356492,0.5461147670084184
610,-0.002587122702556546,0.5461612008437661,-0.0025502014635753177,0.5461481778047768,-0.000333924547476962,0.5525127757797086,-0.00046489215248489494,0.5524371180628486,-0.0020092316420789627,0.5490824656261751,-0.0019576658880292785,0.5491178279451933,0.0002127156771905976,0.5469722417042763,0.00029390180084091046,0.5470431083668738
611,-0.0002864865613880613,0.5475484228030472,-0.0002188652965607289,0.5475401448233423,-0.0014421048364520316,0.5517925172444259,-0.001440069459823639,0.5517848853629498,-0.0007620769304394331,0.5497841258790584,-0.0008753580252870774,0.5497354623151515,0.0008592281890790854,0.5469132999558514,0.0009147315617561201,0.546954489967912
612,-0.0028447724896256657,0.5465312558532477,-0.0026874036648233987,0.5465755739337915,-0.0004912892991606629,0.5525997056412552,-0.00031735207818183743,0.5526323205838007,0.0007842820366061144,0.5504524808853635,0.0008095246215631987,0.5504755436378465,0.00023576779800233092,0.5467364801632958,0.00015582028679312403,0.5466991249172644
613,-0.0011602938829451193,0.5473721521226638,-0.0011451653184446722,0.5473586394439237,0.00205099597235382,0.5535908678447263,0.0019733023385177704,0.553560887610421,-0.0006044572934808598,0.5502434391769239,-0.0006759892900469626,0.5502260905610599,0.0029363961852407437,0.548027833257201,0.0030370309864078387,0.5480749422098928
614,0.00038674880730669444,0.5479949265342295,0.0005588584171896423,0.5480701256905022,-0.002164815334493127,0.5515720879427838,-0.002275305880242694,0.5515111639988138,0.0010495255244685807,0.5507528034931504,0.0009380503943726438,0.5507272026646346,0.0010682409508963868,0.5473547529240467,0.001057920227631905,0.5473561515394352
615,0.0015372323317020327,0.5485787392349158,0.001491489630815182,0.5485308158114158,0.00207407641139869,0.5533822194188436,0.001915773713588068,0.5533094532365413,-0.0010702908204549319,0.5499326779348132,-0.0010420209768288483,0.5499561495843893,-0.0018639791796404303,0.5458201857115124,-0.0019273985212332754,0.5457874949658793
616,-5.085979848273992e-05,0.5474588328005244,-5.190318134277282e-06,0.5474727820407778,-0.0005256122709539506,0.5522765141946314,-0.0004703181516431747,0.5522831777707675,0.0012524901700108363,0.55078000908437,0.0012790508402465896,0.5508009448213539,0.00029682645251381004,0.5467815561165177,0.00031380729122622785,0.5468124247349352
617,-0.0011211086193032285,0.5472234043548762,-0.0010824801265121948,0.5471944488060362,-0.0006615365839991032,0.5525177982714272,-0.00048158295062812503,0.5525728456479492,0.002281547088722886,0.5512378394149288,0.0024090336077159133,0.5513147017107145,0.0008949983403784364,0.5470094919096619,0.000922563669995578,0.5470387812184385
618,-0.0013867882153391373,0.5471233705218272,-0.0013565600939217156,0.5470913076632354,-0.0015661844133099863,0.5518895570035997,-0.0014364426298267997,0.5519306425472305,0.002335992101358633,0.5513470731078266,0.002518726927280382,0.551417414231887,0.0007551251839287023,0.5472206702495936,0.0007886706770534384,0.5472382227947415
619,0.0002904907878576921,0.5473517317085804,0.0003554196507406708,0.5473422062800347,-0.00121127597800517,0.5520959669852054,-0.0010660442229580719,0.5521467139820108,-0.004087749735249128,0.5485227676015892,-0.003886213311623948,0.5486006810802848,0.0008864536528903226,0.5472803910038804,0.0009741594458016435,0.5473282506752924
620,-0.0018573608909812848,0.5466763112422711,-0.0018910722713230018,0.546637607865771,0.0005789461385892484,0.5529471671680503,0.0009343847598782219,0.5530983852735697,0.0007401227802880942,0.5503511657686913,0.0008493730317469493,0.5503941410709906,-0.0028000771053066156,0.5457413065934228,-0.0027852071209028793,0.5457689885232355
621,0.0003976369001756404,0.5478838465460206,0.0004599922317026624,0.5479058053239435,-0.0006410092939165933,0.5522614538242244,-0.0005968305141111899,0.5522851254721942,0.0017926277163878449,0.5508611067853395,0.001705233214732535,0.5508147338717043,-0.004218091548843106,0.5446734486318566,-0.004322745425306128,0.544640055827719
622,0.00367821908269266,0.5490858353282434,0.0036449796160085957,0.5490467041616879,-0.0013720550402048198,0.5519371315909513,-0.0013510523988062555,0.5519349388189109,-0.0014413406536750032,0.5495919429740249,-0.0015391544988021307,0.5495605460159646,-0.0008856979211246397,0.5460493388116037,-0.0008710425104227186,0.5460489190275354
623,-0.004304699638477801,0.5458181462956815,-0.004354886572689789,0.5457718340953014,-0.004094512823878117,0.5506131157803101,-0.004070591828987097,0.5505899526490307,-0.001703302833121195,0.54922510016622,-0.001720462190024627,0.5492218144452421,-0.002748413071101453,0.5457307499524167,-0.0027997105096225446,0.5457036368909239
624,0.0003014600232469002,0.5476830403168426,0.00010723222791444726,0.5475032669889132,0.004224938079334704,0.554553312294539,0.004278234405269701,0.5545616642110881,0.0003014572005171112,0.5502337450201221,0.00024323900529730523,0.550221303239976,-0.0019180455514941806,0.5454611097726607,-0.0019264493913448326,0.5454752928531496
625,3.2570550793556084e-05,0.547491394291476,-2.6862776926656726e-06,0.5474592819037861,-0.001317612663089528,0.5520955161166706,-0.0008884608787523351,0.5522679162185737,0.0035311343006815903,0.5515344601604419,0.0035593374261049665,0.551547791731756,-0.000624061109121463,0.5462180991493254,-0.0006063042840616823,0.5462195306883422
626,-0.000920127051089571,0.5471443760458015,-0.0009257392384699734,0.5471431132217964,-0.0016893296401297182,0.5519324532351657,-0.0019450186207023157,0.5517929010657147,0.0006303104137564716,0.5504441143189973,0.0007970265236760824,0.5505186351358161,0.0008713430255872836,0.547470301931497,0.0008799664469635002,0.547484236519936
627,0.0024949154588070877,0.5489682889593558,0.002199462440480776,0.5488378782394363,-0.0008848693831287818,0.5521040594039824,-0.0009394093149464279,0.5520419916952685,0.002174128586699226,0.5511759153125076,0.0021667814417505866,0.551175215270803,0.0016161295867063825,0.547354492401335,0.0015681416323963984,0.5473408859811627
628,-0.002042931413874372,0.546784679836101,-0.002018484492979552,0.5468054607294346,-0.001789885584592416,0.5517903783873731,-0.001811088256038644,0.5517696637721659,-0.00247157751938302,0.5490985069386403,-0.002515293425348415,0.5490892441043121,-0.001586747519454055,0.5459436601971197,-0.0015803576725910134,0.5459626089028272
629,0.0001533879113259677,0.5478103412588613,-0.00014552380645978661,0.5476353959262698,0.0007235783590271342,0.5529379086148098,0.0007563360365321717,0.5529315144126296,-0.0011445151705850247,0.5498994818182141,-0.001193532882215447,0.5499088440917911,-0.0023758366692474436,0.5455298683086476,-0.0024127274648592864,0.5455138209530427
630,0.0014610246883286126,0.5481796579013313,0.0014873180593378457,0.5481657247216639,-0.0011232447405387913,0.5519748035254685,-0.0012061938878407447,0.551930001590195,0.0004406963753556515,0.5505441365049862,0.0005176559699300964,0.5505708175617346,-0.0010267604371219216,0.5463415838358443,-0.0010566849754817932,0.5463404048804502
631,0.003365551552499317,0.5496629548205344,0.0032068208390891636,0.5495087582743925,0.0018350076795227474,0.553431995926168,0.001746233324379113,0.5533966363302313,-0.0018959010662367465,0.5493567801000485,-0.0018732092046411354,0.5493677882005287,-0.0024203219480738464,0.5457276115607738,-0.0024605080687825965,0.5457194112512768
632,0.004853240095250846,0.5499404467944166,0.004982806019497207,0.5499708873970962,-0.0012038348355106784,0.5523230155995096,-0.0011241534852786902,0.5523710432248865,-0.0005313650656423152,0.5499132360904774,-0.0005244221920845269,0.5499072518633265,0.0007700429637371598,0.5471038059125375,0.0007119341834071407,0.5470771076551028
633,-0.0010108665085734262,0.5470268389580647,-0.0009344468597871588,0.5470546747507629,0.0019863296737327547,0.5536905507892134,0.0020576017081673174,0.5537103601278149,-0.0005736376065576616,0.5499848274828745,-0.00048647395119287605,0.5500172781262421,0.002526473721104376,0.5476913000217227,0.002501451429434554,0.5476864159908513
634,-0.0017930516429000747,0.5471665608291376,-0.0019657026956420927,0.5470285831839311,0.002038813811810616,0.5533216482758769,0.002192148211254035,0.5533917922913774,-0.000404931586999278,0.5498782162860785,-0.0003431578601832531,0.5499089549733328,0.00044466845322811634,0.5467959498691517,0.000507534503341455,0.5468345131058988
635,0.0007506646402764424,0.5479536501812384,0.0008072125576115214,0.5479581438842529,-0.0007126318336016756,0.5523742526765106,-0.000722953773813172,0.5523668733113279,-0.00316797414913854,0.5489348331155309,-0.0031798569197503193,0.548945905563609,-0.0042782454873390415,0.5448983048192723,-0.004372431825578741,0.5448681487910979
636,-0.0040570853369072965,0.5456737154696936,-0.004076670793089339,0.5456483784573504,0.002944467320874658,0.553987865199709,0.002846005816899042,0.5539052173505142,0.0004962985949112655,0.5506613823424246,0.00048107736937812526,0.5506667813828477,-0.004102851165128507,0.5450246166944746,-0.004135114243177564,0.545013765263475
637,-0.002891752939581504,0.5463868357147638,-0.0027698797041512437,0.5464140972111804,0.0015093067005701325,0.55303101036733,0.001643502178736323,0.5530761836339911,0.0033240944517997067,0.5516075501370565,0.0033060439617655243,0.5515886804368296,0.00047447283206362095,0.5471641945690323,0.0005389551747267362,0.5471861798849152
638,0.0008849661890954324,0.5478203278568688,0.000992334873520924,0.5478683728059387,-0.002511044054727346,0.5518336433926224,-0.0024660697977753015,0.5518385330345902,0.0006692700538893892,0.5507634470784306,0.0006581131496931199,0.5507796799020049,0.001063144392532249,0.5470912738899251,0.000996601746542716,0.5470767257483854
639,0.00011778250745382753,0.5475431165105362,-0.0001387570141275313,0.5473822603228501,0.0015993080747198647,0.5533511234616115,0.0016648684882338198,0.5533665337164241,0.0013289775864090206,0.5508761297456514,0.0014049741124829132,0.5509151542174667,0.0007791313212680715,0.5471849252309959,0.0007496553283025178,0.5471766944853035
640,0.0001844429684598611,0.5478804534152105,-2.9462398458640642e-05,0.5477369343900476,-0.0018574668517516819,0.5515710290835847,-0.0017097602002852763,0.5516337606544802,0.004497062408588698,0.5520485029612168,0.004413790769377153,0.5520358755026319,0.003100487867037808,0.5479350016129944,0.003013478767564084,0.5478994054463414
641,0.0006409806957904173,0.5477054495846803,0.0004569778014003277,0.547596019643692,-0.00010829136710912469,0.5527835126602046,-0.00014316165737458082,0.5527460036622017,0.0017042281944727462,0.5507763625646103,0.0016827254472192865,0.5507715312134921,0.0011600878110436755,0.547208472505385,0.001084530874233319,0.5471958013736947
642,-0.0012757093357721805,0.5469069706695475,-0.0010745875797404296,0.546978724601202,-0.0006911338245591116,0.5521728882694271,-0.000659585194932634,0.5521821983134801,2.690479630495692e-05,0.5500647287902789,-5.884746813298496e-05,0.5500381554940509,-0.0029702046880690463,0.5454870313991863,-0.003075545959383537,0.5454257923661775
643,-0.00036081097336918775,0.547526381197359,-0.0004853406644129989,0.5474488647336299,-0.0014625012278772296,0.5519575621404967,-0.0013248020031971488,0.55200403843613,0.00047096947726614247,0.5502141768255854,0.0004903622888362478,0.5502206418164165,0.0028389441529113554,0.5481341704033714,0.002892669777661874,0.5481925930419851
644,0.00029925407648044615,0.5478255461630727,-2.125659684845881e-05,0.5476741459430229,-0.0005164441095076346,0.5523163262043628,-0.00035323882744989617,0.5523549384094095,-0.001274509691942755,0.5500857911837702,-0.0013615951699067037,0.5500489285558428,0.002183005009230462,0.5476863372707655,0.002145035589436802,0.5476899905066233
645,-0.003949639185005917,0.545448189511744,-0.0037461531299692982,0.5455232334684514,-0.0010442319012989383,0.5522308248230802,-0.001186141736792147,0.5521376583258083,0.0006519261856552922,0.5506116816625326,0.0006373818651450603,0.5506083561096147,0.000647945639017247,0.5471604453565027,0.0005257832206479786,0.5471117617757182
646,0.0010475292097893113,0.5481923101629063,0.0012362609976099277,0.5482650625362615,0.0010110394999842817,0.5530374321042565,0.0011588426341231776,0.5530885388897605,0.00023515268784541537,0.5504633128376739,0.000230803424804288,0.5504685007126645,-0.0010524346537923274,0.5462566695903348,-0.001061685695063699,0.5462648906970042
647,-0.0005563439448048548,0.5474954394244679,-0.0004828409739511776,0.547523528023886,0.0004472104098993764,0.5527766095442569,0.00046561012621478817,0.5527832232998727,0.00028536759116345474,0.5504501174368576,0.00020979368418808436,0.5504279519375563,0.0011366788839926717,0.547389364308477,0.0010315976283299681,0.5473397579479898
648,0.0010176799981582157,0.5478936891148417,0.0007733503196247302,0.5477577033477189,-0.0013641209785643588,0.5519906744541982,-0.0014703484474922004,0.5519328869202046,-0.0029517846177204827,0.5488820361584832,-0.0030450703461354597,0.5488521795900124,0.0005282507262500747,0.546860142006299,0.0005137713260719725,0.5468497976999559
649,0.0005480848978806583,0.5481158282874045,0.0006478211060005481,0.5481331980824903,-0.003542129640385717,0.5510110454709313,-0.0035542292570106605,0.5510022576252883,0.0018632516376904601,0.550910499208132,0.0018214357223925377,0.5509032385946501,-0.0003915978619979887,0.5464948474796941,-0.00037996536630258046,0.5465043242057647
650,1.5729919137942685e-05,0.5474333809103434,5.4820345436422726e-05,0.547438547352263,-0.0009530787995434198,0.552203173357353,-0.0009501002348229594,0.5522005486725088,0.0025185213490691778,0.5512970987691496,0.0025436360294973895,0.551326606650849,0.00030316039899488907,0.5467795595696577,0.0004183594298252946,0.546840835984462
651,0.0032933568325486952,0.5492459796207109,0.0029894770552920218,0.549061200928873,0.0015007841702083162,0.5531419721525672,0.001484702279971555,0.5531528117606729,-0.0001243255094128502,0.5500472678121708,-0.00030434499188841175,0.5499682138531632,0.0007633888782659313,0.5468430863917185,0.0006821460529359214,0.5468331692751738
652,0.007452364217734611,0.5512835098593704,0.007366789495864554,0.5511507394564995,-0.0006070809974469859,0.5523410469312598,-0.0004806515720076794,0.5524160274880443,8.658509727579107e-05,0.5502231654714129,-8.054874696831694e-05,0.5501532845607432,0.00079077674106678,0.5470726603329932,0.0008656532717872667,0.5471237036581852
653,0.0008089389496943539,0.5479750018812926,0.0009019477046045589,0.5480141381009974,-0.0013107817102950392,0.5517968243207495,-0.0012609451584828077,0.5518115188046114,-0.0003892641306103141,0.5498750584714273,-0.0006018859843582306,0.5497901253886338,-0.0001228655377923357,0.5467225422760768,-7.625864630067402e-05,0.5467708592458376
654,0.0016182991979733863,0.5488048855656896,0.0017929208235593344,0.5488609250420072,-0.005503104114819566,0.5498643034863444,-0.0052878407654070834,0.5499065509267712,-0.004300150512612011,0.5483477111425668,-0.00429563056823692,0.5483385666199346,0.0013957637056153703,0.5473516646828619,0.0014777115044164295,0.5474056962419414
655,-0.0027736291527603106,0.5465151526727295,-0.0028168445863542557,0.5464918847430588,-0.0009679837538507989,0.5521433438141417,-0.0009100399317482504,0.552167533424008,-0.00010783223011267817,0.5502620346800488,-0.00022635377513564482,0.5501978290138844,0.001382696392871533,0.5471694947504656,0.0012846630636023013,0.5471475788836643
656,0.001498120689438395,0.5484450174596295,0.0014674871875289279,0.5483952699274519,0.00208200054519862,0.5535330842504688,0.0018959354685197996,0.5534234551706749,0.001277690579469353,0.5506637438457745,0.0013378442316012004,0.5506899269958233,-0.0015096019635500828,0.5461439282883165,-0.0015549614864111203,0.5461288699674117
657,0.0022049472747666774,0.5485837520077106,0.0022123568903999993,0.5485664833831191,0.00021846695600216684,0.5525965704448879,0.0002761970020969035,0.5526210232553267,-0.0008627487039847248,0.5499530637078411,-0.0007893832073687726,0.5499999403795595,0.0009382073804975948,0.5470968862325335,0.001066804145011426,0.547156214765598
658,0.0012510415330477995,0.5481010838154972,0.0010652021572681882,0.5479529188875346,-0.0024373890201982783,0.5518382450908014,-0.0024681866814263297,0.5517777378565878,0.002968323952736468,0.5512442477146778,0.0030113211073026207,0.5512686583843013,-0.0013485486476800172,0.5460934862341907,-0.0012365382715961288,0.5461381141642262
659,-0.0002849528028243205,0.5474991461537989,-0.00038640055609606423,0.5474185802218815,0.0033066862842317662,0.5541303792179625,0.0032502538687480564,0.554086090633401,0.00244764738261354,0.5515270011412657,0.002513582804080632,0.55155103738474,-0.001666800562332836,0.5457839554883279,-0.0017596254625905393,0.545753144220498
660,0.0021202067287354642,0.5486842228002242,0.002114438772404084,0.5486728675741417,-0.0011344099575238053,0.5518075786313559,-0.0009638074393202607,0.5518850097388257,0.00032701069870522104,0.5505532660677082,0.00036359642458854135,0.5505877194660401,0.003350714277751425,0.5483768226411136,0.0033168715507647037,0.5483704112182809
661,-0.0012317712103331602,0.5472609853178607,-0.001387367776914725,0.5471536936510343,-0.000691971818170462,0.5520080572439366,-0.0006597431627344538,0.5520202297229576,0.0022881331399895485,0.5513420331889192,0.002283500546201272,0.5513659859922265,0.0002675781368259629,0.5467202268373373,0.00034313866172858707,0.546753507027581
662,0.0010348215987915812,0.548284814054062,0.0010676837442006222,0.5482453261524518,-9.70939157237641e-07,0.5524030044334619,-0.00017215623841306554,0.5522976317511659,-0.0006932782054197524,0.5499059629341178,-0.0005872578678497732,0.549963475462301,0.0024875773883912995,0.5475230940715284,0.0025417416123298306,0.5475476725464324
663,0.00020174080684594873,0.5475789046519202,0.00019804689088180597,0.5475834911962226,-0.0010183729130690212,0.5522065862335593,-0.0010332920808730202,0.5521615517014199,0.0018468485909982765,0.5511631477078422,0.0018543377766446162,0.5511750244627122,0.0011445005446983295,0.547426027575363,0.0011256539602934924,0.5474169845130356
664,-0.0003170471374792523,0.547647848444296,-0.00024034149048790112,0.5476741294466354,-0.004008133464767915,0.5511341391739046,-0.003715607873915242,0.5512614832752728,0.0010591860848189417,0.5507911828384967,0.0009322403160633781,0.5507468250878903,-8.366534896059904e-05,0.5466118072150654,-9.697342762373706e-05,0.5466295663787254
665,0.0013760976548147592,0.5485044818655105,0.0012309048229722213,0.5484272721646936,0.0009825619626514124,0.5529371810494351,0.0010491303898193217,0.5529488321330674,-0.0034728516968893703,0.5485110920442652,-0.0034627779007828027,0.5485110001448702,0.0014866890070331237,0.5473023682962322,0.0014057117926912475,0.5472755520529088
666,-0.00285470597826833,0.5460305705604095,-0.0026007335781846755,0.5461537073079427,0.004044118955174636,0.5544339294620879,0.003994859051112758,0.5543823956691876,0.0006547118299391821,0.5506586700177911,0.0007608207817032262,0.5507212022633715,0.0014384472351220417,0.5475676232187399,0.0014919675359876226,0.5475979832475337
667,0.0010401532876863414,0.5479780944691329,0.0010570545066763686,0.5479453266255004,-0.00014948505184333806,0.5523523426385792,-0.00020695073025183742,0.5523302255747679,0.0037702277172878343,0.5521104589297778,0.003713188968087049,0.5521017547218149,0.0002121767186997818,0.5466935387870916,0.00026230767976051836,0.5467176424020957
668,0.0008290253963528551,0.5479791697247999,0.0008077602517176755,0.547950854998684,0.0005620248734289472,0.5529099630052349,0.0005657490964817042,0.5529177335106045,0.002371038561266388,0.5512298266523522,0.002202196328480335,0.5511603775604949,0.0016573044545478953,0.5475300449767219,0.0016736288419752544,0.5475385737575639
669,-0.0017148658880030965,0.5469294278803714,-0.0017042894969262563,0.5469380084413087,0.0007105154521670169,0.5526999638499289,0.0005542079563966336,0.5526181584691897,0.0004158710050310901,0.5505732850787449,0.00044499821250253987,0.5506014038279333,-0.0016028022389260493,0.546034829478716,-0.0015594371638554237,0.5460718181332863
670,0.0016777839922676313,0.548168816061017,0.0015351597393470388,0.5480942072733915,-0.0005304953252314376,0.5522887312267935,-0.0006022261792239235,0.552243994051188,0.000639599036046634,0.5502483037301171,0.0004029373288251435,0.5501789672806358,-0.0011214722228140436,0.5461582798436826,-0.001170447369922378,0.5461495288214498
671,0.001376129202209189,0.548445782549054,0.001430584211307542,0.5484343992976916,0.004702446164921859,0.5547966032483385,0.004592410948751798,0.5547403411009924,0.002564587886229216,0.5512144740395426,0.002443816390081476,0.5511635335682926,-0.00029036010930110027,0.5464973604318223,-0.00023676123513573382,0.5465247815799262
672,-0.0023145760027590673,0.5469450446154853,-0.0021020221392056538,0.5470383007192949,-0.00027468934249028803,0.552510143437176,-0.000330229188901007,0.5524542440087089,-0.0012569312846815292,0.5497947194913976,-0.0011309935712506614,0.5498481453166417,-0.0022765357957224507,0.5453944669443307,-0.0022728067273041753,0.5454092529067148
673,0.003520198013388872,0.5492354237207114,0.0035410033653881776,0.5492310970609188,-8.691255119245992e-05,0.5524477147696826,-0.00010558264944195295,0.5524225602719048,-0.0011259566292359763,0.549672744504231,-0.0011234934346698448,0.5496815645231412,0.001293854425889985,0.5469957970860494,0.0012430680007722195,0.5469785208688495
674,0.0004095393777154694,0.5478633082263845,0.0004243175887132001,0.5478572695835638,-0.00017970668895494354,0.5526736229982884,-0.00016687544530127616,0.5526558761150827,-0.002172106449748777,0.5493247831790725,-0.002002558098255397,0.549380582672338,0.001024125532286024,0.5472227581577481,0.0010675406310480056,0.5472622934338172
675,-0.0009212023773269461,0.5471088032837933,-0.0009866048541880273,0.5470530602112308,0.0006880292850223605,0.5529644480183147,0.0006714629551401859,0.5529489207770887,-0.0014857953822758356,0.5495786353070814,-0.0015351472724203514,0.5495680607647714,-0.0015798678896017948,0.5459199825554215,-0.0015518022699866985,0.5459456227850705
676,-0.0021468573219975743,0.5465618239566562,-0.0021862798081100543,0.5465473125447253,-0.0022095516458164217,0.5518853730450359,-0.0022017913801002692,0.5518669404118783,-0.0011420157864499285,0.5495906806766111,-0.0009045036092008799,0.5497015825839374,0.0020580500929453295,0.5475035146078272,0.002084790991162683,0.5475079715266875
677,-0.00018117930161651278,0.5476907040911496,-0.00012317184353045178,0.5477120178589162,-0.0017535410198641313,0.552240181230753,-0.0017681480997874333,0.552223049053633,-0.00130351307294568,0.5496729863196644,-0.00135817466366044,0.5496564261800778,0.000839121815369432,0.5470611965303788,0.0008321063734161843,0.5470522383576961
678,-0.0007935887378627565,0.5471746843231617,-0.0008832088073849075,0.5471192490294293,0.0012160849669119163,0.5532912793550951,0.001132476854157385,0.5532548701085969,-0.003964543171541894,0.5486128698541387,-0.00400453352278023,0.5486152174801434,0.0003270281346896891,0.5467579950880458,0.00024008711970224927,0.5467271337034431
679,0.00039131522014856115,0.547866640856478,0.0004774053205255275,0.5479110388336932,-0.0006570696184784428,0.5522192302219695,-0.0005297133097592071,0.5522651830369988,0.0010470039078759135,0.5506525539115016,0.0008957437667764445,0.550593856229845,-0.0006522891244454313,0.546321258651775,-0.0006931561903793011,0.546308085639731
680,-0.0021442958645956686,0.5470930847125508,-0.0023423218621032187,0.5469534640452861,0.0008950582438184974,0.5531952414982438,0.0007230599886079496,0.5530912402492181,0.00011948039621172738,0.5501719798121092,1.474091057911095e-05,0.5501521065177623,0.0010961929237283106,0.5472643941334457,0.0011243104361010154,0.5472832460160987
681,-0.001686098994527691,0.5469792279919158,-0.0022103120206343175,0.5466981648217638,-0.00169672590206452,0.5520181702714763,-0.0019384130075289826,0.551888820883128,0.002714210644430179,0.551667092285394,0.002742839578245794,0.5516979284470263,-0.0003961630092717348,0.5462259005376126,-0.00046172764506337743,0.5461863854514113
682,-0.002478101067033569,0.5462949684464963,-0.002681693589188678,0.5461491012942894,0.0005461186129145751,0.5528217678787906,0.0008116977881327275,0.552943634558731,0.0001423517648133474,0.5504159785733197,0.00010945613685896752,0.5504123474539819,0.0009028316513567007,0.5473196778109424,0.0009726488390946923,0.5473480779804665
683,0.0004346706928187811,0.5474759112548145,0.0005061402197781341,0.5474492130887881,-0.0015935580878842631,0.5516762579478421,-0.0014711859744619765,0.5517219426553365,0.0014569998515090727,0.5510861630999369,0.0014284211346194556,0.5510917983029807,-0.0010964759523200693,0.5460947347248776,-0.0010584053554265629,0.5461038748198391
684,0.001286344323437377,0.5481650726662886,0.0011555519362647748,0.5481085367171135,0.0029677731526798015,0.5540168799069991,0.0029713534894888986,0.5539926916621251,-0.00044367082530877115,0.5499829738715512,-0.00040627395554005487,0.5500138780150702,-0.0019041437820972822,0.5460912693989871,-0.0018911156555042937,0.5461161900050165
685,-0.0019319340740874995,0.5468700846595932,-0.0018541067830592786,0.5468649129088811,0.000720017868405708,0.5529972683388474,0.0007254535592661604,0.553000133172714,-0.0005318473619256695,0.5499650720097574,-0.0003609938821836156,0.5500681791348603,0.005548581875337658,0.5495154118038437,0.005493287908196723,0.54949931084205
686,-0.0021024559111230343,0.5464895550564172,-0.0022955248741416225,0.546350139181229,-0.0017645771894263414,0.5516981758853757,-0.0015876443619111513,0.5517483290914318,-0.001433269586165754,0.5498233438088849,-0.0014728781242290556,0.5498164856408655,0.0016064515881592698,0.547398215512596,0.00161630477403746,0.5474017445611793
687,-0.0013399159192733657,0.5470246218615422,-0.00120786914700011,0.547082401005332,-0.000296983770419866,0.5523041690706303,-0.00022311977592080987,0.552322198722213,-0.0011025704989798097,0.549930403950951,-0.0011131028596677397,0.5499236631686962,-0.0014726479807830606,0.545721428986123,-0.001489954802097518,0.5457224773096324
688,-0.0020625634515881413,0.5468943876578252,-0.0019303172868909925,0.5469053721030258,0.004574273833007369,0.5545735830173832,0.004351621701908688,0.5544687125247397,-0.0008172753506681597,0.5499750388262424,-0.0006774633725434263,0.5500357952193963,0.0008345747305137575,0.5470767695138402,0.0007849169464889095,0.5470570043559265
689,-0.0016493181401456539,0.5470219349886537,-0.0016178125295047367,0.5470102252466641,0.0003551797098435393,0.552574067749449,0.0006353601509790041,0.5526696502528381,-0.0014393078190332402,0.5496773268782972,-0.0013631581449360369,0.5497554982278249,-0.0018591852060870415,0.5457396699247399,-0.0018550757416671024,0.5457585064948723
690,0.0022840947207085492,0.5487807131291658,0.0022496666082497977,0.5487283202546527,0.00042544873339025926,0.5529673623752079,0.00047261174472807457,0.5529733399778637,-0.0006148182046472388,0.5503114254592579,-0.0005955882037703452,0.5503381504472521,0.0013765462350112728,0.5470817628405963,0.001387357072181749,0.5471165768214293
691,0.0010303270354130468,0.5481638054223928,0.0010599449913247397,0.548142556949682,0.001925987518677073,0.5534621826091118,0.0019904871793062972,0.5534754369755351,-0.0008042488134090238,0.5498692652142058,-0.0007722892152490437,0.5499107781282327,-0.0007829924716770857,0.5463380326523434,-0.0008074686478232695,0.5463390533035674
692,-0.0008301436058514239,0.547004701300062,-0.0010333335526584242,0.5468895551987786,0.00035175772946529623,0.5529644639029574,0.0004724606812426082,0.5530091785300457,0.0005850614100053491,0.5504804778179163,0.0006325666716515596,0.5505077356095737,-0.002671291903864887,0.5458687707325088,-0.0026106949194412785,0.5458970815692256
693,0.001320966678485615,0.5482597589764753,0.0012664496088256765,0.5481790308950569,0.0026758184320937353,0.5537221249093498,0.00277164501650156,0.5537540434195446,-5.277388099158129e-05,0.5504529092264044,-5.4536025963854975e-05,0.5504391714993486,0.001129223441090371,0.5471457448046051,0.001082796450645379,0.5471327981740526
694,-0.0015134786216594708,0.5469344795025877,-0.0013384043509055978,0.5470037536481639,-0.0009991999417817636,0.5522633341920723,-0.0011958427881364742,0.5521695182988003,0.0009423599655948387,0.5504311856132681,0.0008599815458903651,0.5503967418417179,0.0007117764357943211,0.5469804159352875,0.0007801753483103376,0.5470127844410483
695,-0.0007037407036846122,0.5470913698793395,-0.0007393635920171895,0.5470675280653344,0.0013213910812490883,0.5530246502160417,0.0012914479778387573,0.5529921094481186,0.00025482780268765653,0.5503676188492013,0.00031239531126570427,0.5504026534781209,-0.0018752755056097188,0.546217426367814,-0.0017848719287304013,0.5462507061025007
696,-0.001203827217681579,0.5471546407020432,-0.0010136145586311521,0.5472185705587492,0.002399006595466441,0.5538071352766379,0.0026546445992203225,0.553895568412415,-0.00023648788870323604,0.5500618596338093,-0.0002662370449819003,0.5500808392415331,-0.0015042581050667026,0.5460894517800486,-0.001521969472586756,0.5461043254772768
697,-0.0019956763628514148,0.5463817494480818,-0.001989838656318693,0.5463698463550907,-0.0021896170394337666,0.5515516962392787,-0.002306687212369317,0.5515083704495404,0.00021638541486598419,0.5503426491379941,0.00022758635669308178,0.5503491348382014,0.001009049591853239,0.5470575620026358,0.0009694660071636751,0.5470316426172239
698,0.001973967824739407,0.5485361710128929,0.0018265636348966496,0.5484740812335647,-0.001316031855952406,0.5520864838176491,-0.0013877678053430327,0.5520386198821651,-0.0012779829991840916,0.549550025775277,-0.0013637959824138758,0.5495366162088015,0.0003543304694294683,0.5470408152359895,0.00029143409855805525,0.547028197068018
699,0.0009452795097345582,0.5481009626740379,0.0009566083206479418,0.5481008718120793,-0.002826224077030402,0.5516067035383964,-0.002904306604612994,0.5515524465804705,0.0019784577077118937,0.5509985490489587,0.00202964378710717,0.5510322104547617,2.8610191619829147e-05,0.5468695651042034,6.931753546114386e-05,0.5468850071362447
700,0.0011295504547776168,0.5482563438224888,0.0010661102668954687,0.5481677890567943,-0.002318193627670444,0.5515725757455677,-0.0025543493430899085,0.5514474329780606,-0.0010644899637941734,0.5496406461081373,-0.0012505652398449392,0.5495823551454597,-0.0014992651727763144,0.546134383817311,-0.0015641703768872325,0.5461116642169951
701,-9.347298227257749e-05,0.5476841714174235,-1.9186562348283998e-07,0.5477116217777109,-0.0003367174497343611,0.5526485085913825,-0.0005932913182112044,0.552530331306554,-0.003898119980608194,0.5485139378960496,-0.003715895219783605,0.5486040662965278,-0.0008247509984978975,0.546355716261477,-0.0008773595141608243,0.5463325553720974
702,-0.0012711053270995224,0.5469597433915386,-0.0013758852575980727,0.546908668618603,-0.0013579914045419481,0.5522416178566644,-0.0015361753264432085,0.5521309087194255,-0.0013464158297053503,0.5495217729872294,-0.0013367155985176341,0.5495340286936718,-0.002679702265504392,0.5456409753977155,-0.0027012983883937126,0.5456518335982851
703,-0.0015482542559386659,0.5471310827960121,-0.0013592790969284597,0.5471699001848268,0.003520153345002375,0.5539863935411936,0.003718256745106136,0.5540742359664158,0.0014106366142145465,0.5510169921023395,0.0013996300999481555,0.5510103978759971,0.0011870552347698373,0.5473038635723193,0.0011995423515683483,0.5473165541474877
704,0.0009890978805295015,0.5482219475959488,0.0010854709446058957,0.5482574738126372,-0.0007456519519847136,0.5522623753826879,-0.0007858871415141571,0.5522439862247102,0.0011285637468393236,0.5509365610696015,0.0011755736739215456,0.5509780648740058,0.002504901569587215,0.5476959007442191,0.0024262791210209592,0.5476769512313591
705,-0.003028416484949798,0.5463966144489367,-0.003198516210293024,0.5463138887654738,-0.004783739993621412,0.5504870004818482,-0.004745116033587186,0.5504772345041525,0.0005271445838658748,0.5502893248218592,0.00039704161114391645,0.5502266992548437,6.430286431039773e-05,0.5469601265987616,2.8904712306694554e-05,0.5469535725079929
706,-0.0009715498114054919,0.5473102719179722,-0.0009451205961519454,0.5473108664439297,-0.0016500742512179564,0.5519083177879361,-0.001519648586009929,0.5519701100836161,0.006929188005421268,0.5532359199341991,0.0069696006665184345,0.5532459660106822,0.002247452346282062,0.5474391625358055,0.0021739080965606644,0.5474204276683808
707,0.0010999799915532434,0.548308424441861,0.0009143652095354405,0.5482142223149314,-0.0013797441480448164,0.5518429925851805,-0.001366273649134435,0.5518102848829302,-0.0025907023912773454,0.549487835750452,-0.0025207512956414452,0.5495256528727525,-0.0014167109464129884,0.546001323534378,-0.0014222245152798244,0.5460003316992875
708,0.0016595038912643261,0.5485570738353397,0.002035734829200005,0.5487222624810332,0.00011328718332427833,0.5527338998837706,0.0002979548023012894,0.5528176442953083,-0.00043438707231053153,0.5501282838844578,-0.00033511840804366757,0.5501814666459738,-0.0010127129892769254,0.5463561404812443,-0.0009406778576733607,0.5463988681698274
709,0.0022395328748492766,0.5486745468454308,0.002450715081748027,0.548750664418419,-0.0017468425000629687,0.5515593457887481,-0.001702284348007035,0.5515758156342745,-0.0013780745001866577,0.54976580724707,-0.0013724401561665909,0.5497678172183443,-0.0026485724789728636,0.5453975657710807,-0.002626063011053461,0.5454116749825729
710,0.0004817825880175312,0.5477979763983639,0.000606039434526101,0.547853951901515,-0.0013244554144772574,0.5521885154936269,-0.0012625685333181064,0.5522351735249269,0.0010344770510262516,0.5508490860947237,0.0010893791693277598,0.5508761307114503,-0.003706743806801706,0.5450737725447748,-0.0037512760804577286,0.5450543803012805
711,-0.0006545608450325689,0.5473378700583887,-0.0005939927625588927,0.5473486284020043,0.0007618577476318961,0.553117506093438,0.0009327711268256938,0.5531829264040137,-0.0008494970949184207,0.5496030395694225,-0.000754203244523066,0.5496374838179617,0.0019496749811493902,0.547604819081601,0.0019404155823656167,0.5476103774442381
712,0.0020302651627882866,0.5484399653626228,0.0023426592828567766,0.5485390006747636,0.00040842120323400093,0.5528593469064752,0.0004853465687060914,0.5529020867679512,0.0015388115483606186,0.550982537398642,0.0014796875104541583,0.5509602987125333,-0.0005241915061747333,0.5466245630197338,-0.000503092430566734,0.5466348044866564
713,-0.001516493839918244,0.5471125640475059,-0.001286780747372796,0.547204098593495,0.00034296080590772706,0.5530534137615335,0.00048136828967145244,0.5530962989137622,-0.0006144432380280637,0.5501768602910982,-0.0006210534252982018,0.5501841548280958,0.0001106167355206586,0.5467351750793439,0.00018806255179911962,0.5467707794557711
714,-0.0011910802664196066,0.5468050271714159,-0.0012415945164677804,0.546748274671794,-0.002755518640908115,0.551272084468311,-0.002689343268410974,0.5512693876860683,0.00048731921498684403,0.5505549262458874,0.00040810548182118324,0.550526563674051,3.530207246216995e-05,0.5466809784205549,4.5299063746805524e-05,0.5466827554909008
715,0.001867913449685046,0.5487537595708617,0.0017348729203920086,0.548661462594783,-0.0012297204906236419,0.5520931326809017,-0.0013624103580093187,0.5520193272943512,0.0016124749023126888,0.5509437224168012,0.0015833826116488274,0.5509591122750791,0.0008055641314423746,0.5473080686304619,0.0006748159439725252,0.5472814262983831
716,0.0009994200889847885,0.5481788646980248,0.001250827583528973,0.5482987249936598,-0.0030406123931908447,0.551027942387034,-0.0030103772421980857,0.551034675376792,-0.0003086264768070247,0.5500573627917177,-0.00035542573221354216,0.5500380911074648,-0.0012475920287446092,0.5457930659620326,-0.001175698622367454,0.5458317470638899
717,-0.0021270604239328906,0.5469147690186479,-0.002177816012573408,0.5468833102172238,0.0020292084393432343,0.5534610346430877,0.002082834434163483,0.553469963474408,-0.0009665728690028862,0.5499921752080451,-0.0009151518553029784,0.5500106400650203,0.0007334439377500735,0.5468236947758934,0.0007291835951991642,0.5468271128892881
718,-0.0012933991530899396,0.5470707793477503,-0.001501207747112854,0.5468927613974932,-0.002025115177057482,0.55168389166963,-0.0018521651268571207,0.5517477313837341,0.001579054340784863,0.5509148834652146,0.0016220174155464554,0.5509504548168446,0.00020400643101902303,0.5468250795770414,0.0001702986771832652,0.546818464065525
719,-0.0015594490908230148,0.5470497961578403,-0.0013714048929256968,0.5471022274973273,-0.005082216623876806,0.5503197752074876,-0.0052826161434722475,0.5502258746825232,0.0012266996646066747,0.5506632089541376,0.0011552618305596767,0.5506537585393428,1.0585361520049885e-05,0.5468014502442023,-2.1920813350880062e-05,0.5468048005485823
720,-0.002653935087527441,0.5462364813498893,-0.002584837292314565,0.546259423224508,0.003789388733169539,0.5542355437294624,0.0036817134884557234,0.5541800646292198,-0.0029187385805505748,0.548672899007444,-0.0029038868739968775,0.5486686261792084,0.0008844163839092202,0.5469771949365696,0.0008214367170466825,0.5469655244389763
721,-0.0054081418261371856,0.5453579688745903,-0.005407567462791865,0.5453409944004867,-0.002546234747513637,0.5515481733196035,-0.002479783505402408,0.5515562684839925,0.0004493088637850413,0.5506121172295012,0.0003317967061581462,0.550581825605521,-0.0016140034186735645,0.5460433273298616,-0.0016586338583133246,0.5460195014213083
722,0.0022684596273616566,0.5486871372162716,0.002219918831763964,0.5486169675315854,-0.0020666754580257146,0.5516367534737073,-0.0019996056702817288,0.5516488632514939,-0.000351595773923829,0.550000629806112,-0.0003902209552839907,0.5499833439074083,0.00017617340010424938,0.5469602329838229,0.00013120650220851138,0.5469448596635753
723,-0.0015027203284102193,0.5468493461236759,-0.0014116269624458349,0.5468425125917054,0.001880968828530307,0.5533875590347853,0.0017051900685676918,0.5533046739520159,0.000531843080729021,0.5506999173237555,0.00039783641978527316,0.5506475159420119,-0.002067759097434259,0.5457090732933373,-0.0020124077600484768,0.5457461252071447
724,-0.002231235469139606,0.5467580428081362,-0.002826286576449333,0.546462432649624,-0.0015804503262706797,0.5518569703735631,-0.0014555802762457916,0.5519102800074187,0.0031853204615046697,0.551657867562385,0.0032256165316080416,0.5516816942889132,3.2166517052663267e-06,0.546729640146032,-3.901736599010323e-05,0.5467143364395955
725,0.00026453435154516974,0.5477948637827624,0.00021996839637023751,0.5477578037940573,-0.002185202025773563,0.5516513129738327,-0.002152620282809494,0.5516286114337549,0.0021957188404266755,0.5511204187756343,0.002302206371738978,0.5511802975876482,0.0012619085702427473,0.5473312648603798,0.0013584352760692999,0.5473800537644697
726,0.0010103727483999462,0.5477157307185169,0.0012084472693815783,0.5478049812294595,-0.00039045033803151194,0.552424134657512,-0.0004675705551152598,0.5523597860987871,-0.0026956434039428208,0.5490583445733687,-0.002736900068151195,0.5490711978868774,-0.00053526431342581,0.546545826273979,-0.0005854332638532728,0.5465301590930861
727,0.005012607336961165,0.5498291070118979,0.005187331882761739,0.5498735128189375,0.0009382463438854105,0.5531410551737039,0.0008659761188781083,0.5530918350665218,-0.0001075717897019404,0.5503183245000404,-9.865606730332314e-05,0.550333343690001,0.0034960948294811725,0.5482513563001196,0.0034364855604513823,0.5482236607793407
728,0.0004042425784250272,0.5480260258784567,0.0005837728335795155,0.5481048563446039,0.001086578130463137,0.5531309008127794,0.0012325850304119202,0.5531693257725928,-0.00025859943580200644,0.5499196693991384,-0.0003774755054726871,0.5498891514660035,0.00027713658023615257,0.5470940737460003,0.0003232568434002152,0.5471220665306807
729,0.0006765959840838784,0.5479810716752006,0.0006285359332210449,0.5479436995935615,-0.0007194332986519454,0.5524276368472583,-0.0010682112934770078,0.5522430298354143,0.002308135808555227,0.5509665313238051,0.0022573144005633133,0.5509325545693421,0.0008844408739488242,0.5468965683384494,0.0008154045488663776,0.5468505623889394
730,-0.00037493759468011645,0.5473842536072168,-0.0003682896706817753,0.5473672624861302,-0.00041585403121066036,0.5526060486546095,-0.00033903771848942327,0.5525861181536262,0.00018647557743725987,0.5506338805571214,0.0001709989174054394,0.5506271147831794,1.2083645527985332e-05,0.5465012047704724,-1.8302172880750485e-05,0.5465041303491386
731,-0.0028338317039653415,0.5464539334303012,-0.0025620314904025647,0.5465813432709544,0.0008330463857664287,0.5526636969323677,0.0009297246712032964,0.5526887395830592,0.0012558338329650628,0.5510972445102132,0.001287968488429335,0.5511251759931269,0.002859662403558984,0.5477425054149133,0.0028389180197790653,0.547728368779171
732,-0.00015257081609352944,0.5474890377797261,-0.0006305573925250987,0.5472210111238968,-0.0009077339665366139,0.5523152779980546,-0.0008906814582021011,0.5523156236680269,-0.0010892821434537582,0.5498590056702352,-0.0010928638386236424,0.5498700506413807,-0.0003113649032540819,0.546863233181882,-0.0002652483019636289,0.54688864379291
733,-0.001047123791152312,0.5466668394525603,-0.0009968363585281944,0.5466674773070387,-0.001924032092536684,0.5517842105964617,-0.0018333437089970465,0.5518080421480551,0.0010033858468864554,0.5503875946121116,0.001095712737596953,0.5504208274680144,0.00505272359745525,0.5492120591360018,0.005031666271085598,0.549214200551932
734,-0.002234876763251814,0.5465823542883754,-0.002299400373606253,0.5465320290395117,0.0011893323994821199,0.5531390324469728,0.0011027311967204715,0.5530875048519355,-0.0010938592005364574,0.5499841474810779,-0.001070904445915004,0.5499986580189877,-0.0011867304207869897,0.5462615524531248,-0.0011584140582125903,0.5462885915449691
735,-0.0012104337155750997,0.5471660905636282,-0.0009925119154960136,0.5472282418342781,0.00014375001960839997,0.5526138418698706,1.8366453234705466e-05,0.5525433962007166,-0.0015642117432570046,0.5495126861522849,-0.0014541701135039446,0.5495576482503255,0.0004607574167694944,0.5471321099712739,0.00037693290753167537,0.5470991078318123
736,-0.0029049984619639937,0.5464700945859202,-0.0028470556370923266,0.5464190234162527,-0.0079373060448601,0.548980526445449,-0.007898794522761805,0.5489817073764862,0.0014014783146020645,0.5508844109361339,0.001328189266669012,0.5508810420658109,-0.001006546990057525,0.5460544542780197,-0.0010341530131537785,0.546055862529128
737,-0.0010287337964869179,0.5473372496543542,-0.0006387754805570987,0.5474931744462267,-0.00039396325914255225,0.5523589148205772,-0.0005650085679979067,0.552264087336757,0.0009588742688352343,0.5506642444996811,0.0009867922623747812,0.5506812848651185,-2.9703807805244564e-05,0.546818392155884,4.311795394595615e-05,0.5468449210067886
738,-0.0011683640277395275,0.5471158301899094,-0.001245106050030298,0.5470330182097901,0.0022222664386833614,0.5533760638798416,0.0022699668477939613,0.5533689379561061,0.004316797356580449,0.5519835247618249,0.004360084281367384,0.552015871362349,0.0021993487241263637,0.5477061692392364,0.002194011625541743,0.5477204483155366
739,-0.002374223607049302,0.54663408604162,-0.0020411824486008074,0.5467515125972469,0.0007961637059270902,0.5529906277663673,0.0009796964412698169,0.553063728901256,0.000773386643377169,0.5506072740576774,0.0006738935100558172,0.5505704726468387,0.0015023087728765977,0.5475615789514922,0.001589433703810566,0.5476100847986226
740,0.0026176147995570615,0.5484572467906808,0.0028095732926109625,0.5485658933130323,-0.0007816899550948086,0.5523495650477187,-0.0008445158309692535,0.5523207063547692,-0.0036844741164056382,0.5487237185366795,-0.003689360720704086,0.5487218899490011,-0.001391277730148668,0.5461899232275965,-0.0014417546721392372,0.5461606329478371
741,-0.004331474053815308,0.5457449677806138,-0.0045233452189096,0.5456651072245605,8.182197904043633e-05,0.5526800266988613,-0.00013614157071024016,0.5525777704295373,0.001537122103994016,0.5510504348389432,0.0016030920810685967,0.5510975875945345,0.0008158299251246726,0.5470799950645245,0.0007434288101494184,0.5470700970719826
742,0.005276324004299219,0.5501649907243472,0.0054231598127801595,0.55019010352309,0.0003921943558671054,0.5527073784367816,0.00043418617787008827,0.5527136116169775,-0.0005434708364534412,0.5501799622686392,-0.0006588138766405279,0.5501354163765823,-0.00034848001277775663,0.5465456664926226,-0.00030735528033296494,0.5465671528486971
743,-0.0011908917177312173,0.5472882684551386,-0.00138720644579871,0.5471487981716378,-0.002982367188705417,0.5514295344073438,-0.0028605933003094178,0.5514835610878553,0.003906363240769701,0.552003853942982,0.0037953217668625825,0.551950684023229,0.0018187764469169353,0.5474720265457318,0.0019152207628791915,0.5475146290976863
744,0.0017583170162181608,0.5485674385445419,0.00178111978651869,0.5485448273218778,-0.0046012459740550115,0.5507630735100548,-0.0046275934222741255,0.5507317728275389,-0.0018403225317443293,0.5495504867612878,-0.00186213389731706,0.5495482088212026,0.0007221778544048773,0.5470987842629721,0.0008184566710496558,0.5471445145364432
745,0.00041828353665507284,0.5480850898403139,0.0006569163274397516,0.5481633050291398,0.0011618639446070213,0.5533087904922075,0.0010610481173431339,0.553265936367103,0.002987661412433104,0.5512965169315477,0.0029000743115841737,0.5512748814362749,0.0006305326480343395,0.5467932750064554,0.0007654164608992103,0.5468539456982416
746,0.0015765407044345545,0.5480280592512897,0.0017329416205717873,0.5480720892693834,-0.0021736953875212107,0.5514983404128413,-0.002051352455090062,0.5515303799548089,0.0003663795122714779,0.5502044220676475,0.0002983486760326554,0.5501842145546295,0.0030349288840803034,0.5480509391733485,0.003039349491802535,0.5480579466360451
747,-0.0031278349462580493,0.5462793994073717,-0.0030121240531037347,0.546318579129014,-4.9885580003942966e-05,0.5528744590338927,-2.9276782156346085e-05,0.552893522144908,0.0009506134432653914,0.55045798689165,0.0008943749495851518,0.5504370371178761,-0.0005014805818044683,0.5466442979452161,-0.0005737734448451394,0.5466118360959554
748,-9.149409282558118e-05,0.5476635328846474,5.9850397383888095e-05,0.5477368554759031,0.002888420528121135,0.5543982583689938,0.0030880018712313405,0.5544602219031836,0.0006792593106775337,0.550710823942312,0.0006977765918540843,0.5507231175534412,-0.000609226040720845,0.546189864249973,-0.000643356187529529,0.5461737274335777
749,-0.0013100521204418684,0.546986236890702,-0.0013155521844450627,0.5469406875371498,-0.0007024293250273414,0.5522243377618796,-0.000639590847759787,0.5522037438778125,-0.0008166349503629408,0.5497096325807953,-0.0007808594611835199,0.5497270359860201,-0.001435117628085119,0.5460010894561705,-0.0014432679685010066,0.5459892867004617
750,0.00012187373188057733,0.547192481442505,7.495825562466492e-05,0.5471401229635858,-0.0015074001157523427,0.551977848822163,-0.001223631624180034,0.5520796571888508,-0.0008470557325854067,0.5498423003501492,-0.0009311878403400498,0.5498143373674605,-0.0015956643732739216,0.5458574153004411,-0.0014736507767703691,0.5459135256154521
751,0.0012624883480646754,0.5480888591794639,0.0014210273861480587,0.548150462397044,0.0008545079247302851,0.5530372885766708,0.0006255785099677956,0.5529126528963123,-0.0003997168362728022,0.5502923651712008,-0.0005640112121905049,0.5502352824007436,-0.0042108478762320775,0.545011432606289,-0.004210493259415288,0.5450126572522126
752,0.0005733452589558968,0.5477924992280716,0.0009069770262798482,0.5479492465165786,-0.0031672488324330436,0.5511891083517765,-0.003463004841897824,0.5510623185049703,-0.0003607878957506635,0.5502752412560462,-0.0003689579716815642,0.5502827913576983,0.0010125124918783977,0.5472671182049226,0.0010557500465682105,0.5473033621516071
753,-0.0028498378317800177,0.546464546550451,-0.0029012139604104037,0.5464073589404514,0.002510167861284921,0.5539302426794319,0.002199359884899016,0.5537675209342373,-0.001915198016812658,0.5495196423736347,-0.0018871696839996889,0.5495534816753065,0.0009042490090015674,0.547094074979745,0.0009080741377131933,0.5471066728810533
754,0.00119758885997595,0.5480214819790649,0.0013244608093723519,0.5480510521644022,-0.001012981403142453,0.552305121935139,-0.0009598929185135268,0.5523014421660594,0.0007028275063851666,0.5505953529066802,0.0009472850872485897,0.5507191991969035,-0.0009113363045378038,0.5464116382148192,-0.0009906179933576015,0.546388140150063
755,0.0010023211193901994,0.5479608330491904,0.0009395963051467286,0.5479219898259536,-0.0002864690217114434,0.5525072886759644,-0.00024691994358062245,0.5525157805237001,-0.0033716156150784306,0.5487391134060593,-0.0033037417504100976,0.5487752125056417,0.00017459514706682567,0.5470608642150843,0.0002033954137818241,0.5470676595990493
756,-0.0005534374463866507,0.5470487736827294,-0.0005717662513917394,0.5470202018095817,-0.0036436287610922672,0.5511178800005636,-0.003667903740308856,0.5510929136208816,0.0036630223845848346,0.5518400691216648,0.0036886003746617914,0.5518440224728762,0.0008824011742825065,0.5469289827929052,0.0009483000073902671,0.546963098465864
757,-0.002108699931466266,0.5466976532715745,-0.002001077083126498,0.5467508009973926,0.0018644777017169437,0.553413809998712,0.0018882949119135683,0.5534037497346729,-0.00022112885382616484,0.5499327551269605,-0.00020443297386295634,0.5499448084155572,-0.00012925472812104786,0.546640604422569,-0.00011916437006561068,0.5466453671836701
758,0.0018980623120995646,0.5484658860819187,0.001859560142577497,0.5484364275494167,0.0019083702240242377,0.5532718041866737,0.0017654716785251538,0.5532171870337997,-0.0005364176635354665,0.5499881438608049,-0.0005776825018978401,0.5499849963772249,-0.0025365498364741646,0.5454759011348903,-0.0025151551983259566,0.5454926846126602
759,1.8712145332363e-05,0.5479090190150546,-0.00028578886079166205,0.5477340881114318,0.0009071281254133271,0.5529261687688735,0.0011635239672128511,0.5530292827777874,-0.0007469769317728259,0.5499025002009796,-0.0007461774279943909,0.5499050756661442,0.002039941011706859,0.5476846089198844,0.002043118743974078,0.5476755657895597
760,7.548915946388038e-05,0.5477184074145707,0.00018706080323956995,0.5477519196005641,0.0005021132406206313,0.5527176299647218,0.00044265376528688756,0.5526945360379331,0.0007190853787637695,0.5505833399846808,0.0007836578801777404,0.5506170471450156,0.0002913031830892139,0.5465807944204175,0.00027976103258785544,0.5465869036607884
761,0.00034518219100744665,0.5478495237685815,0.00029386067491735086,0.5477837702074964,0.0010623341662424797,0.5529043763409017,0.0011173542371452896,0.5529029291939016,-0.0027731900712871307,0.548843224362375,-0.0027256370182305364,0.5488526878030516,0.0003259155808546744,0.5469734677928243,0.00032542587831593843,0.5469893153645783
762,0.0007462692820227108,0.5480796860398404,0.0005954294173312726,0.5479359823902347,-0.00214665692851556,0.5514661974934553,-0.002117180765495435,0.5514734680807942,0.001703568451250044,0.5511654990460605,0.001633408733766676,0.5511492820550331,0.0017556107070569721,0.5475628900582253,0.0017784694204097502,0.5475768819123054
763,-0.004175961619115937,0.5455931222937921,-0.004119990779497225,0.5456076504363979,-0.002330536629990771,0.5515496525663214,-0.00237340326032647,0.551527746599783,-0.0013085311186968353,0.5498464903270105,-0.0012504030806370402,0.5498648426992593,-0.0019071441818281586,0.5457956820920601,-0.0019516868538430527,0.5457681406318396
764,0.007375322178352299,0.551274353705026,0.007363000367767968,0.5512461524950868,0.0005229070664500066,0.5529420619845139,0.000499693888276293,0.5529124478991799,0.00026683067472223215,0.5502609370135811,0.00017119917593051413,0.5502128530232803,-0.00289853812854011,0.545367483028197,-0.002879407271295896,0.5453703470244454
765,0.0002483660137042823,0.5476211129109451,0.0002624556283864785,0.5476173185246221,-0.0009651964721326158,0.5521880280396573,-0.0010814395942402644,0.5521426105388042,-0.0001708258428964245,0.5501081966307556,-0.00019670523831584097,0.5501078898805083,-0.0009899528415376095,0.5461357442754036,-0.0009856062877259275,0.5461371171233695
766,0.0012549107590176408,0.5480631782974652,0.0011871650788491668,0.5480180782271412,0.0007336542966895901,0.553084829038568,0.0008862881267429535,0.5531377409705233,-0.0006584692187705769,0.5500295019882867,-0.000697519575490428,0.5500347901771954,-5.369702615621922e-05,0.5467091984700028,-5.409478413792875e-05,0.5467221257415122
767,-0.0017209407662936076,0.5468378408773497,-0.0016321445725332414,0.5468741855095235,-0.0038459686804034215,0.5509587039101754,-0.003666105884583853,0.5510265504216694,-0.002366300007709849,0.549470132396189,-0.002395912684726755,0.5494621197437408,0.0004315573490575371,0.5470111721371166,0.00033185582341951236,0.5469573875530597
768,0.004817907217086563,0.5500731220354215,0.005051285646761661,0.5501897528017664,0.001147679957610612,0.5532570547438657,0.0012294129053675882,0.5532848280939513,0.0023135637601315764,0.5511436082926584,0.0024416072993763073,0.551202224527877,-0.0005575597290605804,0.5466119813827676,-0.0005715204495449229,0.5466210450258214
769,0.0011504812444850657,0.5485401629209529,0.0010670822202014873,0.5484721939122829,0.0007551727414341142,0.5529334028707668,0.000841887159056011,0.5529519705944612,-0.0004467921367018989,0.5499022604484035,-0.0005165992707792263,0.5498923562269525,0.0024421959191430597,0.5476445652045802,0.002472917783394451,0.5476573493046138
770,-0.00119298616456402,0.5468170639443739,-0.0012553721621799605,0.5467535655119778,-0.001841911814137031,0.551663826921696,-0.001743182272380337,0.5516840020500767,9.392342671975356e-05,0.5503391915194316,0.00020670168406394852,0.5503953943009735,0.0031724716031277787,0.5480574374673011,0.0031459669570291188,0.5480536014030316
771,-0.0002871785538359597,0.5472659142533715,-0.0004176632348254896,0.5471822791842372,0.0014782238031468247,0.5533354394306004,0.001444700359238827,0.5533114815072177,0.0005426639839764133,0.5504385677351242,0.000665372152647749,0.550488578028841,0.0006561858716524899,0.5470667940652096,0.0006688449601929138,0.5470785701267308
772,0.0010280057787568468,0.548491943680078,0.0009558866622601303,0.5483951049767484,-0.0014568404741560706,0.552146250584446,-0.0013513141308527461,0.5521871767589446,-0.001297126378328282,0.5496627077674298,-0.0012299451430744426,0.5497015086182762,-0.00024733723530020064,0.5463358401938835,-0.0003539484055413752,0.5462975383127259
773,0.0025226547152964927,0.5485414619101004,0.0022423107522211746,0.5483817592561983,-0.0005024362503230077,0.5524192294329279,-0.0005835222083315165,0.5523573688842092,0.0025039342146269657,0.5512488465143878,0.0026166622880971773,0.5513103835760228,0.0018534369994422858,0.5475752662821662,0.00191545927433355,0.5476190532508457
774,0.0007035242990735506,0.5480409480896747,0.0005503198505764421,0.5479636667573341,-0.000549131148890933,0.552129407312987,-0.0004758799045437643,0.55214247889301,-0.0006031536690897934,0.5498503257660793,-0.0005748572182041734,0.549853916157335,-0.0009208466523008557,0.5461189785821431,-0.0009079802387626706,0.5461168193150945
775,-0.0024293606195587548,0.5467603754001656,-0.00249880259292054,0.5467262153861593,-8.01344673019559e-05,0.5525279459814327,-0.00010193780202546398,0.5524862768347328,0.0006602637276066163,0.5503174236275744,0.0006217430813711798,0.5503043761957662,-0.0015045829276807627,0.5461590586019289,-0.0013960971287444248,0.5462038808900934
776,-0.002125504919639394,0.5468666045059525,-0.0021484571638210825,0.5468318781916884,-0.00019584010966137768,0.5523913017712879,-6.685086234104524e-05,0.5524341891805001,0.00044086521049853275,0.550494435938326,0.0005146049762262572,0.5505426366553402,-0.0013562140251315248,0.5461688007236672,-0.001392202632036822,0.5461556801066779
777,0.001585345010185442,0.5482529969471714,0.001721262922654714,0.5482946116204294,0.0017599175521701479,0.5534563443602522,0.0017212210651433293,0.553400653340378,-0.0013151845563838145,0.5497191886271081,-0.0013268357512261672,0.5497216030020889,0.0036684428269591284,0.5483772645358745,0.0037138651098856824,0.5483997217490163
778,-0.000675204774763567,0.5476342475968398,-0.0005924177699342136,0.5476353148502419,-0.0011070609148503498,0.5519460106400639,-0.0011280620132696217,0.5519201794351152,-0.00034253217051316044,0.5500122833550879,-0.0003528117733397806,0.5500041758416886,0.0005895884060514634,0.5468334973813812,0.0006289173560444189,0.5468502553142437
779,0.0001714729606738614,0.5477159427792277,0.0001049100374410802,0.5476756062742871,-0.0013523843978421358,0.5519927020024542,-0.0013069681555923753,0.5520132212141781,0.0008832865726536394,0.5509364520622694,0.0009174775059908069,0.5509358045678219,-0.00012329829660742494,0.546346441320981,-7.967520842157652e-05,0.5463627835284698
780,0.001810263949390963,0.5483786631112643,0.0021359565980017116,0.548517106956242,0.0010729032147360508,0.5529118287312033,0.0010694229394028916,0.552926939682567,0.00038578808113876403,0.5503536724799769,0.00036728681496200276,0.550344336531745,0.0010143115530118448,0.5470457424192005,0.0009507849537213755,0.547002034544054
781,0.0015259546306905193,0.5485881283986499,0.0017360447561825872,0.5486709408982913,0.003285088267882519,0.5540291904879336,0.0032263915223166573,0.5540015794071896,-0.0013092162187278485,0.5497475718063578,-0.001470402604920448,0.5496764291514751,-0.0007683777742166684,0.546465215562064,-0.000651759616289404,0.5465052407169657
782,-0.00046020667439924625,0.5470363218518229,-0.000588581399376724,0.5469642812712162,-0.0026435460527333555,0.5512408451978245,-0.0025550637491772517,0.5512772493548332,0.001049374901942068,0.5506309925577909,0.0011538456518331497,0.5506676215185636,-0.00284472322824215,0.5454955042061035,-0.002887312104844334,0.5454767194958713
783,-0.0014352835449639868,0.5470277935175227,-0.0014091510041093363,0.5470174067743164,0.0018635501105598307,0.5533476074479594,0.0018521769276256025,0.553341377825283,-0.001977992894463079,0.5492435737253174,-0.0019379901946406982,0.5492766429084782,0.0011394548973059798,0.5475009396105049,0.001218428021188517,0.5475470171382202
784,-0.0006577650545191951,0.5470501039062173,-0.0007119754367003314,0.5469969987993585,-0.0011711432490090436,0.552007077638001,-0.0011980772239787339,0.5519837834894865,0.0006098115494884981,0.5506405971067551,0.0005228823591102474,0.5506193138035004,-0.0027522242116311255,0.5453259659615556,-0.0026966057032980027,0.5453475727162379
785,0.0013761988994901852,0.5483134557634536,0.0013808927349319106,0.5482807973269926,0.0041257976093487725,0.554356303969553,0.004054770736631262,0.5543066952048733,0.0014119132170434716,0.5508560151142817,0.0013947838711554199,0.5508305705819413,0.0005512759880186021,0.5468516108984008,0.000616895277332656,0.5468951344589709
786,-0.0009127597643907864,0.5468475947528287,-0.0008698374832854337,0.5468001555304679,0.0009080111768601785,0.5529192520870577,0.0007945031504486116,0.5528610444895291,-0.00017351259519694673,0.5501909819361385,-0.00028772040868588,0.5501618358307782,0.0005683370179529148,0.5469051819062484,0.0006129876137189914,0.5469276072983603
787,-0.00010913916130291196,0.5479081317612002,-5.7193495563402976e-05,0.5479282662289101,-0.0029023176227432495,0.5514179835706164,-0.0028916106218055317,0.5514132689234253,-0.0013089389943963276,0.5497723172593026,-0.0012159726323731246,0.5498167880355557,0.001102366348693745,0.5470768429654441,0.00115911752781828,0.5471003041765273
788,0.000925213830715455,0.5480567838545711,0.0006725272240244483,0.5479066692877074,-0.0010773418629034086,0.5521874966442089,-0.0010617295507460902,0.5521802165255273,-0.00034481840789441436,0.5502152700400149,-0.00021093318094697134,0.5502734995449146,-0.0010371985853204005,0.5463300847618365,-0.001046487302857972,0.5463291915834912
789,-0.0012744603033347345,0.5472399760620529,-0.0012114056020363603,0.5472631329048688,0.0028335608501016563,0.5538903261549359,0.002969438926803815,0.5539315123587893,-0.004097342597809026,0.5485649461328151,-0.0039505147334366565,0.5486223438387373,0.003351641644258362,0.5482298065966607,0.0033742951845424918,0.548262676258934
790,0.0008781116772792314,0.5482121901415655,0.0009042671788085399,0.5482057386431692,-0.0005604948922744445,0.5524158478926315,-0.0006169881743869941,0.5523714514055648,-0.0020701960103648677,0.5493153640962588,-0.0020458302414716398,0.5493532208958846,0.0038705117692380184,0.5482579384196675,0.003906276013979457,0.5482746258451406
791,-0.0013175248674379737,0.5465699197130278,-0.0011066150532810647,0.5466659508352034,0.00076169173608313,0.5528658675205311,0.0006956196800884454,0.5528164785800743,-0.0017319068853905238,0.5490744081121028,-0.0015346406593857557,0.5491603218100772,1.116151073312191e-05,0.5465789792459835,7.268150474773438e-05,0.5466079709011263
792,-0.0006928317494520947,0.5475750429837869,-0.0006149752685728486,0.5475807218044579,-0.0008876913424757608,0.5522156525583151,-0.0010309073794946865,0.5521581122254647,0.002890473389979551,0.5515279684891202,0.0029553236946103074,0.5515601363774016,0.0026402576496480346,0.5477424494396715,0.002683965569637311,0.5477707094246541
793,-0.0011494922999876623,0.5472334973501691,-0.0011131816428513483,0.5472480490568694,0.0013012452457749756,0.5530701616163752,0.0013676763515283058,0.5530581479172286,0.0009008219286839081,0.5506285001738184,0.0009472154594733743,0.5506673990280655,0.0027597095092407897,0.5481361671204823,0.0028404533539313982,0.5481981764023114
794,0.003526440551838829,0.5495617473306343,0.0036260377697348157,0.5495955108754129,0.0012798312984671457,0.5531056226721834,0.0011453354266809605,0.5530186905167016,0.0006646692722673816,0.5507333988741178,0.0005538082374526229,0.5506787314382837,-0.0010095577902019366,0.5461707956116922,-0.001085871646900301,0.5461485188824308
795,-0.0012680513491779382,0.54704218006071,-0.001412418984750876,0.5469509229786692,-0.0015865790748325157,0.5517028195831783,-0.0014985436609740227,0.5517483952629688,0.0002854702425266346,0.5503815138829582,0.0003774503652828048,0.5504205781799473,-0.0025887684028031454,0.5458848158408975,-0.0025723703629390283,0.5459032595478762
796,-0.002812008165184761,0.5462334335399135,-0.002822157776989485,0.546217951258091,-8.474467254255488e-05,0.5529319447151938,-0.0001671525340703604,0.5529017870041589,-0.001415597763553535,0.5496994723007399,-0.0013836482300863446,0.5496962611422519,-0.0020933063413042714,0.545486117474674,-0.0021549991628111594,0.5454600358465719
797,-0.0006593441089572821,0.5474120200913752,-0.0008463275007566752,0.5472981276364907,-0.0011499007346558495,0.5517728262608029,-0.001087340787649916,0.5517661932466161,0.002460164450801331,0.5512918871395994,0.002449316455380516,0.5513235134242138,-0.0004184042792627379,0.5466240584938254,-0.00042276379582654376,0.546637176557362
798,-0.0026171486566575943,0.5461130844559037,-0.002606592842150413,0.5461062745212886,-0.0017021455186849558,0.5519732078871762,-0.0017253061668200838,0.5519667217809093,-0.0020049396715569627,0.5493783124419326,-0.0021126937716987064,0.5493294560748355,0.0001487098589230396,0.5466787989834775,0.0001334096146889441,0.5466774803984338
799,-0.00036589968878808786,0.5474314374413115,-0.0004073070891731927,0.5473984446027833,-0.001502185997765135,0.5521154171812389,-0.0014008989248605165,0.5521472490889233,-0.0012199593599716908,0.549774612906087,-0.0011678343900308674,0.5497935096291982,0.0021497880978295727,0.547723645369136,0.0021977506370302806,0.5477507043129978
800,0.004330328608740773,0.5495499219525795,0.004297398379225721,0.5495187562163389,0.00150808364500261,0.5533150689539973,0.0014697575699074185,0.5532892736988075,0.0008652524464892239,0.5506897378539816,0.0009241741619065057,0.5507261360473751,0.005274007842104913,0.5486215450075489,0.005341856693356971,0.5486574856264604
801,0.0020824253832910683,0.5484850522176156,0.002224299500679383,0.5485112048601409,0.0033042056190973027,0.5540635642037932,0.003443584773839076,0.554119401272752,0.0016580896155690653,0.5511490895017591,0.001668729653391093,0.551156830461425,-0.0011068236278756218,0.5462659809291673,-0.0012617386274228583,0.5461841200690792
802,-0.0016540034354043276,0.5466962302423856,-0.0016951856495000233,0.546668687148021,-0.0021237987653839876,0.5514950695735954,-0.00205565220455057,0.5515184178940049,0.0012388364098450495,0.5508335178240997,0.0011942826249038562,0.5508242865093815,0.0031137651372370317,0.548098957858619,0.0031244629256957737,0.5481114433976928
803,0.0022689072050698397,0.5487351324727215,0.0023611131328872053,0.5487574277865229,-0.0005956648652095499,0.5526404249927647,-0.0004450684836451941,0.5526925376699808,-0.00016038111560940556,0.5500591338829931,-0.0001416226096810703,0.5500767688991023,0.00135527922231068,0.5474457639699549,0.0013580990811166212,0.5474578528286941
804,-0.0033826389287502923,0.5457621568303029,-0.003108331165256599,0.5458829818482823,0.0018924251495731571,0.5532460095527956,0.002073455503126142,0.553316226247332,0.0007186703427334917,0.5505210820175762,0.0007858877096076042,0.550552214855122,0.00019281477014482958,0.5466946286804473,0.00020096844567381737,0.5466988907022028
805,0.0024210429725522904,0.548746359996648,0.0023981282718374577,0.5487345031435323,-0.003805028942824229,0.5510589412000447,-0.0038251047478762255,0.5510282166680963,-0.0013756397509661928,0.5499894394234656,-0.001400007429605045,0.5500051045341348,-0.0022547207866612635,0.5458972333219593,-0.0022715481190326487,0.545904414433604
806,-0.00010164589922496839,0.5474680262404314,-0.0002043328973131862,0.5473681285860383,-0.0013988845323344818,0.5519598035485506,-0.0014797446665964706,0.5518878581202632,0.000883814177016142,0.5506081541448257,0.0011473182102140652,0.5507133707327524,-0.0007354998097233242,0.5463708506668633,-0.0006554204321452661,0.5464251350376201
807,-0.001395043570872962,0.547048598203465,-0.0013833303629389813,0.5470110743335858,0.0007386811365943409,0.5526468875886206,0.0007388514748609921,0.5526310156297822,-0.00460091159311176,0.5482264329264142,-0.004521646704889485,0.5482786232159542,-0.001403217803166155,0.5460863386157574,-0.0014592133768894884,0.5460704055727102
808,-0.0033688174706005096,0.545950104430493,-0.0036770141486460566,0.5457688606485667,0.00012057122838551235,0.5527634222400785,0.0002349486174215563,0.552810408831422,0.0028538525783374166,0.551466662791047,0.002868008627638989,0.551472580189968,0.0017976697212654486,0.5475766013855106,0.001760016318294197,0.5475632876604485
809,9.474469317858048e-05,0.5479082519063927,3.223798362631718e-05,0.5478221126076842,-0.0031247878474632944,0.5512347806862276,-0.003216529239845247,0.5511849351767131,-0.0010824745425645557,0.5496364910909846,-0.0010988872501178878,0.5496453168779079,-0.001763909291183266,0.5460584148488198,-0.0016965073071989484,0.5460863009138924
810,-0.0002940257079980727,0.5475292254392953,-0.00036688464757897037,0.5474766934247498,0.00039875486738436054,0.5526750433492076,7.901517330171743e-05,0.5525139053354979,-0.0006910397606004539,0.5498070519495866,-0.0006472843588190327,0.549810441311544,0.0006599214625822599,0.5470934943034994,0.0006736160035853749,0.5471050046641137
811,-0.0017016797735741557,0.5467868736136514,-0.0014704978328747738,0.5468772044414602,-0.0029318416913528145,0.5513107286382382,-0.003031423757593136,0.551246773934074,-0.0018522278308124166,0.5497114593453767,-0.0018131016870532998,0.5497400835671765,0.002073251527995768,0.5476354439503625,0.0021335079334913265,0.5476684014520231
812,0.0008773577990555072,0.5480101395005533,0.0007533664714034642,0.5479453220455937,-0.0027178103429200246,0.5512622892622542,-0.00258494694813419,0.5513068363980372,0.0008673811394206578,0.5508990510695716,0.0010508034776773626,0.5509861977782782,0.0021195092763504385,0.547845583786146,0.0021787572221341218,0.5478791377919608
813,-0.00027510765393651244,0.5473832776114209,-0.0005145371071620411,0.5472600617883366,0.0018901299022631047,0.55334800395433,0.0018404562384314036,0.5533242700391612,-0.0027773531124180378,0.549019285296571,-0.0028385267322071843,0.5490111672501925,-8.175896974891828e-05,0.5468784597708155,-4.937927068629996e-05,0.5469018292118837
814,0.003962419137935445,0.5492149002342303,0.004124425354797088,0.5492677938107778,-0.0011656569489265176,0.5522708728799502,-0.00118849238019977,0.5522395135358596,0.0026277897863825517,0.5515433976054077,0.0025495077838588653,0.5514955619694155,0.0014719607008608557,0.5473228841781085,0.0013913621220331804,0.5472863225666114
815,-0.00042625285075453134,0.5477449145519909,-0.0005409023902817487,0.5476691870201416,0.0005903924745689691,0.5527025339758539,0.0005921544340876946,0.5526879444580474,0.0019017511961520652,0.5510216706394712,0.001951635678153257,0.5510525207155139,0.00041005609495599874,0.546748613753736,0.00034863660134874694,0.5467280081413733
816,-0.0026280527561737496,0.5466189864608959,-0.0025140964219906984,0.5466580048819244,0.0015989975039691696,0.5533779014762271,0.0016178170834446693,0.5533745714725011,3.396315604253154e-05,0.5501186633291176,-5.4712040432055437e-05,0.5500724047479985,-0.0015304489635137256,0.5460500526187522,-0.0014976551995681446,0.5460668121714607
817,0.0006469936684815596,0.5478615774994527,0.0005574984991679285,0.5477949736849473,-0.001263392456670432,0.5522076459174142,-0.0011933361161136225,0.5522362995894105,0.00012076260431438748,0.5505718141763273,0.00011552985415979287,0.5505801415864565,-0.0029806875339425283,0.5452845775997516,-0.0028758004747494632,0.5453407775401112
818,-0.0024291202048013893,0.5464082131353042,-0.0025362481181405642,0.5463300740271678,0.0007842976009502924,0.5529317633970181,0.0007624079949613669,0.5529122213375813,-0.0008285710202099242,0.5499284260200006,-0.0008766519435455376,0.5499259073011649,-0.003573295519127295,0.5453841631183112,-0.003597973831617044,0.5453774206474459
819,-0.001622444447839091,0.547206340655776,-0.0016567400439199704,0.5471456494326105,-0.0008074494507023461,0.5522324101629864,-0.0009189141735562618,0.5521679485949748,-0.003170669967284707,0.5489568681790954,-0.003026753515527439,0.5490190887206297,-0.0008119412114390604,0.5461601740435157,-0.0008019045230939717,0.5461780325373823
820,0.0048552178460958325,0.5497339839469313,0.004885705476227379,0.5497393221502112,0.0007825427048853525,0.5529202447367925,0.0006912956317786538,0.5528473335575994,0.0002556377867737052,0.5503743397763817,0.0003152889356267561,0.5504321097067569,-0.0003386219662082788,0.5467141473149947,-0.0003617242861125303,0.5467118381266312
821,-0.0003699300813080884,0.5473648588327541,-0.0003532269876480118,0.5473516297964303,-0.0006087225929441747,0.5524078838068027,-0.000614882037194805,0.5524029436306924,-0.0006859211180481262,0.5498097453905216,-0.0006880535638413886,0.5498148349628236,-0.004053836791671858,0.5451398287788239,-0.00405024698621905,0.545146406842785
822,0.0005417438983922298,0.5480274653865536,0.0006158572273928345,0.548032825458152,-5.417643828871417e-05,0.5524107256870903,-8.38228642967524e-05,0.5523788496686852,0.0010657866028124768,0.5508485090884054,0.0010720336572387146,0.5508600765859137,-2.3123719413430522e-05,0.5466457156084038,-6.501804940127367e-06,0.5466586596195575
823,0.000580387808113338,0.5481292367088818,0.0006921707941655869,0.5481591386218351,0.004369454552137449,0.554325229736157,0.004218224719876355,0.5542436580554989,-0.0015356684862477188,0.5495204465688596,-0.0015072701608689705,0.5495398225508658,-0.0012764738518229728,0.5459166918711064,-0.0012503457174502177,0.5459424104935939
824,-0.002056687549808677,0.5465894257262955,-0.0021939791708301547,0.5465076449036662,0.00346239502858459,0.55412048736384,0.0034934421257307555,0.5541210323482899,-0.0013503096179556743,0.5495725366636898,-0.0013676430221084342,0.5495654434761295,-0.003126649635387164,0.5453852126215749,-0.0032602651532795492,0.5453517641182558
825,0.001133802773938699,0.5478579520723693,0.0012814489983988908,0.5479201361430229,7.278896722375124e-05,0.5523968703649267,0.0001277846662771489,0.5523991123343909,-0.0008027541019470946,0.5498538178220788,-0.0008117888137556454,0.5498490640413424,0.003700979884549893,0.5485003083548139,0.0037305990527725917,0.5485283034512287
826,0.002487481653161682,0.5492465416254814,0.002502789715404285,0.5492529520951709,-0.0018906734718044857,0.5515420960549363,-0.0019719322431694082,0.5514623525462524,-0.0018527126427163286,0.5492829853039152,-0.0017894092667125165,0.5493270757467074,0.0005878637361440358,0.5470692091035904,0.0005380822901794791,0.5470493468867589
827,0.0005197623919459155,0.5482180914033375,0.0006792780417972676,0.5482790960984659,-0.003029374109629246,0.5513064249823464,-0.003292115774344663,0.5511759012786055,0.0012921742958082296,0.5508880812137366,0.0011311768688952396,0.5508298473771494,-6.845520119282216e-05,0.5468366238282346,5.8735575077258064e-05,0.5469022586284312
828,-0.004901561409103908,0.5453707791710192,-0.0049077684004479654,0.5453279762295792,0.002487668523716602,0.5535966272227181,0.0025231551210565992,0.5536030460818269,-0.003467453551601685,0.5489535709783786,-0.0034003584791950955,0.5489873761237143,0.0025413631430416593,0.5479752031516739,0.0025416721050621712,0.5479896559345429
829,8.012244273341882e-06,0.547746977254948,0.00017761285485225938,0.5477828911368849,-0.0007347947759199031,0.5521228046040484,-0.0005723059954118107,0.5521849682519662,0.0026873620653725012,0.5515049626069516,0.002729096511853466,0.5515461361258628,0.0005332042032733177,0.546951972768612,0.0004931406460036863,0.5469363022967405
830,0.001623220509035823,0.5480874811572206,0.0018041139582149568,0.5481262803581187,0.0003183376992649201,0.5529410955186571,0.00040279860169351137,0.5529579276441244,-0.001136557933338362,0.5494966931827817,-0.0010329140395190313,0.5495456555147307,0.002251833698274887,0.5477823869808331,0.002257140755359687,0.5477849672531193
831,-0.0026539277485138776,0.5463538086488043,-0.002757349587063255,0.5462846746702011,-0.0005043222200497901,0.5523363995502261,-0.00041006634447831,0.5523506120984744,-0.0011527602028276877,0.5498547717403112,-0.0012261844143109035,0.5498319535783788,0.0008342218198674622,0.5471075037304404,0.0008932695616691239,0.5471348078877497
832,-0.004063331870873269,0.5457433948870116,-0.004193329309818454,0.5456660859752319,0.005246800942773519,0.555231561807236,0.0051798047927279385,0.5551932678619218,-0.0005051135259170693,0.5501693053548823,-0.0005463021365383286,0.5501702522850626,-0.001116551878409761,0.5461710826846174,-0.0010766298847244141,0.5461949186771329
833,0.00014712445022013125,0.5478135236722538,0.0002917528670342947,0.547845728641072,-0.0009190602210036486,0.5520432142093155,-0.0010030908490159783,0.5519898723252196,-0.0020684410674079055,0.5493347376626424,-0.002118642454440009,0.5493205289859279,-0.000405760428033804,0.546577905891552,-0.00045838060077628694,0.5465523536772883
834,-0.0014766435383417183,0.5468454787395586,-0.0013155406113357427,0.5469199620449151,0.002125463761006191,0.5534475267940171,0.0021436881552471944,0.5534328868097813,-0.001653888349221181,0.5496334747584662,-0.0017001380745202195,0.5496104447482947,0.0007851962485478781,0.5471465038903235,0.0008237425473371294,0.5471573195502927
835,-0.0009612471681393368,0.5472011040734025,-0.0009234323164497259,0.5471435467870837,-0.0004910093609946879,0.5522921627270376,-0.0004289381500515021,0.5523207554888503,-0.00043176488358339466,0.5501680951009011,-0.0005450409471593503,0.5501282678509671,-0.003495055686682798,0.5453184827574913,-0.0035264764464236903,0.5453318622452202
836,-0.0011527619245000852,0.5470080115950368,-0.0013102797925775387,0.5469266361449551,0.00029361895162958394,0.5526172912690966,0.0004035787646995653,0.5526647805772381,-0.0010965540092585724,0.5497523097078832,-0.001008783944921235,0.5497913303666447,-0.001684937938413767,0.5459359728188008,-0.0016620235153547193,0.5459517623491965
837,-0.0025334883179315548,0.5464253260338807,-0.00247778733062401,0.546438437252093,-0.0002654371139699603,0.5522075236737133,-6.34966414258397e-05,0.5522620262761722,0.00011529836192994761,0.5504967623231755,0.00013761539155195295,0.550526086150422,-0.0019134612494597376,0.5459388853380175,-0.0019406235529784138,0.5459523802770264
838,-0.0031779236623859218,0.5461712660708584,-0.00285947411510762,0.5462999484502884,-0.0005123844219070108,0.5523605839709623,-0.0003864190539507809,0.5524264386859336,-0.002668717976237465,0.5490875338348941,-0.0026547851591690063,0.5491119125889982,0.0026382643666017724,0.5480716090303804,0.0026313746155240355,0.5480729364406492
839,0.0017574713454026883,0.5488172320772847,0.0013745958786686642,0.5485749401890729,0.0016829113739895046,0.5534972715761824,0.0018239317630111336,0.5535448883645534,0.0023866911726162544,0.5512626650915159,0.0025004488943733256,0.5513233692287063,0.0028946101167799366,0.5480553086930738,0.002951199419412137,0.5480790873017151
840,-0.0014870410868291824,0.5469063070742479,-0.0013934904454700715,0.5469268657849767,-0.0007916729216597473,0.5521396441478238,-0.0007153328097401651,0.5521730575678073,-0.0008547630972034226,0.5498658532056239,-0.0009361421997187438,0.5498266081164777,0.00011928165262892306,0.5466985586042244,0.00012988295242819266,0.5467139251551876
841,-0.0011899726073481165,0.5470225467668061,-0.0012549024591787332,0.5469529008228537,-0.001406791250072965,0.5519534855851882,-0.0013482301846054585,0.5519763679492804,0.0011977322228666192,0.5508476788345807,0.0011951438546889167,0.550843407682209,0.003064256174508133,0.5478600683519154,0.0030103054991172124,0.5478413845817799
842,0.0012097203409489287,0.5483538546328498,0.0009398737187392342,0.5482120261020039,0.00232156840125948,0.5536185612279273,0.002237248096080442,0.5535789788517412,-0.0012747489173977958,0.5496217414736552,-0.001219070489877666,0.549651368698576,-0.0005154474718709598,0.5465301166159748,-0.0006594184528907751,0.5464917164653932
843,-0.0024306928410841974,0.5464714558252047,-0.0024260880167565773,0.5464559626827714,-0.00425731080424789,0.5507531982576966,-0.004184385523306683,0.5507536435218934,-0.001295794920702381,0.549612153742638,-0.0013610735512416792,0.5495835589144672,-0.0004977588253721861,0.5465738784695858,-0.0005293508612489384,0.5465623081905192
844,7.044314843693046e-05,0.5477503253558276,0.00014738642385407117,0.5477705601821314,0.0030527072508782574,0.5540955906662134,0.0029184074329774243,0.5540287931900829,-0.0005786890566547167,0.550025948604761,-0.000527272326614375,0.550054961337182,0.0009547873211947843,0.5473496532636736,0.0009612458000151401,0.5473515808922826
845,-0.0014960865174221607,0.5468677753830192,-0.0012194954517498005,0.5469550691019841,-0.00027967998703977713,0.5526573957504886,-0.00019408223592251526,0.5525996730044523,0.001439893940522398,0.5511223870236829,0.0013086974806797251,0.5510660359636242,-0.0007269502968280226,0.5463758581967472,-0.0007463057983702745,0.5463971312877266
846,0.0018847710475600043,0.548652650934698,0.0018830741793767149,0.5486019700941887,-0.003018042266370983,0.5510992695790002,-0.002991542399512716,0.551102606084236,0.0003326798809036334,0.5505964153918151,0.000423425890988947,0.550630712928144,0.0013178382683606308,0.5474750276934731,0.001346204548108699,0.5474889072918784
847,8.635826035549273e-05,0.5477707512714952,0.00022796773527426097,0.5478080079965317,0.0019487144698677851,0.5537684616491513,0.001856849052496356,0.5537062902342818,0.0030111852532126396,0.55148069907463,0.003106188216553159,0.5515195023581699,5.538941342769784e-05,0.5467082985174893,0.00010266127461047203,0.5467414940087904
848,0.00047307927910192365,0.5479209793185225,0.000482820462090218,0.5479237385607756,0.0026737927399626328,0.5536839079504773,0.002748728009617616,0.5537075420351497,-0.0013964409982169443,0.5493927424920023,-0.0014014259518911325,0.5494027658307911,6.192647586679668e-05,0.5467230682279574,2.9537712404670898e-05,0.5467380192026999
849,0.0010301710254986393,0.5479428344148549,0.0011352298055470054,0.5479961019303996,0.0030965407125593774,0.5541891004874494,0.003132800516847006,0.5541851013985073,0.0019150898896853005,0.5510494811977318,0.0018936608310196202,0.551060876127177,0.001750920417987685,0.5475649236903893,0.0017455397896504476,0.5475585229809434
850,5.543147152288066e-05,0.5477222391379925,0.000116995077263821,0.547695582909827,-0.001975190096275925,0.5518591421509954,-0.00187517773718338,0.5518952156345485,3.61884061741264e-05,0.5502868230426267,0.00021121533346224878,0.550370819446108,-1.3228032751590171e-05,0.5467192279687487,4.755402827145856e-05,0.5467509775133399
851,0.0002834561240832281,0.5476814005865168,0.00035822125295463314,0.5477207785873054,0.0010942117314385895,0.5530024715746092,0.001108545008623567,0.5530156532031825,9.472381292512909e-05,0.5502794630750008,7.881274705665551e-05,0.5502862981483575,0.0009900761019182556,0.5474046470507054,0.0008873067046045613,0.5473723755750235
852,0.0013242462757581796,0.5479960766457129,0.0012364214959958897,0.5479440751867853,-0.003973250066967113,0.5506521609198931,-0.003906520441308982,0.5506624587216659,-0.0008093131257171634,0.5499773440372787,-0.0006912802337018519,0.5500253705045156,0.00019348507991881654,0.5468049073180246,0.0001965923873425597,0.5468192455540565
853,-0.0012397685154668318,0.546901903303307,-0.0010454745638365818,0.5470144616545172,0.0010190539809450734,0.5531798530490878,0.0009570911992226187,0.5531476292606105,-0.0028860870174952286,0.5490204131353682,-0.002936487911525619,0.5490153359849167,0.000580219327245174,0.5470943975669093,0.0005677641590573564,0.5470883417466917
854,0.0018337039647020239,0.5483899317364213,0.0016607756899182848,0.5483181124851094,-0.001635202181416778,0.5519455123837842,-0.0016810552142955137,0.5519168052099137,0.00041907929320940087,0.5504221578810943,0.00034060425475658794,0.5503823089537088,0.0015351181579445197,0.5475087545108019,0.0014959177699811587,0.5474921960035165
855,0.0015414880722254872,0.5486656818064887,0.0016027921190829811,0.5486218783513929,0.002500244071062666,0.5535493406815656,0.0025297870174597428,0.5535598147757382,0.0011121697840713169,0.5506780315934136,0.0012181345494091432,0.5507211419949795,0.0005325426075474017,0.5470746025600165,0.0005910712821132463,0.5471160099430664
856,-0.0001236299841909207,0.5478299570279006,-0.00044387938176494577,0.547656264816808,-0.002106725149545985,0.5516063481109016,-0.002261464681412169,0.551520348546639,0.000578128692851203,0.5504735858774826,0.0004758203151068892,0.5504448419496883,-0.003749625914491578,0.5451879159358463,-0.0036723413931690745,0.5452314048219438
857,-0.0022773153363112053,0.5466489032679435,-0.002010840856234627,0.5467469013645369,0.0028343825673448563,0.5537986888907339,0.002613360787506067,0.5536622862683741,-0.0017058602344348416,0.5496922276135355,-0.0018673121212947625,0.5496331425286259,0.0031380809017456587,0.548145806742652,0.0031195760625168678,0.5481517944907929
858,-0.002393798562736287,0.5468400611768119,-0.0023871564619324195,0.5468335470973534,-0.0015994115141902139,0.551990182082711,-0.0015081428999465373,0.552024339532449,0.0018175791005052564,0.5511480822514695,0.001790426589728485,0.5511614820791725,0.0036738881189926176,0.5479417284270349,0.0036659707024375137,0.5479355767273556
859,0.001763178412937617,0.5484669312111011,0.0014609775668377948,0.5483111312427448,0.0004364720882130556,0.5528991949005825,0.00039143655772349174,0.5528835372579856,0.0031433445039547717,0.5514080848472631,0.003136410088215721,0.5513995720991942,0.001151594352482229,0.5469013356375695,0.0011811857117194925,0.5469300650239646
860,-0.0017338309995582198,0.5468751762267067,-0.0016849535202860923,0.5469085634307858,0.0009351593955468496,0.5528261574364133,0.0010854757900162063,0.5528963991707035,0.004012898132668073,0.5520065260925487,0.0038242005625378447,0.5519450476059223,-0.0019558874455742094,0.5458022210507175,-0.0018304939914519376,0.545867994018636
861,0.0006661788481677547,0.5482154489431917,0.0009213911517843487,0.5482940128556865,-2.118457441889043e-05,0.552774734649446,-0.0002650831754489998,0.5526500324752948,0.0007220285262836682,0.5505150745045185,0.0006617757718935868,0.5504925277954648,-0.0007936756990573219,0.5466312357403877,-0.0007749659281630082,0.5466519156432407
862,0.0012190271597532205,0.5481295111747444,0.001326528098875144,0.5481625108760079,-0.0024807361781073525,0.551536477674664,-0.0025412973760791774,0.551484594635124,0.00010400038624404947,0.550419111100394,0.0001942686545216764,0.5504693410003582,-0.0016169083507235258,0.5460279191314927,-0.0016515707135826502,0.5460086540892978
863,0.002771086946176145,0.5494271618111264,0.0028412549495007954,0.5494552667354972,0.0006169815091478011,0.5529309526833172,0.00043018109597696457,0.5528170224318525,0.0002081514505563638,0.5503247093163054,0.0001942167382351554,0.5503203099385097,0.0007520589213186992,0.547051519596542,0.0007346845674359526,0.5470574630378535
864,0.0011066646692123336,0.548060784671628,0.0009168543523207883,0.54796284725618,0.002189444302051594,0.5537833764726167,0.0018889354238345822,0.5536253624438993,-0.00017836053713637536,0.550073088323773,-0.0003035015852685589,0.550029153104009,-0.0005935708203259859,0.5465622969896322,-0.0005258838689758922,0.5466011132804786
865,-0.0016212660204640479,0.5469063487589777,-0.0018037054640640815,0.5467852548961946,-0.001045085860768743,0.552017320880711,-0.0010453605522543162,0.5520171601147918,-0.0022782595640723218,0.5492614177687285,-0.002139201530187916,0.5493198776177861,0.0017073405208483904,0.5476289716386703,0.0016768348338925664,0.5476210148627583
866,-0.0022996253712789416,0.546586525101643,-0.002255346380453903,0.5465867831066024,0.001119821279022648,0.5533510739647102,0.0010914003741492218,0.5533139975277187,0.00019788786023430498,0.5502150641644303,0.00019997348722356457,0.5502114778132817,-0.00046418574772226566,0.5466865570976578,-0.00047158574292488573,0.5466865551493972
867,-0.002099348254737149,0.5464061164713327,-0.002188101848228372,0.5463436780520365,-0.0027297781846005857,0.5512675466604483,-0.002641365296512999,0.5513031086474154,-0.0012925546704868017,0.5494885037523473,-0.0013395028772741917,0.5494734235767132,0.002391494906331965,0.547857569713169,0.0023071265091788584,0.5478210153021611
868,-0.0025369157212953137,0.5466973914145864,-0.0027360912385751813,0.5465564720678683,-0.00031822507318857385,0.5523502950259442,-0.0006563129920831727,0.5521579112694718,-0.002250665363915171,0.5492021124292755,-0.002223436532393598,0.5492155140527765,-0.0031459935351689596,0.5454760767216938,-0.0032578125728466335,0.5454193008507157
869,0.0014544413003351952,0.5485501412818835,0.0012222854111195462,0.5483771700153137,0.0009676831092460003,0.5530180913551938,0.0009570372981404207,0.5530028194030941,0.0006925630867511704,0.5504970233645946,0.0006678094253047532,0.5504951449876607,-0.0018208630189053528,0.5459103723391123,-0.0018511905279308914,0.545930827442459
870,0.0005614025772879007,0.5482104992968888,0.00037360197695081396,0.5481320782820295,-0.002071839689797843,0.5516217551597677,-0.002143994149919205,0.5515759083512782,0.0019944131880432607,0.5514100620597778,0.0019159587751593262,0.5513840236194905,-0.001891330500307734,0.5458297690507709,-0.0018327909402146396,0.5458662758811132
871,0.00444758277455057,0.5498740210209913,0.004142416772226813,0.549682018408437,-0.0021744951714476398,0.5519886294321773,-0.0018228153354165584,0.5521298285259939,0.0004332108141399395,0.5503827010097214,0.000405351846088459,0.5503711666851349,-0.0016946008400110669,0.546139479325732,-0.0017018109244935954,0.5461394459226065
872,-0.002406099068777201,0.5464114381081365,-0.002404750072163305,0.5463921732656241,0.0006697942976443687,0.5531129746464402,0.00024151026452708894,0.5529071543091006,0.0008920763629230512,0.5504134821994587,0.0009607876258065405,0.5504515148622847,-0.0016086182151305818,0.5460924145064249,-0.0016520025497505102,0.5460663374177807
873,-0.0015105611272601342,0.5468114601680591,-0.0013682255516108963,0.5468562613025417,0.0018431302289253517,0.5535232187061406,0.0018977538454820113,0.5535171599610669,-0.00032492027673981685,0.5500550180665787,-0.00042002555119614155,0.5500276504798705,0.0025385544245405665,0.5472947213332308,0.002548104195935175,0.5473252366628951
874,-0.0002239207185540168,0.5475636184078063,-0.0002476953235186127,0.5475596114729956,0.00029055024327861556,0.5527959273234845,0.0003500080682467481,0.5528142590716344,0.0020757454836333746,0.5512047786140927,0.00205323685381991,0.5512083683799983,-0.000372097382834973,0.5463091988548422,-0.0003619270960616425,0.5463318031053298
875,0.0011763201899085694,0.5482792006322336,0.0011755337072723666,0.5482561039578914,-0.00269838747074101,0.5511466228618013,-0.002764591223696388,0.551114799515768,0.0005752018980272627,0.5502654680302097,0.0005659987796590144,0.550266248866873,-0.002351640836450276,0.5460032229063043,-0.0023686731011844137,0.5459992284464089
876,-0.001183735409813923,0.5472577784622402,-0.001154473295180991,0.5472491951322661,-0.0013173219444984159,0.5518096640422444,-0.0013297095707830422,0.5517847811698023,-0.00033904644140642695,0.5500057884567509,-0.0005214034517772183,0.5499237126330998,0.0020891545819725103,0.5478002042221912,0.0020846113094204386,0.547810262018222
877,0.001554744224095811,0.5485903622733433,0.0014683304990990456,0.548531869837537,0.0002520844828667977,0.5528418596766592,0.00029358812837004003,0.5528437207072197,0.0019830443019677865,0.551372985988806,0.0019161345274439294,0.5513662568513558,-0.0018217282980832585,0.5460288951972333,-0.001805470904815883,0.546043672473481
878,-0.0031119588341069963,0.5464021598870666,-0.0032076154694034714,0.5463317163742354,0.003019362585070137,0.5539023793018982,0.003077205948461906,0.5539031683972573,-0.000674794660731521,0.5500406677542622,-0.0005886621189988994,0.5500736143036468,-0.0013570903018659054,0.5460411219637561,-0.0013918044295927713,0.5460422551060469
879,0.00014437461232827168,0.5477223167233738,-0.00013309522767304154,0.5475129242668163,0.001918952797064168,0.5534426318659439,0.0020088331690733276,0.5534709264704877,-0.0027401601275244616,0.5490678073357025,-0.0027138479772278717,0.549079350806505,0.00032479573122030415,0.5469659987509333,0.0003236691428324108,0.5469735320410544
880,-0.0013414471679386829,0.5467818998059117,-0.0015649703300383566,0.546655500406375,-0.004309340492993635,0.5505747390025495,-0.004309858260007704,0.5505797473655015,-9.565149710400985e-05,0.550389423348985,4.1803375585139174e-05,0.5504455777745387,0.002770759337667198,0.5479036031384767,0.0027777714589313166,0.5479074719075073
881,0.0006556127834440444,0.5479853482124845,0.0006342406810987051,0.5479762650616453,0.005826074627765471,0.5553705348652436,0.005710470563882793,0.5552802842584877,-0.0028906090673475426,0.5488559624930949,-0.002865886011973776,0.548859827257321,0.0006235027619498994,0.546917348697014,0.0006932743577424679,0.546961935705819
882,0.0006773008738951925,0.5479124488586021,0.0009811950308185357,0.5480325314473485,-0.0007524026080878429,0.5523367836216214,-0.0006883388104925511,0.5523448808287362,-0.0028765663417266185,0.5493071012127548,-0.002895360706843307,0.5493062885722723,0.0015656731235273392,0.5472659738720128,0.001548943379071817,0.5472677317863842
883,-0.003499862057754849,0.5462523864269394,-0.003216731194623231,0.5463514819105701,-0.0002375772296837249,0.5525396520963691,-0.0007117063887376752,0.5523137391931157,0.0025075540035594157,0.5512636555344669,0.0023566552145845854,0.5512039329388067,0.0010132238933581396,0.547318613998978,0.0009525601831819842,0.5472905203790162
884,-9.822671807085698e-06,0.5476275007586296,-0.0002828726232474051,0.5474512002075483,0.000300316797991865,0.5526634287491797,0.00044775639648493283,0.5527150108315687,-0.0005087822692120865,0.5500855013905465,-0.00047723364606698954,0.550102428452021,0.0027203799913679927,0.5479340545919534,0.0026445449874647805,0.5479144726965337
885,0.0003618390455196609,0.5477974616687052,0.0003289606930475698,0.5477288360441505,0.0025567107818914247,0.5536206752397933,0.002582384403580787,0.5536057652236656,-0.0004022440270320423,0.5502010221250043,-0.0004605113442667839,0.5501816671209107,-0.0005242259965265828,0.546716782516253,-0.0005874798502108974,0.5466998478337644
886,0.00019537987854024468,0.5478535264074361,0.0002173789746102642,0.5478690122631255,0.0015697621973272836,0.553609566508721,0.0015107552844315182,0.5535560500751667,-0.0005466132919765167,0.5500773789788211,-0.0005231006297854592,0.5501011030181591,0.0006393025035378205,0.5472300379985365,0.0007151613611113622,0.5472734933003928
887,0.002402967816697065,0.5488121689995306,0.002694913169664082,0.5489388817537627,-0.0015105351516046643,0.5518527542237469,-0.0013351800128615558,0.5518989736159918,-6.816590843686827e-05,0.5503717152759628,-0.00012624765042378508,0.5503396215729378,-0.0010619338451026436,0.5461240251720695,-0.0010661182010890352,0.5461408868287031
888,-0.001688297833115409,0.5469371095010374,-0.001690448507069578,0.546930730251606,-0.002113008057226133,0.5516369860622152,-0.0019727810553478316,0.5516843315305343,-0.0007624927646964438,0.5499426697702979,-0.0008726555560866707,0.5499038557591054,0.001761790612923019,0.5474025892634038,0.0018135501906364818,0.5474232748061704
889,-0.00018703878774150063,0.5476984586492438,-0.00013703457008989572,0.5477137553596135,0.0020336554987551276,0.553577837896413,0.0018271303440835593,0.5534802612039608,-0.001357798698441759,0.5499942636585948,-0.0014322167720688336,0.5499751162806062,-0.0018293696240717216,0.5460474464917765,-0.0018385594331494406,0.5460466520628858
890,-0.00038963290246427714,0.547433397777589,-0.0003243853875467861,0.5474548243820125,0.0012488631084866802,0.5534729087831135,0.0012143732113624637,0.5534454122051508,0.0002125934065069341,0.5504101292347591,0.0002730266012654101,0.5504574028111104,-0.0005668638621307507,0.5463027220906908,-0.0005925948220150794,0.5462975916596305
891,-0.0004991787017236955,0.5475380812811123,-0.0005828558963512851,0.5475023471309498,0.00046013547380843804,0.552713022077576,0.0005964055335244543,0.5527504532332252,-0.0022688738648715,0.5494254532509415,-0.0022268572555774035,0.5494572930292133,-0.0005460325713914031,0.5465653017260894,-0.0006275713844029952,0.5465322705116059
892,-0.00459581230435185,0.5454521719519868,-0.004425077039376167,0.5455180578179367,-0.002120736057660066,0.5517921043134109,-0.00207136690876943,0.5517873879611047,-0.000227708075587947,0.5502444667116376,-8.316271515330252e-05,0.5503057270713695,-6.5728340056768475e-06,0.5464607439592545,-1.3641623981890246e-05,0.5464843591334634
893,0.0016169513231641796,0.5488560096272612,0.0019216256589555097,0.5489868733975127,-0.0014064376846110876,0.5520490647350452,-0.0012704684848521685,0.552095730419981,-0.0008700434562758809,0.5500445971725175,-0.0009716539772854516,0.550004216103725,0.0037605801531081008,0.5486732810740828,0.003808552906476815,0.5487015328710115
894,-4.253352932252868e-05,0.547662872116795,-8.870055255431828e-07,0.5476523500137254,0.0006804177741075254,0.5528885862977101,0.0006211130926240168,0.5528261382576697,0.0009966079711007329,0.5507629762561909,0.0010315112981184613,0.5507823560933899,-0.0016221263849584147,0.5458608156221404,-0.001576288359402157,0.5459111937724126
895,0.002660987962058698,0.5490274283876758,0.0027509416068353886,0.5490483940172158,0.0033827978578498848,0.5542695873807573,0.003451096414841678,0.5542567315708502,0.0006369148403922893,0.5504425423883303,0.0006576500148598534,0.5504583119260015,-0.0009975177935155363,0.5462013693112996,-0.0011176237961015303,0.5461472829336801
896,0.0012413446817157948,0.5483368279222389,0.0011992028070665385,0.5482856994372926,0.002286761051117823,0.5539503150205055,0.0024527074531309552,0.5539966634170508,0.002693631052595715,0.5513949801556436,0.0026426731946309814,0.551386919542988,0.004311683031978709,0.5489303899346859,0.004360822397623463,0.5489475092531519
897,0.0005757688134748836,0.5481499198172461,0.0006240756926380308,0.5481175893095475,-0.0026424612645674903,0.5517041535654893,-0.002634209305620803,0.5516951937909652,-0.0008742333396018562,0.5500201370970803,-0.0008095211965807314,0.5500358014204348,-0.0007439795854278387,0.5463800735942627,-0.0008171406718471375,0.5463442286810403
898,0.001837950300575147,0.548636584022779,0.0019330612189088195,0.54864570703615,0.0032199165189770694,0.5540902856029185,0.0032827994729253012,0.5541139694061601,0.0036157249063295967,0.5517229406731777,0.0035675053240697093,0.551705768749747,0.00016070343664575145,0.5469515783258371,0.00015344687538822342,0.5469525254034147
899,0.0012675874365426802,0.5484387687773976,0.001351428725946819,0.5484618856081728,-0.00048805970543722285,0.5522837293262407,-0.00044881248683456337,0.552280137161247,0.0012941898476129497,0.5508967546245455,0.001351482828594286,0.5509414983989811,0.0008402295977834859,0.547098344608158,0.0008841208699582479,0.547109564629913
900,-0.0011024597464674925,0.5473645391598246,-0.0008640764850046928,0.5474510676731549,-0.003370482035844556,0.5513217419697746,-0.003307318760838085,0.5513418160606962,-0.0011006955023012794,0.5499457932029158,-0.001194738697069289,0.5499033280018287,0.0003159695052919656,0.5467549793108486,0.00018357530681216384,0.5466914313149679
901,-0.00036537858565404606,0.5472701579099949,-0.00010629761740664605,0.5473855784334236,-0.0025022393612832393,0.551507437917406,-0.002406185355606974,0.551541248348152,7.003776099237028e-05,0.5501616068580978,7.454633783324535e-05,0.5501716338618916,-0.002106342044252431,0.545853816936079,-0.0021278614112492777,0.5458457345743243
902,-0.003173667195995047,0.5464186225879538,-0.003140311751167886,0.5464440610545759,-0.0013334400270599107,0.5519402164831727,-0.0012916012447718888,0.551956866447426,-0.0004999076463097998,0.549837655559341,-0.0004286650153085653,0.5498762186153038,0.0005808730350498264,0.5468800240937708,0.0006105403021500157,0.5469032775944244
903,-0.0033971481150713886,0.5463146528266939,-0.0033790425119170366,0.5463063005573738,-0.001176833937892788,0.5520311329439372,-0.0009246555891154235,0.5521314984417797,-0.0004795258595885994,0.5500829116724513,-0.00047986870622298097,0.5500842619160923,0.0020348440467376533,0.5475566219278162,0.0020505934841520417,0.5475700085585452
904,-0.00033272500795078464,0.5476428655855438,-0.0002271829096848699,0.5476948139742893,-0.0002693854763684226,0.5521439034164426,-0.0002741875853951215,0.5521314346207015,-0.0013174659676464372,0.5496245995005968,-0.0013677739978118861,0.549619457557277,0.0005764347764425863,0.5469675535103088,0.000588626660848948,0.5469768890311619
905,-0.0022669301373220685,0.5465634021920346,-0.0022310458654813746,0.5465616534222776,-0.0010741317373327492,0.5521264893855403,-0.0011000762023377338,0.5520991764954081,0.0026204422512024032,0.5514462293353372,0.0024955590871091134,0.5513982997838159,-0.000496705542354226,0.5465603611702242,-0.0005392913080395687,0.5465568769431867
906,0.006702690102615574,0.5508552457331511,0.006709560315385319,0.5508108082007084,0.0017881800624001537,0.5535617182250187,0.001818499220926094,0.5535718995036194,-0.0010539841431286923,0.5496223960406758,-0.0010503513133889428,0.5496240963674482,0.000717673322668802,0.5468667911049164,0.0006993066836506697,0.5468835678781627
907,0.0019004356828371549,0.548662669235736,0.0019027304140413045,0.548657188913268,0.0017367824349589882,0.5535805719062625,0.001873979528648913,0.5536369168029222,-0.000796784939276281,0.5496326172043982,-0.0008201415424856726,0.5496230072851334,0.002341568562134275,0.547656612487244,0.0024589919667446017,0.5477129721057357
908,0.0028977699538434766,0.5484926694429118,0.0026759784598635937,0.5483766803136608,-0.003236545316350611,0.5510162027847493,-0.0032025424499937485,0.5510121033573762,-0.0006139644479610279,0.5501546619306747,-0.0007019215244027134,0.5501204971441104,-0.003696070762118834,0.5451032367620064,-0.003669809939342097,0.5451312332470443
909,0.00440194145973138,0.549944774000222,0.004265407283934937,0.54986971711146,-0.00306777196560273,0.5511597846238896,-0.00320573206290157,0.5511163132746492,-0.0008927121243517103,0.5498928754062468,-0.0009043630753013086,0.5498691784389,-0.0013262136397548738,0.5459372669856846,-0.001277392742451604,0.5459590652107934
910,0.0017688723382310364,0.5485981094749776,0.001749929008676409,0.5485640052994518,-0.002008807713826451,0.5514206862774883,-0.002017381438944077,0.5514029057321713,0.0014347980697958847,0.550978610787487,0.0012670356137744882,0.5509315425733416,-0.0032040389826587874,0.5450499325043761,-0.003165543925128916,0.5450766813683696
911,0.004690825469641796,0.5500562027416579,0.004648068888444609,0.5500258662837362,-6.651313577582054e-05,0.5525459171122357,9.971018169735565e-05,0.5526169398423633,-0.0009494445304932731,0.5498634928609535,-0.0008464124138843924,0.5499117032001103,-0.0011904595611808668,0.5461693775819664,-0.001140700420595631,0.5461856676920053
912,0.001994544227298675,0.5485708571427746,0.0020295478707955937,0.5485777203455077,0.0006917401884763986,0.5529727195640759,0.0004782898457400267,0.5528693258026528,-0.00019378107491940086,0.5501981915371127,-0.00013070226631175356,0.5502399585434831,7.282309571099591e-05,0.5465726169388901,0.0001932731269706756,0.5466363906783888
913,-0.00195760164448654,0.5463854112764276,-0.002013251639025575,0.5463358257246157,0.0003733614604762917,0.5529864586199292,0.00022128188061325317,0.5529114293911227,-0.0022779194433729753,0.549145260177487,-0.002285021120341144,0.5491617124922286,-0.0018412330389716517,0.54580186152069,-0.001876263550882863,0.5457909843910904
914,0.0019851613257345865,0.548509936100584,0.0018204215470279687,0.5484199393729895,0.0038750151521168615,0.5541414082563132,0.004064173446404724,0.5542052096558047,-0.0024776271202351856,0.5493007929171895,-0.0023634464255975476,0.5493704244905722,-0.0009482233948327145,0.5463750687754184,-0.0009736782099393788,0.5463580579278476
915,0.0034394437883972424,0.5489375589411929,0.0036769348245287766,0.5490412988308105,-0.0026084312516668332,0.5517615829677208,-0.0026010289276219025,0.5517352399026062,0.0008426404376454503,0.5506104043184155,0.0008900663580488997,0.5506313340346671,0.0006854494711584057,0.5469672172871776,0.0007282806672761528,0.5469875829723749
916,0.004485389341013013,0.5492649300605845,0.004422235705755623,0.5492315673232069,0.0009218146428465885,0.5530178010016158,0.0010455198841829766,0.5530576006475364,-0.00039574749852765726,0.5499998862017673,-0.0004641922788606695,0.5499910274907033,-0.00011258606799288116,0.5466607737502278,-7.596681892016535e-05,0.5466788840440229
917,0.0024676395409474468,0.5491486558239106,0.002632267658322898,0.5492183110634081,0.005000511962430134,0.554846850114217,0.004908727767719378,0.554801681909446,0.00023879381380612603,0.5504681949353895,0.00031785983948538684,0.5504938687055886,-0.0005801543567493301,0.5466035138152489,-0.0006390575507209764,0.5465729640272433
918,0.004386625424602883,0.5500726594609041,0.004558760785740057,0.5501335064487759,0.002899185608256654,0.5537884298140151,0.0029360077720485575,0.5537882219470592,5.1053841734321906e-05,0.5501470982745452,-1.0437291517035558e-05,0.5501152963550298,0.001676296822752722,0.5474962918657938,0.0017850165239214233,0.5475598019071876
919,-0.000419809604593286,0.5474415377879516,-0.00032695035027311884,0.5474613650372864,-0.0005651337157235829,0.5521466445761557,-0.0006216977724621561,0.5521215245919119,-0.0008449424830801769,0.5499486739023965,-0.0008406351110094215,0.549957497463509,0.0007978595756779641,0.5470302200913199,0.0009011421347535244,0.5470732155565422
920,0.002458129476398228,0.5487215438497768,0.002633898925280514,0.5488014635759412,-0.0015318140860364994,0.5519970489166482,-0.001481029828505642,0.5520172739937338,0.0034798383798852364,0.5518399429100634,0.0033187236542847353,0.551768622997645,0.0010636818037901773,0.54734015198761,0.001083536780109954,0.5473369354487979
921,-0.002882210589762874,0.5465645833008651,-0.0028437584492555005,0.5465888645630573,-0.0005047670770343104,0.5523717459019742,-0.0005630041187260187,0.5523148567159128,9.102533351862143e-05,0.5501469106267834,0.00010148747728913061,0.550157611813353,-0.0007961015192632883,0.5464759295549181,-0.0008266298458924243,0.5464512260510611
922,-0.0006953175621061755,0.5474205468817733,-0.0006949592902843159,0.5473765308631809,0.0017400203599157518,0.5533552455786895,0.0017674393003614078,0.5533675743220574,0.0007581348280308091,0.5503697027760845,0.0008460977646904958,0.5504048480345637,-0.0007467609359623142,0.5462875001275558,-0.0007392443464356299,0.5462975739945746
923,0.0009448659104742402,0.5481209816513919,0.0011004556078233032,0.5481758973363394,-0.001786204877580178,0.5518181725805836,-0.0018545597006660154,0.551772988694279,0.002602631799653377,0.5513913978151695,0.002579441204026407,0.5513859803576225,-0.00193544847996644,0.5459029759892645,-0.0018914487248642194,0.5459113624212943
924,-0.0028545755201845346,0.5464506051867025,-0.002967058058956995,0.5463812829236022,-0.0004240114094984806,0.5522918511731295,-0.0003324642179736918,0.552325356946282,0.005575316171010769,0.5528199753715506,0.0057542685173346585,0.5529057927870357,-0.0008302014117973351,0.5463878646878498,-0.0007967316966108082,0.5464240723940907
925,0.001928091560596449,0.5484264381681534,0.0018974072930595604,0.5483844855459524,0.0003474126668047052,0.5530157169915012,0.0003916021181558445,0.5530106469057708,-0.0026306584393925437,0.549043118536329,-0.0027033200501794673,0.5490225405351798,-0.002549290851258369,0.5454387634274515,-0.0025303756188180897,0.5454440750211974
926,-0.0034131287545397988,0.5461804027586782,-0.0033153813333526225,0.5462005122026947,0.002124740222806385,0.5536536923224327,0.001693817057501956,0.5534234214747472,-0.00014286842500741467,0.5500277010396847,-7.027061676293791e-05,0.5500590544384966,-0.0012403637162363985,0.5461807889984215,-0.00121584191072721,0.5462062554760908
927,0.0014657981262591521,0.5484792531092624,0.0016607587255860754,0.5485402876214596,-0.0013394897401841916,0.5522109147787547,-0.0013151685840409675,0.552208639614475,0.0044868984806559166,0.5521174932162988,0.004483217628817815,0.5521450318171586,-0.002633377884476226,0.5456126464063437,-0.0026710688776319345,0.5455877639392338
928,0.0039738206774389785,0.5499641863885966,0.004059685068327294,0.5499875963974193,0.0019635819982348588,0.5533343513857728,0.002056260401720732,0.5533687672807953,-0.0007391171181974471,0.550017227175898,-0.0006099545446679754,0.5500602558972774,0.0011424560318916458,0.5473470450003555,0.0010965931502322753,0.5473294589605526
929,-0.0017061182713468358,0.5470141960743032,-0.001755261716389557,0.5469886941863634,-0.0010645470375161812,0.5522507825955726,-0.0009355476263229052,0.5522519151638803,-0.0009654709062562275,0.5497259564281517,-0.0008745121248495101,0.5497861157869138,-0.0025913199574614525,0.5453190358670533,-0.0027043820144893402,0.5452850381701098
930,0.0021924610619593605,0.5487572463983694,0.0021179029637962633,0.5486673006689528,0.003903527674048659,0.5543026240643255,0.004065934227269534,0.5543780727965287,0.0007362479491254764,0.5508853051485357,0.0006372063298156537,0.5508540539442087,0.0022059940222147784,0.5475167615142604,0.002195547955564516,0.547523925089931
931,-0.00023909864195236085,0.5474348083535352,-0.00020191896521366725,0.5474582703215363,-0.0003778850643602607,0.5525423725766637,-0.00042783417487566466,0.5524943500779297,-0.000702653452170398,0.5499642627065081,-0.0006748699333229141,0.5499956463700949,0.0013552508687172148,0.5474031540177261,0.0013608480350613197,0.547417297519464
932,0.001330551292678229,0.5485934872386654,0.0013206234824300169,0.5485624290123847,0.0006773953975243906,0.5528721793458597,0.0009153594747452286,0.5529836300319407,-0.0038201897373473376,0.5486599707972005,-0.0038549381029541942,0.5486599524172965,0.001829218515251493,0.5471442760555737,0.0018244247579590831,0.5471591674300854
933,-0.0035818468734820585,0.5461482029669517,-0.0035502487000407365,0.5461528813898132,-0.0005821254276258116,0.5523602599128813,-0.0004365851358808798,0.5524196093778369,0.001901282924171534,0.5511614818587354,0.0021355104298339503,0.5512797321279419,-0.0008639250595456686,0.5467000737189082,-0.0009239649023594685,0.5466796508730071
934,0.0023647095467420423,0.5489290976493192,0.0025915217352284713,0.5490072675667618,-0.0003065847980051418,0.5526489955750356,-0.000374360924809097,0.5525895855184454,-0.002202366746431332,0.5491476949993791,-0.0022282736271092124,0.5491615674523955,-0.004524321993505297,0.5448647512073603,-0.004566247891524183,0.5448376733968128
935,0.0010947960598667362,0.5478379212687408,0.0012002688509948742,0.5478561687707931,-0.0001474029944061601,0.5526597356101165,-0.00019295457756846371,0.5526074113213196,0.0011983111796882776,0.5509934267430414,0.0012755304480840393,0.5510383846053353,0.000563406872085503,0.5470906635078213,0.0005729682515906005,0.5471006409093039
936,-0.002373653432840079,0.5467028658553716,-0.002360478008229624,0.5466849687822286,0.0013840840766739433,0.5533626680581782,0.0013784168707635944,0.5533417135163371,0.0013894857699585025,0.5508260698080528,0.0013504931426465937,0.5508186687096176,-0.001956946055712286,0.5457876242405056,-0.0019785938289487823,0.5457809689268384
937,0.004471772045712405,0.549594940439608,0.00458156188590957,0.5496092032986079,0.002878082385821098,0.5539440458268606,0.0028812618529482762,0.5539370282852837,-0.0019577582591436787,0.5496602798801749,-0.0018807299904312798,0.5497114049718131,0.0026607636187003063,0.547580939356117,0.0026691752236585064,0.5475929170124026
938,0.00037875920658687483,0.5480110398796951,0.0002744695569184534,0.5479368908996428,0.0007633087351276788,0.5530545848146198,0.0005614131177065269,0.5529488862319143,-0.0014799168659122787,0.5494734420062296,-0.0015005715823094856,0.5494688869205376,-0.0003404185919210115,0.5464821546167262,-0.00031819526984903907,0.5465242849952431
939,0.0025205784191956013,0.5489556818489139,0.002436328972710148,0.5489004526694914,-0.0003513423886444364,0.5524013942392275,-0.0005237488612690965,0.5523065836947605,-0.0009901216643865452,0.5496780482949274,-0.0009348336546623185,0.5496926510438581,0.0033690658969365173,0.5480323863883135,0.0033640672230343355,0.5480281700110542
940,0.0007572963130707456,0.5474646666709524,0.0008482412882663409,0.5475080382547651,0.0010618486002011483,0.5530137285437474,0.001386314450149832,0.5531332885844223,-0.0036283188300396396,0.5485496388769568,-0.0035022694709500434,0.5486234768950782,-0.0009800670109174868,0.5463463728832286,-0.0010043678193106186,0.5463426898447225
941,0.00160055553685847,0.5487854977013572,0.001582173000122055,0.5487387410862623,0.0023395599574583125,0.5534630941834711,0.0026280984893705876,0.5535759259322559,0.0005633253559329515,0.5503352024185313,0.0006125146936557576,0.5503760965962098,-6.561245650431523e-05,0.5466046201817639,-5.236976062545595e-05,0.5466169288343696
942,0.002032901049546097,0.5484558560182399,0.0021158611413549812,0.5484424373237685,-0.0018453067670647645,0.551968892808826,-0.0019165179837788311,0.5519124736963116,0.001204694958045079,0.5509814789685127,0.0012139146749985633,0.5509925862827958,-0.00043021919559774945,0.546786188062892,-0.0004316303549994279,0.546798929874943
943,0.004839492869064333,0.5499835956699921,0.004781367257617467,0.549941361902599,-0.0015489795263899436,0.5519884035023698,-0.0012250826536510326,0.5521260969730247,0.000590648210025385,0.5506144315310446,0.0006885239804216848,0.5506804702820115,0.0011848325545830852,0.5473367115825352,0.0012074565641826812,0.5473473920893315
944,0.0007318051354624761,0.5482722734308223,0.0005895965491318836,0.548155798630512,6.011853701777572e-05,0.552653899426936,-3.31837432269363e-06,0.5525825689954839,-0.00330295212665254,0.5487569752650482,-0.0032769611841339855,0.5487559512651196,-6.956543912847579e-05,0.5466179885533543,-6.273305792651081e-05,0.546624138291257
945,-0.0009593528564963686,0.5471378550946383,-0.0008982893849634462,0.5471166284426331,-0.0008746126145976896,0.5520468587208004,-0.0008667541356590986,0.5520488572535814,-0.00020077699268716644,0.5500798521580008,-0.00021770657727520913,0.5500780298081515,9.508421492279172e-06,0.5466262351795643,-1.733851479700218e-05,0.5466217172660431
946,0.002717449016601609,0.548617571980677,0.002676654397996223,0.5486056229729654,0.003420229228791986,0.5542507197706976,0.0034881839267197866,0.5542565351486965,-0.002575051600712423,0.5490353612555262,-0.0026345294957173734,0.5490344220903066,0.0013324398892705658,0.5472961770216547,0.0012735022121704704,0.547273317317132
947,0.0005085425959872629,0.547982215968238,0.0005354347551800432,0.5479728244155085,0.0004053302169645107,0.5527753476928621,0.0005959394226800332,0.5528295278160744,0.00083810405971479,0.5507331355855104,0.0008695586413143105,0.550740932634317,-0.0018761224869710633,0.5457448965786639,-0.0018687455253928351,0.5457660141727684
948,0.002568677678117632,0.5490008287349144,0.0024968177574416638,0.5489594296643497,-0.0007512127101802236,0.5520520568649281,-0.000682490278813184,0.5520494710343057,-0.004574974162373687,0.5483180737456111,-0.004563653045883793,0.5483035654481653,-0.0002708749047375248,0.5464735004959849,-0.00035136005903731545,0.5464404292655
949,0.0029324384315013853,0.5494151065185547,0.002873418322911042,0.5493723721192384,0.0017990826679474315,0.5532726850602779,0.0016976096855966084,0.5531853038414746,-0.0006941001112568491,0.5500380506814664,-0.0007979788042085513,0.5500034542669002,-0.0020574142033972635,0.5457186978295815,-0.0020890136734820126,0.545698418086546
950,-0.0023922439724174604,0.5466756243853895,-0.0023824555970815924,0.5466744146309912,-0.0013470261459985072,0.5520075743906238,-0.001212969787899978,0.5520638036878028,0.0008066887812857888,0.550529069444235,0.000800897012690825,0.550529619727968,-0.00024282853020641385,0.5467822270687038,-0.0001527690956453996,0.5468397542079827
951,0.003008060223386941,0.5493880312149174,0.0030058862309472792,0.5493650211256363,0.004702557162786424,0.5549066920107165,0.004536351381064432,0.5548226537423832,-0.0013751747283735972,0.5497455369923298,-0.0013138581031592281,0.549783170839473,-0.0025255688208971074,0.5457565118986643,-0.0025234541461101097,0.5457734750649701
952,0.0004378984033969469,0.5477155014445381,0.0003229201507233396,0.5476461595591423,-0.00012550195676517593,0.5527998299664231,-3.51107826792098e-05,0.5528092518268458,-0.0018065892334215132,0.5493197606484385,-0.001783368730430394,0.5493369103850054,-0.0008164794055884097,0.5463578778624233,-0.0008728753825958408,0.5463359629660102
953,-0.0018045964971189043,0.5470809478904769,-0.0018909601309275443,0.5470190854562581,0.0007678242899443723,0.5528138792590259,0.0005472031220000441,0.552704974574842,0.0012150174502611342,0.5507610067932575,0.001145400505693166,0.5507362168794545,0.001335114485593358,0.5471491214382883,0.0012992052995385113,0.5471434935240028
954,-0.0010937189185187487,0.5476165815217255,-0.0011294398656309173,0.547595633661902,0.001406273429888338,0.5532215486554469,0.001365820382566852,0.5531781671138728,-0.0001248585490793643,0.5501300475288424,-0.00020670928314572008,0.5501065372846236,0.0012079955551105334,0.5471820607961505,0.001231729560415364,0.5472153906509146
955,-0.0006511248294360847,0.54762294551251,-0.0008932273795169118,0.5474700478700126,-0.0006732450685277223,0.5523660111610783,-0.0006728959566813619,0.5523477122217373,-0.0019999903804773576,0.5495407703028369,-0.001943096605263449,0.5495862307995645,0.002467770847110322,0.5476730342950925,0.002412192534129453,0.5476648713520643
956,0.0010714812979019817,0.5483881521369205,0.000981808405623684,0.5483295010685838,0.0009059903668360456,0.5529845748538693,0.0009672709518136931,0.5530067342147916,0.0005896942311056806,0.5506941055495981,0.0006686352905998677,0.550731656719308,0.00023095099106812674,0.5467765277360526,0.000270790402527466,0.5467895730548501
957,0.0028516540007985105,0.5488919224439891,0.002899375092911615,0.5488980163659676,0.001300212016617086,0.5532010838796779,0.0011086943610906415,0.5531097261935516,-0.003421446906553285,0.548648676538657,-0.003343489729175489,0.5487058351286986,0.00046071389828629595,0.5470050383549003,0.0004566884435459317,0.5470110616805219
958,0.0006082752317019678,0.5481394280565711,0.0006965515521945711,0.5481675924530692,-0.0014163731228144238,0.5519476616368665,-0.0013176157849859522,0.5519812207661215,0.0009486014219935628,0.5503856037936833,0.000982287795753947,0.5504047449919433,-0.004134755399199014,0.5450179780636873,-0.0041549044385583425,0.545007668745798
959,0.00152452084088326,0.5483830287505002,0.001504323070563918,0.5483352439336001,-0.0036472572011655158,0.5509394817128862,-0.0035649517874205895,0.5509581424346042,-0.0025843013111966386,0.5494180753721035,-0.00252864786026177,0.5494494307422114,-0.0011804025973763091,0.5460406601229982,-0.0011933356894774365,0.5460404791514755
960,0.00041003498713296314,0.5475642195566485,0.0002305396480315475,0.5474607907920089,-0.0005723757124203177,0.5521217503301771,-0.0008090374305671331,0.5519688638847075,0.0013598476753573366,0.5507143658862068,0.0012596532217720158,0.5506716155526156,-0.0012328774797450515,0.5461292582374594,-0.0011142244178437902,0.5461864659282948
961,-0.0024235912803066873,0.5464958962915206,-0.002437636287561367,0.5464566632019525,0.0025282075137876407,0.5537419810061655,0.002370220147436961,0.5536478081406586,-0.0005022645384830675,0.550084771317822,-0.000419629760519003,0.5501258853398796,-0.002664270396212418,0.5455166804313867,-0.002784347631587074,0.5454781478037766
962,-0.0010098605395875832,0.5472216888889642,-0.0008976941124839976,0.547254344241473,-5.741679214820592e-05,0.5525703759298264,2.2873195490256943e-05,0.5525966512628887,-0.00051752951633332,0.5497605909803297,-0.0006350539090508124,0.5497156420551339,-0.0014862301274253416,0.5460128684347542,-0.0014719781810698575,0.5460240655631795
963,0.0012182569302564283,0.5480997958032711,0.001285513406691738,0.5481060568971717,0.0011305436969528855,0.5529908240299869,0.001293511060583421,0.5530550946333936,0.0006569646863191322,0.550645466197758,0.0006256387986200597,0.5506429365708283,0.0028599735116753623,0.5480006332983933,0.0029144253170939236,0.548033173540575
964,-0.004356461088847474,0.5455890651728833,-0.0042333796998964964,0.5456156095643091,-0.002258708154061432,0.5518025695523874,-0.0021555252789269186,0.5518411492345595,0.00095683838055823,0.5505511433284391,0.0009274812289683594,0.5505580005406886,-0.004767561047319485,0.5447894325109531,-0.004760378036431866,0.5448074956116119
965,0.0010626617793000242,0.5482357668513503,0.0012613849626085577,0.5482876763125387,0.0014431450948450373,0.5531683619680036,0.001361061807622589,0.5531214280285025,0.002010275045649679,0.5509852011103139,0.002202259971074425,0.5510787014159734,-0.002862804723399904,0.5454364832539573,-0.0029278843191125475,0.5454155932582369
966,-0.0008727948341845446,0.546836312553375,-0.000723685460255245,0.5468807654539404,0.003728184797999492,0.554116318924898,0.003616925987713211,0.5540669315267142,-0.00077846072391598,0.5499718642708824,-0.0006427141079685508,0.5500564661592641,-0.0013538502155986184,0.5464222761944697,-0.0013294569358030615,0.5464309193215768
967,0.0030239438403081684,0.5494777913450927,0.00307189816427026,0.5494782953937921,-0.0027611658975695576,0.5512218351141503,-0.0026878267587519965,0.5512406038101506,-0.002916121292336663,0.549061272885265,-0.0028168415426017227,0.5491253113493534,-0.000419200517848151,0.5464673722208926,-0.00044824059299856267,0.5464614431913946
968,0.0014443116963439011,0.5483552810981743,0.0011671813657433206,0.5481826902258183,-0.0012631642555840977,0.5521674605242239,-0.001321367994745691,0.5521505995521645,-0.0005876250937537792,0.5499726994442531,-0.0006760249438225643,0.5499446378198436,0.00046093113528073424,0.5470907278466829,0.0005412929359541708,0.5471514540344269
969,0.0014160911877414168,0.5480527016856366,0.0015891388980283298,0.5480754244742899,-0.0013446218286570835,0.5517708114710898,-0.0014105313847154431,0.551728637555728,0.000335498475047986,0.5501422440384504,0.00043081365675549894,0.5502050501898483,0.001367381872880393,0.5472342550241949,0.0013840540154500631,0.5472514312743129
970,0.00639085328043347,0.5508167575862588,0.0061907587695378095,0.5507169700504865,-0.0008712364082020222,0.5519933867297169,-0.000833972769969466,0.5520043627984637,0.0001189629629666751,0.5502153370013542,3.217086272675186e-05,0.5501781660119388,0.0017176177114119828,0.5476468126991244,0.001800823052685441,0.5476888953292
971,-0.0003155330087177375,0.5476376848176457,-0.0007136326896276366,0.5473798800487272,0.00034764552465965025,0.5528455036300909,0.00048816425257554156,0.5529084833866862,0.0014947237619611607,0.5510568158800643,0.0014793748243039206,0.551048875414541,0.0007286823850905494,0.5470361586561375,0.0007342467832668259,0.547054145580682
972,0.0037153091670327995,0.5494675779123832,0.0038075730572931558,0.5494927482523276,-0.0029815979577405174,0.5509063705726199,-0.003066837746525818,0.550877577816058,0.00201776535745723,0.5509894747361893,0.001971760253878242,0.5509821595803702,0.0006635729911046157,0.5469829250709033,0.0006281977330427797,0.5469667327183718
973,0.0004335599286270828,0.5478070357733295,0.0005456740902597878,0.547864269082115,-0.00016299762934943464,0.5521977807522501,-8.595888861741134e-05,0.5522244968308065,0.001200754818201223,0.5506526052613944,0.001237896143192655,0.550679165511605,0.0017094242675226494,0.5471921538580112,0.0017139243987022237,0.5472030552169599
974,0.00045250472275053786,0.5474997268863145,0.0004398781010240033,0.5474891307745571,0.0006764497310187562,0.5527830969906057,0.0006302990732803939,0.5527489031543941,-0.004428889656036931,0.5481248621718368,-0.004517119137980803,0.5480769384223191,-9.891358809003619e-05,0.5465529803399117,-0.00017490156251766592,0.5465380095236706
975,0.0016120806440202645,0.5481802879381793,0.0016593186126612131,0.5481632797683967,-3.665272441834079e-05,0.5527674785919755,-6.436839738728401e-05,0.5527450553226513,0.0027820041698247157,0.5513112232846008,0.0027896915471259573,0.5513256127300704,-0.0016441050284882375,0.5462599544072132,-0.0016331814582323516,0.546270674469879
976,0.0033004079656176063,0.5493040506802926,0.0034125506912982173,0.5492877364015349,-0.003139697164141737,0.5510703637945923,-0.003021329353618525,0.5510883209526186,0.0008583489828595105,0.550835739013865,0.0008839470110254716,0.5508503420079921,-0.002098692467748143,0.5456520375177553,-0.0020826712917989816,0.545661193970641
977,0.0010924074767905598,0.5480124140498589,0.0009621045433157008,0.5479070007680847,-0.0008997610859453117,0.5522153665645501,-0.0008131048142346239,0.5522392157853081,-0.0016134509992240947,0.5495795342488887,-0.001649886249446777,0.5495748091073454,-0.0001367393503095166,0.5464050372062624,-0.000173951402332982,0.5463927715363447
978,-0.00015420345045270267,0.5473795972403447,-0.0002758510192368689,0.5472952773783067,-0.006181457775701428,0.5497934343215083,-0.00615476927158383,0.5497582267854877,0.001532301896024422,0.5506590126004409,0.0015999957043729316,0.5506969547085142,-0.0007410870730447649,0.5462172554124279,-0.0007573966737598305,0.5462127661826152
979,0.0022313452491153057,0.549214395792116,0.0024040151341937935,0.5493011583009798,6.131001395794646e-05,0.5526606505020782,0.00010167227163639002,0.5526674712351164,-0.00017921652297699323,0.5498956803548579,-0.0002017593722400739,0.5498937174302155,-0.0022896310463144404,0.5455938129130243,-0.0023142725364709775,0.5455957583666539
980,-0.0009609482114607042,0.5473471351244997,-0.0011672903425858207,0.5471845436194457,0.0019924877134515004,0.5532733949919826,0.001970703780408102,0.5532637444115028,0.00018417170606865996,0.5500655000599499,7.819094054734672e-05,0.550055634570655,-0.0015545722885298898,0.5460999512462137,-0.001642516930009064,0.5460701300821439
981,-0.0003657295882347052,0.5474252885888887,-0.00024260992396892827,0.5474644182754603,-0.0035262093422061187,0.5512589223827521,-0.0036615320657897867,0.5512012955479887,0.002493759269959717,0.5513155510182787,0.0023567770500365977,0.5512638980973658,0.001448610317721179,0.5471611962407895,0.0015237197473269642,0.5471910091318598
982,0.0010999984017521648,0.5482573459075697,0.0011445577206064754,0.5483010835266585,-0.0012144913332952584,0.5521529127795706,-0.0012431369310029936,0.55212142010568,0.002920592237774099,0.5515871408915752,0.0028297481360160907,0.5515647587752848,-0.0022355226478848146,0.545549621114671,-0.0022438287306147183,0.5455442810482284
983,-0.0005231879148555717,0.5477267919729537,-0.00048385365785070215,0.5477395957560974,-0.0008629354831965749,0.5520799606258202,-0.0008676304020008782,0.5520575155712811,-0.0014027596962493314,0.5495781979087012,-0.0015158594999462672,0.5495438568108875,-0.002758145735642352,0.5456488339647674,-0.0027144249271577347,0.5456730296975291
984,-0.0003327752011415884,0.547467889053758,-0.0001794994659129215,0.5475128131142862,-0.002295358979304178,0.5516531016711185,-0.0023032661267283253,0.5516312238059652,0.00161451243083143,0.5508063065236305,0.0016253758447783342,0.5508345453134935,2.1001140553828743e-05,0.5468692381696117,-1.869765307317315e-05,0.5468525400417804
985,-0.0016116305143915024,0.5466196640576106,-0.0017168885340487937,0.5465476584072441,0.0003544543576088958,0.5526775138351571,0.0005762221724311755,0.5527565842081075,-0.0018855209840429148,0.5494122701912464,-0.0018485908009897205,0.5494320562675176,0.00047580089103566096,0.5468021679386329,0.0004833729862598107,0.5468203269804429
986,-0.001095814469694847,0.5469578295759171,-0.0014873598189429477,0.5467339647306368,-0.0030418526049212856,0.551406055535243,-0.002771231987189954,0.551518955580785,0.0020061366085522554,0.5509372906255293,0.0020752733301905688,0.5509574119838977,-0.001690056452407853,0.5461720834379759,-0.0016863306808939775,0.5461852205329717
987,-5.933431831923393e-05,0.5480559218636686,-0.00012392377734157377,0.5480391152960787,-0.00033661776861627544,0.5524955436525723,-0.0005082122207855284,0.5523958699237154,0.0032444063078503776,0.5516853838138538,0.003054776019629226,0.5516278408077152,0.0019496307287295677,0.5476778886260938,0.001994345797266856,0.5477211354890681
988,0.000566636521041052,0.5482334785175244,0.00031451870478674254,0.5479902687727001,0.0015669197532709397,0.5535147277790656,0.001435754425853424,0.5534595346067163,0.0014371401593535754,0.550924813455196,0.0011855663907045187,0.5508277786366951,-0.00111535735335321,0.5462460686902966,-0.0010643261295121842,0.5462776274162643
989,-0.00012770170615793654,0.5476140639153119,-6.778367190854813e-05,0.5476530332566353,-0.0013104347709769401,0.5519914027263062,-0.0013477210500421344,0.5519216601096777,0.0009202661031962122,0.5506783835379953,0.000896941460133507,0.5506807206165543,-0.0010093585834215159,0.545868385350661,-0.000913690137000993,0.5459115182696003
990,0.004440751191450874,0.5500439133061237,0.004601350007484029,0.5500920989780401,0.002908035748373307,0.5537965433071065,0.002968517533492834,0.5538064989355321,-0.001304301190596744,0.5496401472778069,-0.001422915741948364,0.5495806937009493,-0.0013264975966789574,0.5461217799474624,-0.0013806128441217677,0.5461084876582868
991,0.0025962875717904575,0.5493591872707015,0.0023811476584379844,0.5492189501531274,0.00013359015862072113,0.5528846952433631,0.0003200176412872311,0.5529439097985627,0.0023225289106789267,0.5512991024200599,0.0022567696485063216,0.5512975573181528,0.00027590714350931396,0.546924944913855,0.00032890105511749595,0.5469556543649611
992,0.00250257606883283,0.5492199721511911,0.002578678419764129,0.5492451889757813,0.002193655079570937,0.5533874236702894,0.0022291240098987054,0.5534130070310604,-0.001620000859158256,0.5497380854537959,-0.001878840385701688,0.5496421522022447,-0.003271971269034542,0.5453498193025252,-0.003247432729115842,0.5453767877099244
993,0.0005425825382503855,0.5477752524184505,0.0005816632401891635,0.5477727375565232,-0.001396971672249315,0.5519590176202023,-0.0015148791076024383,0.5518968232916711,0.002354972961141739,0.5512415506960576,0.002420356415814944,0.5512760906663335,0.0005596314839870568,0.5468512891776091,0.0005855995269807123,0.546872035702055
994,0.005550114392803171,0.550424720273723,0.005276368239833871,0.5502894764129043,-0.0010305262620079654,0.5520534287954958,-0.0011231061800539455,0.552001428538661,0.001316169308599602,0.5504910966821639,0.001457027909971151,0.550573614719538,-3.612788288477356e-05,0.5467732464005239,-4.408943509713665e-05,0.5467732744287401
995,-0.0014483541549980994,0.546877965649376,-0.0014842052809388203,0.5468327173631061,0.0005045450290824966,0.5528751660147728,0.0005650670483947428,0.5528890221595262,-2.4374998868475926e-05,0.5502080524916634,-0.00012555676586176588,0.550166756968628,0.0015808213261477154,0.5474449998220694,0.0015870693221110624,0.547455450138583
996,-0.0001247295986209902,0.5477960195531312,0.00010718704755462406,0.5478523322976235,-7.241554328283965e-05,0.5526764076667794,-0.0003828669815251192,0.5525105863393845,0.00035664435539388786,0.5507590872101088,0.0004026946380872399,0.5507665485273244,0.0017175279126782177,0.5474155592754818,0.0017256384150492535,0.5474374647880974
997,0.0009620886319193419,0.5477422437617776,0.0007622340379267938,0.5476285123471035,0.0019277802352238391,0.5533317438518862,0.002065761564643905,0.5533798030697167,-0.000989383128057483,0.5499380859492536,-0.0010733101383921435,0.5499183358236747,0.0024581925766361877,0.5476605060115368,0.002423324389410435,0.5476695085390287
998,0.0014945040084814044,0.5483737030056115,0.001621596149063334,0.5483814846662848,-0.0019012253661454422,0.5516574937343183,-0.0019279882952990338,0.5516339862719487,0.0014618388243704747,0.5511201725114401,0.0014553184930799611,0.5511114738664707,-0.0030487094118568157,0.5450846241863521,-0.0030451472757495484,0.5450960357233797
999,0.0011968055134095065,0.5483364121930953,0.0012138326685067135,0.5483469517280941,0.002061268217118093,0.5535433157712024,0.0020433113892884183,0.5534917999137984,0.0002311333379164852,0.5504228513835833,0.0001895108173981288,0.5504065652262676,-0.0004929340749814276,0.5464788596858686,-0.0005269134054230155,0.5464780633513364
