rule,seed,seed_idx,arm,res,layer,roi,variant,convention,rho,rho_sub-01,rho_sub-02,rho_sub-03
Random Weights,42,0,NATIVE,32,Conv1,V1,cr,persub,0.04973812604288009,0.049339218246013714,0.08475410559631347,0.015121054286313084
Random Weights,42,0,NATIVE,32,Conv1,V1,cr,meanrdm,0.07155982286014295,,,
Random Weights,42,0,NATIVE,32,Conv1,V1,all,persub,0.04930335276153356,0.048595592363915585,0.0846354401470224,0.014679025773662703
Random Weights,42,0,NATIVE,32,Conv1,V1,all,meanrdm,0.07056302118433573,,,
Random Weights,42,0,NATIVE,32,Conv1,V2,cr,persub,0.02587440623815146,0.029566946489776716,0.04485630609604925,0.003199966128628411
Random Weights,42,0,NATIVE,32,Conv1,V2,cr,meanrdm,0.03906437910408987,,,
Random Weights,42,0,NATIVE,32,Conv1,V2,all,persub,0.025779354992960374,0.02990712501406157,0.04585711804513424,0.0015738219196853186
Random Weights,42,0,NATIVE,32,Conv1,V2,all,meanrdm,0.038778433938006174,,,
Random Weights,42,0,NATIVE,32,Conv2,V1,cr,persub,0.05289011975094627,0.05151928924782544,0.09260278686531895,0.014548283139694447
Random Weights,42,0,NATIVE,32,Conv2,V1,cr,meanrdm,0.0752447876544861,,,
Random Weights,42,0,NATIVE,32,Conv2,V1,all,persub,0.0523450004824084,0.05066400561146368,0.09216704679759413,0.014203949038167416
Random Weights,42,0,NATIVE,32,Conv2,V1,all,meanrdm,0.07397901729623232,,,
Random Weights,42,0,NATIVE,32,Conv2,V2,cr,persub,0.03055038234481376,0.03259409196249758,0.055399766548756724,0.003657288523186972
Random Weights,42,0,NATIVE,32,Conv2,V2,cr,meanrdm,0.04587394643126794,,,
Random Weights,42,0,NATIVE,32,Conv2,V2,all,persub,0.030207311272208548,0.032726922297779175,0.0557121979797828,0.0021828135390636657
Random Weights,42,0,NATIVE,32,Conv2,V2,all,meanrdm,0.04505840803641029,,,
Random Weights,42,0,NATIVE,32,Conv3,LOC,cr,persub,-0.003136186551865573,0.004210356386153347,-0.010049458752253134,-0.003569457289496933
Random Weights,42,0,NATIVE,32,Conv3,LOC,cr,meanrdm,-0.0072185901354912905,,,
Random Weights,42,0,NATIVE,32,Conv3,LOC,all,persub,-0.001799377439906754,0.005232028329812473,-0.008738465356330704,-0.001891695293202032
Random Weights,42,0,NATIVE,32,Conv3,LOC,all,meanrdm,-0.0043140258274484665,,,
Random Weights,42,0,NATIVE,32,FC1,IT,cr,persub,0.0008801877625957991,0.002055994807468333,-0.0014537639652945893,0.0020383324456136535
Random Weights,42,0,NATIVE,32,FC1,IT,cr,meanrdm,0.0018474895628060224,,,
Random Weights,42,0,NATIVE,32,FC1,IT,all,persub,0.002301569336821172,0.004054127471978274,0.0010988315283750434,0.0017517490101101988
Random Weights,42,0,NATIVE,32,FC1,IT,all,meanrdm,0.004205469365744786,,,
Backprop,42,0,NATIVE,32,Conv1,V1,cr,persub,0.043819458778596436,0.045846796991363854,0.07296498642347087,0.012646592920954563
Backprop,42,0,NATIVE,32,Conv1,V1,cr,meanrdm,0.06442220342572177,,,
Backprop,42,0,NATIVE,32,Conv1,V1,all,persub,0.0422443509209087,0.04436515724280371,0.06997077983697578,0.012397115682946625
Backprop,42,0,NATIVE,32,Conv1,V1,all,meanrdm,0.061862706439505,,,
Backprop,42,0,NATIVE,32,Conv1,V2,cr,persub,0.027811393442869526,0.025916753971512194,0.051032193317526064,0.006485233039570325
Backprop,42,0,NATIVE,32,Conv1,V2,cr,meanrdm,0.042540074598681976,,,
Backprop,42,0,NATIVE,32,Conv1,V2,all,persub,0.02684030091518054,0.02562727170164027,0.04967958434027283,0.005214046703628517
Backprop,42,0,NATIVE,32,Conv1,V2,all,meanrdm,0.040957979593184334,,,
Backprop,42,0,NATIVE,32,Conv2,V1,cr,persub,0.0439585568022976,0.05655126675199269,0.05490503747686565,0.020419366178034463
Backprop,42,0,NATIVE,32,Conv2,V1,cr,meanrdm,0.06735794330432247,,,
Backprop,42,0,NATIVE,32,Conv2,V1,all,persub,0.0426342905968071,0.056494535365782673,0.05216536680162842,0.019242969623010232
Backprop,42,0,NATIVE,32,Conv2,V1,all,meanrdm,0.06489078136652274,,,
Backprop,42,0,NATIVE,32,Conv2,V2,cr,persub,0.023234787359760534,0.028594227825068874,0.02872944158880934,0.012380692665403384
Backprop,42,0,NATIVE,32,Conv2,V2,cr,meanrdm,0.036858922649166716,,,
Backprop,42,0,NATIVE,32,Conv2,V2,all,persub,0.022519401408092072,0.029235246384522254,0.02706950831091426,0.011253449528839702
Backprop,42,0,NATIVE,32,Conv2,V2,all,meanrdm,0.03552444524092364,,,
Backprop,42,0,NATIVE,32,Conv3,LOC,cr,persub,0.011494994118821005,0.011546073504942479,0.015930291371318017,0.007008617480202521
Backprop,42,0,NATIVE,32,Conv3,LOC,cr,meanrdm,0.018455836886738044,,,
Backprop,42,0,NATIVE,32,Conv3,LOC,all,persub,0.011276747914193733,0.011414703888578156,0.014362923009906901,0.008052616844096146
Backprop,42,0,NATIVE,32,Conv3,LOC,all,meanrdm,0.0181590677225129,,,
Backprop,42,0,NATIVE,32,FC1,IT,cr,persub,0.013859161322754493,0.016882130765516087,0.018837555729106663,0.005857797473640737
Backprop,42,0,NATIVE,32,FC1,IT,cr,meanrdm,0.021342971688946503,,,
Backprop,42,0,NATIVE,32,FC1,IT,all,persub,0.013669647617683349,0.016555355297568648,0.017411921557171035,0.007041665998310362
Backprop,42,0,NATIVE,32,FC1,IT,all,meanrdm,0.021063331530890798,,,
Feedback Alignment,42,0,NATIVE,32,Conv1,V1,cr,persub,0.020931779393839726,0.018549869166768672,0.036337212875918214,0.0079082561388323
Feedback Alignment,42,0,NATIVE,32,Conv1,V1,cr,meanrdm,0.0315680995198581,,,
Feedback Alignment,42,0,NATIVE,32,Conv1,V1,all,persub,0.01946347914614915,0.017319927135423446,0.03379980153446533,0.007270708768558674
Feedback Alignment,42,0,NATIVE,32,Conv1,V1,all,meanrdm,0.02949253235656062,,,
Feedback Alignment,42,0,NATIVE,32,Conv1,V2,cr,persub,0.009773851576509271,0.007286980388989364,0.01899907469080831,0.00303549964973014
Feedback Alignment,42,0,NATIVE,32,Conv1,V2,cr,meanrdm,0.014657282135946349,,,
Feedback Alignment,42,0,NATIVE,32,Conv1,V2,all,persub,0.009144821313929479,0.007157086580093682,0.01846210087915695,0.001815276482537806
Feedback Alignment,42,0,NATIVE,32,Conv1,V2,all,meanrdm,0.013713997372321991,,,
Feedback Alignment,42,0,NATIVE,32,Conv2,V1,cr,persub,0.02400383921022046,0.022680298436874517,0.04150284698304935,0.007828372210737507
Feedback Alignment,42,0,NATIVE,32,Conv2,V1,cr,meanrdm,0.03602367164980898,,,
Feedback Alignment,42,0,NATIVE,32,Conv2,V1,all,persub,0.022962224742296877,0.022143658050312147,0.03912451274380113,0.007618503432777345
Feedback Alignment,42,0,NATIVE,32,Conv2,V1,all,meanrdm,0.03459076738284012,,,
Feedback Alignment,42,0,NATIVE,32,Conv2,V2,cr,persub,0.012429602007688084,0.010562883739550853,0.023354178031931534,0.0033717442515818594
Feedback Alignment,42,0,NATIVE,32,Conv2,V2,cr,meanrdm,0.01892025208945087,,,
Feedback Alignment,42,0,NATIVE,32,Conv2,V2,all,persub,0.012007858539293518,0.011656785414751148,0.02238063083787802,0.001986159365251384
Feedback Alignment,42,0,NATIVE,32,Conv2,V2,all,meanrdm,0.01818069600347105,,,
Feedback Alignment,42,0,NATIVE,32,Conv3,LOC,cr,persub,0.003832993957849735,0.005563023539536039,0.004652117790351876,0.0012838405436612886
Feedback Alignment,42,0,NATIVE,32,Conv3,LOC,cr,meanrdm,0.005707667976237509,,,
Feedback Alignment,42,0,NATIVE,32,Conv3,LOC,all,persub,0.0029644073490634267,0.004706592503040661,0.0034621389466623475,0.0007244905974872715
Feedback Alignment,42,0,NATIVE,32,Conv3,LOC,all,meanrdm,0.004282677550588545,,,
Feedback Alignment,42,0,NATIVE,32,FC1,IT,cr,persub,0.004693420097325282,0.00644034975203839,0.00794032247964557,-0.00030041193970811383
Feedback Alignment,42,0,NATIVE,32,FC1,IT,cr,meanrdm,0.00789997667952403,,,
Feedback Alignment,42,0,NATIVE,32,FC1,IT,all,persub,0.004454665893288996,0.006352264848428523,0.007305644970649856,-0.0002939121392113916
Feedback Alignment,42,0,NATIVE,32,FC1,IT,all,meanrdm,0.007159769676126251,,,
Predictive Coding,42,0,NATIVE,32,Conv1,V1,cr,persub,0.018417375057604244,0.014563161206719627,0.03490758122474376,0.005781382741349349
Predictive Coding,42,0,NATIVE,32,Conv1,V1,cr,meanrdm,0.027457847347835948,,,
Predictive Coding,42,0,NATIVE,32,Conv1,V1,all,persub,0.01705031570439054,0.013852825461183911,0.032201988663088967,0.0050961329888987396
Predictive Coding,42,0,NATIVE,32,Conv1,V1,all,meanrdm,0.025456013306768242,,,
Predictive Coding,42,0,NATIVE,32,Conv1,V2,cr,persub,0.010753813441075987,0.006562991850167671,0.022246767610283755,0.0034516808627765372
Predictive Coding,42,0,NATIVE,32,Conv1,V2,cr,meanrdm,0.016346052172076984,,,
Predictive Coding,42,0,NATIVE,32,Conv1,V2,all,persub,0.009904116957476198,0.00654327015365292,0.021282241033575736,0.0018868396851999371
Predictive Coding,42,0,NATIVE,32,Conv1,V2,all,meanrdm,0.014994272772840754,,,
Predictive Coding,42,0,NATIVE,32,Conv2,V1,cr,persub,0.009637617290760311,0.004563442387118308,0.022628773276335678,0.0017206362088269455
Predictive Coding,42,0,NATIVE,32,Conv2,V1,cr,meanrdm,0.014755940496377646,,,
Predictive Coding,42,0,NATIVE,32,Conv2,V1,all,persub,0.008464031283678878,0.004352596950794139,0.01959530644860482,0.0014441904516376784
Predictive Coding,42,0,NATIVE,32,Conv2,V1,all,meanrdm,0.012843251703241066,,,
Predictive Coding,42,0,NATIVE,32,Conv2,V2,cr,persub,0.00471791942611722,-1.5723316406795877e-05,0.012880340570317575,0.0012891410244408811
Predictive Coding,42,0,NATIVE,32,Conv2,V2,cr,meanrdm,0.0069756461298383305,,,
Predictive Coding,42,0,NATIVE,32,Conv2,V2,all,persub,0.0038729631469335904,0.0005873455780133311,0.010670314947506716,0.0003612289152807249
Predictive Coding,42,0,NATIVE,32,Conv2,V2,all,meanrdm,0.0056509675443244785,,,
Predictive Coding,42,0,NATIVE,32,Conv3,LOC,cr,persub,0.005083510498515378,0.0051951311096357705,0.009277816533475107,0.000777583852435257
Predictive Coding,42,0,NATIVE,32,Conv3,LOC,cr,meanrdm,0.008337162221162606,,,
Predictive Coding,42,0,NATIVE,32,Conv3,LOC,all,persub,0.00442742110788601,0.005744830930078525,0.007236903458119125,0.0003005289354603807
Predictive Coding,42,0,NATIVE,32,Conv3,LOC,all,meanrdm,0.007100858397877356,,,
Predictive Coding,42,0,NATIVE,32,FC1,IT,cr,persub,0.01019307924119191,0.010309159692836661,0.016845344771910596,0.0034247332588284735
Predictive Coding,42,0,NATIVE,32,FC1,IT,cr,meanrdm,0.016684995743837316,,,
Predictive Coding,42,0,NATIVE,32,FC1,IT,all,persub,0.009243136899178708,0.009999828393206796,0.014213107863368109,0.0035164744409612175
Predictive Coding,42,0,NATIVE,32,FC1,IT,all,meanrdm,0.01480483675466898,,,
STDP,42,0,NATIVE,32,Conv1,V1,cr,persub,0.04531585306192679,0.045838399823405165,0.07849673151667641,0.011612427845698822
STDP,42,0,NATIVE,32,Conv1,V1,cr,meanrdm,0.06580271706446723,,,
STDP,42,0,NATIVE,32,Conv1,V1,all,persub,0.04403629498642613,0.044995422186756576,0.07583727235073048,0.011276190421791323
STDP,42,0,NATIVE,32,Conv1,V1,all,meanrdm,0.0639683409765087,,,
STDP,42,0,NATIVE,32,Conv1,V2,cr,persub,0.026159733043002658,0.025751756023274248,0.0489493713126512,0.003778071793082518
STDP,42,0,NATIVE,32,Conv1,V2,cr,meanrdm,0.040081761254414414,,,
STDP,42,0,NATIVE,32,Conv1,V2,all,persub,0.025440365035292335,0.0259123476654263,0.047930229445434853,0.0024785179950158618
STDP,42,0,NATIVE,32,Conv1,V2,all,meanrdm,0.03895474387703839,,,
STDP,42,0,NATIVE,32,Conv2,V1,cr,persub,0.03304806400533381,0.03250605115803678,0.05731927741839649,0.009318863439568163
STDP,42,0,NATIVE,32,Conv2,V1,cr,meanrdm,0.048331012036982694,,,
STDP,42,0,NATIVE,32,Conv2,V1,all,persub,0.03143672859054185,0.031787209303473424,0.05353839263732215,0.008984583830829965
STDP,42,0,NATIVE,32,Conv2,V1,all,meanrdm,0.045885679896989544,,,
STDP,42,0,NATIVE,32,Conv2,V2,cr,persub,0.019258500324973338,0.0188806761932525,0.03427412666504068,0.004620698116626837
STDP,42,0,NATIVE,32,Conv2,V2,cr,meanrdm,0.029506628154384585,,,
STDP,42,0,NATIVE,32,Conv2,V2,all,persub,0.01804668854009223,0.01872577222814258,0.032098980414346445,0.0033153129777876624
STDP,42,0,NATIVE,32,Conv2,V2,all,meanrdm,0.027708021684915415,,,
STDP,42,0,NATIVE,32,Conv3,LOC,cr,persub,0.004079654473139151,0.005112398336610742,0.006955941313012828,0.0001706237697938843
STDP,42,0,NATIVE,32,Conv3,LOC,cr,meanrdm,0.005739738589571847,,,
STDP,42,0,NATIVE,32,Conv3,LOC,all,persub,0.0031187716493959994,0.004828358559482243,0.004579522775928937,-5.156638722318409e-05
STDP,42,0,NATIVE,32,Conv3,LOC,all,meanrdm,0.004275533300753628,,,
STDP,42,0,NATIVE,32,FC1,IT,cr,persub,0.007808352201479991,0.008879237842464208,0.01423456703409505,0.0003112517278807177
STDP,42,0,NATIVE,32,FC1,IT,cr,meanrdm,0.013404067456383824,,,
STDP,42,0,NATIVE,32,FC1,IT,all,persub,0.00740985696205413,0.009800062246839256,0.011731355695078766,0.00069815294424437
STDP,42,0,NATIVE,32,FC1,IT,all,meanrdm,0.012526942782990184,,,
Random Weights (BN-calibrated),42,0,NATIVE,32,Conv1,V1,cr,persub,0.012791631104727058,0.007995056733134564,0.025790867139010958,0.004588969442035655
Random Weights (BN-calibrated),42,0,NATIVE,32,Conv1,V1,cr,meanrdm,0.019525735520563935,,,
Random Weights (BN-calibrated),42,0,NATIVE,32,Conv1,V1,all,persub,0.01136653494476642,0.007166790078683084,0.023089198730824642,0.0038436160247915315
Random Weights (BN-calibrated),42,0,NATIVE,32,Conv1,V1,all,meanrdm,0.017406113071945496,,,
Random Weights (BN-calibrated),42,0,NATIVE,32,Conv1,V2,cr,persub,0.0069571261788068176,0.001626747731023227,0.016269546132992304,0.002975084672404923
Random Weights (BN-calibrated),42,0,NATIVE,32,Conv1,V2,cr,meanrdm,0.010482111702837416,,,
Random Weights (BN-calibrated),42,0,NATIVE,32,Conv1,V2,all,persub,0.00606491335847125,0.0014003157067157153,0.015290641062488852,0.0015037833062091796
Random Weights (BN-calibrated),42,0,NATIVE,32,Conv1,V2,all,meanrdm,0.009141958591461198,,,
Random Weights (BN-calibrated),42,0,NATIVE,32,Conv2,V1,cr,persub,0.005942496864910351,0.001668950289105282,0.014134581787800929,0.0020239585178248405
Random Weights (BN-calibrated),42,0,NATIVE,32,Conv2,V1,cr,meanrdm,0.009539225384500524,,,
Random Weights (BN-calibrated),42,0,NATIVE,32,Conv2,V1,all,persub,0.004894021727327705,0.0018585881076648098,0.01110815771168569,0.001715319362632617
Random Weights (BN-calibrated),42,0,NATIVE,32,Conv2,V1,all,meanrdm,0.007974782373280243,,,
Random Weights (BN-calibrated),42,0,NATIVE,32,Conv2,V2,cr,persub,0.0035423430607846363,-0.0009961155019531905,0.008686841935294709,0.0029363027490123907
Random Weights (BN-calibrated),42,0,NATIVE,32,Conv2,V2,cr,meanrdm,0.005162616054302547,,,
Random Weights (BN-calibrated),42,0,NATIVE,32,Conv2,V2,all,persub,0.0027285929830930095,-0.0004713329449283052,0.006895366573507717,0.0017617453206996171
Random Weights (BN-calibrated),42,0,NATIVE,32,Conv2,V2,all,meanrdm,0.0038480389940331234,,,
Random Weights (BN-calibrated),42,0,NATIVE,32,Conv3,LOC,cr,persub,0.0030683818655188027,0.005176720314483527,0.0034839834418594505,0.0005444418402134307
Random Weights (BN-calibrated),42,0,NATIVE,32,Conv3,LOC,cr,meanrdm,0.0052287855247989705,,,
Random Weights (BN-calibrated),42,0,NATIVE,32,Conv3,LOC,all,persub,0.0024368387618629796,0.00557426508245253,0.001708117245327913,2.8133957808496317e-05
Random Weights (BN-calibrated),42,0,NATIVE,32,Conv3,LOC,all,meanrdm,0.003952857227246422,,,
Random Weights (BN-calibrated),42,0,NATIVE,32,FC1,IT,cr,persub,0.005655864771844034,0.005732020145114428,0.006794633502055473,0.0044409406683622015
Random Weights (BN-calibrated),42,0,NATIVE,32,FC1,IT,cr,meanrdm,0.01038763214711919,,,
Random Weights (BN-calibrated),42,0,NATIVE,32,FC1,IT,all,persub,0.005389047271984402,0.006985734882135507,0.006009895832039422,0.0031715111017782778
Random Weights (BN-calibrated),42,0,NATIVE,32,FC1,IT,all,meanrdm,0.009606372572333838,,,
Random Weights,42,0,NATIVE,64,Conv1,V1,cr,persub,0.05356303583877201,0.05411711600164964,0.09048671388218117,0.01608527763248524
Random Weights,42,0,NATIVE,64,Conv1,V1,cr,meanrdm,0.07696114062399902,,,
Random Weights,42,0,NATIVE,64,Conv1,V1,all,persub,0.05307101502477507,0.05334370706752111,0.09021052943775264,0.01565880856905148
Random Weights,42,0,NATIVE,64,Conv1,V1,all,meanrdm,0.07584890503265997,,,
Random Weights,42,0,NATIVE,64,Conv1,V2,cr,persub,0.028854941129569076,0.03276214105962854,0.05028439976279063,0.003518282566288072
Random Weights,42,0,NATIVE,64,Conv1,V2,cr,meanrdm,0.043582156830925464,,,
Random Weights,42,0,NATIVE,64,Conv1,V2,all,persub,0.028703116908620933,0.033131838618257345,0.051049797627169956,0.0019277144804355092
Random Weights,42,0,NATIVE,64,Conv1,V2,all,meanrdm,0.04313481595382391,,,
Random Weights,42,0,NATIVE,64,Conv2,V1,cr,persub,0.05758956809986138,0.05898592543639794,0.0985763423247362,0.015206436538449986
Random Weights,42,0,NATIVE,64,Conv2,V1,cr,meanrdm,0.08186333457209843,,,
Random Weights,42,0,NATIVE,64,Conv2,V1,all,persub,0.057330534728826044,0.058306003989016704,0.0985817282623991,0.01510387193506231
Random Weights,42,0,NATIVE,64,Conv2,V1,all,meanrdm,0.08102958758070254,,,
Random Weights,42,0,NATIVE,64,Conv2,V2,cr,persub,0.03328128174952171,0.03626438421503964,0.0600247561491644,0.0035547048843610823
Random Weights,42,0,NATIVE,64,Conv2,V2,cr,meanrdm,0.049947576285328706,,,
Random Weights,42,0,NATIVE,64,Conv2,V2,all,persub,0.033191768779626624,0.03655420179471708,0.06076048287247718,0.002260621671685621
Random Weights,42,0,NATIVE,64,Conv2,V2,all,meanrdm,0.04950547243572957,,,
Random Weights,42,0,NATIVE,64,Conv3,LOC,cr,persub,-0.004293515734608782,0.004122820140838238,-0.012603552254443002,-0.004399815090221582
Random Weights,42,0,NATIVE,64,Conv3,LOC,cr,meanrdm,-0.009301527037464464,,,
Random Weights,42,0,NATIVE,64,Conv3,LOC,all,persub,-0.0029167467039971887,0.005543381062377531,-0.011562665288055435,-0.0027309558863136624
Random Weights,42,0,NATIVE,64,Conv3,LOC,all,meanrdm,-0.006412419094015272,,,
Random Weights,42,0,NATIVE,64,FC1,IT,cr,persub,0.00223561754523717,0.002481508569581764,0.0020199350285092354,0.0022054090376205106
Random Weights,42,0,NATIVE,64,FC1,IT,cr,meanrdm,0.003369892798328821,,,
Random Weights,42,0,NATIVE,64,FC1,IT,all,persub,0.0034528379927214457,0.004217929998251366,0.004415109609668542,0.0017254743702444304
Random Weights,42,0,NATIVE,64,FC1,IT,all,meanrdm,0.005607079786605233,,,
Backprop,42,0,NATIVE,64,Conv1,V1,cr,persub,0.03551042732923565,0.0375205270646923,0.05762669437252717,0.011384060550487497
Backprop,42,0,NATIVE,64,Conv1,V1,cr,meanrdm,0.05286752232059461,,,
Backprop,42,0,NATIVE,64,Conv1,V1,all,persub,0.0338971270455501,0.036063854144036324,0.05486325516732474,0.010764271825289228
Backprop,42,0,NATIVE,64,Conv1,V1,all,meanrdm,0.050209468716756064,,,
Backprop,42,0,NATIVE,64,Conv1,V2,cr,persub,0.021582587431045006,0.019589392501922175,0.03870074419415888,0.006457625597053967
Backprop,42,0,NATIVE,64,Conv1,V2,cr,meanrdm,0.033092408380723026,,,
Backprop,42,0,NATIVE,64,Conv1,V2,all,persub,0.020549221696311876,0.019358277256212482,0.037381792871542946,0.004907594961180196
Backprop,42,0,NATIVE,64,Conv1,V2,all,meanrdm,0.03137411282191902,,,
Backprop,42,0,NATIVE,64,Conv2,V1,cr,persub,0.0013024148106947533,0.007081399711995258,-0.016726510616110007,0.013552355336199008
Backprop,42,0,NATIVE,64,Conv2,V1,cr,meanrdm,0.0062333828346219766,,,
Backprop,42,0,NATIVE,64,Conv2,V1,all,persub,4.5418424233306665e-05,0.008599960746597466,-0.01898370906229327,0.010520003588395723
Backprop,42,0,NATIVE,64,Conv2,V1,all,meanrdm,0.003724285700697886,,,
Backprop,42,0,NATIVE,64,Conv2,V2,cr,persub,-0.0031087798168705823,0.0018268049230401881,-0.021853217692045603,0.010700073318393668
Backprop,42,0,NATIVE,64,Conv2,V2,cr,meanrdm,-0.004053082955113271,,,
Backprop,42,0,NATIVE,64,Conv2,V2,all,persub,-0.004199353161120457,0.002829955422668729,-0.023351685148739917,0.007923670242709818
Backprop,42,0,NATIVE,64,Conv2,V2,all,meanrdm,-0.006047847731980157,,,
Backprop,42,0,NATIVE,64,Conv3,LOC,cr,persub,0.011673859746355592,0.0109102756701222,0.01694659463196927,0.007164708936975312
Backprop,42,0,NATIVE,64,Conv3,LOC,cr,meanrdm,0.019658003933540967,,,
Backprop,42,0,NATIVE,64,Conv3,LOC,all,persub,0.010976237277294049,0.011419678762121492,0.013959083985004547,0.0075499490847561026
Backprop,42,0,NATIVE,64,Conv3,LOC,all,meanrdm,0.018405898033276635,,,
Backprop,42,0,NATIVE,64,FC1,IT,cr,persub,0.015437205791803035,0.019240728774096074,0.019032913015140804,0.008037975586172226
Backprop,42,0,NATIVE,64,FC1,IT,cr,meanrdm,0.024684334773249227,,,
Backprop,42,0,NATIVE,64,FC1,IT,all,persub,0.014352167720151606,0.018122045796243054,0.017551918491055498,0.007382538873156273
Backprop,42,0,NATIVE,64,FC1,IT,all,meanrdm,0.022380201266961667,,,
Feedback Alignment,42,0,NATIVE,64,Conv1,V1,cr,persub,0.01811823103498058,0.01605666898455787,0.031022037728524843,0.007275986391859023
Feedback Alignment,42,0,NATIVE,64,Conv1,V1,cr,meanrdm,0.02752910908588547,,,
Feedback Alignment,42,0,NATIVE,64,Conv1,V1,all,persub,0.01680817844030039,0.015010701166762234,0.028863168746268958,0.006550665407869982
Feedback Alignment,42,0,NATIVE,64,Conv1,V1,all,meanrdm,0.025678418308620745,,,
Feedback Alignment,42,0,NATIVE,64,Conv1,V2,cr,persub,0.007660401542262209,0.005894262601715121,0.01443661506088461,0.0026503269641868997
Feedback Alignment,42,0,NATIVE,64,Conv1,V2,cr,meanrdm,0.011367776956380894,,,
Feedback Alignment,42,0,NATIVE,64,Conv1,V2,all,persub,0.007100096836281743,0.005681276130068321,0.014285986355516624,0.001333028023260284
Feedback Alignment,42,0,NATIVE,64,Conv1,V2,all,meanrdm,0.010523905765996499,,,
Feedback Alignment,42,0,NATIVE,64,Conv2,V1,cr,persub,0.01854269386779867,0.016878498501033054,0.03158794376156038,0.007161639340802578
Feedback Alignment,42,0,NATIVE,64,Conv2,V1,cr,meanrdm,0.028193702944637335,,,
Feedback Alignment,42,0,NATIVE,64,Conv2,V1,all,persub,0.017729507604645808,0.016960854644678423,0.029551083994334964,0.00667658417492404
Feedback Alignment,42,0,NATIVE,64,Conv2,V1,all,meanrdm,0.026985373210030607,,,
Feedback Alignment,42,0,NATIVE,64,Conv2,V2,cr,persub,0.008685835163195906,0.007634724732882467,0.014918858143980314,0.003503922612724938
Feedback Alignment,42,0,NATIVE,64,Conv2,V2,cr,meanrdm,0.012986781684383213,,,
Feedback Alignment,42,0,NATIVE,64,Conv2,V2,all,persub,0.008417459448392969,0.008738718739169758,0.01453305116778806,0.001980608438221086
Feedback Alignment,42,0,NATIVE,64,Conv2,V2,all,meanrdm,0.012561661164478738,,,
Feedback Alignment,42,0,NATIVE,64,Conv3,LOC,cr,persub,0.0036048564403878196,0.005364509256655803,0.005038633311910786,0.0004114267525968672
Feedback Alignment,42,0,NATIVE,64,Conv3,LOC,cr,meanrdm,0.005745562592552882,,,
Feedback Alignment,42,0,NATIVE,64,Conv3,LOC,all,persub,0.0028609973191890104,0.004768256048365941,0.0036272017986450755,0.00018753411055601524
Feedback Alignment,42,0,NATIVE,64,Conv3,LOC,all,meanrdm,0.004604097158002758,,,
Feedback Alignment,42,0,NATIVE,64,FC1,IT,cr,persub,0.005695577200552672,0.00794194994088992,0.008241517312243037,0.0009032643485250553
Feedback Alignment,42,0,NATIVE,64,FC1,IT,cr,meanrdm,0.009957248523610667,,,
Feedback Alignment,42,0,NATIVE,64,FC1,IT,all,persub,0.005226831689155307,0.0073115053938721235,0.007709497052657697,0.0006594926209361018
Feedback Alignment,42,0,NATIVE,64,FC1,IT,all,meanrdm,0.008867781519821856,,,
Predictive Coding,42,0,NATIVE,64,Conv1,V1,cr,persub,0.013795896552612758,0.009616468533902958,0.026926362936557684,0.004844858187377635
Predictive Coding,42,0,NATIVE,64,Conv1,V1,cr,meanrdm,0.020862442644289377,,,
Predictive Coding,42,0,NATIVE,64,Conv1,V1,all,persub,0.012481559013598917,0.009084715827048959,0.024389797237763088,0.003970163975984704
Predictive Coding,42,0,NATIVE,64,Conv1,V1,all,meanrdm,0.018913490240773052,,,
Predictive Coding,42,0,NATIVE,64,Conv1,V2,cr,persub,0.007969893709989505,0.00370064572099637,0.016902813364156822,0.0033062220448153217
Predictive Coding,42,0,NATIVE,64,Conv1,V2,cr,meanrdm,0.012054938711001533,,,
Predictive Coding,42,0,NATIVE,64,Conv1,V2,all,persub,0.007099525723452848,0.0037036821711007913,0.016146360655358707,0.001448534343899046
Predictive Coding,42,0,NATIVE,64,Conv1,V2,all,meanrdm,0.010677083236388938,,,
Predictive Coding,42,0,NATIVE,64,Conv2,V1,cr,persub,0.00809557415584754,0.0031497299529735863,0.01896827710524271,0.002168715409326324
Predictive Coding,42,0,NATIVE,64,Conv2,V1,cr,meanrdm,0.01255021302242375,,,
Predictive Coding,42,0,NATIVE,64,Conv2,V1,all,persub,0.007113294431118127,0.0031847990352332203,0.016323977333910195,0.001831106924210968
Predictive Coding,42,0,NATIVE,64,Conv2,V1,all,meanrdm,0.010945148016913514,,,
Predictive Coding,42,0,NATIVE,64,Conv2,V2,cr,persub,0.003390162777567003,-0.0008793001480765165,0.009135444763221244,0.0019143437175562804
Predictive Coding,42,0,NATIVE,64,Conv2,V2,cr,meanrdm,0.005001539875095207,,,
Predictive Coding,42,0,NATIVE,64,Conv2,V2,all,persub,0.0026461234689953085,-0.00038463011609493635,0.007582189116561526,0.0007408114065193367
Predictive Coding,42,0,NATIVE,64,Conv2,V2,all,meanrdm,0.003863293596769376,,,
Predictive Coding,42,0,NATIVE,64,Conv3,LOC,cr,persub,0.004094227484051431,0.005069915666532998,0.006787404594873268,0.0004253621907480248
Predictive Coding,42,0,NATIVE,64,Conv3,LOC,cr,meanrdm,0.0067716624541204066,,,
Predictive Coding,42,0,NATIVE,64,Conv3,LOC,all,persub,0.0036246857760993934,0.005512720388914218,0.004767169446613612,0.0005941674927703484
Predictive Coding,42,0,NATIVE,64,Conv3,LOC,all,meanrdm,0.00591875224600267,,,
Predictive Coding,42,0,NATIVE,64,FC1,IT,cr,persub,0.011038877711036893,0.011848733777713292,0.01610813670811519,0.005159762647282198
Predictive Coding,42,0,NATIVE,64,FC1,IT,cr,meanrdm,0.01833832085092186,,,
Predictive Coding,42,0,NATIVE,64,FC1,IT,all,persub,0.009914090278214516,0.011462320377654604,0.013484516147752154,0.0047954343092367875
Predictive Coding,42,0,NATIVE,64,FC1,IT,all,meanrdm,0.016084311135982444,,,
STDP,42,0,NATIVE,64,Conv1,V1,cr,persub,0.04100597209690446,0.04135128906935188,0.07152281640197,0.010143810819391497
STDP,42,0,NATIVE,64,Conv1,V1,cr,meanrdm,0.05976840002377687,,,
STDP,42,0,NATIVE,64,Conv1,V1,all,persub,0.039827196733056805,0.04061545154108206,0.0691062352675499,0.009759903390538458
STDP,42,0,NATIVE,64,Conv1,V1,all,meanrdm,0.058064980255496654,,,
STDP,42,0,NATIVE,64,Conv1,V2,cr,persub,0.02292811104451928,0.022168392507792505,0.042918252268923686,0.0036976883568416614
STDP,42,0,NATIVE,64,Conv1,V2,cr,meanrdm,0.035210916630164776,,,
STDP,42,0,NATIVE,64,Conv1,V2,all,persub,0.022245293649771264,0.02237555773575775,0.042157842974628164,0.002202480238927885
STDP,42,0,NATIVE,64,Conv1,V2,all,meanrdm,0.034121679683591304,,,
STDP,42,0,NATIVE,64,Conv2,V1,cr,persub,0.02701203878986423,0.02521585983425192,0.04788755783616865,0.007932698699172127
STDP,42,0,NATIVE,64,Conv2,V1,cr,meanrdm,0.03974116217169255,,,
STDP,42,0,NATIVE,64,Conv2,V1,all,persub,0.025716196783580975,0.024729675850543156,0.04466058675332475,0.007758327746875014
STDP,42,0,NATIVE,64,Conv2,V1,all,meanrdm,0.03756925102839316,,,
STDP,42,0,NATIVE,64,Conv2,V2,cr,persub,0.01579514222913279,0.015214382871089166,0.02789208158649327,0.004278962229815943
STDP,42,0,NATIVE,64,Conv2,V2,cr,meanrdm,0.023962718248079072,,,
STDP,42,0,NATIVE,64,Conv2,V2,all,persub,0.014606089822700468,0.014897246022669735,0.02601379502007124,0.0029072284253604318
STDP,42,0,NATIVE,64,Conv2,V2,all,meanrdm,0.022137825080407507,,,
STDP,42,0,NATIVE,64,Conv3,LOC,cr,persub,0.004771882742021212,0.0055823938159669136,0.008307336555938426,0.0004259178541582964
STDP,42,0,NATIVE,64,Conv3,LOC,cr,meanrdm,0.007297147428330373,,,
STDP,42,0,NATIVE,64,Conv3,LOC,all,persub,0.003511538986747566,0.004558530036597361,0.005678115124263939,0.00029797179938139936
STDP,42,0,NATIVE,64,Conv3,LOC,all,meanrdm,0.005381043696997194,,,
STDP,42,0,NATIVE,64,FC1,IT,cr,persub,0.010359947791409247,0.0107699613694281,0.017430499337916197,0.0028793826668834397
STDP,42,0,NATIVE,64,FC1,IT,cr,meanrdm,0.017643326580024342,,,
STDP,42,0,NATIVE,64,FC1,IT,all,persub,0.009495591114448164,0.010999834831968563,0.015098172342173165,0.0023887661692027634
STDP,42,0,NATIVE,64,FC1,IT,all,meanrdm,0.01580439183745681,,,
Random Weights (BN-calibrated),42,0,NATIVE,64,Conv1,V1,cr,persub,0.008785293043574637,0.003440056005453398,0.01916064981339811,0.003755173311872399
Random Weights (BN-calibrated),42,0,NATIVE,64,Conv1,V1,cr,meanrdm,0.013768034264008671,,,
Random Weights (BN-calibrated),42,0,NATIVE,64,Conv1,V1,all,persub,0.007454378221427628,0.002838036668893958,0.016718092691267,0.0028070053041219286
Random Weights (BN-calibrated),42,0,NATIVE,64,Conv1,V1,all,meanrdm,0.011757833187920274,,,
Random Weights (BN-calibrated),42,0,NATIVE,64,Conv1,V2,cr,persub,0.004325349351925863,-0.0009994189133489156,0.01122889444845439,0.002746572520672114
Random Weights (BN-calibrated),42,0,NATIVE,64,Conv1,V2,cr,meanrdm,0.0064047698548520245,,,
Random Weights (BN-calibrated),42,0,NATIVE,64,Conv1,V2,all,persub,0.0034514829954252753,-0.0011924480688072468,0.010564434865718944,0.000982462189364129
Random Weights (BN-calibrated),42,0,NATIVE,64,Conv1,V2,all,meanrdm,0.00508858286646391,,,
Random Weights (BN-calibrated),42,0,NATIVE,64,Conv2,V1,cr,persub,0.0015918185603944399,-0.0038659739653632355,0.006651722898403542,0.001989706748143013
Random Weights (BN-calibrated),42,0,NATIVE,64,Conv2,V1,cr,meanrdm,0.0033054888132678035,,,
Random Weights (BN-calibrated),42,0,NATIVE,64,Conv2,V1,all,persub,0.0007414964816072301,-0.0032325627707359456,0.004055072854700799,0.0014019793608568373
Random Weights (BN-calibrated),42,0,NATIVE,64,Conv2,V1,all,meanrdm,0.0019616012198076576,,,
Random Weights (BN-calibrated),42,0,NATIVE,64,Conv2,V2,cr,persub,0.0010679250262098931,-0.0034878657710158663,0.0029743568449147164,0.0037172840047308294
Random Weights (BN-calibrated),42,0,NATIVE,64,Conv2,V2,cr,meanrdm,0.0014302185871846497,,,
Random Weights (BN-calibrated),42,0,NATIVE,64,Conv2,V2,all,persub,0.0003196193634171858,-0.002960956430860454,0.001959109809520444,0.0019607047115915675
Random Weights (BN-calibrated),42,0,NATIVE,64,Conv2,V2,all,meanrdm,0.0002364700113449208,,,
Random Weights (BN-calibrated),42,0,NATIVE,64,Conv3,LOC,cr,persub,0.0029067061687614117,0.005165679460585532,0.0034232360849708017,0.00013120296072790128
Random Weights (BN-calibrated),42,0,NATIVE,64,Conv3,LOC,cr,meanrdm,0.0049891434453729,,,
Random Weights (BN-calibrated),42,0,NATIVE,64,Conv3,LOC,all,persub,0.0025726106004824215,0.005614515010306408,0.0017797316326359123,0.00032358515850494445
Random Weights (BN-calibrated),42,0,NATIVE,64,Conv3,LOC,all,meanrdm,0.004324061804817094,,,
Random Weights (BN-calibrated),42,0,NATIVE,64,FC1,IT,cr,persub,0.0053813591282124325,0.0055724455156846995,0.005448591029186157,0.005123040839766441
Random Weights (BN-calibrated),42,0,NATIVE,64,FC1,IT,cr,meanrdm,0.009687713427715688,,,
Random Weights (BN-calibrated),42,0,NATIVE,64,FC1,IT,all,persub,0.005472243870010818,0.0069085193962454905,0.005137842410370703,0.004370369803416261
Random Weights (BN-calibrated),42,0,NATIVE,64,FC1,IT,all,meanrdm,0.009683826991704707,,,
Random Weights,42,0,NATIVE,96,Conv1,V1,cr,persub,0.0558165555557493,0.056849918455040914,0.09407882549067635,0.016520922721530634
Random Weights,42,0,NATIVE,96,Conv1,V1,cr,meanrdm,0.08012765720044052,,,
Random Weights,42,0,NATIVE,96,Conv1,V1,all,persub,0.055305251301540716,0.05603573423129332,0.093714296822241,0.016165722851087836
Random Weights,42,0,NATIVE,96,Conv1,V1,all,meanrdm,0.07899010350759415,,,
Random Weights,42,0,NATIVE,96,Conv1,V2,cr,persub,0.03059953263720604,0.03459620860023372,0.05361781116730424,0.0035845781440801685
Random Weights,42,0,NATIVE,96,Conv1,V2,cr,meanrdm,0.046218522497497264,,,
Random Weights,42,0,NATIVE,96,Conv1,V2,all,persub,0.030448348172788308,0.035001361842684264,0.054262442863675805,0.002081239812004844
Random Weights,42,0,NATIVE,96,Conv1,V2,all,meanrdm,0.0457457867607987,,,
Random Weights,42,0,NATIVE,96,Conv2,V1,cr,persub,0.060618545953509094,0.06292216494195557,0.10324568112255746,0.015687791796014264
Random Weights,42,0,NATIVE,96,Conv2,V1,cr,meanrdm,0.08621606938400943,,,
Random Weights,42,0,NATIVE,96,Conv2,V1,all,persub,0.060408179079585296,0.062241771199956705,0.10325104406095457,0.015731721977844622
Random Weights,42,0,NATIVE,96,Conv2,V1,all,meanrdm,0.08545751323140745,,,
Random Weights,42,0,NATIVE,96,Conv2,V2,cr,persub,0.03519168576631241,0.03844026950375479,0.06362490370567973,0.0035098840895027078
Random Weights,42,0,NATIVE,96,Conv2,V2,cr,meanrdm,0.0528932531221688,,,
Random Weights,42,0,NATIVE,96,Conv2,V2,all,persub,0.0351535640763275,0.03876368252348893,0.0643766089221497,0.0023204007833438557
Random Weights,42,0,NATIVE,96,Conv2,V2,all,meanrdm,0.05249309288091987,,,
Random Weights,42,0,NATIVE,96,Conv3,LOC,cr,persub,-0.004590764542426438,0.004112832139930173,-0.013129491081592353,-0.004755634685617134
Random Weights,42,0,NATIVE,96,Conv3,LOC,cr,meanrdm,-0.009767610133309738,,,
Random Weights,42,0,NATIVE,96,Conv3,LOC,all,persub,-0.0032102369341197243,0.005660020760957935,-0.012199824243931675,-0.0030909073193854317
Random Weights,42,0,NATIVE,96,Conv3,LOC,all,meanrdm,-0.0069373713518324906,,,
Random Weights,42,0,NATIVE,96,FC1,IT,cr,persub,0.0028100306105791114,0.002092151475798436,0.004533157813372509,0.0018047825425663894
Random Weights,42,0,NATIVE,96,FC1,IT,cr,meanrdm,0.004193199595831332,,,
Random Weights,42,0,NATIVE,96,FC1,IT,all,persub,0.003998581173276191,0.003759845156723709,0.006848705971535333,0.0013871923915695307
Random Weights,42,0,NATIVE,96,FC1,IT,all,meanrdm,0.006362405200737425,,,
Backprop,42,0,NATIVE,96,Conv1,V1,cr,persub,0.029084384574168756,0.030186393257839325,0.046860117882605044,0.0102066425820619
Backprop,42,0,NATIVE,96,Conv1,V1,cr,meanrdm,0.04369252345597761,,,
Backprop,42,0,NATIVE,96,Conv1,V1,all,persub,0.02743552641243074,0.02878707655357574,0.044200476473228195,0.00931902621048829
Backprop,42,0,NATIVE,96,Conv1,V1,all,meanrdm,0.04096705044485013,,,
Backprop,42,0,NATIVE,96,Conv1,V2,cr,persub,0.01701624351196081,0.014952085814431144,0.03000236703350571,0.006094277687945575
Backprop,42,0,NATIVE,96,Conv1,V2,cr,meanrdm,0.026047189437516265,,,
Backprop,42,0,NATIVE,96,Conv1,V2,all,persub,0.01595400673530362,0.014725003026382326,0.02878900725432508,0.004348009925203449
Backprop,42,0,NATIVE,96,Conv1,V2,all,meanrdm,0.024298127366601124,,,
Backprop,42,0,NATIVE,96,Conv2,V1,cr,persub,-0.015123239577380222,-0.013969493474261147,-0.04123411069586378,0.00983388543798427
Backprop,42,0,NATIVE,96,Conv2,V1,cr,meanrdm,-0.017796764154091333,,,
Backprop,42,0,NATIVE,96,Conv2,V1,all,persub,-0.016231655957625376,-0.012039527350464863,-0.04321467557581708,0.006559235053405819
Backprop,42,0,NATIVE,96,Conv2,V1,all,meanrdm,-0.02010869526157935,,,
Backprop,42,0,NATIVE,96,Conv2,V2,cr,persub,-0.011960004837842294,-0.008104699156364819,-0.03661696901020212,0.00884165365304006
Backprop,42,0,NATIVE,96,Conv2,V2,cr,meanrdm,-0.017821721869247846,,,
Backprop,42,0,NATIVE,96,Conv2,V2,all,persub,-0.012971477927983725,-0.006899969040646331,-0.03790263104871204,0.005888166305407199
Backprop,42,0,NATIVE,96,Conv2,V2,all,meanrdm,-0.01961250039693696,,,
Backprop,42,0,NATIVE,96,Conv3,LOC,cr,persub,0.009904078569520955,0.008973464009631763,0.015169422909291791,0.00556934878963931
Backprop,42,0,NATIVE,96,Conv3,LOC,cr,meanrdm,0.016667162540484982,,,
Backprop,42,0,NATIVE,96,Conv3,LOC,all,persub,0.009240586259066689,0.009766860749915713,0.012159382685469965,0.00579551534181439
Backprop,42,0,NATIVE,96,Conv3,LOC,all,meanrdm,0.015546174660067118,,,
Backprop,42,0,NATIVE,96,FC1,IT,cr,persub,0.014434268782363086,0.018392445503567965,0.016714257954523415,0.008196102888997883
Backprop,42,0,NATIVE,96,FC1,IT,cr,meanrdm,0.023091001589723888,,,
Backprop,42,0,NATIVE,96,FC1,IT,all,persub,0.012978540991064123,0.017464852880436997,0.014416780599132435,0.00705398949362294
Backprop,42,0,NATIVE,96,FC1,IT,all,meanrdm,0.02013353717309984,,,
Feedback Alignment,42,0,NATIVE,96,Conv1,V1,cr,persub,0.016709664741754972,0.014498777939789754,0.028596408624876817,0.007033807660598346
Feedback Alignment,42,0,NATIVE,96,Conv1,V1,cr,meanrdm,0.025484231667804995,,,
Feedback Alignment,42,0,NATIVE,96,Conv1,V1,all,persub,0.015439392524810277,0.013531344631603853,0.02657395114517484,0.006212881797652138
Feedback Alignment,42,0,NATIVE,96,Conv1,V1,all,meanrdm,0.023685285242504375,,,
Feedback Alignment,42,0,NATIVE,96,Conv1,V2,cr,persub,0.006796422519597002,0.005262371895355105,0.012665947504853815,0.0024609481585820855
Feedback Alignment,42,0,NATIVE,96,Conv1,V2,cr,meanrdm,0.010040603393713595,,,
Feedback Alignment,42,0,NATIVE,96,Conv1,V2,all,persub,0.006241189380046019,0.005040536186648255,0.012614144878940258,0.0010688870745495433
Feedback Alignment,42,0,NATIVE,96,Conv1,V2,all,meanrdm,0.009198405470479851,,,
Feedback Alignment,42,0,NATIVE,96,Conv2,V1,cr,persub,0.016775414014852448,0.014413759318249363,0.028795463342469383,0.007117019383838598
Feedback Alignment,42,0,NATIVE,96,Conv2,V1,cr,meanrdm,0.025579707993131515,,,
Feedback Alignment,42,0,NATIVE,96,Conv2,V1,all,persub,0.01595798485798666,0.014699071940952985,0.026752168927991395,0.006422713705015596
Feedback Alignment,42,0,NATIVE,96,Conv2,V1,all,meanrdm,0.024313152344421718,,,
Feedback Alignment,42,0,NATIVE,96,Conv2,V2,cr,persub,0.008012802551253867,0.007003684782032104,0.013600107068457436,0.0034346158032720585
Feedback Alignment,42,0,NATIVE,96,Conv2,V2,cr,meanrdm,0.01189461589957257,,,
Feedback Alignment,42,0,NATIVE,96,Conv2,V2,all,persub,0.007635668913892482,0.008074792837495688,0.01316308188284011,0.0016691320213416468
Feedback Alignment,42,0,NATIVE,96,Conv2,V2,all,meanrdm,0.011285167537519703,,,
Feedback Alignment,42,0,NATIVE,96,Conv3,LOC,cr,persub,0.004427899341520012,0.00535269096780088,0.007669611190568196,0.0002613958661909599
Feedback Alignment,42,0,NATIVE,96,Conv3,LOC,cr,meanrdm,0.007410144700523112,,,
Feedback Alignment,42,0,NATIVE,96,Conv3,LOC,all,persub,0.003552272310229624,0.004978818485562697,0.005663501315648456,1.449712947771927e-05
Feedback Alignment,42,0,NATIVE,96,Conv3,LOC,all,meanrdm,0.0059715421764423475,,,
Feedback Alignment,42,0,NATIVE,96,FC1,IT,cr,persub,0.007151375956712802,0.008317701471259783,0.010765822571578883,0.002370603827299737
Feedback Alignment,42,0,NATIVE,96,FC1,IT,cr,meanrdm,0.012777200821441232,,,
Feedback Alignment,42,0,NATIVE,96,FC1,IT,all,persub,0.006363477616119029,0.00764364189140355,0.009770767844675265,0.0016760231122782715
Feedback Alignment,42,0,NATIVE,96,FC1,IT,all,meanrdm,0.011110927186607618,,,
Predictive Coding,42,0,NATIVE,96,Conv1,V1,cr,persub,0.01168051333281884,0.00692699552217415,0.023650562712159304,0.0044639817641230674
Predictive Coding,42,0,NATIVE,96,Conv1,V1,cr,meanrdm,0.01777819423264497,,,
Predictive Coding,42,0,NATIVE,96,Conv1,V1,all,persub,0.01038738444074045,0.006479593727639934,0.021151979249174332,0.003530580345407087
Predictive Coding,42,0,NATIVE,96,Conv1,V1,all,meanrdm,0.015850682517361027,,,
Predictive Coding,42,0,NATIVE,96,Conv1,V2,cr,persub,0.006813251277776852,0.00247580838910334,0.014845850234669566,0.0031180952095576516
Predictive Coding,42,0,NATIVE,96,Conv1,V2,cr,meanrdm,0.010237163819697177,,,
Predictive Coding,42,0,NATIVE,96,Conv1,V2,all,persub,0.005928276739292346,0.0025076622676791726,0.014122813653475366,0.0011543542967224992
Predictive Coding,42,0,NATIVE,96,Conv1,V2,all,meanrdm,0.008839775919846055,,,
Predictive Coding,42,0,NATIVE,96,Conv2,V1,cr,persub,0.007568208418593551,0.002270042038682523,0.017617167940368886,0.002817415276729242
Predictive Coding,42,0,NATIVE,96,Conv2,V1,cr,meanrdm,0.01181769801377845,,,
Predictive Coding,42,0,NATIVE,96,Conv2,V1,all,persub,0.0065930866206064705,0.002473838929688855,0.014998484413987066,0.0023069365181434876
Predictive Coding,42,0,NATIVE,96,Conv2,V1,all,meanrdm,0.010187217138704564,,,
Predictive Coding,42,0,NATIVE,96,Conv2,V2,cr,persub,0.0032469334642471134,-0.0009155811724071874,0.00837641972116648,0.002279961843982049
Predictive Coding,42,0,NATIVE,96,Conv2,V2,cr,meanrdm,0.004896003101284948,,,
Predictive Coding,42,0,NATIVE,96,Conv2,V2,all,persub,0.002440912934903386,-0.0004393721022636889,0.006918710660912263,0.0008434002460615842
Predictive Coding,42,0,NATIVE,96,Conv2,V2,all,meanrdm,0.0036366675170954803,,,
Predictive Coding,42,0,NATIVE,96,Conv3,LOC,cr,persub,0.004012592335902037,0.0053291500912613365,0.006598368854616407,0.00011025806182836796
Predictive Coding,42,0,NATIVE,96,Conv3,LOC,cr,meanrdm,0.0066745666616288895,,,
Predictive Coding,42,0,NATIVE,96,Conv3,LOC,all,persub,0.0035759008136879915,0.005896968997945675,0.004390998369046983,0.00043973507407131713
Predictive Coding,42,0,NATIVE,96,Conv3,LOC,all,meanrdm,0.005864255675326333,,,
Predictive Coding,42,0,NATIVE,96,FC1,IT,cr,persub,0.010071849331792867,0.0105273386817758,0.01370697053333388,0.005981238780268919
Predictive Coding,42,0,NATIVE,96,FC1,IT,cr,meanrdm,0.01680871384918064,,,
Predictive Coding,42,0,NATIVE,96,FC1,IT,all,persub,0.008932232001696105,0.010375436400702726,0.010990867557309958,0.005430392047075628
Predictive Coding,42,0,NATIVE,96,FC1,IT,all,meanrdm,0.014385604613173047,,,
STDP,42,0,NATIVE,96,Conv1,V1,cr,persub,0.03712589900989033,0.0366323709525071,0.06557747238304258,0.0091678536941213
STDP,42,0,NATIVE,96,Conv1,V1,cr,meanrdm,0.05424922605706189,,,
STDP,42,0,NATIVE,96,Conv1,V1,all,persub,0.03598239419632903,0.035938718706769866,0.06328681768308292,0.008721646199134285
STDP,42,0,NATIVE,96,Conv1,V1,all,meanrdm,0.052562942503732835,,,
STDP,42,0,NATIVE,96,Conv1,V2,cr,persub,0.020366804145863913,0.01909485353614042,0.03867574376534053,0.0033298151361107887
STDP,42,0,NATIVE,96,Conv1,V2,cr,meanrdm,0.0312824707429392,,,
STDP,42,0,NATIVE,96,Conv1,V2,all,persub,0.019721457181265813,0.01935378101232399,0.03807312358224264,0.0017374669492308057
STDP,42,0,NATIVE,96,Conv1,V2,all,meanrdm,0.03023438309728914,,,
STDP,42,0,NATIVE,96,Conv2,V1,cr,persub,0.02433087025730302,0.02073000611591338,0.04504759496571746,0.007215009690278234
STDP,42,0,NATIVE,96,Conv2,V1,cr,meanrdm,0.036049904687120146,,,
STDP,42,0,NATIVE,96,Conv2,V1,all,persub,0.02293486735111622,0.020209317199855376,0.04168880081927238,0.006906484034220903
STDP,42,0,NATIVE,96,Conv2,V1,all,meanrdm,0.03362431100623443,,,
STDP,42,0,NATIVE,96,Conv2,V2,cr,persub,0.014936387376401435,0.013140921706976564,0.027891726916521423,0.00377651350570632
STDP,42,0,NATIVE,96,Conv2,V2,cr,meanrdm,0.022685960256433126,,,
STDP,42,0,NATIVE,96,Conv2,V2,all,persub,0.013474324742094942,0.012638336372181235,0.02557735850506446,0.002207279349039129
STDP,42,0,NATIVE,96,Conv2,V2,all,meanrdm,0.02038031307249729,,,
STDP,42,0,NATIVE,96,Conv3,LOC,cr,persub,0.004770202468360779,0.005652214320895377,0.008973234273448446,-0.0003148411892614854
STDP,42,0,NATIVE,96,Conv3,LOC,cr,meanrdm,0.007340168853126543,,,
STDP,42,0,NATIVE,96,Conv3,LOC,all,persub,0.0034127147720665343,0.004450782280409051,0.006298347736280824,-0.0005109857004902726
STDP,42,0,NATIVE,96,Conv3,LOC,all,meanrdm,0.005362683544315098,,,
STDP,42,0,NATIVE,96,FC1,IT,cr,persub,0.010980049450435089,0.010973573197255379,0.018168160080965542,0.003798415073084341
STDP,42,0,NATIVE,96,FC1,IT,cr,meanrdm,0.018715965349078413,,,
STDP,42,0,NATIVE,96,FC1,IT,all,persub,0.009974517054019008,0.010948841621244473,0.015662341255917884,0.003312368284894668
STDP,42,0,NATIVE,96,FC1,IT,all,meanrdm,0.01655751936845732,,,
Random Weights (BN-calibrated),42,0,NATIVE,96,Conv1,V1,cr,persub,0.00737241159018315,0.0013660515190995234,0.017233905595334244,0.00351727765611568
Random Weights (BN-calibrated),42,0,NATIVE,96,Conv1,V1,cr,meanrdm,0.011700286994708946,,,
Random Weights (BN-calibrated),42,0,NATIVE,96,Conv1,V1,all,persub,0.006066857682272392,0.0008610211229144698,0.014852404263881078,0.002487147660021629
Random Weights (BN-calibrated),42,0,NATIVE,96,Conv1,V1,all,meanrdm,0.00970976102876051,,,
Random Weights (BN-calibrated),42,0,NATIVE,96,Conv1,V2,cr,persub,0.0035266039482397676,-0.0018514621059669348,0.009818283632862381,0.0026129903178238574
Random Weights (BN-calibrated),42,0,NATIVE,96,Conv1,V2,cr,meanrdm,0.005174388133426022,,,
Random Weights (BN-calibrated),42,0,NATIVE,96,Conv1,V2,all,persub,0.0026379514698143696,-0.002025078579856645,0.009231143521075517,0.0007077894682242379
Random Weights (BN-calibrated),42,0,NATIVE,96,Conv1,V2,all,meanrdm,0.003831567094569669,,,
Random Weights (BN-calibrated),42,0,NATIVE,96,Conv2,V1,cr,persub,0.0013212885000286276,-0.005257371717129344,0.0066412666752268985,0.0025799705419883284
Random Weights (BN-calibrated),42,0,NATIVE,96,Conv2,V1,cr,meanrdm,0.0028927711472556397,,,
Random Weights (BN-calibrated),42,0,NATIVE,96,Conv2,V1,all,persub,0.00040070705995854495,-0.004511662014569708,0.00395626657316142,0.0017575166212839225
Random Weights (BN-calibrated),42,0,NATIVE,96,Conv2,V1,all,meanrdm,0.0013626333194054008,,,
Random Weights (BN-calibrated),42,0,NATIVE,96,Conv2,V2,cr,persub,0.0015086847795118257,-0.0035517027970778476,0.004032617241205579,0.004045139894407746
Random Weights (BN-calibrated),42,0,NATIVE,96,Conv2,V2,cr,meanrdm,0.002273402604345911,,,
Random Weights (BN-calibrated),42,0,NATIVE,96,Conv2,V2,all,persub,0.0006187783138147332,-0.002973381904902533,0.002893622244659994,0.0019360946016867386
Random Weights (BN-calibrated),42,0,NATIVE,96,Conv2,V2,all,meanrdm,0.0008215842262196578,,,
Random Weights (BN-calibrated),42,0,NATIVE,96,Conv3,LOC,cr,persub,0.0033391410176535677,0.005045685999307641,0.0053985208109621,-0.0004267837573090379
Random Weights (BN-calibrated),42,0,NATIVE,96,Conv3,LOC,cr,meanrdm,0.0057782464349294144,,,
Random Weights (BN-calibrated),42,0,NATIVE,96,Conv3,LOC,all,persub,0.0029390733939222897,0.005685262006256069,0.003237000911233099,-0.0001050427357222981
Random Weights (BN-calibrated),42,0,NATIVE,96,Conv3,LOC,all,meanrdm,0.00499253558455877,,,
Random Weights (BN-calibrated),42,0,NATIVE,96,FC1,IT,cr,persub,0.005425595100200918,0.005684837751888178,0.005146885295869616,0.00544506225284496
Random Weights (BN-calibrated),42,0,NATIVE,96,FC1,IT,cr,meanrdm,0.009787858898066803,,,
Random Weights (BN-calibrated),42,0,NATIVE,96,FC1,IT,all,persub,0.005351861380710517,0.007134918352629162,0.004482898631721839,0.004437767157780552
Random Weights (BN-calibrated),42,0,NATIVE,96,FC1,IT,all,meanrdm,0.009408159211497284,,,
Random Weights,42,0,NATIVE,128,Conv1,V1,cr,persub,0.0571943738013134,0.058536145780685445,0.09625181042898473,0.01679516519427002
Random Weights,42,0,NATIVE,128,Conv1,V1,cr,meanrdm,0.08204449135949529,,,
Random Weights,42,0,NATIVE,128,Conv1,V1,all,persub,0.056671884420780305,0.05766549707573045,0.09585454840345412,0.016495607783156355
Random Weights,42,0,NATIVE,128,Conv1,V1,all,meanrdm,0.08090232716589965,,,
Random Weights,42,0,NATIVE,128,Conv1,V2,cr,persub,0.03159846276784998,0.0356685372214761,0.05548422232753225,0.0036426287545415705
Random Weights,42,0,NATIVE,128,Conv1,V2,cr,meanrdm,0.04771181383711861,,,
Random Weights,42,0,NATIVE,128,Conv1,V2,all,persub,0.03145646032071892,0.036078337879615154,0.05608083893023755,0.0022102041523040785
Random Weights,42,0,NATIVE,128,Conv1,V2,all,meanrdm,0.047246411336743066,,,
Random Weights,42,0,NATIVE,128,Conv2,V1,cr,persub,0.06236669453604284,0.06505674535050962,0.106056699642399,0.01598663861521991
Random Weights,42,0,NATIVE,128,Conv2,V1,cr,meanrdm,0.08874701693752507,,,
Random Weights,42,0,NATIVE,128,Conv2,V1,all,persub,0.06216156856328676,0.06433682424731506,0.10601969869658734,0.016128182745957863
Random Weights,42,0,NATIVE,128,Conv2,V1,all,meanrdm,0.08801195697082959,,,
Random Weights,42,0,NATIVE,128,Conv2,V2,cr,persub,0.03635644560989153,0.03964774643942642,0.06595760586534491,0.003463984524903254
Random Weights,42,0,NATIVE,128,Conv2,V2,cr,meanrdm,0.054682548588948124,,,
Random Weights,42,0,NATIVE,128,Conv2,V2,all,persub,0.03635080744537781,0.03999823052928403,0.06667834865235767,0.002375843154491747
Random Weights,42,0,NATIVE,128,Conv2,V2,all,meanrdm,0.05431568561369319,,,
Random Weights,42,0,NATIVE,128,Conv3,LOC,cr,persub,-0.004818091611581019,0.004038462058104345,-0.013665992167054474,-0.004826744725792929
Random Weights,42,0,NATIVE,128,Conv3,LOC,cr,meanrdm,-0.010148293856085469,,,
Random Weights,42,0,NATIVE,128,Conv3,LOC,all,persub,-0.0034366224192893327,0.0056657310957762864,-0.012773401441881927,-0.003202196911762357
Random Weights,42,0,NATIVE,128,Conv3,LOC,all,meanrdm,-0.007333360336546261,,,
Random Weights,42,0,NATIVE,128,FC1,IT,cr,persub,0.0029800849890315793,0.0017096778991331735,0.005478001857472058,0.001752575210489505
Random Weights,42,0,NATIVE,128,FC1,IT,cr,meanrdm,0.004345593790305266,,,
Random Weights,42,0,NATIVE,128,FC1,IT,all,persub,0.004114474860210114,0.0033344538764819767,0.007691125032092687,0.0013178456720556776
Random Weights,42,0,NATIVE,128,FC1,IT,all,meanrdm,0.006426588147863602,,,
Backprop,42,0,NATIVE,128,Conv1,V1,cr,persub,0.024734297303294146,0.024841272872544232,0.04013508038142712,0.009226538655911084
Backprop,42,0,NATIVE,128,Conv1,V1,cr,meanrdm,0.03739921831902178,,,
Backprop,42,0,NATIVE,128,Conv1,V1,all,persub,0.02309025887930938,0.023505050496540163,0.0375774569973267,0.008188269144061282
Backprop,42,0,NATIVE,128,Conv1,V1,all,meanrdm,0.03468428839963744,,,
Backprop,42,0,NATIVE,128,Conv1,V2,cr,persub,0.014124062909796538,0.011984577637109634,0.02478166094930781,0.005605950142972176
Backprop,42,0,NATIVE,128,Conv1,V2,cr,meanrdm,0.021556231803633204,,,
Backprop,42,0,NATIVE,128,Conv1,V2,all,persub,0.013036180882346544,0.011734633124029491,0.023620088232890978,0.0037538212901191636
Backprop,42,0,NATIVE,128,Conv1,V2,all,meanrdm,0.019797204081059463,,,
Backprop,42,0,NATIVE,128,Conv2,V1,cr,persub,-0.021733374938153343,-0.022666007638507985,-0.05013491545775883,0.007600798281806795
Backprop,42,0,NATIVE,128,Conv2,V1,cr,meanrdm,-0.027736241609304123,,,
Backprop,42,0,NATIVE,128,Conv2,V1,all,persub,-0.022742546657230713,-0.02062013927256109,-0.05199346749236298,0.004385966793231925
Backprop,42,0,NATIVE,128,Conv2,V1,all,meanrdm,-0.029876062710495657,,,
Backprop,42,0,NATIVE,128,Conv2,V2,cr,persub,-0.015151834624671142,-0.011781609343840397,-0.04110792763893495,0.007434033108761925
Backprop,42,0,NATIVE,128,Conv2,V2,cr,meanrdm,-0.022764461934129898,,,
Backprop,42,0,NATIVE,128,Conv2,V2,all,persub,-0.016075362932333526,-0.01055876067907896,-0.04230187741307528,0.00463454929515366
Backprop,42,0,NATIVE,128,Conv2,V2,all,meanrdm,-0.02433485662971225,,,
Backprop,42,0,NATIVE,128,Conv3,LOC,cr,persub,0.00883737411713518,0.008018907016232753,0.014036290172413935,0.004456925162758856
Backprop,42,0,NATIVE,128,Conv3,LOC,cr,meanrdm,0.014768912471495782,,,
Backprop,42,0,NATIVE,128,Conv3,LOC,all,persub,0.008318894672710093,0.008978568197626099,0.011249038230406678,0.0047290775900974994
Backprop,42,0,NATIVE,128,Conv3,LOC,all,meanrdm,0.013977187133724527,,,
Backprop,42,0,NATIVE,128,FC1,IT,cr,persub,0.012397228076289379,0.016177721031220137,0.0136643684709814,0.0073495947266665985
Backprop,42,0,NATIVE,128,FC1,IT,cr,meanrdm,0.019560068572023068,,,
Backprop,42,0,NATIVE,128,FC1,IT,all,persub,0.0110036315408305,0.015546535576472197,0.011139281750420244,0.006325077295599061
Backprop,42,0,NATIVE,128,FC1,IT,all,meanrdm,0.01681916662101155,,,
Feedback Alignment,42,0,NATIVE,128,Conv1,V1,cr,persub,0.015936355953882392,0.01356556274712154,0.027333927371740015,0.006909577742785626
Feedback Alignment,42,0,NATIVE,128,Conv1,V1,cr,meanrdm,0.02434959635490361,,,
Feedback Alignment,42,0,NATIVE,128,Conv1,V1,all,persub,0.014682002964606868,0.012628110812388715,0.025394596625614062,0.006023301455817828
Feedback Alignment,42,0,NATIVE,128,Conv1,V1,all,meanrdm,0.022564641783213824,,,
Feedback Alignment,42,0,NATIVE,128,Conv1,V2,cr,persub,0.006353588244636186,0.005000402092072151,0.01173699350447361,0.002323369137362796
Feedback Alignment,42,0,NATIVE,128,Conv1,V2,cr,meanrdm,0.009359336793268523,,,
Feedback Alignment,42,0,NATIVE,128,Conv1,V2,all,persub,0.005802437123747557,0.004765395056136511,0.011745924357066579,0.000895991958039581
Feedback Alignment,42,0,NATIVE,128,Conv1,V2,all,meanrdm,0.008524166049389728,,,
Feedback Alignment,42,0,NATIVE,128,Conv2,V1,cr,persub,0.01590408277346414,0.013385091276839237,0.027274251305269753,0.007052905738283436
Feedback Alignment,42,0,NATIVE,128,Conv2,V1,cr,meanrdm,0.024165906826293323,,,
Feedback Alignment,42,0,NATIVE,128,Conv2,V1,all,persub,0.015120719398563484,0.013724464948291978,0.025284571328044785,0.006353121919353689
Feedback Alignment,42,0,NATIVE,128,Conv2,V1,all,meanrdm,0.022939937169348078,,,
Feedback Alignment,42,0,NATIVE,128,Conv2,V2,cr,persub,0.007590224192810849,0.006939407749189985,0.012673276608186379,0.003157988221056185
Feedback Alignment,42,0,NATIVE,128,Conv2,V2,cr,meanrdm,0.011215518319903467,,,
Feedback Alignment,42,0,NATIVE,128,Conv2,V2,all,persub,0.007228004510983123,0.008009868548657872,0.012282892984958976,0.0013912519993325198
Feedback Alignment,42,0,NATIVE,128,Conv2,V2,all,meanrdm,0.010625566681309106,,,
Feedback Alignment,42,0,NATIVE,128,Conv3,LOC,cr,persub,0.0045302713109767944,0.005243307503655263,0.008380894973280349,-3.3388544005227014e-05
Feedback Alignment,42,0,NATIVE,128,Conv3,LOC,cr,meanrdm,0.007642661233999997,,,
Feedback Alignment,42,0,NATIVE,128,Conv3,LOC,all,persub,0.0036858168299215744,0.005138530830773156,0.006177997786133538,-0.0002590781271419692
Feedback Alignment,42,0,NATIVE,128,Conv3,LOC,all,meanrdm,0.006231653212258436,,,
Feedback Alignment,42,0,NATIVE,128,FC1,IT,cr,persub,0.007588227437891823,0.008274563121112102,0.011338409076254382,0.0031517101163089866
Feedback Alignment,42,0,NATIVE,128,FC1,IT,cr,meanrdm,0.01362630868685576,,,
Feedback Alignment,42,0,NATIVE,128,FC1,IT,all,persub,0.006638764616700724,0.007566402197217521,0.010017600622447952,0.0023322910304366994
Feedback Alignment,42,0,NATIVE,128,FC1,IT,all,meanrdm,0.011671340630527847,,,
Predictive Coding,42,0,NATIVE,128,Conv1,V1,cr,persub,0.010459672118704216,0.005337406217587368,0.02187873643760438,0.0041628737009209
Predictive Coding,42,0,NATIVE,128,Conv1,V1,cr,meanrdm,0.015948808744579664,,,
Predictive Coding,42,0,NATIVE,128,Conv1,V1,all,persub,0.009180098707027916,0.004918767315354243,0.01941590204533895,0.0032056267603905544
Predictive Coding,42,0,NATIVE,128,Conv1,V1,all,meanrdm,0.014038979314693107,,,
Predictive Coding,42,0,NATIVE,128,Conv1,V2,cr,persub,0.006141774966868414,0.0017848429281097818,0.013711327878969747,0.002929154093525715
Predictive Coding,42,0,NATIVE,128,Conv1,V2,cr,meanrdm,0.009182845742181854,,,
Predictive Coding,42,0,NATIVE,128,Conv1,V2,all,persub,0.005261073873688265,0.0018352489582044232,0.013021981680484985,0.0009259909823753855
Predictive Coding,42,0,NATIVE,128,Conv1,V2,all,meanrdm,0.007803176591864393,,,
Predictive Coding,42,0,NATIVE,128,Conv2,V1,cr,persub,0.00734375511128444,0.0018179972744355774,0.017056323626156132,0.003156944433261614
Predictive Coding,42,0,NATIVE,128,Conv2,V1,cr,meanrdm,0.011498599312781433,,,
Predictive Coding,42,0,NATIVE,128,Conv2,V1,all,persub,0.00639384710027293,0.002082081022892653,0.014480847919635114,0.0026186123582910203
Predictive Coding,42,0,NATIVE,128,Conv2,V1,all,meanrdm,0.009888091478242766,,,
Predictive Coding,42,0,NATIVE,128,Conv2,V2,cr,persub,0.0033869465464609772,-0.000646418640019362,0.008387923252794777,0.0024193350266075173
Predictive Coding,42,0,NATIVE,128,Conv2,V2,cr,meanrdm,0.0051475337697998716,,,
Predictive Coding,42,0,NATIVE,128,Conv2,V2,all,persub,0.0025688245774357914,-0.00017577179824774874,0.006989902444600739,0.0008923430859543845
Predictive Coding,42,0,NATIVE,128,Conv2,V2,all,meanrdm,0.0038617460970135544,,,
Predictive Coding,42,0,NATIVE,128,Conv3,LOC,cr,persub,0.0037458677796565663,0.0051927030632245305,0.0061026319397120615,-5.7731663966893504e-05
Predictive Coding,42,0,NATIVE,128,Conv3,LOC,cr,meanrdm,0.006092826350989379,,,
Predictive Coding,42,0,NATIVE,128,Conv3,LOC,all,persub,0.0033737742750818236,0.005917969182051149,0.003919962958425029,0.0002833906847692923
Predictive Coding,42,0,NATIVE,128,Conv3,LOC,all,meanrdm,0.005409859573530812,,,
Predictive Coding,42,0,NATIVE,128,FC1,IT,cr,persub,0.009548585811600127,0.01010435644186422,0.01206273063413836,0.006478670358797799
Predictive Coding,42,0,NATIVE,128,FC1,IT,cr,meanrdm,0.016033641488690135,,,
Predictive Coding,42,0,NATIVE,128,FC1,IT,all,persub,0.008364449540181064,0.010104567349133342,0.009370673489712263,0.005618107781697586
Predictive Coding,42,0,NATIVE,128,FC1,IT,all,meanrdm,0.01344801326276708,,,
STDP,42,0,NATIVE,128,Conv1,V1,cr,persub,0.03442393117150178,0.033067378902327485,0.061627337706210324,0.008577076905967523
STDP,42,0,NATIVE,128,Conv1,V1,cr,meanrdm,0.05040924308525645,,,
STDP,42,0,NATIVE,128,Conv1,V1,all,persub,0.03328380023593671,0.03240940840767029,0.05937413682019321,0.008067855479946616
STDP,42,0,NATIVE,128,Conv1,V1,all,meanrdm,0.048707768928262556,,,
STDP,42,0,NATIVE,128,Conv1,V2,cr,persub,0.018711369925330554,0.016961615146133126,0.03605361772907457,0.0031188769007839713
STDP,42,0,NATIVE,128,Conv1,V2,cr,meanrdm,0.02874648068142264,,,
STDP,42,0,NATIVE,128,Conv1,V2,all,persub,0.01808319318976356,0.017253860897763467,0.03551254889013915,0.001483169781388063
STDP,42,0,NATIVE,128,Conv1,V2,all,meanrdm,0.027735829129918455,,,
STDP,42,0,NATIVE,128,Conv2,V1,cr,persub,0.021958872210320515,0.01734035314386326,0.04201373653507578,0.006522526952022507
STDP,42,0,NATIVE,128,Conv2,V1,cr,meanrdm,0.032657586191207344,,,
STDP,42,0,NATIVE,128,Conv2,V1,all,persub,0.020550037479439717,0.016765025623807026,0.03862370480463266,0.006261382009879467
STDP,42,0,NATIVE,128,Conv2,V1,all,meanrdm,0.030183556668487977,,,
STDP,42,0,NATIVE,128,Conv2,V2,cr,persub,0.01380376495863349,0.011882897849825973,0.0262071965233684,0.0033212005027061023
STDP,42,0,NATIVE,128,Conv2,V2,cr,meanrdm,0.020905297255015973,,,
STDP,42,0,NATIVE,128,Conv2,V2,all,persub,0.012320036664766484,0.011298258570962281,0.023830929783217054,0.0018309216401201159
STDP,42,0,NATIVE,128,Conv2,V2,all,meanrdm,0.018569088422957916,,,
STDP,42,0,NATIVE,128,Conv3,LOC,cr,persub,0.00452043295641398,0.004942761141507482,0.009590593005582992,-0.0009720552778485346
STDP,42,0,NATIVE,128,Conv3,LOC,cr,meanrdm,0.0069134509905092135,,,
STDP,42,0,NATIVE,128,Conv3,LOC,all,persub,0.0031313417398660744,0.0038507867635632267,0.006664984715560389,-0.0011217462595253921
STDP,42,0,NATIVE,128,Conv3,LOC,all,meanrdm,0.004924108886635394,,,
STDP,42,0,NATIVE,128,FC1,IT,cr,persub,0.011045235986943428,0.010878080573992149,0.018143429971957815,0.004114197414880317
STDP,42,0,NATIVE,128,FC1,IT,cr,meanrdm,0.01867978747396991,,,
STDP,42,0,NATIVE,128,FC1,IT,all,persub,0.009937715871557206,0.010830813600692508,0.01523735142001741,0.003744982593961701
STDP,42,0,NATIVE,128,FC1,IT,all,meanrdm,0.01630685297985405,,,
Random Weights (BN-calibrated),42,0,NATIVE,128,Conv1,V1,cr,persub,0.0066417695042304825,0.00027918580020169195,0.016306530045443097,0.0033395926670466607
Random Weights (BN-calibrated),42,0,NATIVE,128,Conv1,V1,cr,meanrdm,0.01058905631293907,,,
Random Weights (BN-calibrated),42,0,NATIVE,128,Conv1,V1,all,persub,0.005352835625981327,-0.0001961086437159735,0.013969096278610255,0.0022855192430497
Random Weights (BN-calibrated),42,0,NATIVE,128,Conv1,V1,all,meanrdm,0.008618556480276594,,,
Random Weights (BN-calibrated),42,0,NATIVE,128,Conv1,V2,cr,persub,0.003141348626519618,-0.002196959478497864,0.009145165170602133,0.0024758401874545835
Random Weights (BN-calibrated),42,0,NATIVE,128,Conv1,V2,cr,meanrdm,0.004581293772927708,,,
Random Weights (BN-calibrated),42,0,NATIVE,128,Conv1,V2,all,persub,0.0022555358415228244,-0.0023534579005006547,0.008602706436873516,0.0005173589881956107
Random Weights (BN-calibrated),42,0,NATIVE,128,Conv1,V2,all,meanrdm,0.0032516648739951896,,,
Random Weights (BN-calibrated),42,0,NATIVE,128,Conv2,V1,cr,persub,0.0016994975459095473,-0.005397006364094109,0.00751145264345869,0.002984046358364061
Random Weights (BN-calibrated),42,0,NATIVE,128,Conv2,V1,cr,meanrdm,0.0033888791210231624,,,
Random Weights (BN-calibrated),42,0,NATIVE,128,Conv2,V1,all,persub,0.000757386504108892,-0.004656988885726405,0.00480372168669745,0.0021254267113556312
Random Weights (BN-calibrated),42,0,NATIVE,128,Conv2,V1,all,meanrdm,0.0017999789790964546,,,
Random Weights (BN-calibrated),42,0,NATIVE,128,Conv2,V2,cr,persub,0.0021155773108724675,-0.002966277965861539,0.005263704848365447,0.004049305050113495
Random Weights (BN-calibrated),42,0,NATIVE,128,Conv2,V2,cr,meanrdm,0.0032440551022462545,,,
Random Weights (BN-calibrated),42,0,NATIVE,128,Conv2,V2,all,persub,0.0011949635118709894,-0.002358932472645325,0.0040563407007598844,0.001887482307498409
Random Weights (BN-calibrated),42,0,NATIVE,128,Conv2,V2,all,meanrdm,0.001741596407453581,,,
Random Weights (BN-calibrated),42,0,NATIVE,128,Conv3,LOC,cr,persub,0.0033386580024587563,0.004637195451493315,0.0060097901209543135,-0.0006310115650713606
Random Weights (BN-calibrated),42,0,NATIVE,128,Conv3,LOC,cr,meanrdm,0.005710965974772442,,,
Random Weights (BN-calibrated),42,0,NATIVE,128,Conv3,LOC,all,persub,0.0029400559866714446,0.0055071439863865765,0.003696885991459146,-0.00038386201783138996
Random Weights (BN-calibrated),42,0,NATIVE,128,Conv3,LOC,all,meanrdm,0.0049444447187707435,,,
Random Weights (BN-calibrated),42,0,NATIVE,128,FC1,IT,cr,persub,0.005497135909313087,0.005577667212771218,0.0050520455571459455,0.0058616949580220954
Random Weights (BN-calibrated),42,0,NATIVE,128,FC1,IT,cr,meanrdm,0.01004489664890032,,,
Random Weights (BN-calibrated),42,0,NATIVE,128,FC1,IT,all,persub,0.0053851074556580105,0.00718531599919197,0.004358663287338123,0.004611343080443936
Random Weights (BN-calibrated),42,0,NATIVE,128,FC1,IT,all,meanrdm,0.009507794478972055,,,
Random Weights,42,0,NATIVE,160,Conv1,V1,cr,persub,0.05812898868687045,0.05971562952134988,0.0976691778493189,0.017002158689942554
Random Weights,42,0,NATIVE,160,Conv1,V1,cr,meanrdm,0.08334624770055987,,,
Random Weights,42,0,NATIVE,160,Conv1,V1,all,persub,0.05759741153528749,0.05879902192787758,0.09726507379702527,0.0167281388809596
Random Weights,42,0,NATIVE,160,Conv1,V1,all,meanrdm,0.08219543896618638,,,
Random Weights,42,0,NATIVE,160,Conv1,V2,cr,persub,0.03225032718028492,0.036459315330773456,0.05663181611272684,0.003659850097354458
Random Weights,42,0,NATIVE,160,Conv1,V2,cr,meanrdm,0.0486670796259984,,,
Random Weights,42,0,NATIVE,160,Conv1,V2,all,persub,0.03211985609354084,0.03686386224669393,0.05722386322924459,0.0022718428046839957
Random Weights,42,0,NATIVE,160,Conv1,V2,all,meanrdm,0.04821498447559611,,,
Random Weights,42,0,NATIVE,160,Conv2,V1,cr,persub,0.06346865132938558,0.06662040793559854,0.10757142396619757,0.016214122086360604
Random Weights,42,0,NATIVE,160,Conv2,V1,cr,meanrdm,0.09030908062843514,,,
Random Weights,42,0,NATIVE,160,Conv2,V1,all,persub,0.0632635761913494,0.06585325309832636,0.107519968922308,0.01641750655341381
Random Weights,42,0,NATIVE,160,Conv2,V1,all,meanrdm,0.08959196853218564,,,
Random Weights,42,0,NATIVE,160,Conv2,V2,cr,persub,0.03703103936314104,0.040489298255721166,0.0671600422619855,0.003443777571716444
Random Weights,42,0,NATIVE,160,Conv2,V2,cr,meanrdm,0.05568216195971945,,,
Random Weights,42,0,NATIVE,160,Conv2,V2,all,persub,0.03705035818744054,0.04085691400511988,0.06788335277819,0.002410807779011728
Random Weights,42,0,NATIVE,160,Conv2,V2,all,meanrdm,0.055346827809451965,,,
Random Weights,42,0,NATIVE,160,Conv3,LOC,cr,persub,-0.004930589161469175,0.004130942652262122,-0.014183725116348519,-0.004738985020321129
Random Weights,42,0,NATIVE,160,Conv3,LOC,cr,meanrdm,-0.010326427007488148,,,
Random Weights,42,0,NATIVE,160,Conv3,LOC,all,persub,-0.0035405493663040947,0.0057493311681731385,-0.013234251854016386,-0.0031367274130690358
Random Weights,42,0,NATIVE,160,Conv3,LOC,all,meanrdm,-0.0075227877162216935,,,
Random Weights,42,0,NATIVE,160,FC1,IT,cr,persub,0.0030981672473283897,0.0015219098871868506,0.006029097978930081,0.0017434938758682371
Random Weights,42,0,NATIVE,160,FC1,IT,cr,meanrdm,0.004521619984688594,,,
Random Weights,42,0,NATIVE,160,FC1,IT,all,persub,0.0041578138944741065,0.0030719850825517412,0.00814142659657605,0.0012600300042945288
Random Weights,42,0,NATIVE,160,FC1,IT,all,meanrdm,0.00648053451064271,,,
Backprop,42,0,NATIVE,160,Conv1,V1,cr,persub,0.02237115550083835,0.021742197984768424,0.03665802356027932,0.008713244957467307
Backprop,42,0,NATIVE,160,Conv1,V1,cr,meanrdm,0.03396818861868013,,,
Backprop,42,0,NATIVE,160,Conv1,V1,all,persub,0.02070870949392321,0.0204328581846047,0.03412528616417043,0.007567984132994495
Backprop,42,0,NATIVE,160,Conv1,V1,all,meanrdm,0.031229416642972577,,,
Backprop,42,0,NATIVE,160,Conv1,V2,cr,persub,0.012637265934282105,0.010451594636851429,0.022136973321517064,0.005323229844477821
Backprop,42,0,NATIVE,160,Conv1,V2,cr,meanrdm,0.019262475320922044,,,
Backprop,42,0,NATIVE,160,Conv1,V2,all,persub,0.011531108102094114,0.010201628876086692,0.02098992563463981,0.0034017697955558432
Backprop,42,0,NATIVE,160,Conv1,V2,all,meanrdm,0.017479154657299493,,,
Backprop,42,0,NATIVE,160,Conv2,V1,cr,persub,-0.024047029039809344,-0.025868153380315964,-0.052816438036584326,0.006543504297472256
Backprop,42,0,NATIVE,160,Conv2,V1,cr,meanrdm,-0.031301402626779974,,,
Backprop,42,0,NATIVE,160,Conv2,V1,all,persub,-0.025078283857490866,-0.023956431032565853,-0.0546786922389521,0.0034002716990453466
Backprop,42,0,NATIVE,160,Conv2,V1,all,meanrdm,-0.033462905582045295,,,
Backprop,42,0,NATIVE,160,Conv2,V2,cr,persub,-0.015968229737647794,-0.012672180046953571,-0.041877342110235735,0.006644832944245923
Backprop,42,0,NATIVE,160,Conv2,V2,cr,meanrdm,-0.023976103331664316,,,
Backprop,42,0,NATIVE,160,Conv2,V2,all,persub,-0.016885288548767804,-0.01158246762251601,-0.043078764958495365,0.004005366934707969
Backprop,42,0,NATIVE,160,Conv2,V2,all,meanrdm,-0.025508833946451242,,,
Backprop,42,0,NATIVE,160,Conv3,LOC,cr,persub,0.008499928241771131,0.007417183506204455,0.014161647702624937,0.003920953516484004
Backprop,42,0,NATIVE,160,Conv3,LOC,cr,meanrdm,0.014173547414568869,,,
Backprop,42,0,NATIVE,160,Conv3,LOC,all,persub,0.00798142368018233,0.008458877093310597,0.011366806325681792,0.004118587621554601
Backprop,42,0,NATIVE,160,Conv3,LOC,all,meanrdm,0.013424112216850491,,,
Backprop,42,0,NATIVE,160,FC1,IT,cr,persub,0.01113473686009038,0.014896090950492357,0.012017938876823796,0.006490180752954992
Backprop,42,0,NATIVE,160,FC1,IT,cr,meanrdm,0.017322901126604222,,,
Backprop,42,0,NATIVE,160,FC1,IT,all,persub,0.009851114855885518,0.014530498828555763,0.009576441272351181,0.005446404466749614
Backprop,42,0,NATIVE,160,FC1,IT,all,meanrdm,0.014774828172095626,,,
Feedback Alignment,42,0,NATIVE,160,Conv1,V1,cr,persub,0.01550344923201756,0.01309023557242497,0.02658104176991956,0.006839070353708146
Feedback Alignment,42,0,NATIVE,160,Conv1,V1,cr,meanrdm,0.023699000899696312,,,
Feedback Alignment,42,0,NATIVE,160,Conv1,V1,all,persub,0.014262204612134897,0.01216532788473967,0.0247011343525044,0.005920151599160617
Feedback Alignment,42,0,NATIVE,160,Conv1,V1,all,meanrdm,0.02192664216978403,,,
Feedback Alignment,42,0,NATIVE,160,Conv1,V2,cr,persub,0.006083203431296406,0.004938180692549026,0.011106486628054935,0.002204942973285255
Feedback Alignment,42,0,NATIVE,160,Conv1,V2,cr,meanrdm,0.008930777723050155,,,
Feedback Alignment,42,0,NATIVE,160,Conv1,V2,all,persub,0.005547796340309799,0.0047032329486677085,0.011173854964327646,0.0007663011079340429
Feedback Alignment,42,0,NATIVE,160,Conv1,V2,all,meanrdm,0.008121150318917374,,,
Feedback Alignment,42,0,NATIVE,160,Conv2,V1,cr,persub,0.015409369018088717,0.012865890945761956,0.026329186444316355,0.007033029664187837
Feedback Alignment,42,0,NATIVE,160,Conv2,V1,cr,meanrdm,0.02333651320710576,,,
Feedback Alignment,42,0,NATIVE,160,Conv2,V1,all,persub,0.014669687683235635,0.013225049081715422,0.024422022992313573,0.006361990975677908
Feedback Alignment,42,0,NATIVE,160,Conv2,V1,all,meanrdm,0.022176981895926092,,,
Feedback Alignment,42,0,NATIVE,160,Conv2,V2,cr,persub,0.007256836062189916,0.007002779600627339,0.01185706946120585,0.0029106591247365604
Feedback Alignment,42,0,NATIVE,160,Conv2,V2,cr,meanrdm,0.010627147420625078,,,
Feedback Alignment,42,0,NATIVE,160,Conv2,V2,all,persub,0.006967590565036025,0.008122068666999917,0.011565382253528536,0.001215320774579623
Feedback Alignment,42,0,NATIVE,160,Conv2,V2,all,meanrdm,0.01016291511461909,,,
Feedback Alignment,42,0,NATIVE,160,Conv3,LOC,cr,persub,0.004482818407427036,0.005258798844110803,0.008380681144684661,-0.00019102476651435717
Feedback Alignment,42,0,NATIVE,160,Conv3,LOC,cr,meanrdm,0.007580397934559181,,,
Feedback Alignment,42,0,NATIVE,160,Conv3,LOC,all,persub,0.0037331699749708707,0.005355840300131378,0.006194650228900378,-0.00035098060411914466
Feedback Alignment,42,0,NATIVE,160,Conv3,LOC,all,meanrdm,0.006340247937163848,,,
Feedback Alignment,42,0,NATIVE,160,FC1,IT,cr,persub,0.007820040143758814,0.008457421921225687,0.011708075854269265,0.0032946226557814917
Feedback Alignment,42,0,NATIVE,160,FC1,IT,cr,meanrdm,0.01407076594271155,,,
Feedback Alignment,42,0,NATIVE,160,FC1,IT,all,persub,0.0068301599538088615,0.007805041744439517,0.010248986583767553,0.002436451533219513
Feedback Alignment,42,0,NATIVE,160,FC1,IT,all,meanrdm,0.011999217541798625,,,
Predictive Coding,42,0,NATIVE,160,Conv1,V1,cr,persub,0.009854497353151278,0.0046142246322794156,0.02093930874007661,0.004009958687097807
Predictive Coding,42,0,NATIVE,160,Conv1,V1,cr,meanrdm,0.015022734809959151,,,
Predictive Coding,42,0,NATIVE,160,Conv1,V1,all,persub,0.008571386577387324,0.004167766155080496,0.018513195246883378,0.0030331983301980967
Predictive Coding,42,0,NATIVE,160,Conv1,V1,all,meanrdm,0.013105400451361654,,,
Predictive Coding,42,0,NATIVE,160,Conv1,V2,cr,persub,0.005808870044530084,0.0015330468962078646,0.013088984619128805,0.002804578618253583
Predictive Coding,42,0,NATIVE,160,Conv1,V2,cr,meanrdm,0.00864844074519519,,,
Predictive Coding,42,0,NATIVE,160,Conv1,V2,all,persub,0.00494002873227812,0.0015814962398552842,0.012455586544868669,0.000783003412110406
Predictive Coding,42,0,NATIVE,160,Conv1,V2,all,meanrdm,0.007292826562215655,,,
Predictive Coding,42,0,NATIVE,160,Conv2,V1,cr,persub,0.007559196481182261,0.0019601709083114393,0.017257487543264623,0.00345993099197072
Predictive Coding,42,0,NATIVE,160,Conv2,V1,cr,meanrdm,0.01179302523071267,,,
Predictive Coding,42,0,NATIVE,160,Conv2,V1,all,persub,0.00658544638843912,0.0021304514667568955,0.014736286609474434,0.0028896010890860336
Predictive Coding,42,0,NATIVE,160,Conv2,V1,all,meanrdm,0.010142476545102874,,,
Predictive Coding,42,0,NATIVE,160,Conv2,V2,cr,persub,0.0036053061946926756,-0.0002274367172822563,0.008634518225738724,0.002408837075621559
Predictive Coding,42,0,NATIVE,160,Conv2,V2,cr,meanrdm,0.005514976724616065,,,
Predictive Coding,42,0,NATIVE,160,Conv2,V2,all,persub,0.002792120393395582,0.00021186452963301093,0.007279002046235232,0.0008854946043185033
Predictive Coding,42,0,NATIVE,160,Conv2,V2,all,meanrdm,0.0042269462906195385,,,
Predictive Coding,42,0,NATIVE,160,Conv3,LOC,cr,persub,0.003713846159053256,0.005178737811513502,0.006098062866435405,-0.00013526220078913915
Predictive Coding,42,0,NATIVE,160,Conv3,LOC,cr,meanrdm,0.005966888183123895,,,
Predictive Coding,42,0,NATIVE,160,Conv3,LOC,all,persub,0.0033964100361775058,0.006035787581252471,0.0038993759996572568,0.0002540665276227882
Predictive Coding,42,0,NATIVE,160,Conv3,LOC,all,meanrdm,0.0053792795208486965,,,
Predictive Coding,42,0,NATIVE,160,FC1,IT,cr,persub,0.008834462328924856,0.009488781836266015,0.010740417653371881,0.006274187497136674
Predictive Coding,42,0,NATIVE,160,FC1,IT,cr,meanrdm,0.014854888281760893,,,
Predictive Coding,42,0,NATIVE,160,FC1,IT,all,persub,0.007692465898938049,0.009733849083593066,0.007933435735265911,0.005410112877955167
Predictive Coding,42,0,NATIVE,160,FC1,IT,all,meanrdm,0.012271415703576111,,,
STDP,42,0,NATIVE,160,Conv1,V1,cr,persub,0.03288388971775857,0.03089294908779976,0.05953979892586691,0.00821892113960904
STDP,42,0,NATIVE,160,Conv1,V1,cr,meanrdm,0.04818539257078131,,,
STDP,42,0,NATIVE,160,Conv1,V1,all,persub,0.03172857763387219,0.03023698362352899,0.057298223977231,0.007650525300856594
STDP,42,0,NATIVE,160,Conv1,V1,all,meanrdm,0.04644040948461751,,,
STDP,42,0,NATIVE,160,Conv1,V2,cr,persub,0.017790674920262536,0.015718236417890916,0.0347342347182481,0.0029195536246485907
STDP,42,0,NATIVE,160,Conv1,V2,cr,meanrdm,0.027316128908379395,,,
STDP,42,0,NATIVE,160,Conv1,V2,all,persub,0.01716895937441994,0.016019775632957024,0.03423378437632635,0.0012533181139764496
STDP,42,0,NATIVE,160,Conv1,V2,all,meanrdm,0.026319036261217753,,,
STDP,42,0,NATIVE,160,Conv2,V1,cr,persub,0.020871167598299396,0.015384781307443541,0.04094683515676385,0.006281886330690789
STDP,42,0,NATIVE,160,Conv2,V1,cr,meanrdm,0.031112619867386473,,,
STDP,42,0,NATIVE,160,Conv2,V1,all,persub,0.019419369345043503,0.014798128025082315,0.03748907439602264,0.005970905614025547
STDP,42,0,NATIVE,160,Conv2,V1,all,meanrdm,0.02853145617514708,,,
STDP,42,0,NATIVE,160,Conv2,V2,cr,persub,0.013372656094773552,0.011229909092069893,0.025855903778054013,0.0030321554141967484
STDP,42,0,NATIVE,160,Conv2,V2,cr,meanrdm,0.020230927872213565,,,
STDP,42,0,NATIVE,160,Conv2,V2,all,persub,0.011893376029398791,0.01069160796280191,0.023419011672620216,0.0015695084527742487
STDP,42,0,NATIVE,160,Conv2,V2,all,meanrdm,0.017876088521115416,,,
STDP,42,0,NATIVE,160,Conv3,LOC,cr,persub,0.0043206001267680335,0.004651012463191549,0.009816036638255107,-0.001505248721142555
STDP,42,0,NATIVE,160,Conv3,LOC,cr,meanrdm,0.006540090917742079,,,
STDP,42,0,NATIVE,160,Conv3,LOC,all,persub,0.003016953455255192,0.00355695427911913,0.0070306891348548475,-0.0015367830482084029
STDP,42,0,NATIVE,160,Conv3,LOC,all,meanrdm,0.004743456610971313,,,
STDP,42,0,NATIVE,160,FC1,IT,cr,persub,0.011224062001471788,0.010619836308202256,0.018967499649718934,0.004084850046494175
STDP,42,0,NATIVE,160,FC1,IT,cr,meanrdm,0.018868993338677708,,,
STDP,42,0,NATIVE,160,FC1,IT,all,persub,0.00996856388099964,0.01038599685664638,0.015998807725111436,0.003520887061241102
STDP,42,0,NATIVE,160,FC1,IT,all,meanrdm,0.016255882225502644,,,
Random Weights (BN-calibrated),42,0,NATIVE,160,Conv1,V1,cr,persub,0.006403555480329647,-9.244837453804909e-05,0.016010405083258163,0.0032927097322688263
Random Weights (BN-calibrated),42,0,NATIVE,160,Conv1,V1,cr,meanrdm,0.010200833908813363,,,
Random Weights (BN-calibrated),42,0,NATIVE,160,Conv1,V1,all,persub,0.005111874184318837,-0.0005893655976734642,0.013711666756930044,0.0022133213936999315
Random Weights (BN-calibrated),42,0,NATIVE,160,Conv1,V1,all,meanrdm,0.008221248486961458,,,
Random Weights (BN-calibrated),42,0,NATIVE,160,Conv1,V2,cr,persub,0.0030248442933808665,-0.002205707634897892,0.008908775739726827,0.0023714647753136646
Random Weights (BN-calibrated),42,0,NATIVE,160,Conv1,V2,cr,meanrdm,0.0043903910159073765,,,
Random Weights (BN-calibrated),42,0,NATIVE,160,Conv1,V2,all,persub,0.002145943609500666,-0.002361031539596722,0.008416187332459022,0.0003826750356396972
Random Weights (BN-calibrated),42,0,NATIVE,160,Conv1,V2,all,meanrdm,0.0030728141629935823,,,
Random Weights (BN-calibrated),42,0,NATIVE,160,Conv2,V1,cr,persub,0.002101564541401735,-0.005042901025330041,0.008134156273617335,0.0032134383759179104
Random Weights (BN-calibrated),42,0,NATIVE,160,Conv2,V1,cr,meanrdm,0.003878269873758199,,,
Random Weights (BN-calibrated),42,0,NATIVE,160,Conv2,V1,all,persub,0.0011257915129858356,-0.004421370782570613,0.005474594712791146,0.002324150608736974
Random Weights (BN-calibrated),42,0,NATIVE,160,Conv2,V1,all,meanrdm,0.0022358835715902037,,,
Random Weights (BN-calibrated),42,0,NATIVE,160,Conv2,V2,cr,persub,0.0024558586932703123,-0.0023551755199187124,0.005833446075565485,0.003889305524164164
Random Weights (BN-calibrated),42,0,NATIVE,160,Conv2,V2,cr,meanrdm,0.0037544607804937814,,,
Random Weights (BN-calibrated),42,0,NATIVE,160,Conv2,V2,all,persub,0.0015590089687984147,-0.001743506111096735,0.004654778161532558,0.0017657548559594212
Random Weights (BN-calibrated),42,0,NATIVE,160,Conv2,V2,all,meanrdm,0.002296869369200293,,,
Random Weights (BN-calibrated),42,0,NATIVE,160,Conv3,LOC,cr,persub,0.0032408509691645242,0.004576079494356072,0.0057574805806177645,-0.0006110071674802649
Random Weights (BN-calibrated),42,0,NATIVE,160,Conv3,LOC,cr,meanrdm,0.00550093450280451,,,
Random Weights (BN-calibrated),42,0,NATIVE,160,Conv3,LOC,all,persub,0.0028894758238951607,0.00557826639950385,0.003439406877348416,-0.000349245805166785
Random Weights (BN-calibrated),42,0,NATIVE,160,Conv3,LOC,all,meanrdm,0.004828749903534951,,,
Random Weights (BN-calibrated),42,0,NATIVE,160,FC1,IT,cr,persub,0.005122870533942427,0.005179397098525988,0.00417142741290864,0.006017787090392652
Random Weights (BN-calibrated),42,0,NATIVE,160,FC1,IT,cr,meanrdm,0.009436722093531413,,,
Random Weights (BN-calibrated),42,0,NATIVE,160,FC1,IT,all,persub,0.004868537496534044,0.00687278516905066,0.0032798562005411703,0.004452971120010302
Random Weights (BN-calibrated),42,0,NATIVE,160,FC1,IT,all,meanrdm,0.008571666157216528,,,
Random Weights,42,0,NATIVE,224,Conv1,V1,cr,persub,0.05940344131510784,0.06131978234238438,0.09959551390902285,0.017295027693916276
Random Weights,42,0,NATIVE,224,Conv1,V1,cr,meanrdm,0.08513158243924586,,,
Random Weights,42,0,NATIVE,224,Conv1,V1,all,persub,0.05886300258602875,0.06031808843261513,0.09921147809342684,0.017059441232044278
Random Weights,42,0,NATIVE,224,Conv1,V1,all,meanrdm,0.08397746242538888,,,
Random Weights,42,0,NATIVE,224,Conv1,V2,cr,persub,0.03311287663142105,0.037497399645367545,0.058144772528399905,0.0036964577204956954
Random Weights,42,0,NATIVE,224,Conv1,V2,cr,meanrdm,0.04994473826655931,,,
Random Weights,42,0,NATIVE,224,Conv1,V2,all,persub,0.032992839910929134,0.037856654805605246,0.05876164843141031,0.0023602164957718347
Random Weights,42,0,NATIVE,224,Conv1,V2,all,meanrdm,0.049505542783299,,,
Random Weights,42,0,NATIVE,224,Conv2,V1,cr,persub,0.06488775625038916,0.0684915042679149,0.10961348125315386,0.01655828323009876
Random Weights,42,0,NATIVE,224,Conv2,V1,cr,meanrdm,0.09235578725093967,,,
Random Weights,42,0,NATIVE,224,Conv2,V1,all,persub,0.06467868547084432,0.06764451042268382,0.10957295476789214,0.016818591221957006
Random Weights,42,0,NATIVE,224,Conv2,V1,all,meanrdm,0.09164952474979854,,,
Random Weights,42,0,NATIVE,224,Conv2,V2,cr,persub,0.03794335428343815,0.041603986575451474,0.06875915254415393,0.003466923730709038
Random Weights,42,0,NATIVE,224,Conv2,V2,cr,meanrdm,0.05704591336265755,,,
Random Weights,42,0,NATIVE,224,Conv2,V2,all,persub,0.03798861878615656,0.041978192467760696,0.06950054200772778,0.002487121882981196
Random Weights,42,0,NATIVE,224,Conv2,V2,all,meanrdm,0.056744167913738666,,,
Random Weights,42,0,NATIVE,224,Conv3,LOC,cr,persub,-0.005161086606102943,0.004321690597379534,-0.015056608104106564,-0.004748342311581798
Random Weights,42,0,NATIVE,224,Conv3,LOC,cr,meanrdm,-0.010738923151550464,,,
Random Weights,42,0,NATIVE,224,Conv3,LOC,all,persub,-0.0037387367502471312,0.005938110331966734,-0.014037379382081898,-0.00311694120062623
Random Weights,42,0,NATIVE,224,Conv3,LOC,all,meanrdm,-0.007902014343836592,,,
Random Weights,42,0,NATIVE,224,FC1,IT,cr,persub,0.003367725131197506,0.0016213988674305324,0.006829706888507076,0.00165206963765491
Random Weights,42,0,NATIVE,224,FC1,IT,cr,meanrdm,0.004897744240632814,,,
Random Weights,42,0,NATIVE,224,FC1,IT,all,persub,0.0043341669269621325,0.003055876613316146,0.008800436585073502,0.0011461875824967484
Random Weights,42,0,NATIVE,224,FC1,IT,all,meanrdm,0.0066769548593123606,,,
Backprop,42,0,NATIVE,224,Conv1,V1,cr,persub,0.018378027444577463,0.016583500867028707,0.03087054672210501,0.00768003474459868
Backprop,42,0,NATIVE,224,Conv1,V1,cr,meanrdm,0.028083819633637878,,,
Backprop,42,0,NATIVE,224,Conv1,V1,all,persub,0.0167152549329729,0.015350624066928375,0.02842667144104596,0.006368469290944358
Backprop,42,0,NATIVE,224,Conv1,V1,all,meanrdm,0.025352214406448,,,
Backprop,42,0,NATIVE,224,Conv1,V2,cr,persub,0.010207760670812607,0.008052920304842164,0.017857253399965804,0.004713108307629852
Backprop,42,0,NATIVE,224,Conv1,V2,cr,meanrdm,0.015450613642341203,,,
Backprop,42,0,NATIVE,224,Conv1,V2,all,persub,0.00908598070456383,0.007795243909961842,0.016756085055271656,0.0027066131484579873
Backprop,42,0,NATIVE,224,Conv1,V2,all,meanrdm,0.0136991908744425,,,
Backprop,42,0,NATIVE,224,Conv2,V1,cr,persub,-0.026325836565818606,-0.028923981520813272,-0.055055448144369135,0.005001919967726593
Backprop,42,0,NATIVE,224,Conv2,V1,cr,meanrdm,-0.03511506385327549,,,
Backprop,42,0,NATIVE,224,Conv2,V1,all,persub,-0.0273494292788809,-0.02726382461482815,-0.05681617716932246,0.0020317139475079086
Backprop,42,0,NATIVE,224,Conv2,V1,all,meanrdm,-0.03723022182527127,,,
Backprop,42,0,NATIVE,224,Conv2,V2,cr,persub,-0.01689312336041769,-0.013007967835104299,-0.04300169889777394,0.005330296651625165
Backprop,42,0,NATIVE,224,Conv2,V2,cr,meanrdm,-0.025566600543441897,,,
Backprop,42,0,NATIVE,224,Conv2,V2,all,persub,-0.01769698231116455,-0.012188370815835306,-0.043952670932600135,0.0030500948149417948
Backprop,42,0,NATIVE,224,Conv2,V2,all,meanrdm,-0.026813073269006,,,
Backprop,42,0,NATIVE,224,Conv3,LOC,cr,persub,0.007298899860559031,0.006369209797292704,0.012676920725617508,0.0028505690587668805
Backprop,42,0,NATIVE,224,Conv3,LOC,cr,meanrdm,0.011909882200222153,,,
Backprop,42,0,NATIVE,224,Conv3,LOC,all,persub,0.006837017320713856,0.007440376987709084,0.009997224271585848,0.0030734507028466343
Backprop,42,0,NATIVE,224,Conv3,LOC,all,meanrdm,0.01130662633077699,,,
Backprop,42,0,NATIVE,224,FC1,IT,cr,persub,0.009104880763204414,0.013153005247842992,0.008684116126366687,0.005477520915403563
Backprop,42,0,NATIVE,224,FC1,IT,cr,meanrdm,0.013772309757953828,,,
Backprop,42,0,NATIVE,224,FC1,IT,all,persub,0.008091245467866435,0.012926725396051766,0.006975815324692784,0.0043711956828547515
Backprop,42,0,NATIVE,224,FC1,IT,all,meanrdm,0.011772003601099465,,,
Feedback Alignment,42,0,NATIVE,224,Conv1,V1,cr,persub,0.01501357690233611,0.012598228739834025,0.025703317845020036,0.00673918412215427
Feedback Alignment,42,0,NATIVE,224,Conv1,V1,cr,meanrdm,0.02295156247739305,,,
Feedback Alignment,42,0,NATIVE,224,Conv1,V1,all,persub,0.013790212948671754,0.01166672471342072,0.023924807623448483,0.005779106509146055
Feedback Alignment,42,0,NATIVE,224,Conv1,V1,all,meanrdm,0.021195908672460444,,,
Feedback Alignment,42,0,NATIVE,224,Conv1,V2,cr,persub,0.005792102212350654,0.004964851714693226,0.010352192515668277,0.0020592624066904566
Feedback Alignment,42,0,NATIVE,224,Conv1,V2,cr,meanrdm,0.008475920455709966,,,
Feedback Alignment,42,0,NATIVE,224,Conv1,V2,all,persub,0.005279019220538367,0.004718877003249634,0.01051419935375732,0.0006039813046081482
Feedback Alignment,42,0,NATIVE,224,Conv1,V2,all,meanrdm,0.007708438025557817,,,
Feedback Alignment,42,0,NATIVE,224,Conv2,V1,cr,persub,0.015438717685210412,0.01312619019816798,0.026149964752202944,0.00703999810526031
Feedback Alignment,42,0,NATIVE,224,Conv2,V1,cr,meanrdm,0.02317464935781904,,,
Feedback Alignment,42,0,NATIVE,224,Conv2,V1,all,persub,0.0147670899523012,0.013458905804514852,0.02441362152054302,0.006428742531845729
Feedback Alignment,42,0,NATIVE,224,Conv2,V1,all,meanrdm,0.02213104264833186,,,
Feedback Alignment,42,0,NATIVE,224,Conv2,V2,cr,persub,0.007344289113376194,0.007864295420549542,0.011538601942926201,0.0026299699766528365
Feedback Alignment,42,0,NATIVE,224,Conv2,V2,cr,meanrdm,0.010711494248330296,,,
Feedback Alignment,42,0,NATIVE,224,Conv2,V2,all,persub,0.007160654619984326,0.00899340372855682,0.011438392405872883,0.0010501677255232733
Feedback Alignment,42,0,NATIVE,224,Conv2,V2,all,meanrdm,0.010426835116662096,,,
Feedback Alignment,42,0,NATIVE,224,Conv3,LOC,cr,persub,0.004311226868865974,0.0053069609984023975,0.007964245635857885,-0.000337526027662362
Feedback Alignment,42,0,NATIVE,224,Conv3,LOC,cr,meanrdm,0.0072361932775944215,,,
Feedback Alignment,42,0,NATIVE,224,Conv3,LOC,all,persub,0.0037242438908926963,0.0056909064163718215,0.005904724899528606,-0.00042289964322233907
Feedback Alignment,42,0,NATIVE,224,Conv3,LOC,all,meanrdm,0.006276090837655557,,,
Feedback Alignment,42,0,NATIVE,224,FC1,IT,cr,persub,0.007837924719961883,0.008628591847573565,0.011375068214520572,0.003510114097791511
Feedback Alignment,42,0,NATIVE,224,FC1,IT,cr,meanrdm,0.014090489973834278,,,
Feedback Alignment,42,0,NATIVE,224,FC1,IT,all,persub,0.006859542883094565,0.008095356703357549,0.009874193893751835,0.0026090780521743112
Feedback Alignment,42,0,NATIVE,224,FC1,IT,all,meanrdm,0.011999250271697244,,,
Predictive Coding,42,0,NATIVE,224,Conv1,V1,cr,persub,0.00904230640698491,0.0036204555940696054,0.019722830523552146,0.0037836331033329782
Predictive Coding,42,0,NATIVE,224,Conv1,V1,cr,meanrdm,0.013771781684737038,,,
Predictive Coding,42,0,NATIVE,224,Conv1,V1,all,persub,0.007769101759802745,0.0031469563387391476,0.01738766039912089,0.002772688541548197
Predictive Coding,42,0,NATIVE,224,Conv1,V1,all,meanrdm,0.011865965247024393,,,
Predictive Coding,42,0,NATIVE,224,Conv1,V2,cr,persub,0.005358889216503443,0.0012704784547859101,0.012239730584433357,0.0025664586102910635
Predictive Coding,42,0,NATIVE,224,Conv1,V2,cr,meanrdm,0.007913214216573799,,,
Predictive Coding,42,0,NATIVE,224,Conv1,V2,all,persub,0.004518136430718646,0.001319717768545264,0.011701639953406935,0.0005330515702037402
Predictive Coding,42,0,NATIVE,224,Conv1,V2,all,meanrdm,0.006619871333505737,,,
Predictive Coding,42,0,NATIVE,224,Conv2,V1,cr,persub,0.007951580158782291,0.002317961769923167,0.017719228982756366,0.003817549723667341
Predictive Coding,42,0,NATIVE,224,Conv2,V1,cr,meanrdm,0.012259212536643062,,,
Predictive Coding,42,0,NATIVE,224,Conv2,V1,all,persub,0.006992537930040419,0.0024371726255362834,0.015336390155872855,0.003204051008712116
Predictive Coding,42,0,NATIVE,224,Conv2,V1,all,meanrdm,0.01062599494078166,,,
Predictive Coding,42,0,NATIVE,224,Conv2,V2,cr,persub,0.004070336019756232,0.0007914465011492659,0.008949488872078413,0.002470072686041017
Predictive Coding,42,0,NATIVE,224,Conv2,V2,cr,meanrdm,0.006224293797167363,,,
Predictive Coding,42,0,NATIVE,224,Conv2,V2,all,persub,0.0032909501426166194,0.0011751889559627954,0.007747502118317537,0.0009501593535695275
Predictive Coding,42,0,NATIVE,224,Conv2,V2,all,meanrdm,0.004993231780150648,,,
Predictive Coding,42,0,NATIVE,224,Conv3,LOC,cr,persub,0.003297027159910636,0.005030812816673638,0.005056584823198552,-0.00019631616014028236
Predictive Coding,42,0,NATIVE,224,Conv3,LOC,cr,meanrdm,0.005136819255754034,,,
Predictive Coding,42,0,NATIVE,224,Conv3,LOC,all,persub,0.0031011678295724803,0.006033699097649519,0.0030179455559813675,0.000251858835086554
Predictive Coding,42,0,NATIVE,224,Conv3,LOC,all,meanrdm,0.00478511040907894,,,
Predictive Coding,42,0,NATIVE,224,FC1,IT,cr,persub,0.007770172906793372,0.008929275183717259,0.008974752900596083,0.005406490636066771
Predictive Coding,42,0,NATIVE,224,FC1,IT,cr,meanrdm,0.012878505817470279,,,
Predictive Coding,42,0,NATIVE,224,FC1,IT,all,persub,0.006661557378514839,0.009307105495772723,0.0060672437679175645,0.004610322871854227
Predictive Coding,42,0,NATIVE,224,FC1,IT,all,meanrdm,0.010366399566071827,,,
STDP,42,0,NATIVE,224,Conv1,V1,cr,persub,0.03038946402630013,0.027379115768579942,0.056089765111188024,0.00769951119913242
STDP,42,0,NATIVE,224,Conv1,V1,cr,meanrdm,0.04455540498086119,,,
STDP,42,0,NATIVE,224,Conv1,V1,all,persub,0.02922543115638603,0.026740900736428184,0.053894895824557816,0.007040496908172083
STDP,42,0,NATIVE,224,Conv1,V1,all,meanrdm,0.0427773547310089,,,
STDP,42,0,NATIVE,224,Conv1,V2,cr,persub,0.016353297241930177,0.01382767258544982,0.032655669165943486,0.002576549974397224
STDP,42,0,NATIVE,224,Conv1,V2,cr,meanrdm,0.025074696619936138,,,
STDP,42,0,NATIVE,224,Conv1,V2,all,persub,0.015737440236555763,0.014142051651695634,0.032198576989702084,0.0008716920682695622
STDP,42,0,NATIVE,224,Conv1,V2,all,meanrdm,0.024104052829712716,,,
STDP,42,0,NATIVE,224,Conv2,V1,cr,persub,0.019089979234162318,0.012958540529848695,0.03860052190407694,0.00571087526856132
STDP,42,0,NATIVE,224,Conv2,V1,cr,meanrdm,0.02841035882691107,,,
STDP,42,0,NATIVE,224,Conv2,V1,all,persub,0.017694715937990112,0.012402136233269525,0.035249670320743554,0.005432341259957257
STDP,42,0,NATIVE,224,Conv2,V1,all,meanrdm,0.025899374896066307,,,
STDP,42,0,NATIVE,224,Conv2,V2,cr,persub,0.012536244507797013,0.010825176966457233,0.024581321073119097,0.0022022354838147043
STDP,42,0,NATIVE,224,Conv2,V2,cr,meanrdm,0.018837261812497594,,,
STDP,42,0,NATIVE,224,Conv2,V2,all,persub,0.011133543474700499,0.010249941193532244,0.022282695541056143,0.0008679936895131101
STDP,42,0,NATIVE,224,Conv2,V2,all,meanrdm,0.016615251240191788,,,
STDP,42,0,NATIVE,224,Conv3,LOC,cr,persub,0.003934497991900479,0.0043211491655215815,0.009312229461221018,-0.0018298846510411645
STDP,42,0,NATIVE,224,Conv3,LOC,cr,meanrdm,0.005763911421286746,,,
STDP,42,0,NATIVE,224,Conv3,LOC,all,persub,0.0027716032271494252,0.0032946349803872556,0.0068443437895255,-0.0018241690884644784
STDP,42,0,NATIVE,224,Conv3,LOC,all,meanrdm,0.0042425611180568895,,,
STDP,42,0,NATIVE,224,FC1,IT,cr,persub,0.010470801107209606,0.009989947406494334,0.01798948603848957,0.003432969876644915
STDP,42,0,NATIVE,224,FC1,IT,cr,meanrdm,0.0175369347514215,,,
STDP,42,0,NATIVE,224,FC1,IT,all,persub,0.009191844682460435,0.00980403034976265,0.015158363690657867,0.0026131400069607878
STDP,42,0,NATIVE,224,FC1,IT,all,meanrdm,0.014917350239420613,,,
Random Weights (BN-calibrated),42,0,NATIVE,224,Conv1,V1,cr,persub,0.006099756968289817,-0.0005373466246117462,0.015591040528308689,0.0032455770011725078
Random Weights (BN-calibrated),42,0,NATIVE,224,Conv1,V1,cr,meanrdm,0.009695821944778556,,,
Random Weights (BN-calibrated),42,0,NATIVE,224,Conv1,V1,all,persub,0.004817062135158198,-0.0010563306363916792,0.013383180303434132,0.0021243367384321437
Random Weights (BN-calibrated),42,0,NATIVE,224,Conv1,V1,all,meanrdm,0.007721585540259746,,,
Random Weights (BN-calibrated),42,0,NATIVE,224,Conv1,V2,cr,persub,0.0028703652872737566,-0.002124558641447551,0.008545588837137127,0.0021900656661316947
Random Weights (BN-calibrated),42,0,NATIVE,224,Conv1,V2,cr,meanrdm,0.004127430578798213,,,
Random Weights (BN-calibrated),42,0,NATIVE,224,Conv1,V2,all,persub,0.0020195671061342953,-0.002263839920686183,0.008141506772447038,0.0001810344666420304
Random Weights (BN-calibrated),42,0,NATIVE,224,Conv1,V2,all,meanrdm,0.002868143909575426,,,
Random Weights (BN-calibrated),42,0,NATIVE,224,Conv2,V1,cr,persub,0.003483535224390579,-0.003446121324991379,0.010276949469842972,0.003619777528320144
Random Weights (BN-calibrated),42,0,NATIVE,224,Conv2,V1,cr,meanrdm,0.005704480048057365,,,
Random Weights (BN-calibrated),42,0,NATIVE,224,Conv2,V1,all,persub,0.002521769349625651,-0.0029296113238202687,0.007764919174025991,0.002730000198671231
Random Weights (BN-calibrated),42,0,NATIVE,224,Conv2,V1,all,meanrdm,0.0040827194529219095,,,
Random Weights (BN-calibrated),42,0,NATIVE,224,Conv2,V2,cr,persub,0.0033960341553836595,-0.0005941938396226072,0.007061323207242954,0.0037209730985306314
Random Weights (BN-calibrated),42,0,NATIVE,224,Conv2,V2,cr,meanrdm,0.00513718509089811,,,
Random Weights (BN-calibrated),42,0,NATIVE,224,Conv2,V2,all,persub,0.0025753853578133206,-1.0106140465859716e-05,0.0060284232573083775,0.001707838956597444
Random Weights (BN-calibrated),42,0,NATIVE,224,Conv2,V2,all,meanrdm,0.003827347891077581,,,
Random Weights (BN-calibrated),42,0,NATIVE,224,Conv3,LOC,cr,persub,0.0028396667283297748,0.004425965727288775,0.005024668450878285,-0.0009316339931777362
Random Weights (BN-calibrated),42,0,NATIVE,224,Conv3,LOC,cr,meanrdm,0.004707894219586185,,,
Random Weights (BN-calibrated),42,0,NATIVE,224,Conv3,LOC,all,persub,0.0026296524049161923,0.00563800144523746,0.002775824389514992,-0.000524868620003874
Random Weights (BN-calibrated),42,0,NATIVE,224,Conv3,LOC,all,meanrdm,0.004302376024782752,,,
Random Weights (BN-calibrated),42,0,NATIVE,224,FC1,IT,cr,persub,0.004654045395059997,0.004715213980501705,0.003493837025646891,0.005753085179031395
Random Weights (BN-calibrated),42,0,NATIVE,224,FC1,IT,cr,meanrdm,0.008598660092286476,,,
Random Weights (BN-calibrated),42,0,NATIVE,224,FC1,IT,all,persub,0.004375126426732149,0.006513019648076519,0.002525451927719204,0.004086907704400722
Random Weights (BN-calibrated),42,0,NATIVE,224,FC1,IT,all,meanrdm,0.007658519978029512,,,
Random Weights,42,0,UPSAMPLED,32,Conv1,V1,cr,persub,0.04973812604288009,0.049339218246013714,0.08475410559631347,0.015121054286313084
Random Weights,42,0,UPSAMPLED,32,Conv1,V1,cr,meanrdm,0.07155982286014295,,,
Random Weights,42,0,UPSAMPLED,32,Conv1,V1,all,persub,0.04930335276153356,0.048595592363915585,0.0846354401470224,0.014679025773662703
Random Weights,42,0,UPSAMPLED,32,Conv1,V1,all,meanrdm,0.07056302118433573,,,
Random Weights,42,0,UPSAMPLED,32,Conv1,V2,cr,persub,0.02587440623815146,0.029566946489776716,0.04485630609604925,0.003199966128628411
Random Weights,42,0,UPSAMPLED,32,Conv1,V2,cr,meanrdm,0.03906437910408987,,,
Random Weights,42,0,UPSAMPLED,32,Conv1,V2,all,persub,0.025779354992960374,0.02990712501406157,0.04585711804513424,0.0015738219196853186
Random Weights,42,0,UPSAMPLED,32,Conv1,V2,all,meanrdm,0.038778433938006174,,,
Random Weights,42,0,UPSAMPLED,32,Conv2,V1,cr,persub,0.05289011975094627,0.05151928924782544,0.09260278686531895,0.014548283139694447
Random Weights,42,0,UPSAMPLED,32,Conv2,V1,cr,meanrdm,0.0752447876544861,,,
Random Weights,42,0,UPSAMPLED,32,Conv2,V1,all,persub,0.0523450004824084,0.05066400561146368,0.09216704679759413,0.014203949038167416
Random Weights,42,0,UPSAMPLED,32,Conv2,V1,all,meanrdm,0.07397901729623232,,,
Random Weights,42,0,UPSAMPLED,32,Conv2,V2,cr,persub,0.03055038234481376,0.03259409196249758,0.055399766548756724,0.003657288523186972
Random Weights,42,0,UPSAMPLED,32,Conv2,V2,cr,meanrdm,0.04587394643126794,,,
Random Weights,42,0,UPSAMPLED,32,Conv2,V2,all,persub,0.030207311272208548,0.032726922297779175,0.0557121979797828,0.0021828135390636657
Random Weights,42,0,UPSAMPLED,32,Conv2,V2,all,meanrdm,0.04505840803641029,,,
Random Weights,42,0,UPSAMPLED,32,Conv3,LOC,cr,persub,-0.003136186551865573,0.004210356386153347,-0.010049458752253134,-0.003569457289496933
Random Weights,42,0,UPSAMPLED,32,Conv3,LOC,cr,meanrdm,-0.0072185901354912905,,,
Random Weights,42,0,UPSAMPLED,32,Conv3,LOC,all,persub,-0.001799377439906754,0.005232028329812473,-0.008738465356330704,-0.001891695293202032
Random Weights,42,0,UPSAMPLED,32,Conv3,LOC,all,meanrdm,-0.0043140258274484665,,,
Random Weights,42,0,UPSAMPLED,32,FC1,IT,cr,persub,0.0008801877625957991,0.002055994807468333,-0.0014537639652945893,0.0020383324456136535
Random Weights,42,0,UPSAMPLED,32,FC1,IT,cr,meanrdm,0.0018474895628060224,,,
Random Weights,42,0,UPSAMPLED,32,FC1,IT,all,persub,0.002301569336821172,0.004054127471978274,0.0010988315283750434,0.0017517490101101988
Random Weights,42,0,UPSAMPLED,32,FC1,IT,all,meanrdm,0.004205469365744786,,,
Backprop,42,0,UPSAMPLED,32,Conv1,V1,cr,persub,0.043819458778596436,0.045846796991363854,0.07296498642347087,0.012646592920954563
Backprop,42,0,UPSAMPLED,32,Conv1,V1,cr,meanrdm,0.06442220342572177,,,
Backprop,42,0,UPSAMPLED,32,Conv1,V1,all,persub,0.0422443509209087,0.04436515724280371,0.06997077983697578,0.012397115682946625
Backprop,42,0,UPSAMPLED,32,Conv1,V1,all,meanrdm,0.061862706439505,,,
Backprop,42,0,UPSAMPLED,32,Conv1,V2,cr,persub,0.027811393442869526,0.025916753971512194,0.051032193317526064,0.006485233039570325
Backprop,42,0,UPSAMPLED,32,Conv1,V2,cr,meanrdm,0.042540074598681976,,,
Backprop,42,0,UPSAMPLED,32,Conv1,V2,all,persub,0.02684030091518054,0.02562727170164027,0.04967958434027283,0.005214046703628517
Backprop,42,0,UPSAMPLED,32,Conv1,V2,all,meanrdm,0.040957979593184334,,,
Backprop,42,0,UPSAMPLED,32,Conv2,V1,cr,persub,0.0439585568022976,0.05655126675199269,0.05490503747686565,0.020419366178034463
Backprop,42,0,UPSAMPLED,32,Conv2,V1,cr,meanrdm,0.06735794330432247,,,
Backprop,42,0,UPSAMPLED,32,Conv2,V1,all,persub,0.0426342905968071,0.056494535365782673,0.05216536680162842,0.019242969623010232
Backprop,42,0,UPSAMPLED,32,Conv2,V1,all,meanrdm,0.06489078136652274,,,
Backprop,42,0,UPSAMPLED,32,Conv2,V2,cr,persub,0.023234787359760534,0.028594227825068874,0.02872944158880934,0.012380692665403384
Backprop,42,0,UPSAMPLED,32,Conv2,V2,cr,meanrdm,0.036858922649166716,,,
Backprop,42,0,UPSAMPLED,32,Conv2,V2,all,persub,0.022519401408092072,0.029235246384522254,0.02706950831091426,0.011253449528839702
Backprop,42,0,UPSAMPLED,32,Conv2,V2,all,meanrdm,0.03552444524092364,,,
Backprop,42,0,UPSAMPLED,32,Conv3,LOC,cr,persub,0.011494994118821005,0.011546073504942479,0.015930291371318017,0.007008617480202521
Backprop,42,0,UPSAMPLED,32,Conv3,LOC,cr,meanrdm,0.018455836886738044,,,
Backprop,42,0,UPSAMPLED,32,Conv3,LOC,all,persub,0.011276747914193733,0.011414703888578156,0.014362923009906901,0.008052616844096146
Backprop,42,0,UPSAMPLED,32,Conv3,LOC,all,meanrdm,0.0181590677225129,,,
Backprop,42,0,UPSAMPLED,32,FC1,IT,cr,persub,0.013859161322754493,0.016882130765516087,0.018837555729106663,0.005857797473640737
Backprop,42,0,UPSAMPLED,32,FC1,IT,cr,meanrdm,0.021342971688946503,,,
Backprop,42,0,UPSAMPLED,32,FC1,IT,all,persub,0.013669647617683349,0.016555355297568648,0.017411921557171035,0.007041665998310362
Backprop,42,0,UPSAMPLED,32,FC1,IT,all,meanrdm,0.021063331530890798,,,
Feedback Alignment,42,0,UPSAMPLED,32,Conv1,V1,cr,persub,0.020931779393839726,0.018549869166768672,0.036337212875918214,0.0079082561388323
Feedback Alignment,42,0,UPSAMPLED,32,Conv1,V1,cr,meanrdm,0.0315680995198581,,,
Feedback Alignment,42,0,UPSAMPLED,32,Conv1,V1,all,persub,0.01946347914614915,0.017319927135423446,0.03379980153446533,0.007270708768558674
Feedback Alignment,42,0,UPSAMPLED,32,Conv1,V1,all,meanrdm,0.02949253235656062,,,
Feedback Alignment,42,0,UPSAMPLED,32,Conv1,V2,cr,persub,0.009773851576509271,0.007286980388989364,0.01899907469080831,0.00303549964973014
Feedback Alignment,42,0,UPSAMPLED,32,Conv1,V2,cr,meanrdm,0.014657282135946349,,,
Feedback Alignment,42,0,UPSAMPLED,32,Conv1,V2,all,persub,0.009144821313929479,0.007157086580093682,0.01846210087915695,0.001815276482537806
Feedback Alignment,42,0,UPSAMPLED,32,Conv1,V2,all,meanrdm,0.013713997372321991,,,
Feedback Alignment,42,0,UPSAMPLED,32,Conv2,V1,cr,persub,0.02400383921022046,0.022680298436874517,0.04150284698304935,0.007828372210737507
Feedback Alignment,42,0,UPSAMPLED,32,Conv2,V1,cr,meanrdm,0.03602367164980898,,,
Feedback Alignment,42,0,UPSAMPLED,32,Conv2,V1,all,persub,0.022962224742296877,0.022143658050312147,0.03912451274380113,0.007618503432777345
Feedback Alignment,42,0,UPSAMPLED,32,Conv2,V1,all,meanrdm,0.03459076738284012,,,
Feedback Alignment,42,0,UPSAMPLED,32,Conv2,V2,cr,persub,0.012429602007688084,0.010562883739550853,0.023354178031931534,0.0033717442515818594
Feedback Alignment,42,0,UPSAMPLED,32,Conv2,V2,cr,meanrdm,0.01892025208945087,,,
Feedback Alignment,42,0,UPSAMPLED,32,Conv2,V2,all,persub,0.012007858539293518,0.011656785414751148,0.02238063083787802,0.001986159365251384
Feedback Alignment,42,0,UPSAMPLED,32,Conv2,V2,all,meanrdm,0.01818069600347105,,,
Feedback Alignment,42,0,UPSAMPLED,32,Conv3,LOC,cr,persub,0.003832993957849735,0.005563023539536039,0.004652117790351876,0.0012838405436612886
Feedback Alignment,42,0,UPSAMPLED,32,Conv3,LOC,cr,meanrdm,0.005707667976237509,,,
Feedback Alignment,42,0,UPSAMPLED,32,Conv3,LOC,all,persub,0.0029644073490634267,0.004706592503040661,0.0034621389466623475,0.0007244905974872715
Feedback Alignment,42,0,UPSAMPLED,32,Conv3,LOC,all,meanrdm,0.004282677550588545,,,
Feedback Alignment,42,0,UPSAMPLED,32,FC1,IT,cr,persub,0.004693420097325282,0.00644034975203839,0.00794032247964557,-0.00030041193970811383
Feedback Alignment,42,0,UPSAMPLED,32,FC1,IT,cr,meanrdm,0.00789997667952403,,,
Feedback Alignment,42,0,UPSAMPLED,32,FC1,IT,all,persub,0.004454665893288996,0.006352264848428523,0.007305644970649856,-0.0002939121392113916
Feedback Alignment,42,0,UPSAMPLED,32,FC1,IT,all,meanrdm,0.007159769676126251,,,
Predictive Coding,42,0,UPSAMPLED,32,Conv1,V1,cr,persub,0.018417375057604244,0.014563161206719627,0.03490758122474376,0.005781382741349349
Predictive Coding,42,0,UPSAMPLED,32,Conv1,V1,cr,meanrdm,0.027457847347835948,,,
Predictive Coding,42,0,UPSAMPLED,32,Conv1,V1,all,persub,0.01705031570439054,0.013852825461183911,0.032201988663088967,0.0050961329888987396
Predictive Coding,42,0,UPSAMPLED,32,Conv1,V1,all,meanrdm,0.025456013306768242,,,
Predictive Coding,42,0,UPSAMPLED,32,Conv1,V2,cr,persub,0.010753813441075987,0.006562991850167671,0.022246767610283755,0.0034516808627765372
Predictive Coding,42,0,UPSAMPLED,32,Conv1,V2,cr,meanrdm,0.016346052172076984,,,
Predictive Coding,42,0,UPSAMPLED,32,Conv1,V2,all,persub,0.009904116957476198,0.00654327015365292,0.021282241033575736,0.0018868396851999371
Predictive Coding,42,0,UPSAMPLED,32,Conv1,V2,all,meanrdm,0.014994272772840754,,,
Predictive Coding,42,0,UPSAMPLED,32,Conv2,V1,cr,persub,0.009637617290760311,0.004563442387118308,0.022628773276335678,0.0017206362088269455
Predictive Coding,42,0,UPSAMPLED,32,Conv2,V1,cr,meanrdm,0.014755940496377646,,,
Predictive Coding,42,0,UPSAMPLED,32,Conv2,V1,all,persub,0.008464031283678878,0.004352596950794139,0.01959530644860482,0.0014441904516376784
Predictive Coding,42,0,UPSAMPLED,32,Conv2,V1,all,meanrdm,0.012843251703241066,,,
Predictive Coding,42,0,UPSAMPLED,32,Conv2,V2,cr,persub,0.00471791942611722,-1.5723316406795877e-05,0.012880340570317575,0.0012891410244408811
Predictive Coding,42,0,UPSAMPLED,32,Conv2,V2,cr,meanrdm,0.0069756461298383305,,,
Predictive Coding,42,0,UPSAMPLED,32,Conv2,V2,all,persub,0.0038729631469335904,0.0005873455780133311,0.010670314947506716,0.0003612289152807249
Predictive Coding,42,0,UPSAMPLED,32,Conv2,V2,all,meanrdm,0.0056509675443244785,,,
Predictive Coding,42,0,UPSAMPLED,32,Conv3,LOC,cr,persub,0.005083510498515378,0.0051951311096357705,0.009277816533475107,0.000777583852435257
Predictive Coding,42,0,UPSAMPLED,32,Conv3,LOC,cr,meanrdm,0.008337162221162606,,,
Predictive Coding,42,0,UPSAMPLED,32,Conv3,LOC,all,persub,0.00442742110788601,0.005744830930078525,0.007236903458119125,0.0003005289354603807
Predictive Coding,42,0,UPSAMPLED,32,Conv3,LOC,all,meanrdm,0.007100858397877356,,,
Predictive Coding,42,0,UPSAMPLED,32,FC1,IT,cr,persub,0.01019307924119191,0.010309159692836661,0.016845344771910596,0.0034247332588284735
Predictive Coding,42,0,UPSAMPLED,32,FC1,IT,cr,meanrdm,0.016684995743837316,,,
Predictive Coding,42,0,UPSAMPLED,32,FC1,IT,all,persub,0.009243136899178708,0.009999828393206796,0.014213107863368109,0.0035164744409612175
Predictive Coding,42,0,UPSAMPLED,32,FC1,IT,all,meanrdm,0.01480483675466898,,,
STDP,42,0,UPSAMPLED,32,Conv1,V1,cr,persub,0.04531585306192679,0.045838399823405165,0.07849673151667641,0.011612427845698822
STDP,42,0,UPSAMPLED,32,Conv1,V1,cr,meanrdm,0.06580271706446723,,,
STDP,42,0,UPSAMPLED,32,Conv1,V1,all,persub,0.04403629498642613,0.044995422186756576,0.07583727235073048,0.011276190421791323
STDP,42,0,UPSAMPLED,32,Conv1,V1,all,meanrdm,0.0639683409765087,,,
STDP,42,0,UPSAMPLED,32,Conv1,V2,cr,persub,0.026159733043002658,0.025751756023274248,0.0489493713126512,0.003778071793082518
STDP,42,0,UPSAMPLED,32,Conv1,V2,cr,meanrdm,0.040081761254414414,,,
STDP,42,0,UPSAMPLED,32,Conv1,V2,all,persub,0.025440365035292335,0.0259123476654263,0.047930229445434853,0.0024785179950158618
STDP,42,0,UPSAMPLED,32,Conv1,V2,all,meanrdm,0.03895474387703839,,,
STDP,42,0,UPSAMPLED,32,Conv2,V1,cr,persub,0.03304806400533381,0.03250605115803678,0.05731927741839649,0.009318863439568163
STDP,42,0,UPSAMPLED,32,Conv2,V1,cr,meanrdm,0.048331012036982694,,,
STDP,42,0,UPSAMPLED,32,Conv2,V1,all,persub,0.03143672859054185,0.031787209303473424,0.05353839263732215,0.008984583830829965
STDP,42,0,UPSAMPLED,32,Conv2,V1,all,meanrdm,0.045885679896989544,,,
STDP,42,0,UPSAMPLED,32,Conv2,V2,cr,persub,0.019258500324973338,0.0188806761932525,0.03427412666504068,0.004620698116626837
STDP,42,0,UPSAMPLED,32,Conv2,V2,cr,meanrdm,0.029506628154384585,,,
STDP,42,0,UPSAMPLED,32,Conv2,V2,all,persub,0.01804668854009223,0.01872577222814258,0.032098980414346445,0.0033153129777876624
STDP,42,0,UPSAMPLED,32,Conv2,V2,all,meanrdm,0.027708021684915415,,,
STDP,42,0,UPSAMPLED,32,Conv3,LOC,cr,persub,0.004079654473139151,0.005112398336610742,0.006955941313012828,0.0001706237697938843
STDP,42,0,UPSAMPLED,32,Conv3,LOC,cr,meanrdm,0.005739738589571847,,,
STDP,42,0,UPSAMPLED,32,Conv3,LOC,all,persub,0.0031187716493959994,0.004828358559482243,0.004579522775928937,-5.156638722318409e-05
STDP,42,0,UPSAMPLED,32,Conv3,LOC,all,meanrdm,0.004275533300753628,,,
STDP,42,0,UPSAMPLED,32,FC1,IT,cr,persub,0.007808352201479991,0.008879237842464208,0.01423456703409505,0.0003112517278807177
STDP,42,0,UPSAMPLED,32,FC1,IT,cr,meanrdm,0.013404067456383824,,,
STDP,42,0,UPSAMPLED,32,FC1,IT,all,persub,0.00740985696205413,0.009800062246839256,0.011731355695078766,0.00069815294424437
STDP,42,0,UPSAMPLED,32,FC1,IT,all,meanrdm,0.012526942782990184,,,
Random Weights (BN-calibrated),42,0,UPSAMPLED,32,Conv1,V1,cr,persub,0.012791631104727058,0.007995056733134564,0.025790867139010958,0.004588969442035655
Random Weights (BN-calibrated),42,0,UPSAMPLED,32,Conv1,V1,cr,meanrdm,0.019525735520563935,,,
Random Weights (BN-calibrated),42,0,UPSAMPLED,32,Conv1,V1,all,persub,0.01136653494476642,0.007166790078683084,0.023089198730824642,0.0038436160247915315
Random Weights (BN-calibrated),42,0,UPSAMPLED,32,Conv1,V1,all,meanrdm,0.017406113071945496,,,
Random Weights (BN-calibrated),42,0,UPSAMPLED,32,Conv1,V2,cr,persub,0.0069571261788068176,0.001626747731023227,0.016269546132992304,0.002975084672404923
Random Weights (BN-calibrated),42,0,UPSAMPLED,32,Conv1,V2,cr,meanrdm,0.010482111702837416,,,
Random Weights (BN-calibrated),42,0,UPSAMPLED,32,Conv1,V2,all,persub,0.00606491335847125,0.0014003157067157153,0.015290641062488852,0.0015037833062091796
Random Weights (BN-calibrated),42,0,UPSAMPLED,32,Conv1,V2,all,meanrdm,0.009141958591461198,,,
Random Weights (BN-calibrated),42,0,UPSAMPLED,32,Conv2,V1,cr,persub,0.005942496864910351,0.001668950289105282,0.014134581787800929,0.0020239585178248405
Random Weights (BN-calibrated),42,0,UPSAMPLED,32,Conv2,V1,cr,meanrdm,0.009539225384500524,,,
Random Weights (BN-calibrated),42,0,UPSAMPLED,32,Conv2,V1,all,persub,0.004894021727327705,0.0018585881076648098,0.01110815771168569,0.001715319362632617
Random Weights (BN-calibrated),42,0,UPSAMPLED,32,Conv2,V1,all,meanrdm,0.007974782373280243,,,
Random Weights (BN-calibrated),42,0,UPSAMPLED,32,Conv2,V2,cr,persub,0.0035423430607846363,-0.0009961155019531905,0.008686841935294709,0.0029363027490123907
Random Weights (BN-calibrated),42,0,UPSAMPLED,32,Conv2,V2,cr,meanrdm,0.005162616054302547,,,
Random Weights (BN-calibrated),42,0,UPSAMPLED,32,Conv2,V2,all,persub,0.0027285929830930095,-0.0004713329449283052,0.006895366573507717,0.0017617453206996171
Random Weights (BN-calibrated),42,0,UPSAMPLED,32,Conv2,V2,all,meanrdm,0.0038480389940331234,,,
Random Weights (BN-calibrated),42,0,UPSAMPLED,32,Conv3,LOC,cr,persub,0.0030683818655188027,0.005176720314483527,0.0034839834418594505,0.0005444418402134307
Random Weights (BN-calibrated),42,0,UPSAMPLED,32,Conv3,LOC,cr,meanrdm,0.0052287855247989705,,,
Random Weights (BN-calibrated),42,0,UPSAMPLED,32,Conv3,LOC,all,persub,0.0024368387618629796,0.00557426508245253,0.001708117245327913,2.8133957808496317e-05
Random Weights (BN-calibrated),42,0,UPSAMPLED,32,Conv3,LOC,all,meanrdm,0.003952857227246422,,,
Random Weights (BN-calibrated),42,0,UPSAMPLED,32,FC1,IT,cr,persub,0.005655864771844034,0.005732020145114428,0.006794633502055473,0.0044409406683622015
Random Weights (BN-calibrated),42,0,UPSAMPLED,32,FC1,IT,cr,meanrdm,0.01038763214711919,,,
Random Weights (BN-calibrated),42,0,UPSAMPLED,32,FC1,IT,all,persub,0.005389047271984402,0.006985734882135507,0.006009895832039422,0.0031715111017782778
Random Weights (BN-calibrated),42,0,UPSAMPLED,32,FC1,IT,all,meanrdm,0.009606372572333838,,,
Random Weights,42,0,UPSAMPLED,64,Conv1,V1,cr,persub,0.05412930714267334,0.054608082794815216,0.09173578950116869,0.016044049132036144
Random Weights,42,0,UPSAMPLED,64,Conv1,V1,cr,meanrdm,0.07760388012208976,,,
Random Weights,42,0,UPSAMPLED,64,Conv1,V1,all,persub,0.05360729035233652,0.05367077225855073,0.09144963372142226,0.01570146507703658
Random Weights,42,0,UPSAMPLED,64,Conv1,V1,all,meanrdm,0.07649326058822543,,,
Random Weights,42,0,UPSAMPLED,64,Conv1,V2,cr,persub,0.029448016564604506,0.03316123632498001,0.05168264748905678,0.0035001658797767224
Random Weights,42,0,UPSAMPLED,64,Conv1,V2,cr,meanrdm,0.04446652315170727,,,
Random Weights,42,0,UPSAMPLED,64,Conv1,V2,all,persub,0.029281071710697066,0.033446458289511906,0.05245111813856162,0.0019456387040176794
Random Weights,42,0,UPSAMPLED,64,Conv1,V2,all,meanrdm,0.04399249921654041,,,
Random Weights,42,0,UPSAMPLED,64,Conv2,V1,cr,persub,0.05570149710353137,0.056464976552679826,0.09480546626012938,0.015834048497784897
Random Weights,42,0,UPSAMPLED,64,Conv2,V1,cr,meanrdm,0.07935754832195165,,,
Random Weights,42,0,UPSAMPLED,64,Conv2,V1,all,persub,0.055350821866748945,0.05571810757297909,0.09481155356963336,0.015522804457634381
Random Weights,42,0,UPSAMPLED,64,Conv2,V1,all,meanrdm,0.07840342043463677,,,
Random Weights,42,0,UPSAMPLED,64,Conv2,V2,cr,persub,0.031723077639255824,0.03504192522546735,0.05641227672238137,0.0037150309699187575
Random Weights,42,0,UPSAMPLED,64,Conv2,V2,cr,meanrdm,0.04766343930950272,,,
Random Weights,42,0,UPSAMPLED,64,Conv2,V2,all,persub,0.03158604330660073,0.035370470428564935,0.05710403315724677,0.0022836263339904854
Random Weights,42,0,UPSAMPLED,64,Conv2,V2,all,meanrdm,0.04717877841165472,,,
Random Weights,42,0,UPSAMPLED,64,Conv3,LOC,cr,persub,-0.0040654347122135795,0.004400531588816068,-0.012259203156526371,-0.004337632568930436
Random Weights,42,0,UPSAMPLED,64,Conv3,LOC,cr,meanrdm,-0.008935051847838838,,,
Random Weights,42,0,UPSAMPLED,64,Conv3,LOC,all,persub,-0.0026734649221413984,0.005632096544568579,-0.011048654584062218,-0.0026038367269305557
Random Weights,42,0,UPSAMPLED,64,Conv3,LOC,all,meanrdm,-0.006041860455847174,,,
Random Weights,42,0,UPSAMPLED,64,FC1,IT,cr,persub,0.0016498812592808051,0.0030222293155776005,0.00043599742067981697,0.0014914170415849986
Random Weights,42,0,UPSAMPLED,64,FC1,IT,cr,meanrdm,0.0027783512501389075,,,
Random Weights,42,0,UPSAMPLED,64,FC1,IT,all,persub,0.002697745477278574,0.00448202384126307,0.0025335342627040816,0.0010776783278685694
Random Weights,42,0,UPSAMPLED,64,FC1,IT,all,meanrdm,0.004524263395862176,,,
Backprop,42,0,UPSAMPLED,64,Conv1,V1,cr,persub,0.012905916944973235,0.010007607556625851,0.024220358430453684,0.004489784847840172
Backprop,42,0,UPSAMPLED,64,Conv1,V1,cr,meanrdm,0.019447280537096063,,,
Backprop,42,0,UPSAMPLED,64,Conv1,V1,all,persub,0.011456508819196529,0.008925779038430245,0.021932147584452305,0.003511599834707037
Backprop,42,0,UPSAMPLED,64,Conv1,V1,all,meanrdm,0.017120985430090076,,,
Backprop,42,0,UPSAMPLED,64,Conv1,V2,cr,persub,0.006677574353803007,0.004138310471899011,0.01276509476118683,0.0031293178283231813
Backprop,42,0,UPSAMPLED,64,Conv1,V2,cr,meanrdm,0.00971314161319797,,,
Backprop,42,0,UPSAMPLED,64,Conv1,V2,all,persub,0.005669200702934266,0.0037428193308009414,0.011867370586446737,0.0013974121915551188
Backprop,42,0,UPSAMPLED,64,Conv1,V2,all,meanrdm,0.00830380001759143,,,
Backprop,42,0,UPSAMPLED,64,Conv2,V1,cr,persub,-0.007305125931851032,-0.0067029463750384564,-0.01889222804926589,0.0036797966287512533
Backprop,42,0,UPSAMPLED,64,Conv2,V1,cr,meanrdm,-0.009505189072513758,,,
Backprop,42,0,UPSAMPLED,64,Conv2,V1,all,persub,-0.008044750352909408,-0.005718989446569361,-0.021144626700597496,0.0027293650884386315
Backprop,42,0,UPSAMPLED,64,Conv2,V1,all,meanrdm,-0.010866415969541209,,,
Backprop,42,0,UPSAMPLED,64,Conv2,V2,cr,persub,-0.0030805508274393974,0.0011812465936999433,-0.014245838239693689,0.0038229391636755527
Backprop,42,0,UPSAMPLED,64,Conv2,V2,cr,meanrdm,-0.005063598021886077,,,
Backprop,42,0,UPSAMPLED,64,Conv2,V2,all,persub,-0.0035135123465664156,0.0016795360349672603,-0.014808974337896078,0.0025889012632295703
Backprop,42,0,UPSAMPLED,64,Conv2,V2,all,meanrdm,-0.005666994327874191,,,
Backprop,42,0,UPSAMPLED,64,Conv3,LOC,cr,persub,3.3225747793688816e-05,0.00615491088599159,-0.003790411797631494,-0.00226482184497903
Backprop,42,0,UPSAMPLED,64,Conv3,LOC,cr,meanrdm,-0.0008917878694657351,,,
Backprop,42,0,UPSAMPLED,64,Conv3,LOC,all,persub,-3.80042137196754e-05,0.0066686862428066125,-0.00580747463110005,-0.0009752242528655889
Backprop,42,0,UPSAMPLED,64,Conv3,LOC,all,meanrdm,-0.0005439862864620956,,,
Backprop,42,0,UPSAMPLED,64,FC1,IT,cr,persub,0.007759012514806845,0.010656850019308762,0.011618765051753726,0.001001422473358047
Backprop,42,0,UPSAMPLED,64,FC1,IT,cr,meanrdm,0.012275589987028173,,,
Backprop,42,0,UPSAMPLED,64,FC1,IT,all,persub,0.007188943609832573,0.010362148741175739,0.00851756555685868,0.0026871165314633007
Backprop,42,0,UPSAMPLED,64,FC1,IT,all,meanrdm,0.01169345037771422,,,
Feedback Alignment,42,0,UPSAMPLED,64,Conv1,V1,cr,persub,0.014991051789222824,0.012930968016150495,0.025919855078967102,0.00612233227255087
Feedback Alignment,42,0,UPSAMPLED,64,Conv1,V1,cr,meanrdm,0.022798394344863845,,,
Feedback Alignment,42,0,UPSAMPLED,64,Conv1,V1,all,persub,0.01370834348330509,0.011830121382892949,0.024032723896492417,0.005262185170529903
Feedback Alignment,42,0,UPSAMPLED,64,Conv1,V1,all,meanrdm,0.02100507914895621,,,
Feedback Alignment,42,0,UPSAMPLED,64,Conv1,V2,cr,persub,0.005832933279703909,0.004774150246230662,0.010632906539809146,0.0020917430530719185
Feedback Alignment,42,0,UPSAMPLED,64,Conv1,V2,cr,meanrdm,0.00852496935039911,,,
Feedback Alignment,42,0,UPSAMPLED,64,Conv1,V2,all,persub,0.005243254891835511,0.0044251386458594374,0.010620571435176765,0.0006840545944703296
Feedback Alignment,42,0,UPSAMPLED,64,Conv1,V2,all,meanrdm,0.007680053529322264,,,
Feedback Alignment,42,0,UPSAMPLED,64,Conv2,V1,cr,persub,0.030054376170621084,0.03273718536296313,0.04797162971098719,0.009454313437912955
Feedback Alignment,42,0,UPSAMPLED,64,Conv2,V1,cr,meanrdm,0.0436904009002197,,,
Feedback Alignment,42,0,UPSAMPLED,64,Conv2,V1,all,persub,0.02943719516555293,0.032388415935546255,0.04627506158180904,0.009648107979303485
Feedback Alignment,42,0,UPSAMPLED,64,Conv2,V1,all,meanrdm,0.042943798788706064,,,
Feedback Alignment,42,0,UPSAMPLED,64,Conv2,V2,cr,persub,0.018282783113871156,0.02182617522990477,0.028983594763762523,0.004038579347946181
Feedback Alignment,42,0,UPSAMPLED,64,Conv2,V2,cr,meanrdm,0.027543444175618655,,,
Feedback Alignment,42,0,UPSAMPLED,64,Conv2,V2,all,persub,0.018120991603289793,0.022736547152527695,0.028905466204387404,0.0027209614529542826
Feedback Alignment,42,0,UPSAMPLED,64,Conv2,V2,all,meanrdm,0.02713236771157588,,,
Feedback Alignment,42,0,UPSAMPLED,64,Conv3,LOC,cr,persub,0.0008682726062502281,0.0064682409837877024,-0.001990545608165197,-0.0018728775568718217
Feedback Alignment,42,0,UPSAMPLED,64,Conv3,LOC,cr,meanrdm,0.000429757450294021,,,
Feedback Alignment,42,0,UPSAMPLED,64,Conv3,LOC,all,persub,0.0010049459325782225,0.006649241588101634,-0.0027977424817908726,-0.0008366613085760945
Feedback Alignment,42,0,UPSAMPLED,64,Conv3,LOC,all,meanrdm,0.000893965569836384,,,
Feedback Alignment,42,0,UPSAMPLED,64,FC1,IT,cr,persub,0.006285945219106897,0.008492946499877413,0.010061771020674256,0.00030311813676902043
Feedback Alignment,42,0,UPSAMPLED,64,FC1,IT,cr,meanrdm,0.011254592195404063,,,
Feedback Alignment,42,0,UPSAMPLED,64,FC1,IT,all,persub,0.005838160077396167,0.007880617880828056,0.009146791552804477,0.0004870707985559679
Feedback Alignment,42,0,UPSAMPLED,64,FC1,IT,all,meanrdm,0.010362984247088983,,,
Predictive Coding,42,0,UPSAMPLED,64,Conv1,V1,cr,persub,0.00905498013449881,0.003568235442265449,0.02020047011353071,0.003396234847700274
Predictive Coding,42,0,UPSAMPLED,64,Conv1,V1,cr,meanrdm,0.013678338913253141,,,
Predictive Coding,42,0,UPSAMPLED,64,Conv1,V1,all,persub,0.00780176222938609,0.003069385217881971,0.017880744068667815,0.0024551574016084855
Predictive Coding,42,0,UPSAMPLED,64,Conv1,V1,all,meanrdm,0.01184647098577478,,,
Predictive Coding,42,0,UPSAMPLED,64,Conv1,V2,cr,persub,0.005239044967250855,0.0009757972526210409,0.012303439116966372,0.002437898532165154
Predictive Coding,42,0,UPSAMPLED,64,Conv1,V2,cr,meanrdm,0.0077589206130191666,,,
Predictive Coding,42,0,UPSAMPLED,64,Conv1,V2,all,persub,0.004371512187753537,0.000986882403765738,0.01170147818685958,0.00042617597263529337
Predictive Coding,42,0,UPSAMPLED,64,Conv1,V2,all,meanrdm,0.006445651741859468,,,
Predictive Coding,42,0,UPSAMPLED,64,Conv2,V1,cr,persub,0.019170594323279905,0.01730329689964373,0.035161287552308754,0.005047198517887237
Predictive Coding,42,0,UPSAMPLED,64,Conv2,V1,cr,meanrdm,0.027923930521120563,,,
Predictive Coding,42,0,UPSAMPLED,64,Conv2,V1,all,persub,0.01846417669993944,0.01738881088449497,0.03253590559401276,0.0054678136213105865
Predictive Coding,42,0,UPSAMPLED,64,Conv2,V1,all,meanrdm,0.026947589558815554,,,
Predictive Coding,42,0,UPSAMPLED,64,Conv2,V2,cr,persub,0.014280547393860693,0.014213406426868795,0.024295667354242288,0.0043325684004709986
Predictive Coding,42,0,UPSAMPLED,64,Conv2,V2,cr,meanrdm,0.021683108195508793,,,
Predictive Coding,42,0,UPSAMPLED,64,Conv2,V2,all,persub,0.013698432862641713,0.014506180674304562,0.023511917007278206,0.0030772009063423683
Predictive Coding,42,0,UPSAMPLED,64,Conv2,V2,all,meanrdm,0.020616068063901306,,,
Predictive Coding,42,0,UPSAMPLED,64,Conv3,LOC,cr,persub,0.0015411046330320018,0.006809815754535142,-0.0007672220464493796,-0.001419279808989757
Predictive Coding,42,0,UPSAMPLED,64,Conv3,LOC,cr,meanrdm,0.0013670621636676344,,,
Predictive Coding,42,0,UPSAMPLED,64,Conv3,LOC,all,persub,0.0015289752873991122,0.007404068158325083,-0.002219609506846948,-0.0005975327892807985
Predictive Coding,42,0,UPSAMPLED,64,Conv3,LOC,all,meanrdm,0.001441950595781381,,,
Predictive Coding,42,0,UPSAMPLED,64,FC1,IT,cr,persub,0.007955042336298722,0.009547641615433254,0.011850115017416825,0.0024673703760460866
Predictive Coding,42,0,UPSAMPLED,64,FC1,IT,cr,meanrdm,0.013282879558468734,,,
Predictive Coding,42,0,UPSAMPLED,64,FC1,IT,all,persub,0.007196835881394117,0.009336029872880632,0.009677605197400688,0.002576872573901031
Predictive Coding,42,0,UPSAMPLED,64,FC1,IT,all,meanrdm,0.011895712360324759,,,
STDP,42,0,UPSAMPLED,64,Conv1,V1,cr,persub,0.01835963862737221,0.013956871875913235,0.03645935843276114,0.0046626855734422604
STDP,42,0,UPSAMPLED,64,Conv1,V1,cr,meanrdm,0.026811225247719783,,,
STDP,42,0,UPSAMPLED,64,Conv1,V1,all,persub,0.017104330978119812,0.013386259315177717,0.03409284139963978,0.003833892219541936
STDP,42,0,UPSAMPLED,64,Conv1,V1,all,meanrdm,0.024997516747192104,,,
STDP,42,0,UPSAMPLED,64,Conv1,V2,cr,persub,0.009120024121919625,0.006729945205250445,0.019027351327263294,0.0016027758332451327
STDP,42,0,UPSAMPLED,64,Conv1,V2,cr,meanrdm,0.013736919331571649,,,
STDP,42,0,UPSAMPLED,64,Conv1,V2,all,persub,0.008263067950111174,0.006752924104106793,0.01822444776860203,-0.00018816802237530062
STDP,42,0,UPSAMPLED,64,Conv1,V2,all,meanrdm,0.012612829596457991,,,
STDP,42,0,UPSAMPLED,64,Conv2,V1,cr,persub,0.012549011760523638,0.006123871139209373,0.027808286932880538,0.003714877209481004
STDP,42,0,UPSAMPLED,64,Conv2,V1,cr,meanrdm,0.018085370866835895,,,
STDP,42,0,UPSAMPLED,64,Conv2,V1,all,persub,0.011340862906377078,0.005676142731804422,0.024409416742920905,0.0039370292444059094
STDP,42,0,UPSAMPLED,64,Conv2,V1,all,meanrdm,0.016225739318122236,,,
STDP,42,0,UPSAMPLED,64,Conv2,V2,cr,persub,0.009415832045134355,0.006191755852269891,0.01984982774758779,0.0022059125355453884
STDP,42,0,UPSAMPLED,64,Conv2,V2,cr,meanrdm,0.01368232923211921,,,
STDP,42,0,UPSAMPLED,64,Conv2,V2,all,persub,0.008246965407568084,0.00576805555153356,0.017780686741607005,0.0011921539295636845
STDP,42,0,UPSAMPLED,64,Conv2,V2,all,meanrdm,0.012013854133697498,,,
STDP,42,0,UPSAMPLED,64,Conv3,LOC,cr,persub,0.0018657827898805538,0.004615376850867042,0.003636728671593117,-0.002654757152818498
STDP,42,0,UPSAMPLED,64,Conv3,LOC,cr,meanrdm,0.0015546123124236353,,,
STDP,42,0,UPSAMPLED,64,Conv3,LOC,all,persub,0.0016093232595718954,0.004252848878435489,0.0019277252545509907,-0.0013526043542707938
STDP,42,0,UPSAMPLED,64,Conv3,LOC,all,meanrdm,0.001596466938316666,,,
STDP,42,0,UPSAMPLED,64,FC1,IT,cr,persub,0.0049859654375239305,0.005772692145454702,0.009200447755697028,-1.5243588579937572e-05
STDP,42,0,UPSAMPLED,64,FC1,IT,cr,meanrdm,0.008978116792897678,,,
STDP,42,0,UPSAMPLED,64,FC1,IT,all,persub,0.005175694255585437,0.006277343112147677,0.008184997508581138,0.001064742146027494
STDP,42,0,UPSAMPLED,64,FC1,IT,all,meanrdm,0.009042244446092817,,,
Random Weights (BN-calibrated),42,0,UPSAMPLED,64,Conv1,V1,cr,persub,0.00471787304667659,-0.0013700338699581742,0.013015927330855452,0.0025077256791324926
Random Weights (BN-calibrated),42,0,UPSAMPLED,64,Conv1,V1,cr,meanrdm,0.007535023814414782,,,
Random Weights (BN-calibrated),42,0,UPSAMPLED,64,Conv1,V1,all,persub,0.0034631108743326798,-0.0019746224195589497,0.01090788532944526,0.001456069713111731
Random Weights (BN-calibrated),42,0,UPSAMPLED,64,Conv1,V1,all,meanrdm,0.005673598718950009,,,
Random Weights (BN-calibrated),42,0,UPSAMPLED,64,Conv1,V2,cr,persub,0.0017542321380968461,-0.0029209803600238897,0.006227018367770147,0.001956658406544281
Random Weights (BN-calibrated),42,0,UPSAMPLED,64,Conv1,V2,cr,meanrdm,0.0023892764177498357,,,
Random Weights (BN-calibrated),42,0,UPSAMPLED,64,Conv1,V2,all,persub,0.0008715571790380494,-0.0031808854028360584,0.0058078757244535255,-1.2318784503318928e-05
Random Weights (BN-calibrated),42,0,UPSAMPLED,64,Conv1,V2,all,meanrdm,0.0011421447998674781,,,
Random Weights (BN-calibrated),42,0,UPSAMPLED,64,Conv2,V1,cr,persub,0.021825122802652672,0.019569933372680877,0.04033049987283838,0.005574935162438763
Random Weights (BN-calibrated),42,0,UPSAMPLED,64,Conv2,V1,cr,meanrdm,0.03163589381709048,,,
Random Weights (BN-calibrated),42,0,UPSAMPLED,64,Conv2,V1,all,persub,0.021005368909807223,0.019548960337890664,0.03772858853866344,0.005738557852867562
Random Weights (BN-calibrated),42,0,UPSAMPLED,64,Conv2,V1,all,meanrdm,0.030466361729447514,,,
Random Weights (BN-calibrated),42,0,UPSAMPLED,64,Conv2,V2,cr,persub,0.016002237143643353,0.015324562998668294,0.028259214521888485,0.004422933910373273
Random Weights (BN-calibrated),42,0,UPSAMPLED,64,Conv2,V2,cr,meanrdm,0.024268024356948747,,,
Random Weights (BN-calibrated),42,0,UPSAMPLED,64,Conv2,V2,all,persub,0.015339783804871275,0.01555946244938547,0.02747181686882901,0.0029880720963993477
Random Weights (BN-calibrated),42,0,UPSAMPLED,64,Conv2,V2,all,meanrdm,0.023081491382734402,,,
Random Weights (BN-calibrated),42,0,UPSAMPLED,64,Conv3,LOC,cr,persub,0.0004914533011811524,0.006179471072977969,-0.002249098368303468,-0.0024560128011310435
Random Weights (BN-calibrated),42,0,UPSAMPLED,64,Conv3,LOC,cr,meanrdm,-0.00033042035194568,,,
Random Weights (BN-calibrated),42,0,UPSAMPLED,64,Conv3,LOC,all,persub,0.0007275134483702962,0.007240373221063469,-0.003718461191356527,-0.001339371684596053
Random Weights (BN-calibrated),42,0,UPSAMPLED,64,Conv3,LOC,all,meanrdm,0.00019962542676893707,,,
Random Weights (BN-calibrated),42,0,UPSAMPLED,64,FC1,IT,cr,persub,0.004814147944906622,0.006107514191436877,0.005704255818937465,0.002630673824345524
Random Weights (BN-calibrated),42,0,UPSAMPLED,64,FC1,IT,cr,meanrdm,0.008773774959195003,,,
Random Weights (BN-calibrated),42,0,UPSAMPLED,64,FC1,IT,all,persub,0.0044812823699007555,0.007020346934382162,0.004523415487309768,0.0019000846880103362
Random Weights (BN-calibrated),42,0,UPSAMPLED,64,FC1,IT,all,meanrdm,0.007878419166826913,,,
Random Weights,42,0,UPSAMPLED,96,Conv1,V1,cr,persub,0.05563867082227105,0.05648144328217218,0.09405263417353509,0.016381935011105877
Random Weights,42,0,UPSAMPLED,96,Conv1,V1,cr,meanrdm,0.07971849705771461,,,
Random Weights,42,0,UPSAMPLED,96,Conv1,V1,all,persub,0.05510429367823838,0.055498134362023464,0.09372678677389092,0.016087959898800776
Random Weights,42,0,UPSAMPLED,96,Conv1,V1,all,meanrdm,0.07859543698240656,,,
Random Weights,42,0,UPSAMPLED,96,Conv1,V2,cr,persub,0.030577328417801714,0.034426815509875544,0.05369367553439164,0.0036114942091379676
Random Weights,42,0,UPSAMPLED,96,Conv1,V2,cr,meanrdm,0.04616389452580844,,,
Random Weights,42,0,UPSAMPLED,96,Conv1,V2,all,persub,0.030405728978491267,0.03471420559305469,0.054403682457576374,0.002099298884842744
Random Weights,42,0,UPSAMPLED,96,Conv1,V2,all,meanrdm,0.04566475254112062,,,
Random Weights,42,0,UPSAMPLED,96,Conv2,V1,cr,persub,0.057909390089947194,0.05958668394108963,0.09774541116302923,0.016396075165722713
Random Weights,42,0,UPSAMPLED,96,Conv2,V1,cr,meanrdm,0.08253564375211074,,,
Random Weights,42,0,UPSAMPLED,96,Conv2,V1,all,persub,0.057580213176007235,0.05880977713333712,0.097761448910794,0.016169413483890588
Random Weights,42,0,UPSAMPLED,96,Conv2,V1,all,meanrdm,0.08161336107830003,,,
Random Weights,42,0,UPSAMPLED,96,Conv2,V2,cr,persub,0.03310880623605951,0.0367839546299517,0.058740802857878305,0.0038016612203485103
Random Weights,42,0,UPSAMPLED,96,Conv2,V2,cr,meanrdm,0.04975671082799445,,,
Random Weights,42,0,UPSAMPLED,96,Conv2,V2,all,persub,0.032986230710808334,0.03712285888328963,0.05939865181470935,0.002437181434426018
Random Weights,42,0,UPSAMPLED,96,Conv2,V2,all,meanrdm,0.04927927081349592,,,
Random Weights,42,0,UPSAMPLED,96,Conv3,LOC,cr,persub,-0.004441313618129792,0.004267192739910905,-0.013193369461883035,-0.004397764132417243
Random Weights,42,0,UPSAMPLED,96,Conv3,LOC,cr,meanrdm,-0.00950674276149036,,,
Random Weights,42,0,UPSAMPLED,96,Conv3,LOC,all,persub,-0.0030492292807459166,0.005535405127563531,-0.012011358105857083,-0.0026717348639441977
Random Weights,42,0,UPSAMPLED,96,Conv3,LOC,all,meanrdm,-0.006666567114193813,,,
Random Weights,42,0,UPSAMPLED,96,FC1,IT,cr,persub,0.0018099384973020072,0.0028840955046317905,0.0015598090702653878,0.0009859109170088423
Random Weights,42,0,UPSAMPLED,96,FC1,IT,cr,meanrdm,0.0029084980360538372,,,
Random Weights,42,0,UPSAMPLED,96,FC1,IT,all,persub,0.002791099705818454,0.004311112420449653,0.0034077786710203727,0.0006544080259853356
Random Weights,42,0,UPSAMPLED,96,FC1,IT,all,meanrdm,0.00454453994659908,,,
Backprop,42,0,UPSAMPLED,96,Conv1,V1,cr,persub,0.011058807087928363,0.007897070544535003,0.021291901798653923,0.003987448920596165
Backprop,42,0,UPSAMPLED,96,Conv1,V1,cr,meanrdm,0.016712967333740406,,,
Backprop,42,0,UPSAMPLED,96,Conv1,V1,all,persub,0.009694803312133083,0.006896749045196616,0.01927218826765634,0.002915472623546295
Backprop,42,0,UPSAMPLED,96,Conv1,V1,all,meanrdm,0.014509386440113774,,,
Backprop,42,0,UPSAMPLED,96,Conv1,V2,cr,persub,0.0053352261518146635,0.003322240604201525,0.00992340010565217,0.002760037745590296
Backprop,42,0,UPSAMPLED,96,Conv1,V2,cr,meanrdm,0.0076480323531670355,,,
Backprop,42,0,UPSAMPLED,96,Conv1,V2,all,persub,0.004378335674211535,0.002962368911010747,0.009270406482694447,0.0009022316289294126
Backprop,42,0,UPSAMPLED,96,Conv1,V2,all,meanrdm,0.006330605844583493,,,
Backprop,42,0,UPSAMPLED,96,Conv2,V1,cr,persub,-0.0030229868900072923,-0.0014321815562474925,-0.011484059994278926,0.003847280880504541
Backprop,42,0,UPSAMPLED,96,Conv2,V1,cr,meanrdm,-0.0035833131642684737,,,
Backprop,42,0,UPSAMPLED,96,Conv2,V1,all,persub,-0.0037689736878259955,-0.0008006755869351155,-0.013652163055867835,0.003145917579324964
Backprop,42,0,UPSAMPLED,96,Conv2,V1,all,meanrdm,-0.004924866735349075,,,
Backprop,42,0,UPSAMPLED,96,Conv2,V2,cr,persub,0.00029251085353063506,0.005268469510171811,-0.0076440737306409145,0.003253136781061009
Backprop,42,0,UPSAMPLED,96,Conv2,V2,cr,meanrdm,1.54469576975607e-06,,,
Backprop,42,0,UPSAMPLED,96,Conv2,V2,all,persub,-0.00014451029151730353,0.005541677736249431,-0.008145280002596744,0.0021700713917954017
Backprop,42,0,UPSAMPLED,96,Conv2,V2,all,meanrdm,-0.000606766689276467,,,
Backprop,42,0,UPSAMPLED,96,Conv3,LOC,cr,persub,-0.0012616684192421602,0.00512221373279602,-0.006166277997705588,-0.0027409409928169123
Backprop,42,0,UPSAMPLED,96,Conv3,LOC,cr,meanrdm,-0.0031010418420942733,,,
Backprop,42,0,UPSAMPLED,96,Conv3,LOC,all,persub,-0.0012646961454120655,0.005771221076380251,-0.008045713153328363,-0.001519596359288084
Backprop,42,0,UPSAMPLED,96,Conv3,LOC,all,meanrdm,-0.0026717197501574036,,,
Backprop,42,0,UPSAMPLED,96,FC1,IT,cr,persub,0.00478757440934786,0.009052662312292627,0.004810430785963106,0.0004996301297878441
Backprop,42,0,UPSAMPLED,96,FC1,IT,cr,meanrdm,0.007707031101666608,,,
Backprop,42,0,UPSAMPLED,96,FC1,IT,all,persub,0.0039039379291280554,0.008335955541149307,0.0019169350161855302,0.001458923230049329
Backprop,42,0,UPSAMPLED,96,FC1,IT,all,meanrdm,0.006545491312625851,,,
Feedback Alignment,42,0,UPSAMPLED,96,Conv1,V1,cr,persub,0.015512125618394415,0.013914998942947534,0.026352069829335474,0.00626930808290024
Feedback Alignment,42,0,UPSAMPLED,96,Conv1,V1,cr,meanrdm,0.02349992226181044,,,
Feedback Alignment,42,0,UPSAMPLED,96,Conv1,V1,all,persub,0.014297818101717997,0.012860699449678492,0.024689667471946355,0.005343087383529143
Feedback Alignment,42,0,UPSAMPLED,96,Conv1,V1,all,meanrdm,0.021801622317959173,,,
Feedback Alignment,42,0,UPSAMPLED,96,Conv1,V2,cr,persub,0.006017374113860565,0.005735503624909889,0.010395294433355092,0.0019213242833167133
Feedback Alignment,42,0,UPSAMPLED,96,Conv1,V2,cr,meanrdm,0.008815897529715571,,,
Feedback Alignment,42,0,UPSAMPLED,96,Conv1,V2,all,persub,0.005464266945628953,0.005374463068222153,0.010575160398821304,0.00044317736984340693
Feedback Alignment,42,0,UPSAMPLED,96,Conv1,V2,all,meanrdm,0.008022156217095051,,,
Feedback Alignment,42,0,UPSAMPLED,96,Conv2,V1,cr,persub,0.03228017939382081,0.035879578351177735,0.050862769474531264,0.01009819035575344
Feedback Alignment,42,0,UPSAMPLED,96,Conv2,V1,cr,meanrdm,0.046739505773123254,,,
Feedback Alignment,42,0,UPSAMPLED,96,Conv2,V1,all,persub,0.03170071506245647,0.035481899930521435,0.049274394699507604,0.010345850557340355
Feedback Alignment,42,0,UPSAMPLED,96,Conv2,V1,all,meanrdm,0.04601620019400614,,,
Feedback Alignment,42,0,UPSAMPLED,96,Conv2,V2,cr,persub,0.01970811186237607,0.02432984430769237,0.03084500342245166,0.003949487856984184
Feedback Alignment,42,0,UPSAMPLED,96,Conv2,V2,cr,meanrdm,0.029647469048561945,,,
Feedback Alignment,42,0,UPSAMPLED,96,Conv2,V2,all,persub,0.01957696574866557,0.025145661141425572,0.03084677201597764,0.0027384640885934983
Feedback Alignment,42,0,UPSAMPLED,96,Conv2,V2,all,meanrdm,0.02926412249167205,,,
Feedback Alignment,42,0,UPSAMPLED,96,Conv3,LOC,cr,persub,6.8255687671376e-05,0.005772039996739329,-0.0030937965257277805,-0.00247347640799742
Feedback Alignment,42,0,UPSAMPLED,96,Conv3,LOC,cr,meanrdm,-0.0008650485590116318,,,
Feedback Alignment,42,0,UPSAMPLED,96,Conv3,LOC,all,persub,0.0003871578526417029,0.006211532615753216,-0.0038046622089006003,-0.0012453968489275072
Feedback Alignment,42,0,UPSAMPLED,96,Conv3,LOC,all,meanrdm,-6.473440444734101e-05,,,
Feedback Alignment,42,0,UPSAMPLED,96,FC1,IT,cr,persub,0.006473459230843921,0.008413341657848917,0.010320565450706233,0.0006864705839766106
Feedback Alignment,42,0,UPSAMPLED,96,FC1,IT,cr,meanrdm,0.011634843212287208,,,
Feedback Alignment,42,0,UPSAMPLED,96,FC1,IT,all,persub,0.005987957341569815,0.007817761940879847,0.009359690686727984,0.0007864193971016152
Feedback Alignment,42,0,UPSAMPLED,96,FC1,IT,all,meanrdm,0.010686249334517695,,,
Predictive Coding,42,0,UPSAMPLED,96,Conv1,V1,cr,persub,0.009815723372370345,0.004469691979028176,0.02130115568428178,0.00367632245380108
Predictive Coding,42,0,UPSAMPLED,96,Conv1,V1,cr,meanrdm,0.014735455870267401,,,
Predictive Coding,42,0,UPSAMPLED,96,Conv1,V1,all,persub,0.008602623084336439,0.003992323250789644,0.019088995897093775,0.0027265501051258975
Predictive Coding,42,0,UPSAMPLED,96,Conv1,V1,all,meanrdm,0.012956083408709447,,,
Predictive Coding,42,0,UPSAMPLED,96,Conv1,V2,cr,persub,0.005726298804746614,0.0018005315990646958,0.01300220954984493,0.002376155265330217
Predictive Coding,42,0,UPSAMPLED,96,Conv1,V2,cr,meanrdm,0.008483015322596286,,,
Predictive Coding,42,0,UPSAMPLED,96,Conv1,V2,all,persub,0.004885866742250945,0.0018515372886764875,0.012500638192083352,0.0003054247459929934
Predictive Coding,42,0,UPSAMPLED,96,Conv1,V2,all,meanrdm,0.007208151481263708,,,
Predictive Coding,42,0,UPSAMPLED,96,Conv2,V1,cr,persub,0.02344244127267388,0.02235060169259739,0.04169823867970579,0.0062784834457184635
Predictive Coding,42,0,UPSAMPLED,96,Conv2,V1,cr,meanrdm,0.03406369024923008,,,
Predictive Coding,42,0,UPSAMPLED,96,Conv2,V1,all,persub,0.022708977469856267,0.02234330571973823,0.039082341699266,0.006701284990564567
Predictive Coding,42,0,UPSAMPLED,96,Conv2,V1,all,meanrdm,0.03300635357910748,,,
Predictive Coding,42,0,UPSAMPLED,96,Conv2,V2,cr,persub,0.017138878027092474,0.01778894177500953,0.02901251954454577,0.004615172761722119
Predictive Coding,42,0,UPSAMPLED,96,Conv2,V2,cr,meanrdm,0.02607604389433986,,,
Predictive Coding,42,0,UPSAMPLED,96,Conv2,V2,all,persub,0.01655415338590966,0.018006797633206506,0.02829437221655263,0.0033612903079698405
Predictive Coding,42,0,UPSAMPLED,96,Conv2,V2,all,meanrdm,0.024970365387832517,,,
Predictive Coding,42,0,UPSAMPLED,96,Conv3,LOC,cr,persub,0.0008078233812488807,0.006645467690569313,-0.0023599109603637852,-0.0018620865864588851
Predictive Coding,42,0,UPSAMPLED,96,Conv3,LOC,cr,meanrdm,3.93636584972417e-06,,,
Predictive Coding,42,0,UPSAMPLED,96,Conv3,LOC,all,persub,0.0009328490443736233,0.007334164465298673,-0.0036999314066183077,-0.000835685925559495
Predictive Coding,42,0,UPSAMPLED,96,Conv3,LOC,all,meanrdm,0.000372809300045902,,,
Predictive Coding,42,0,UPSAMPLED,96,FC1,IT,cr,persub,0.00768050511145152,0.00876067987767138,0.01167087948857684,0.0026099559681063375
Predictive Coding,42,0,UPSAMPLED,96,FC1,IT,cr,meanrdm,0.013044195429091167,,,
Predictive Coding,42,0,UPSAMPLED,96,FC1,IT,all,persub,0.0068712984079969145,0.008689120583878815,0.009252777283936576,0.0026719973561753502
Predictive Coding,42,0,UPSAMPLED,96,FC1,IT,all,meanrdm,0.011543742680779921,,,
STDP,42,0,UPSAMPLED,96,Conv1,V1,cr,persub,0.016965272740019226,0.011413466327269903,0.035075644901517114,0.004406706991270664
STDP,42,0,UPSAMPLED,96,Conv1,V1,cr,meanrdm,0.02480448017985426,,,
STDP,42,0,UPSAMPLED,96,Conv1,V1,all,persub,0.015750049149903262,0.010831976627367478,0.03286408899494747,0.003554081827394834
STDP,42,0,UPSAMPLED,96,Conv1,V1,all,meanrdm,0.023008779054814448,,,
STDP,42,0,UPSAMPLED,96,Conv1,V2,cr,persub,0.008471616650917432,0.00552792632160883,0.01855352197893725,0.0013334016522062167
STDP,42,0,UPSAMPLED,96,Conv1,V2,cr,meanrdm,0.012707446401780257,,,
STDP,42,0,UPSAMPLED,96,Conv1,V2,all,persub,0.0076085770158745986,0.005536248116182373,0.017838543208369625,-0.0005490602769282043
STDP,42,0,UPSAMPLED,96,Conv1,V2,all,meanrdm,0.011578862014366033,,,
STDP,42,0,UPSAMPLED,96,Conv2,V1,cr,persub,0.013216800868009129,0.006052547284429909,0.029711931277658792,0.0038859240419386893
STDP,42,0,UPSAMPLED,96,Conv2,V1,cr,meanrdm,0.019000557204824617,,,
STDP,42,0,UPSAMPLED,96,Conv2,V1,all,persub,0.01211565889329172,0.005661985764958122,0.026461145604970954,0.004223845309946087
STDP,42,0,UPSAMPLED,96,Conv2,V1,all,meanrdm,0.017262522235103585,,,
STDP,42,0,UPSAMPLED,96,Conv2,V2,cr,persub,0.010650374800234452,0.007032825587127991,0.023133863095664918,0.0017844357179104507
STDP,42,0,UPSAMPLED,96,Conv2,V2,cr,meanrdm,0.015528931268068638,,,
STDP,42,0,UPSAMPLED,96,Conv2,V2,all,persub,0.009541473350768616,0.006602847996955703,0.021065590264205496,0.0009559817911446433
STDP,42,0,UPSAMPLED,96,Conv2,V2,all,meanrdm,0.013944229411669236,,,
STDP,42,0,UPSAMPLED,96,Conv3,LOC,cr,persub,0.0015682305101917774,0.004092862216275595,0.003911140329497372,-0.0032993110151976336
STDP,42,0,UPSAMPLED,96,Conv3,LOC,cr,meanrdm,0.0009335180056419911,,,
STDP,42,0,UPSAMPLED,96,Conv3,LOC,all,persub,0.0014145722446879236,0.0037017702723401735,0.002320903212693553,-0.0017789567509699556
STDP,42,0,UPSAMPLED,96,Conv3,LOC,all,meanrdm,0.0012595593416659225,,,
STDP,42,0,UPSAMPLED,96,FC1,IT,cr,persub,0.00541254505967973,0.004983344825931871,0.010780188819694184,0.00047410153341313565
STDP,42,0,UPSAMPLED,96,FC1,IT,cr,meanrdm,0.009684922102004662,,,
STDP,42,0,UPSAMPLED,96,FC1,IT,all,persub,0.005421996287003977,0.005436619537350299,0.009319516321462735,0.0015098530021988947
STDP,42,0,UPSAMPLED,96,FC1,IT,all,meanrdm,0.009490198100574688,,,
Random Weights (BN-calibrated),42,0,UPSAMPLED,96,Conv1,V1,cr,persub,0.005753012144182989,-0.0002393289727816783,0.014601951455877437,0.002896413949453208
Random Weights (BN-calibrated),42,0,UPSAMPLED,96,Conv1,V1,cr,meanrdm,0.008999131809137409,,,
Random Weights (BN-calibrated),42,0,UPSAMPLED,96,Conv1,V1,all,persub,0.004533948012786699,-0.0008131144309699135,0.012615758866019853,0.0017991996033101588
Random Weights (BN-calibrated),42,0,UPSAMPLED,96,Conv1,V1,all,meanrdm,0.007179893797271825,,,
Random Weights (BN-calibrated),42,0,UPSAMPLED,96,Conv1,V2,cr,persub,0.0022968075525227533,-0.001983880829369507,0.006966594605180091,0.001907708881757677
Random Weights (BN-calibrated),42,0,UPSAMPLED,96,Conv1,V2,cr,meanrdm,0.0032337105092109146,,,
Random Weights (BN-calibrated),42,0,UPSAMPLED,96,Conv1,V2,all,persub,0.0014437898443357116,-0.0021979883531067367,0.006684770852863583,-0.00015541296674971225
Random Weights (BN-calibrated),42,0,UPSAMPLED,96,Conv1,V2,all,meanrdm,0.0020289328863430382,,,
Random Weights (BN-calibrated),42,0,UPSAMPLED,96,Conv2,V1,cr,persub,0.025934029815634155,0.024133716203709573,0.0470525884719929,0.006615784771199993
Random Weights (BN-calibrated),42,0,UPSAMPLED,96,Conv2,V1,cr,meanrdm,0.03750451559318026,,,
Random Weights (BN-calibrated),42,0,UPSAMPLED,96,Conv2,V1,all,persub,0.02510754328521807,0.02402126279368616,0.044489650399458715,0.0068117166625093544
Random Weights (BN-calibrated),42,0,UPSAMPLED,96,Conv2,V1,all,meanrdm,0.03629501042758831,,,
Random Weights (BN-calibrated),42,0,UPSAMPLED,96,Conv2,V2,cr,persub,0.018623174084518645,0.018420367285901577,0.033024800895810086,0.00442435407184427
Random Weights (BN-calibrated),42,0,UPSAMPLED,96,Conv2,V2,cr,meanrdm,0.028259000660649902,,,
Random Weights (BN-calibrated),42,0,UPSAMPLED,96,Conv2,V2,all,persub,0.01796838499427485,0.01859887393220264,0.03227466206576796,0.0030316189848539382
Random Weights (BN-calibrated),42,0,UPSAMPLED,96,Conv2,V2,all,meanrdm,0.027064817738718067,,,
Random Weights (BN-calibrated),42,0,UPSAMPLED,96,Conv3,LOC,cr,persub,2.6363376583763184e-05,0.005754485074688331,-0.0027883116198580207,-0.002887083325079021
Random Weights (BN-calibrated),42,0,UPSAMPLED,96,Conv3,LOC,cr,meanrdm,-0.0012184147385732738,,,
Random Weights (BN-calibrated),42,0,UPSAMPLED,96,Conv3,LOC,all,persub,0.00033898295346063216,0.006875433838696363,-0.004267649508796741,-0.0015908354695177251
Random Weights (BN-calibrated),42,0,UPSAMPLED,96,Conv3,LOC,all,meanrdm,-0.0004652111136377744,,,
Random Weights (BN-calibrated),42,0,UPSAMPLED,96,FC1,IT,cr,persub,0.00487669941310191,0.006109775370774224,0.006270912115083769,0.0022494107534477372
Random Weights (BN-calibrated),42,0,UPSAMPLED,96,FC1,IT,cr,meanrdm,0.008713243456669515,,,
Random Weights (BN-calibrated),42,0,UPSAMPLED,96,FC1,IT,all,persub,0.004509117355104681,0.007187902047682807,0.004867065080569265,0.0014723849370619703
Random Weights (BN-calibrated),42,0,UPSAMPLED,96,FC1,IT,all,meanrdm,0.007798061838427669,,,
Random Weights,42,0,UPSAMPLED,128,Conv1,V1,cr,persub,0.055688867862039505,0.05649084294407689,0.09419302727114424,0.016382733370897372
Random Weights,42,0,UPSAMPLED,128,Conv1,V1,cr,meanrdm,0.07977124252475366,,,
Random Weights,42,0,UPSAMPLED,128,Conv1,V1,all,persub,0.05514094185490154,0.05549684770748292,0.09385127959102613,0.016074698266195557
Random Weights,42,0,UPSAMPLED,128,Conv1,V1,all,meanrdm,0.07863022622414834,,,
Random Weights,42,0,UPSAMPLED,128,Conv1,V2,cr,persub,0.030715078491695746,0.034520556226667894,0.05400803132959096,0.0036166479188283886
Random Weights,42,0,UPSAMPLED,128,Conv1,V2,cr,meanrdm,0.04637733634579386,,,
Random Weights,42,0,UPSAMPLED,128,Conv1,V2,all,persub,0.03053265832691156,0.03479914295980591,0.05470464879178204,0.00209418322914674
Random Weights,42,0,UPSAMPLED,128,Conv1,V2,all,meanrdm,0.0458577615752575,,,
Random Weights,42,0,UPSAMPLED,128,Conv2,V1,cr,persub,0.05815341740201183,0.05998653799586305,0.09790312385119603,0.016570590358976442
Random Weights,42,0,UPSAMPLED,128,Conv2,V1,cr,meanrdm,0.0829089744588522,,,
Random Weights,42,0,UPSAMPLED,128,Conv2,V1,all,persub,0.05780772963620253,0.05920032219508588,0.09788625518270407,0.01633661153081764
Random Weights,42,0,UPSAMPLED,128,Conv2,V1,all,meanrdm,0.0819649716593445,,,
Random Weights,42,0,UPSAMPLED,128,Conv2,V2,cr,persub,0.03325609925287985,0.037043618729225576,0.05890340412866258,0.00382127490075141
Random Weights,42,0,UPSAMPLED,128,Conv2,V2,cr,meanrdm,0.050001536199659,,,
Random Weights,42,0,UPSAMPLED,128,Conv2,V2,all,persub,0.03311548547909671,0.037375635017427127,0.05952415124607732,0.00244667017378566
Random Weights,42,0,UPSAMPLED,128,Conv2,V2,all,meanrdm,0.049496755950257446,,,
Random Weights,42,0,UPSAMPLED,128,Conv3,LOC,cr,persub,-0.004535509184020054,0.004186692263633015,-0.013456630427935186,-0.00433658938775799
Random Weights,42,0,UPSAMPLED,128,Conv3,LOC,cr,meanrdm,-0.009601752570911287,,,
Random Weights,42,0,UPSAMPLED,128,Conv3,LOC,all,persub,-0.0031371138469963884,0.005471621738438794,-0.01228703166693569,-0.0025959316124922692
Random Weights,42,0,UPSAMPLED,128,Conv3,LOC,all,meanrdm,-0.006772406941472386,,,
Random Weights,42,0,UPSAMPLED,128,FC1,IT,cr,persub,0.0017647832019643886,0.002860615124570222,0.0016284778882786298,0.0008052565930443138
Random Weights,42,0,UPSAMPLED,128,FC1,IT,cr,meanrdm,0.0027867494318605,,,
Random Weights,42,0,UPSAMPLED,128,FC1,IT,all,persub,0.002702116539367747,0.004246236329325552,0.0033522493113827493,0.0005078639773949398
Random Weights,42,0,UPSAMPLED,128,FC1,IT,all,meanrdm,0.004322329052575453,,,
Backprop,42,0,UPSAMPLED,128,Conv1,V1,cr,persub,0.011321950846771739,0.008116855434466401,0.021822700273145354,0.004026296832703462
Backprop,42,0,UPSAMPLED,128,Conv1,V1,cr,meanrdm,0.017042009521893494,,,
Backprop,42,0,UPSAMPLED,128,Conv1,V1,all,persub,0.009971843023417477,0.007118075220203883,0.019888316068686376,0.002909137781362174
Backprop,42,0,UPSAMPLED,128,Conv1,V1,all,meanrdm,0.014861997159681192,,,
Backprop,42,0,UPSAMPLED,128,Conv1,V2,cr,persub,0.005585010134465873,0.0039071616639184984,0.010233830054774733,0.002614038684704385
Backprop,42,0,UPSAMPLED,128,Conv1,V2,cr,meanrdm,0.008046057509652345,,,
Backprop,42,0,UPSAMPLED,128,Conv1,V2,all,persub,0.004643065789774851,0.003561781815868426,0.009649547158529299,0.000717868394926828
Backprop,42,0,UPSAMPLED,128,Conv1,V2,all,meanrdm,0.006748578663180578,,,
Backprop,42,0,UPSAMPLED,128,Conv2,V1,cr,persub,0.0011497091114428017,0.003497381962742227,-0.004114926070565339,0.004066671442151517
Backprop,42,0,UPSAMPLED,128,Conv2,V1,cr,meanrdm,0.002230025675843123,,,
Backprop,42,0,UPSAMPLED,128,Conv2,V1,all,persub,0.0004044731186395472,0.003916623179002071,-0.0062639440061404445,0.003560740183057015
Backprop,42,0,UPSAMPLED,128,Conv2,V1,all,meanrdm,0.0009171772537181727,,,
Backprop,42,0,UPSAMPLED,128,Conv2,V2,cr,persub,0.00337654299513074,0.008805772254466248,-0.001555442690692064,0.0028792994216180375
Backprop,42,0,UPSAMPLED,128,Conv2,V2,cr,meanrdm,0.0046831234472431375,,,
Backprop,42,0,UPSAMPLED,128,Conv2,V2,all,persub,0.0029538739106662656,0.008959477587390406,-0.002063151609899402,0.0019652957545077923
Backprop,42,0,UPSAMPLED,128,Conv2,V2,all,meanrdm,0.004097712834701273,,,
Backprop,42,0,UPSAMPLED,128,Conv3,LOC,cr,persub,-0.0015960831303874629,0.004413223110020197,-0.006247790081545287,-0.002953682419637299
Backprop,42,0,UPSAMPLED,128,Conv3,LOC,cr,meanrdm,-0.0038703036160708548,,,
Backprop,42,0,UPSAMPLED,128,Conv3,LOC,all,persub,-0.0014211466862828557,0.005363238910761268,-0.00806586275572847,-0.0015608162138813658
Backprop,42,0,UPSAMPLED,128,Conv3,LOC,all,meanrdm,-0.003176496983104196,,,
Backprop,42,0,UPSAMPLED,128,FC1,IT,cr,persub,0.003872142929947971,0.008011001692410471,0.003257885257932735,0.0003475418395007065
Backprop,42,0,UPSAMPLED,128,FC1,IT,cr,meanrdm,0.006204297293170134,,,
Backprop,42,0,UPSAMPLED,128,FC1,IT,all,persub,0.003187478896120429,0.007721061655759385,0.0008009528905927573,0.001040422142009145
Backprop,42,0,UPSAMPLED,128,FC1,IT,all,meanrdm,0.005220634905682449,,,
Feedback Alignment,42,0,UPSAMPLED,128,Conv1,V1,cr,persub,0.015909592753761973,0.014578838560000857,0.026784682816822628,0.006365256884462434
Feedback Alignment,42,0,UPSAMPLED,128,Conv1,V1,cr,meanrdm,0.02403992164982282,,,
Feedback Alignment,42,0,UPSAMPLED,128,Conv1,V1,all,persub,0.014714045754704362,0.013526182252683991,0.025206123277370988,0.005409831734058103
Feedback Alignment,42,0,UPSAMPLED,128,Conv1,V1,all,meanrdm,0.02236723263296893,,,
Feedback Alignment,42,0,UPSAMPLED,128,Conv1,V2,cr,persub,0.006252148841321845,0.006372970070154812,0.010537130445018496,0.001846346008792229
Feedback Alignment,42,0,UPSAMPLED,128,Conv1,V2,cr,meanrdm,0.009183831925275365,,,
Feedback Alignment,42,0,UPSAMPLED,128,Conv1,V2,all,persub,0.005705189510155064,0.005993062792449488,0.010785072047731983,0.0003374336902837215
Feedback Alignment,42,0,UPSAMPLED,128,Conv1,V2,all,meanrdm,0.008393580437457736,,,
Feedback Alignment,42,0,UPSAMPLED,128,Conv2,V1,cr,persub,0.034682555663433,0.039019604000112056,0.05426280844853706,0.010765254541649885
Feedback Alignment,42,0,UPSAMPLED,128,Conv2,V1,cr,meanrdm,0.05009768220356887,,,
Feedback Alignment,42,0,UPSAMPLED,128,Conv2,V1,all,persub,0.03410293284754524,0.03852795875816247,0.0527027662925487,0.011078073491924531
Feedback Alignment,42,0,UPSAMPLED,128,Conv2,V1,all,meanrdm,0.04936301738114303,,,
Feedback Alignment,42,0,UPSAMPLED,128,Conv2,V2,cr,persub,0.021305741465458907,0.02655360899954136,0.03326633453746514,0.004097280859370216
Feedback Alignment,42,0,UPSAMPLED,128,Conv2,V2,cr,meanrdm,0.032074874894552595,,,
Feedback Alignment,42,0,UPSAMPLED,128,Conv2,V2,all,persub,0.021172129414673526,0.02728423142762361,0.03327257116353134,0.002959585652865629
Feedback Alignment,42,0,UPSAMPLED,128,Conv2,V2,all,meanrdm,0.03166425398709253,,,
Feedback Alignment,42,0,UPSAMPLED,128,Conv3,LOC,cr,persub,-0.00046774295434218096,0.005456743997176457,-0.004013325324928008,-0.0028466475352749918
Feedback Alignment,42,0,UPSAMPLED,128,Conv3,LOC,cr,meanrdm,-0.0018380301291404612,,,
Feedback Alignment,42,0,UPSAMPLED,128,Conv3,LOC,all,persub,-9.754578135447414e-06,0.006090103101419239,-0.004663912532308457,-0.001455454303517124
Feedback Alignment,42,0,UPSAMPLED,128,Conv3,LOC,all,meanrdm,-0.0007738872631730643,,,
Feedback Alignment,42,0,UPSAMPLED,128,FC1,IT,cr,persub,0.006652785559629099,0.008320228984296837,0.010704776736847646,0.0009333509577428144
Feedback Alignment,42,0,UPSAMPLED,128,FC1,IT,cr,meanrdm,0.011901291583574346,,,
Feedback Alignment,42,0,UPSAMPLED,128,FC1,IT,all,persub,0.006135982112220315,0.007773633446837135,0.009678372408556325,0.0009559404812674856
Feedback Alignment,42,0,UPSAMPLED,128,FC1,IT,all,meanrdm,0.010935587006385505,,,
Predictive Coding,42,0,UPSAMPLED,128,Conv1,V1,cr,persub,0.010204468312759724,0.004842592419234841,0.02198332109592305,0.003787491423121283
Predictive Coding,42,0,UPSAMPLED,128,Conv1,V1,cr,meanrdm,0.015257728591230021,,,
Predictive Coding,42,0,UPSAMPLED,128,Conv1,V1,all,persub,0.008987981174801452,0.0043548702192560285,0.019788259452762812,0.0028208138523855143
Predictive Coding,42,0,UPSAMPLED,128,Conv1,V1,all,meanrdm,0.013465080157624543,,,
Predictive Coding,42,0,UPSAMPLED,128,Conv1,V2,cr,persub,0.006082791916635945,0.0022817329356963527,0.013661930933262732,0.0023047118809487502
Predictive Coding,42,0,UPSAMPLED,128,Conv1,V2,cr,meanrdm,0.009014906053152676,,,
Predictive Coding,42,0,UPSAMPLED,128,Conv1,V2,all,persub,0.005233850683916865,0.0023375084897613516,0.013162095290097188,0.0002019482718920555
Predictive Coding,42,0,UPSAMPLED,128,Conv1,V2,all,meanrdm,0.007720387982871711,,,
Predictive Coding,42,0,UPSAMPLED,128,Conv2,V1,cr,persub,0.027094667360246755,0.0266700995647272,0.04745471703329446,0.007159185482718607
Predictive Coding,42,0,UPSAMPLED,128,Conv2,V1,cr,meanrdm,0.039254318605962756,,,
Predictive Coding,42,0,UPSAMPLED,128,Conv2,V1,all,persub,0.02631199935128339,0.026531536918511997,0.04478614905968007,0.00761831207565809
Predictive Coding,42,0,UPSAMPLED,128,Conv2,V1,all,meanrdm,0.03811369235194395,,,
Predictive Coding,42,0,UPSAMPLED,128,Conv2,V2,cr,persub,0.019778632000082903,0.02090333718646635,0.033627125344849,0.004805433468933361
Predictive Coding,42,0,UPSAMPLED,128,Conv2,V2,cr,meanrdm,0.030090746770350594,,,
Predictive Coding,42,0,UPSAMPLED,128,Conv2,V2,all,persub,0.01915537953451328,0.02104517535985414,0.03283661346763036,0.003584349776055342
Predictive Coding,42,0,UPSAMPLED,128,Conv2,V2,all,meanrdm,0.02889868090068389,,,
Predictive Coding,42,0,UPSAMPLED,128,Conv3,LOC,cr,persub,0.000390062129227548,0.006495676154980362,-0.0031683581413326804,-0.0021571316259650372
Predictive Coding,42,0,UPSAMPLED,128,Conv3,LOC,cr,meanrdm,-0.0008234000354304034,,,
Predictive Coding,42,0,UPSAMPLED,128,Conv3,LOC,all,persub,0.0006292435159946907,0.007280040269127943,-0.0044166107462945935,-0.0009756989748492773
Predictive Coding,42,0,UPSAMPLED,128,Conv3,LOC,all,meanrdm,-0.00022300102551001214,,,
Predictive Coding,42,0,UPSAMPLED,128,FC1,IT,cr,persub,0.007569754161984427,0.008073608207251105,0.012099451877781957,0.0025362024009202185
Predictive Coding,42,0,UPSAMPLED,128,FC1,IT,cr,meanrdm,0.012883434283462652,,,
Predictive Coding,42,0,UPSAMPLED,128,FC1,IT,all,persub,0.006723526447146452,0.008099538411284489,0.00948269776439524,0.0025883431657596294
Predictive Coding,42,0,UPSAMPLED,128,FC1,IT,all,meanrdm,0.011295592933612191,,,
STDP,42,0,UPSAMPLED,128,Conv1,V1,cr,persub,0.016603461611642188,0.010527343721390593,0.03486276069006342,0.0044202804234725465
STDP,42,0,UPSAMPLED,128,Conv1,V1,cr,meanrdm,0.02429137059483233,,,
STDP,42,0,UPSAMPLED,128,Conv1,V1,all,persub,0.015394705834343657,0.009922972449798045,0.03270988049832564,0.0035512645549072765
STDP,42,0,UPSAMPLED,128,Conv1,V1,all,meanrdm,0.022475070946460608,,,
STDP,42,0,UPSAMPLED,128,Conv1,V2,cr,persub,0.00849863625040057,0.00535275449729772,0.018937700821714448,0.001205453432189547
STDP,42,0,UPSAMPLED,128,Conv1,V2,cr,meanrdm,0.012740479978407524,,,
STDP,42,0,UPSAMPLED,128,Conv1,V2,all,persub,0.0076210579880866235,0.005352988517559071,0.018226643399822145,-0.0007164579531213449
STDP,42,0,UPSAMPLED,128,Conv1,V2,all,meanrdm,0.0115837619578883,,,
STDP,42,0,UPSAMPLED,128,Conv2,V1,cr,persub,0.013056635190916361,0.005688636720870178,0.02960390125004728,0.003877367601831625
STDP,42,0,UPSAMPLED,128,Conv2,V1,cr,meanrdm,0.01879888409488714,,,
STDP,42,0,UPSAMPLED,128,Conv2,V1,all,persub,0.01199532090626683,0.005305559709421546,0.026410801485131294,0.004269601524247649
STDP,42,0,UPSAMPLED,128,Conv2,V1,all,meanrdm,0.01711340260226828,,,
STDP,42,0,UPSAMPLED,128,Conv2,V2,cr,persub,0.01108080240393157,0.007371875236242134,0.024253044500985928,0.0016174874745666441
STDP,42,0,UPSAMPLED,128,Conv2,V2,cr,meanrdm,0.01623241554385007,,,
STDP,42,0,UPSAMPLED,128,Conv2,V2,all,persub,0.01000575796373462,0.00697042312447349,0.02216860641747457,0.0008782443492558017
STDP,42,0,UPSAMPLED,128,Conv2,V2,all,meanrdm,0.014694539044330898,,,
STDP,42,0,UPSAMPLED,128,Conv3,LOC,cr,persub,0.001233017593519535,0.0037048676424255886,0.0037458526189988964,-0.0037516674808658803
STDP,42,0,UPSAMPLED,128,Conv3,LOC,cr,meanrdm,0.0002435708608914686,,,
STDP,42,0,UPSAMPLED,128,Conv3,LOC,all,persub,0.0012529903902094948,0.003457339585094158,0.002381195339349334,-0.0020795637538150074
STDP,42,0,UPSAMPLED,128,Conv3,LOC,all,meanrdm,0.000895481389899449,,,
STDP,42,0,UPSAMPLED,128,FC1,IT,cr,persub,0.005780470378377263,0.004748597055879591,0.01164472680264953,0.000948087276602669
STDP,42,0,UPSAMPLED,128,FC1,IT,cr,meanrdm,0.010089797058676245,,,
STDP,42,0,UPSAMPLED,128,FC1,IT,all,persub,0.005784602997018732,0.004851138653233755,0.01029470840888599,0.0022079619289364512
STDP,42,0,UPSAMPLED,128,FC1,IT,all,meanrdm,0.009969121246977347,,,
Random Weights (BN-calibrated),42,0,UPSAMPLED,128,Conv1,V1,cr,persub,0.006244817348756032,0.00022445372934459026,0.015457075168955382,0.003052923147968124
Random Weights (BN-calibrated),42,0,UPSAMPLED,128,Conv1,V1,cr,meanrdm,0.009671608085757398,,,
Random Weights (BN-calibrated),42,0,UPSAMPLED,128,Conv1,V1,all,persub,0.0050249439432501495,-0.00035052613872473497,0.01349597061722762,0.0019293873512475654
Random Weights (BN-calibrated),42,0,UPSAMPLED,128,Conv1,V1,all,meanrdm,0.007842572889690598,,,
Random Weights (BN-calibrated),42,0,UPSAMPLED,128,Conv1,V2,cr,persub,0.002680588127719985,-0.0014653108380127014,0.007640025307021032,0.0018670499141516246
Random Weights (BN-calibrated),42,0,UPSAMPLED,128,Conv1,V2,cr,meanrdm,0.00382585634079614,,,
Random Weights (BN-calibrated),42,0,UPSAMPLED,128,Conv1,V2,all,persub,0.001821282266154668,-0.0016708055500459637,0.007381150082445121,-0.0002464977339351542
Random Weights (BN-calibrated),42,0,UPSAMPLED,128,Conv1,V2,all,meanrdm,0.0026038266669194845,,,
Random Weights (BN-calibrated),42,0,UPSAMPLED,128,Conv2,V1,cr,persub,0.02887758393735798,0.027421704965375132,0.051904890622516485,0.007306156224182322
Random Weights (BN-calibrated),42,0,UPSAMPLED,128,Conv2,V1,cr,meanrdm,0.04170236610115099,,,
Random Weights (BN-calibrated),42,0,UPSAMPLED,128,Conv2,V1,all,persub,0.027999476136476898,0.02718877268426579,0.04929197789833815,0.007517677826826757
Random Weights (BN-calibrated),42,0,UPSAMPLED,128,Conv2,V1,all,meanrdm,0.040403468683815974,,,
Random Weights (BN-calibrated),42,0,UPSAMPLED,128,Conv2,V2,cr,persub,0.02075399674502137,0.02078279879032818,0.03697544740153656,0.004503744043199374
Random Weights (BN-calibrated),42,0,UPSAMPLED,128,Conv2,V2,cr,meanrdm,0.03149669867209348,,,
Random Weights (BN-calibrated),42,0,UPSAMPLED,128,Conv2,V2,all,persub,0.020063478793760872,0.020899509429950044,0.03614536760055745,0.0031455593507751243
Random Weights (BN-calibrated),42,0,UPSAMPLED,128,Conv2,V2,all,meanrdm,0.0302325521986392,,,
Random Weights (BN-calibrated),42,0,UPSAMPLED,128,Conv3,LOC,cr,persub,-0.00024708566520764913,0.0054419473128404115,-0.003043287407933326,-0.003139916900530033
Random Weights (BN-calibrated),42,0,UPSAMPLED,128,Conv3,LOC,cr,meanrdm,-0.0017873450813880936,,,
Random Weights (BN-calibrated),42,0,UPSAMPLED,128,Conv3,LOC,all,persub,0.00014592748057301567,0.006666918389958823,-0.004548608962162636,-0.00168052698607714
Random Weights (BN-calibrated),42,0,UPSAMPLED,128,Conv3,LOC,all,meanrdm,-0.000850855490957786,,,
Random Weights (BN-calibrated),42,0,UPSAMPLED,128,FC1,IT,cr,persub,0.004874854688694288,0.005832246917507389,0.0069203790654302644,0.0018719380831452102
Random Weights (BN-calibrated),42,0,UPSAMPLED,128,FC1,IT,cr,meanrdm,0.008614192581859009,,,
Random Weights (BN-calibrated),42,0,UPSAMPLED,128,FC1,IT,all,persub,0.004488164772605253,0.007036296782770148,0.005286493062839445,0.001141704472206167
Random Weights (BN-calibrated),42,0,UPSAMPLED,128,FC1,IT,all,meanrdm,0.007653443322322425,,,
Random Weights,42,0,UPSAMPLED,160,Conv1,V1,cr,persub,0.05596945308043502,0.05686689679138711,0.09459973942806081,0.016441723021857146
Random Weights,42,0,UPSAMPLED,160,Conv1,V1,cr,meanrdm,0.0801597707114234,,,
Random Weights,42,0,UPSAMPLED,160,Conv1,V1,all,persub,0.055418082321603425,0.055863421252469174,0.09424766669955666,0.016143159012784465
Random Weights,42,0,UPSAMPLED,160,Conv1,V1,all,meanrdm,0.07901415984064489,,,
Random Weights,42,0,UPSAMPLED,160,Conv1,V2,cr,persub,0.030930705542312142,0.03477778960929916,0.054368812082779695,0.0036455149348575714
Random Weights,42,0,UPSAMPLED,160,Conv1,V2,cr,meanrdm,0.0467026330196895,,,
Random Weights,42,0,UPSAMPLED,160,Conv1,V2,all,persub,0.030746731205851165,0.035056218100425474,0.05505205653044159,0.0021319189866864274
Random Weights,42,0,UPSAMPLED,160,Conv1,V2,all,meanrdm,0.046176379290356444,,,
Random Weights,42,0,UPSAMPLED,160,Conv2,V1,cr,persub,0.05882694143806639,0.06088618616415268,0.09884812025900493,0.016746517891041562
Random Weights,42,0,UPSAMPLED,160,Conv2,V1,cr,meanrdm,0.0838897230403042,,,
Random Weights,42,0,UPSAMPLED,160,Conv2,V1,all,persub,0.05846744376474996,0.06007814826109857,0.09880309736489204,0.016521085668259265
Random Weights,42,0,UPSAMPLED,160,Conv2,V1,all,meanrdm,0.08292596068649243,,,
Random Weights,42,0,UPSAMPLED,160,Conv2,V2,cr,persub,0.03367796450706277,0.037546733028778506,0.05964541423475276,0.0038417462576570503
Random Weights,42,0,UPSAMPLED,160,Conv2,V2,cr,meanrdm,0.05064811424023297,,,
Random Weights,42,0,UPSAMPLED,160,Conv2,V2,all,persub,0.03353368081517008,0.037884500000128385,0.06023650654675659,0.0024800358986252747
Random Weights,42,0,UPSAMPLED,160,Conv2,V2,all,meanrdm,0.05013007363052507,,,
Random Weights,42,0,UPSAMPLED,160,Conv3,LOC,cr,persub,-0.004618994683549866,0.00409959157914305,-0.013680508430186592,-0.004276067199606055
Random Weights,42,0,UPSAMPLED,160,Conv3,LOC,cr,meanrdm,-0.009712045317860154,,,
Random Weights,42,0,UPSAMPLED,160,Conv3,LOC,all,persub,-0.0032230950115139955,0.005393660167043069,-0.012507462924406024,-0.0025554822771790323
Random Weights,42,0,UPSAMPLED,160,Conv3,LOC,all,meanrdm,-0.006904862312059828,,,
Random Weights,42,0,UPSAMPLED,160,FC1,IT,cr,persub,0.0017596940752324871,0.002719044528705127,0.0018766995913248197,0.0006833381056675149
Random Weights,42,0,UPSAMPLED,160,FC1,IT,cr,meanrdm,0.0027383846924516997,,,
Random Weights,42,0,UPSAMPLED,160,FC1,IT,all,persub,0.0026297893541790754,0.004057660280668713,0.003455086664963579,0.0003766211169049343
Random Weights,42,0,UPSAMPLED,160,FC1,IT,all,meanrdm,0.004165435012544657,,,
Backprop,42,0,UPSAMPLED,160,Conv1,V1,cr,persub,0.011593611035049148,0.008486785255008617,0.022179773253983064,0.004114274596155768
Backprop,42,0,UPSAMPLED,160,Conv1,V1,cr,meanrdm,0.01742483208400231,,,
Backprop,42,0,UPSAMPLED,160,Conv1,V1,all,persub,0.010261236674122652,0.007498012856106228,0.020305987235515244,0.002979709930746487
Backprop,42,0,UPSAMPLED,160,Conv1,V1,all,meanrdm,0.01526627848909571,,,
Backprop,42,0,UPSAMPLED,160,Conv1,V2,cr,persub,0.005757263515738152,0.004321296500734837,0.010400737751556555,0.0025497562949230654
Backprop,42,0,UPSAMPLED,160,Conv1,V2,cr,meanrdm,0.008312687511951274,,,
Backprop,42,0,UPSAMPLED,160,Conv1,V2,all,persub,0.004831507626210402,0.0039878478967838695,0.009864682151621553,0.000641992830225782
Backprop,42,0,UPSAMPLED,160,Conv1,V2,all,meanrdm,0.007038738863565648,,,
Backprop,42,0,UPSAMPLED,160,Conv2,V1,cr,persub,0.0019330506595059982,0.004475184120326425,-0.0027311522697867586,0.004055120127978328
Backprop,42,0,UPSAMPLED,160,Conv2,V1,cr,meanrdm,0.003311392754417059,,,
Backprop,42,0,UPSAMPLED,160,Conv2,V1,all,persub,0.0011782221645284157,0.0048361119224567236,-0.004876392083947245,0.0035749466550757687
Backprop,42,0,UPSAMPLED,160,Conv2,V1,all,meanrdm,0.0019870462258281367,,,
Backprop,42,0,UPSAMPLED,160,Conv2,V2,cr,persub,0.004027754842769527,0.009630533618692613,-0.00032936125276844834,0.0027820921623844153
Backprop,42,0,UPSAMPLED,160,Conv2,V2,cr,meanrdm,0.005662598453455772,,,
Backprop,42,0,UPSAMPLED,160,Conv2,V2,all,persub,0.0035903000898174268,0.009728754207332407,-0.0008486569461688396,0.0018908030082887123
Backprop,42,0,UPSAMPLED,160,Conv2,V2,all,meanrdm,0.005054922742444403,,,
Backprop,42,0,UPSAMPLED,160,Conv3,LOC,cr,persub,-0.0015826949595383205,0.004071944913578495,-0.005823917026195148,-0.002996112765998309
Backprop,42,0,UPSAMPLED,160,Conv3,LOC,cr,meanrdm,-0.0038470290987331858,,,
Backprop,42,0,UPSAMPLED,160,Conv3,LOC,all,persub,-0.0013965533584804554,0.005141152005714519,-0.007721340644873208,-0.001609471436282677
Backprop,42,0,UPSAMPLED,160,Conv3,LOC,all,meanrdm,-0.0031603637936859362,,,
Backprop,42,0,UPSAMPLED,160,FC1,IT,cr,persub,0.003684911540362159,0.007423763247242626,0.0031169546253453743,0.0005140167484984771
Backprop,42,0,UPSAMPLED,160,FC1,IT,cr,meanrdm,0.0059840646361209995,,,
Backprop,42,0,UPSAMPLED,160,FC1,IT,all,persub,0.0029811699817519186,0.007351274821411352,0.0005717187082945531,0.0010205164155498501
Backprop,42,0,UPSAMPLED,160,FC1,IT,all,meanrdm,0.004871714510461218,,,
Feedback Alignment,42,0,UPSAMPLED,160,Conv1,V1,cr,persub,0.016259328810098884,0.01503605493626797,0.027268750462685083,0.006473181031343604
Feedback Alignment,42,0,UPSAMPLED,160,Conv1,V1,cr,meanrdm,0.024539407364472323,,,
Feedback Alignment,42,0,UPSAMPLED,160,Conv1,V1,all,persub,0.015079957486256056,0.013993709546944998,0.025738879747567917,0.005507283164255256
Feedback Alignment,42,0,UPSAMPLED,160,Conv1,V1,all,meanrdm,0.02288907537648713,,,
Feedback Alignment,42,0,UPSAMPLED,160,Conv1,V2,cr,persub,0.006435768379661401,0.0067405345243375025,0.01075043386012513,0.0018163367545215709
Feedback Alignment,42,0,UPSAMPLED,160,Conv1,V2,cr,meanrdm,0.009470094919355545,,,
Feedback Alignment,42,0,UPSAMPLED,160,Conv1,V2,all,persub,0.0059006036497148764,0.006363951812586803,0.011043540555007043,0.00029431858155078063
Feedback Alignment,42,0,UPSAMPLED,160,Conv1,V2,all,meanrdm,0.008695826234014215,,,
Feedback Alignment,42,0,UPSAMPLED,160,Conv2,V1,cr,persub,0.03513155960190453,0.039600162975576156,0.05488297946715074,0.010911536362986697
Feedback Alignment,42,0,UPSAMPLED,160,Conv2,V1,cr,meanrdm,0.050732357014349284,,,
Feedback Alignment,42,0,UPSAMPLED,160,Conv2,V1,all,persub,0.03455834951114225,0.039099364876396606,0.05334378694517877,0.011231896711851356
Feedback Alignment,42,0,UPSAMPLED,160,Conv2,V1,all,meanrdm,0.049997753884202197,,,
Feedback Alignment,42,0,UPSAMPLED,160,Conv2,V2,cr,persub,0.021579652150480733,0.02697007856405164,0.03366565306088479,0.00410322482650577
Feedback Alignment,42,0,UPSAMPLED,160,Conv2,V2,cr,meanrdm,0.032497137431875524,,,
Feedback Alignment,42,0,UPSAMPLED,160,Conv2,V2,all,persub,0.021459073236968326,0.027701871856287596,0.03368503756950217,0.002990310285115203
Feedback Alignment,42,0,UPSAMPLED,160,Conv2,V2,all,meanrdm,0.03210286638893234,,,
Feedback Alignment,42,0,UPSAMPLED,160,Conv3,LOC,cr,persub,-0.000732108109081848,0.005298357657315202,-0.004477262280491936,-0.00301741970406881
Feedback Alignment,42,0,UPSAMPLED,160,Conv3,LOC,cr,meanrdm,-0.002316976828542429,,,
Feedback Alignment,42,0,UPSAMPLED,160,Conv3,LOC,all,persub,-0.00020590732827218037,0.006015888932437017,-0.005077248470366937,-0.0015563624468866214
Feedback Alignment,42,0,UPSAMPLED,160,Conv3,LOC,all,meanrdm,-0.0011275077024909788,,,
Feedback Alignment,42,0,UPSAMPLED,160,FC1,IT,cr,persub,0.006724548667619315,0.008196805351318585,0.010908050512820741,0.001068790138718619
Feedback Alignment,42,0,UPSAMPLED,160,FC1,IT,cr,meanrdm,0.011993278960586592,,,
Feedback Alignment,42,0,UPSAMPLED,160,FC1,IT,all,persub,0.006215052218904438,0.007719376665156996,0.009861536758481605,0.0010642432330747143
Feedback Alignment,42,0,UPSAMPLED,160,FC1,IT,all,meanrdm,0.011038961140204162,,,
Predictive Coding,42,0,UPSAMPLED,160,Conv1,V1,cr,persub,0.010488213945731545,0.005187526032931513,0.02239768645563756,0.003879429348625566
Predictive Coding,42,0,UPSAMPLED,160,Conv1,V1,cr,meanrdm,0.01565630679845922,,,
Predictive Coding,42,0,UPSAMPLED,160,Conv1,V1,all,persub,0.00928389215181321,0.0047056103850394645,0.02023329634998881,0.0029127697204113564
Predictive Coding,42,0,UPSAMPLED,160,Conv1,V1,all,meanrdm,0.013878386278681355,,,
Predictive Coding,42,0,UPSAMPLED,160,Conv1,V2,cr,persub,0.006247314709362209,0.002554772319572056,0.013902416328629657,0.0022847554798849177
Predictive Coding,42,0,UPSAMPLED,160,Conv1,V2,cr,meanrdm,0.009259442272134832,,,
Predictive Coding,42,0,UPSAMPLED,160,Conv1,V2,all,persub,0.005407781892851196,0.002624151878418231,0.013429684003965893,0.000169509796169465
Predictive Coding,42,0,UPSAMPLED,160,Conv1,V2,all,meanrdm,0.007976684722107647,,,
Predictive Coding,42,0,UPSAMPLED,160,Conv2,V1,cr,persub,0.02787643812635633,0.027636827654573086,0.04861767560129434,0.007374811123201574
Predictive Coding,42,0,UPSAMPLED,160,Conv2,V1,cr,meanrdm,0.04036833242365812,,,
Predictive Coding,42,0,UPSAMPLED,160,Conv2,V1,all,persub,0.027079717804098718,0.027471000818772254,0.04594846204544348,0.007819690548080419
Predictive Coding,42,0,UPSAMPLED,160,Conv2,V1,all,meanrdm,0.03919633004170311,,,
Predictive Coding,42,0,UPSAMPLED,160,Conv2,V2,cr,persub,0.020286337694698515,0.021560595359968564,0.03450226050035153,0.004796157223775451
Predictive Coding,42,0,UPSAMPLED,160,Conv2,V2,cr,meanrdm,0.030859877552812165,,,
Predictive Coding,42,0,UPSAMPLED,160,Conv2,V2,all,persub,0.019659809179515247,0.021686437188970283,0.03371287699892964,0.003580113350645815
Predictive Coding,42,0,UPSAMPLED,160,Conv2,V2,all,meanrdm,0.029656597051291554,,,
Predictive Coding,42,0,UPSAMPLED,160,Conv3,LOC,cr,persub,0.00023465996901279122,0.006462083574120078,-0.0034991628435563807,-0.002258940823525324
Predictive Coding,42,0,UPSAMPLED,160,Conv3,LOC,cr,meanrdm,-0.0011170370907909273,,,
Predictive Coding,42,0,UPSAMPLED,160,Conv3,LOC,all,persub,0.0005228217591173454,0.0072971521465276835,-0.004689828589681888,-0.0010388582794937597
Predictive Coding,42,0,UPSAMPLED,160,Conv3,LOC,all,meanrdm,-0.00042105788855676996,,,
Predictive Coding,42,0,UPSAMPLED,160,FC1,IT,cr,persub,0.007458287868314455,0.007712552378759036,0.012153337661767514,0.002508973564416813
Predictive Coding,42,0,UPSAMPLED,160,FC1,IT,cr,meanrdm,0.012674784418799637,,,
Predictive Coding,42,0,UPSAMPLED,160,FC1,IT,all,persub,0.006629688125271582,0.007831577273376215,0.009454254489021905,0.0026032326134166283
Predictive Coding,42,0,UPSAMPLED,160,FC1,IT,all,meanrdm,0.011116514549828604,,,
STDP,42,0,UPSAMPLED,160,Conv1,V1,cr,persub,0.017029620954546774,0.010859800622490336,0.035637942321337476,0.0045911199198125025
STDP,42,0,UPSAMPLED,160,Conv1,V1,cr,meanrdm,0.024919973991142146,,,
STDP,42,0,UPSAMPLED,160,Conv1,V1,all,persub,0.015840368031106472,0.010264676492209619,0.03352691190704927,0.003729515694060528
STDP,42,0,UPSAMPLED,160,Conv1,V1,all,meanrdm,0.023119225377227347,,,
STDP,42,0,UPSAMPLED,160,Conv1,V2,cr,persub,0.008768402100808046,0.005623937832463881,0.019496580204001582,0.0011846882659586702
STDP,42,0,UPSAMPLED,160,Conv1,V2,cr,meanrdm,0.01315437923552254,,,
STDP,42,0,UPSAMPLED,160,Conv1,V2,all,persub,0.007903049651928772,0.005637604486333008,0.018813252037186007,-0.0007417075677326959
STDP,42,0,UPSAMPLED,160,Conv1,V2,all,meanrdm,0.012012425203394633,,,
STDP,42,0,UPSAMPLED,160,Conv2,V1,cr,persub,0.012874596986402349,0.0054245185616241184,0.029489894595585438,0.0037093778019974886
STDP,42,0,UPSAMPLED,160,Conv2,V1,cr,meanrdm,0.018545104067756103,,,
STDP,42,0,UPSAMPLED,160,Conv2,V1,all,persub,0.011824508235482095,0.005043747577605717,0.02631155945894828,0.004118217669892289
STDP,42,0,UPSAMPLED,160,Conv2,V1,all,meanrdm,0.0168689915703224,,,
STDP,42,0,UPSAMPLED,160,Conv2,V2,cr,persub,0.01108043839793578,0.007359138794824773,0.024403717027035615,0.0014784593719469464
STDP,42,0,UPSAMPLED,160,Conv2,V2,cr,meanrdm,0.016252616522584255,,,
STDP,42,0,UPSAMPLED,160,Conv2,V2,all,persub,0.010021967200745833,0.006965804857331416,0.02233627314376551,0.0007638236011405714
STDP,42,0,UPSAMPLED,160,Conv2,V2,all,meanrdm,0.014743086349176971,,,
STDP,42,0,UPSAMPLED,160,Conv3,LOC,cr,persub,0.0012216868911423164,0.0034810178761093165,0.004000571134847699,-0.0038165283375300656
STDP,42,0,UPSAMPLED,160,Conv3,LOC,cr,meanrdm,0.00025694238391757245,,,
STDP,42,0,UPSAMPLED,160,Conv3,LOC,all,persub,0.0012634167122330838,0.0032814956809875334,0.002620072870438661,-0.0021113184147269425
STDP,42,0,UPSAMPLED,160,Conv3,LOC,all,meanrdm,0.000913614892342556,,,
STDP,42,0,UPSAMPLED,160,FC1,IT,cr,persub,0.005818238777600707,0.004410230292010467,0.012042748313696798,0.0010017377270948545
STDP,42,0,UPSAMPLED,160,FC1,IT,cr,meanrdm,0.010096812872111513,,,
STDP,42,0,UPSAMPLED,160,FC1,IT,all,persub,0.005706700839421322,0.004353540078659382,0.010612238466727644,0.00215432397287694
STDP,42,0,UPSAMPLED,160,FC1,IT,all,meanrdm,0.009790371976632378,,,
Random Weights (BN-calibrated),42,0,UPSAMPLED,160,Conv1,V1,cr,persub,0.006604067354131522,0.0006277576090168763,0.016006725774788243,0.0031777186785894485
Random Weights (BN-calibrated),42,0,UPSAMPLED,160,Conv1,V1,cr,meanrdm,0.010185002364189092,,,
Random Weights (BN-calibrated),42,0,UPSAMPLED,160,Conv1,V1,all,persub,0.005394700986361761,6.365634872206104e-05,0.01407424106653263,0.0020462055438305914
Random Weights (BN-calibrated),42,0,UPSAMPLED,160,Conv1,V1,all,meanrdm,0.00836812941700209,,,
Random Weights (BN-calibrated),42,0,UPSAMPLED,160,Conv1,V2,cr,persub,0.002881904223668704,-0.0011492645417917708,0.00793678496456506,0.001858192248232823
Random Weights (BN-calibrated),42,0,UPSAMPLED,160,Conv1,V2,cr,meanrdm,0.004135450111015303,,,
Random Weights (BN-calibrated),42,0,UPSAMPLED,160,Conv1,V2,all,persub,0.0020318669836434248,-0.0013401713080791124,0.007707615954782093,-0.0002718436957727068
Random Weights (BN-calibrated),42,0,UPSAMPLED,160,Conv1,V2,all,meanrdm,0.0029251461873898254,,,
Random Weights (BN-calibrated),42,0,UPSAMPLED,160,Conv2,V1,cr,persub,0.029637742739257428,0.028279351419524815,0.05310906457655427,0.007524812221693201
Random Weights (BN-calibrated),42,0,UPSAMPLED,160,Conv2,V1,cr,meanrdm,0.04279833180311328,,,
Random Weights (BN-calibrated),42,0,UPSAMPLED,160,Conv2,V1,all,persub,0.028752462974169512,0.02802029309622765,0.0504994776963468,0.007737618129934077
Random Weights (BN-calibrated),42,0,UPSAMPLED,160,Conv2,V1,all,meanrdm,0.04148031248754689,,,
Random Weights (BN-calibrated),42,0,UPSAMPLED,160,Conv2,V2,cr,persub,0.021242566001037685,0.02135966142402011,0.03787826169367543,0.004489774885417505
Random Weights (BN-calibrated),42,0,UPSAMPLED,160,Conv2,V2,cr,meanrdm,0.03224251561590849,,,
Random Weights (BN-calibrated),42,0,UPSAMPLED,160,Conv2,V2,all,persub,0.020556595028050764,0.021469077766288203,0.03704945739320269,0.003151249924661408
Random Weights (BN-calibrated),42,0,UPSAMPLED,160,Conv2,V2,all,meanrdm,0.030980203894824046,,,
Random Weights (BN-calibrated),42,0,UPSAMPLED,160,Conv3,LOC,cr,persub,-0.00039150050367752176,0.0052892881782957354,-0.0032869126787227546,-0.003176877010605546
Random Weights (BN-calibrated),42,0,UPSAMPLED,160,Conv3,LOC,cr,meanrdm,-0.0020603421584133126,,,
Random Weights (BN-calibrated),42,0,UPSAMPLED,160,Conv3,LOC,all,persub,2.401116148909741e-05,0.006558581941628749,-0.004797966600870567,-0.00168858185629089
Random Weights (BN-calibrated),42,0,UPSAMPLED,160,Conv3,LOC,all,meanrdm,-0.0010643225476046631,,,
Random Weights (BN-calibrated),42,0,UPSAMPLED,160,FC1,IT,cr,persub,0.004838396014818538,0.005592934222456024,0.007081306326795813,0.0018409474952037742
Random Weights (BN-calibrated),42,0,UPSAMPLED,160,FC1,IT,cr,meanrdm,0.008536446657193305,,,
Random Weights (BN-calibrated),42,0,UPSAMPLED,160,FC1,IT,all,persub,0.004402153167318882,0.006786364971728785,0.005346276075734923,0.0010738184544929364
Random Weights (BN-calibrated),42,0,UPSAMPLED,160,FC1,IT,all,meanrdm,0.007494126256451667,,,
Random Weights,42,0,UPSAMPLED,224,Conv1,V1,cr,persub,0.05594237819264716,0.056826685907820085,0.0945659912855796,0.01643445738454181
Random Weights,42,0,UPSAMPLED,224,Conv1,V1,cr,meanrdm,0.08011437708072681,,,
Random Weights,42,0,UPSAMPLED,224,Conv1,V1,all,persub,0.05538501521515395,0.0558201106347165,0.09420564078259783,0.016129294228147507
Random Weights,42,0,UPSAMPLED,224,Conv1,V1,all,meanrdm,0.07896077962963596,,,
Random Weights,42,0,UPSAMPLED,224,Conv1,V2,cr,persub,0.030954748887225794,0.034798891706955055,0.05440867114602586,0.0036566838086964665
Random Weights,42,0,UPSAMPLED,224,Conv1,V2,cr,meanrdm,0.04674382355241407,,,
Random Weights,42,0,UPSAMPLED,224,Conv1,V2,all,persub,0.0307657918274354,0.035073269895849676,0.055087274062550984,0.002136831523905538
Random Weights,42,0,UPSAMPLED,224,Conv1,V2,all,meanrdm,0.046209166063765635,,,
Random Weights,42,0,UPSAMPLED,224,Conv2,V1,cr,persub,0.05898629651555278,0.06112977979863093,0.09898039658061954,0.016848713167407887
Random Weights,42,0,UPSAMPLED,224,Conv2,V1,cr,meanrdm,0.08413483886880993,,,
Random Weights,42,0,UPSAMPLED,224,Conv2,V1,all,persub,0.058607421187875236,0.06030931630747726,0.09889350839936073,0.016619438856787717
Random Weights,42,0,UPSAMPLED,224,Conv2,V1,all,meanrdm,0.08314505381639663,,,
Random Weights,42,0,UPSAMPLED,224,Conv2,V2,cr,persub,0.03377249447297049,0.03767884814466827,0.05976879071458178,0.003869844559661411
Random Weights,42,0,UPSAMPLED,224,Conv2,V2,cr,meanrdm,0.050809399409815915,,,
Random Weights,42,0,UPSAMPLED,224,Conv2,V2,all,persub,0.0336147223724032,0.038022442090603646,0.060323179039415184,0.002498545987190782
Random Weights,42,0,UPSAMPLED,224,Conv2,V2,all,meanrdm,0.05026977641549778,,,
Random Weights,42,0,UPSAMPLED,224,Conv3,LOC,cr,persub,-0.004670571810230583,0.00400697812734626,-0.013879246715712302,-0.004139446842325707
Random Weights,42,0,UPSAMPLED,224,Conv3,LOC,cr,meanrdm,-0.009752511381848492,,,
Random Weights,42,0,UPSAMPLED,224,Conv3,LOC,all,persub,-0.0032783767145610587,0.0053083919163359776,-0.012713379647217176,-0.0024301424128019776
Random Weights,42,0,UPSAMPLED,224,Conv3,LOC,all,meanrdm,-0.006978323468452657,,,
Random Weights,42,0,UPSAMPLED,224,FC1,IT,cr,persub,0.0017344320940814284,0.002653570917756053,0.002022647072740556,0.0005270782917476755
Random Weights,42,0,UPSAMPLED,224,FC1,IT,cr,meanrdm,0.002676522273190922,,,
Random Weights,42,0,UPSAMPLED,224,FC1,IT,all,persub,0.0025565645546143903,0.003938019775802947,0.0034972033503754517,0.00023447053766477162
Random Weights,42,0,UPSAMPLED,224,FC1,IT,all,meanrdm,0.004002229930990563,,,
Backprop,42,0,UPSAMPLED,224,Conv1,V1,cr,persub,0.011971245829067036,0.00895192902989358,0.02272614973189936,0.004235658725408165
Backprop,42,0,UPSAMPLED,224,Conv1,V1,cr,meanrdm,0.017953124091036086,,,
Backprop,42,0,UPSAMPLED,224,Conv1,V1,all,persub,0.010649718317768916,0.007972838474433142,0.02089566194202573,0.003080654536847874
Backprop,42,0,UPSAMPLED,224,Conv1,V1,all,meanrdm,0.0158094730201265,,,
Backprop,42,0,UPSAMPLED,224,Conv1,V2,cr,persub,0.00603507057416335,0.004837013981563478,0.010765308309260915,0.002502889431665654
Backprop,42,0,UPSAMPLED,224,Conv1,V2,cr,meanrdm,0.008742940864556051,,,
Backprop,42,0,UPSAMPLED,224,Conv1,V2,all,persub,0.005122937457496492,0.004518958012227968,0.01026623185929408,0.0005836225009674299
Backprop,42,0,UPSAMPLED,224,Conv1,V2,all,meanrdm,0.007486369327888143,,,
Backprop,42,0,UPSAMPLED,224,Conv2,V1,cr,persub,0.0034674359027209514,0.00628514372610133,4.803668789528804e-06,0.004112360313271996
Backprop,42,0,UPSAMPLED,224,Conv2,V1,cr,meanrdm,0.005454982768558232,,,
Backprop,42,0,UPSAMPLED,224,Conv2,V1,all,persub,0.0027108706855297413,0.006593695196065294,-0.0021426920561718465,0.0036816089166957756
Backprop,42,0,UPSAMPLED,224,Conv2,V1,all,meanrdm,0.004134141334031599,,,
Backprop,42,0,UPSAMPLED,224,Conv2,V2,cr,persub,0.005201411332409517,0.011013532333502688,0.0018988016196833473,0.0026919000440425167
Backprop,42,0,UPSAMPLED,224,Conv2,V2,cr,meanrdm,0.007442496695277354,,,
Backprop,42,0,UPSAMPLED,224,Conv2,V2,all,persub,0.004753275882696781,0.011053439276553152,0.0013633787043132418,0.0018430096672239476
Backprop,42,0,UPSAMPLED,224,Conv2,V2,all,meanrdm,0.0068171665125172365,,,
Backprop,42,0,UPSAMPLED,224,Conv3,LOC,cr,persub,-0.001439518402295623,0.00371089915055138,-0.005000260135988954,-0.003029194221449295
Backprop,42,0,UPSAMPLED,224,Conv3,LOC,cr,meanrdm,-0.0036032906822154936,,,
Backprop,42,0,UPSAMPLED,224,Conv3,LOC,all,persub,-0.0012304096796144377,0.004895549263671891,-0.006960894974829117,-0.0016258833276860867
Backprop,42,0,UPSAMPLED,224,Conv3,LOC,all,meanrdm,-0.002917593457487948,,,
Backprop,42,0,UPSAMPLED,224,FC1,IT,cr,persub,0.004049583115775714,0.007196793893816267,0.004070303590397384,0.000881651863113493
Backprop,42,0,UPSAMPLED,224,FC1,IT,cr,meanrdm,0.006656315200346277,,,
Backprop,42,0,UPSAMPLED,224,FC1,IT,all,persub,0.0033820419083334715,0.007347771634612058,0.0015006179833359902,0.0012977361070523664
Backprop,42,0,UPSAMPLED,224,FC1,IT,all,meanrdm,0.005468768255572397,,,
Feedback Alignment,42,0,UPSAMPLED,224,Conv1,V1,cr,persub,0.016603802886247358,0.015514788498320343,0.027720522267631165,0.006576097892790557
Feedback Alignment,42,0,UPSAMPLED,224,Conv1,V1,cr,meanrdm,0.025028919736466003,,,
Feedback Alignment,42,0,UPSAMPLED,224,Conv1,V1,all,persub,0.015435170637805752,0.01447691202893398,0.026234290039594623,0.005594309844888659
Feedback Alignment,42,0,UPSAMPLED,224,Conv1,V1,all,meanrdm,0.023391727574628693,,,
Feedback Alignment,42,0,UPSAMPLED,224,Conv1,V2,cr,persub,0.006627390333959745,0.007134354530529488,0.01096297769132116,0.0017848387800285834
Feedback Alignment,42,0,UPSAMPLED,224,Conv1,V2,cr,meanrdm,0.00976959504661597,,,
Feedback Alignment,42,0,UPSAMPLED,224,Conv1,V2,all,persub,0.006097338183976445,0.006752865792351631,0.0112928049668479,0.0002463437927298065
Feedback Alignment,42,0,UPSAMPLED,224,Conv1,V2,all,meanrdm,0.00900000334739171,,,
Feedback Alignment,42,0,UPSAMPLED,224,Conv2,V1,cr,persub,0.03637435775424538,0.041178977461696804,0.056682690926575865,0.011261404874463442
Feedback Alignment,42,0,UPSAMPLED,224,Conv2,V1,cr,meanrdm,0.05249394506465084,,,
Feedback Alignment,42,0,UPSAMPLED,224,Conv2,V1,all,persub,0.03579903776453182,0.04063102485955772,0.05514969510296645,0.01161639333107128
Feedback Alignment,42,0,UPSAMPLED,224,Conv2,V1,all,meanrdm,0.051748828854727834,,,
Feedback Alignment,42,0,UPSAMPLED,224,Conv2,V2,cr,persub,0.02237752408330376,0.028021033455305787,0.0348957486550479,0.004215790139557587
Feedback Alignment,42,0,UPSAMPLED,224,Conv2,V2,cr,meanrdm,0.033722035938186644,,,
Feedback Alignment,42,0,UPSAMPLED,224,Conv2,V2,all,persub,0.022257281472294766,0.02872011893716997,0.03490787034430094,0.0031438551354133855
Feedback Alignment,42,0,UPSAMPLED,224,Conv2,V2,all,meanrdm,0.033319617584736186,,,
Feedback Alignment,42,0,UPSAMPLED,224,Conv3,LOC,cr,persub,-0.001063142857273761,0.005072478664792794,-0.005063021428346744,-0.0031988858082673327
Feedback Alignment,42,0,UPSAMPLED,224,Conv3,LOC,cr,meanrdm,-0.002925180865241349,,,
Feedback Alignment,42,0,UPSAMPLED,224,Conv3,LOC,all,persub,-0.0004479830062633344,0.00590156840455909,-0.0056001043709431805,-0.0016454130524059124
Feedback Alignment,42,0,UPSAMPLED,224,Conv3,LOC,all,meanrdm,-0.0015738435436876662,,,
Feedback Alignment,42,0,UPSAMPLED,224,FC1,IT,cr,persub,0.006768415642709189,0.007996410358581684,0.01101201199669753,0.0012968245728483534
Feedback Alignment,42,0,UPSAMPLED,224,FC1,IT,cr,meanrdm,0.01203384901002022,,,
Feedback Alignment,42,0,UPSAMPLED,224,FC1,IT,all,persub,0.00627232698645567,0.007605073227445485,0.00995045987973149,0.0012614478521900366
Feedback Alignment,42,0,UPSAMPLED,224,FC1,IT,all,meanrdm,0.011109951359978247,,,
Predictive Coding,42,0,UPSAMPLED,224,Conv1,V1,cr,persub,0.010794215218660941,0.005525149513132913,0.022880518344452695,0.003976977798397214
Predictive Coding,42,0,UPSAMPLED,224,Conv1,V1,cr,meanrdm,0.0160837030046898,,,
Predictive Coding,42,0,UPSAMPLED,224,Conv1,V1,all,persub,0.00959257057265851,0.005039795308159122,0.020731659757855615,0.0030062566519607928
Predictive Coding,42,0,UPSAMPLED,224,Conv1,V1,all,meanrdm,0.01430636963550166,,,
Predictive Coding,42,0,UPSAMPLED,224,Conv1,V2,cr,persub,0.0064625325554979645,0.0028665724003296505,0.014256589813962994,0.002264435452201252
Predictive Coding,42,0,UPSAMPLED,224,Conv1,V2,cr,meanrdm,0.009581399577730893,,,
Predictive Coding,42,0,UPSAMPLED,224,Conv1,V2,all,persub,0.00562402377282512,0.002940854319868836,0.013794826716749833,0.00013639028185669156
Predictive Coding,42,0,UPSAMPLED,224,Conv1,V2,all,meanrdm,0.008297297886604141,,,
Predictive Coding,42,0,UPSAMPLED,224,Conv2,V1,cr,persub,0.02927627282827544,0.029332789021328298,0.0507936628085872,0.0077023666549108204
Predictive Coding,42,0,UPSAMPLED,224,Conv2,V1,cr,meanrdm,0.04235325255469084,,,
Predictive Coding,42,0,UPSAMPLED,224,Conv2,V1,all,persub,0.02845875911801216,0.029114423529961093,0.048100408411286086,0.008161445412789308
Predictive Coding,42,0,UPSAMPLED,224,Conv2,V1,all,meanrdm,0.04114750925148339,,,
Predictive Coding,42,0,UPSAMPLED,224,Conv2,V2,cr,persub,0.021270837564539898,0.022743566087514714,0.03621807053889217,0.004850876067212811
Predictive Coding,42,0,UPSAMPLED,224,Conv2,V2,cr,meanrdm,0.03234720401574092,,,
Predictive Coding,42,0,UPSAMPLED,224,Conv2,V2,all,persub,0.02063251399977852,0.022841808928297642,0.03539633368655079,0.0036593993844871264
Predictive Coding,42,0,UPSAMPLED,224,Conv2,V2,all,meanrdm,0.03111893541678291,,,
Predictive Coding,42,0,UPSAMPLED,224,Conv3,LOC,cr,persub,0.00010461509963468104,0.006363173854196233,-0.003667317918094425,-0.0023820106371977645
Predictive Coding,42,0,UPSAMPLED,224,Conv3,LOC,cr,meanrdm,-0.0013798528167755177,,,
Predictive Coding,42,0,UPSAMPLED,224,Conv3,LOC,all,persub,0.000454994650564389,0.007275567833370096,-0.004817900662659736,-0.0010926832190171932
Predictive Coding,42,0,UPSAMPLED,224,Conv3,LOC,all,meanrdm,-0.0005704218783369307,,,
Predictive Coding,42,0,UPSAMPLED,224,FC1,IT,cr,persub,0.007300431891349268,0.007210789203456653,0.012223272199240874,0.002467234271350276
Predictive Coding,42,0,UPSAMPLED,224,FC1,IT,cr,meanrdm,0.01241883561345205,,,
Predictive Coding,42,0,UPSAMPLED,224,FC1,IT,all,persub,0.006453666185641148,0.007369938613712742,0.009418859065953845,0.0025722008772568537
Predictive Coding,42,0,UPSAMPLED,224,FC1,IT,all,meanrdm,0.0108091803417307,,,
STDP,42,0,UPSAMPLED,224,Conv1,V1,cr,persub,0.017306633249408714,0.011032078305247958,0.036157873915991054,0.004729947526987126
STDP,42,0,UPSAMPLED,224,Conv1,V1,cr,meanrdm,0.02532369564211164,,,
STDP,42,0,UPSAMPLED,224,Conv1,V1,all,persub,0.01612842500173606,0.010428808327881598,0.03408348633277982,0.003872980344546755
STDP,42,0,UPSAMPLED,224,Conv1,V1,all,meanrdm,0.02352686990179606,,,
STDP,42,0,UPSAMPLED,224,Conv1,V2,cr,persub,0.009013289827687102,0.00587600188894812,0.02000686768925629,0.0011569999048568953
STDP,42,0,UPSAMPLED,224,Conv1,V2,cr,meanrdm,0.013528987002358692,,,
STDP,42,0,UPSAMPLED,224,Conv1,V2,all,persub,0.008146843174775487,0.00588655442621467,0.019333475653747087,-0.0007795005556352965
STDP,42,0,UPSAMPLED,224,Conv1,V2,all,meanrdm,0.01238177178434423,,,
STDP,42,0,UPSAMPLED,224,Conv2,V1,cr,persub,0.012606980882566322,0.005006962533123255,0.0292608982812308,0.003553081833344911
STDP,42,0,UPSAMPLED,224,Conv2,V1,cr,meanrdm,0.018187804527338196,,,
STDP,42,0,UPSAMPLED,224,Conv2,V1,all,persub,0.011557816168180518,0.0045930624357602865,0.026087382418665178,0.003993003650116095
STDP,42,0,UPSAMPLED,224,Conv2,V1,all,meanrdm,0.016506911415027477,,,
STDP,42,0,UPSAMPLED,224,Conv2,V2,cr,persub,0.011125586402322378,0.007363833256756085,0.02459603990068012,0.0014168860495309369
STDP,42,0,UPSAMPLED,224,Conv2,V2,cr,meanrdm,0.016375139982337635,,,
STDP,42,0,UPSAMPLED,224,Conv2,V2,all,persub,0.01005593008619622,0.006933196818367019,0.02251455632495937,0.0007200371152622702
STDP,42,0,UPSAMPLED,224,Conv2,V2,all,meanrdm,0.014845758562166926,,,
STDP,42,0,UPSAMPLED,224,Conv3,LOC,cr,persub,0.0012791783147642225,0.0032548839756328073,0.004140864485597808,-0.0035582135169379475
STDP,42,0,UPSAMPLED,224,Conv3,LOC,cr,meanrdm,0.0003904493831164942,,,
STDP,42,0,UPSAMPLED,224,Conv3,LOC,all,persub,0.0013520898557354323,0.003152648301285428,0.002855107251008102,-0.0019514859850872333
STDP,42,0,UPSAMPLED,224,Conv3,LOC,all,meanrdm,0.0010538533872669637,,,
STDP,42,0,UPSAMPLED,224,FC1,IT,cr,persub,0.005930549439375647,0.004503034993610241,0.011865990804935665,0.0014226225195810378
STDP,42,0,UPSAMPLED,224,FC1,IT,cr,meanrdm,0.01017140699356543,,,
STDP,42,0,UPSAMPLED,224,FC1,IT,all,persub,0.0057527990596621574,0.004081289437854831,0.010578490332517535,0.0025986174086141075
STDP,42,0,UPSAMPLED,224,FC1,IT,all,meanrdm,0.009798940956988125,,,
Random Weights (BN-calibrated),42,0,UPSAMPLED,224,Conv1,V1,cr,persub,0.006903543864065387,0.0009572887914654559,0.01647447721577815,0.003278865584952554
Random Weights (BN-calibrated),42,0,UPSAMPLED,224,Conv1,V1,cr,meanrdm,0.010603637334140178,,,
Random Weights (BN-calibrated),42,0,UPSAMPLED,224,Conv1,V1,all,persub,0.005696810331123669,0.0003985303290701091,0.014559124532599414,0.0021327761317014855
Random Weights (BN-calibrated),42,0,UPSAMPLED,224,Conv1,V1,all,meanrdm,0.00878691669945312,,,
Random Weights (BN-calibrated),42,0,UPSAMPLED,224,Conv1,V2,cr,persub,0.0030882449910825567,-0.0008371066367146667,0.008252543330075081,0.0018492982798872554
Random Weights (BN-calibrated),42,0,UPSAMPLED,224,Conv1,V2,cr,meanrdm,0.004450703733035022,,,
Random Weights (BN-calibrated),42,0,UPSAMPLED,224,Conv1,V2,all,persub,0.0022378886760789146,-0.0010217553830454682,0.008040775491635684,-0.0003053540803534721
Random Weights (BN-calibrated),42,0,UPSAMPLED,224,Conv1,V2,all,meanrdm,0.0032365353637378697,,,
Random Weights (BN-calibrated),42,0,UPSAMPLED,224,Conv2,V1,cr,persub,0.030712023638621435,0.02947930167101707,0.05488853558623453,0.0077682336586127046
Random Weights (BN-calibrated),42,0,UPSAMPLED,224,Conv2,V1,cr,meanrdm,0.04433323738652611,,,
Random Weights (BN-calibrated),42,0,UPSAMPLED,224,Conv2,V1,all,persub,0.029801525535849322,0.029168390806887504,0.05223821298307425,0.007997972817586215
Random Weights (BN-calibrated),42,0,UPSAMPLED,224,Conv2,V1,all,meanrdm,0.04297582974672545,,,
Random Weights (BN-calibrated),42,0,UPSAMPLED,224,Conv2,V2,cr,persub,0.022028631591669883,0.022202867788024286,0.03935493105641491,0.004528095930570444
Random Weights (BN-calibrated),42,0,UPSAMPLED,224,Conv2,V2,cr,meanrdm,0.03343381834112737,,,
Random Weights (BN-calibrated),42,0,UPSAMPLED,224,Conv2,V2,all,persub,0.021329498535276856,0.02228854838073552,0.038484454191666836,0.0032154930334282157
Random Weights (BN-calibrated),42,0,UPSAMPLED,224,Conv2,V2,all,meanrdm,0.032147612068376324,,,
Random Weights (BN-calibrated),42,0,UPSAMPLED,224,Conv3,LOC,cr,persub,-0.0005174601550646222,0.005051909518610595,-0.0033910930046489474,-0.0032131969791555142
Random Weights (BN-calibrated),42,0,UPSAMPLED,224,Conv3,LOC,cr,meanrdm,-0.0023007885185649677,,,
Random Weights (BN-calibrated),42,0,UPSAMPLED,224,Conv3,LOC,all,persub,-7.190419510545844e-05,0.0063721237184909164,-0.0049314483379046875,-0.0016563879659026043
Random Weights (BN-calibrated),42,0,UPSAMPLED,224,Conv3,LOC,all,meanrdm,-0.0012442025350968898,,,
Random Weights (BN-calibrated),42,0,UPSAMPLED,224,FC1,IT,cr,persub,0.004841007109514851,0.005328481588931853,0.007289105924230802,0.0019054338153818974
Random Weights (BN-calibrated),42,0,UPSAMPLED,224,FC1,IT,cr,meanrdm,0.008550184801120995,,,
Random Weights (BN-calibrated),42,0,UPSAMPLED,224,FC1,IT,all,persub,0.004377001068661772,0.006523639448440451,0.005457059974878133,0.0011503037826667314
Random Weights (BN-calibrated),42,0,UPSAMPLED,224,FC1,IT,all,meanrdm,0.007447415462908884,,,
