rule,seed,seed_idx,arm,res,layer,roi,variant,convention,rho,rho_sub-01,rho_sub-02,rho_sub-03
Random Weights,1337,4,NATIVE,32,Conv1,V1,cr,persub,0.04230696287116412,0.0411639035429536,0.0699009241097874,0.015856060960751338
Random Weights,1337,4,NATIVE,32,Conv1,V1,cr,meanrdm,0.06184538325050688,,,
Random Weights,1337,4,NATIVE,32,Conv1,V1,all,persub,0.04155277487325933,0.04034841407286999,0.06976203392893446,0.014547876617973538
Random Weights,1337,4,NATIVE,32,Conv1,V1,all,meanrdm,0.060508677959165515,,,
Random Weights,1337,4,NATIVE,32,Conv1,V2,cr,persub,0.021488590451400263,0.025727156621010865,0.03589057801687538,0.0028480367163145302
Random Weights,1337,4,NATIVE,32,Conv1,V2,cr,meanrdm,0.032372043379179746,,,
Random Weights,1337,4,NATIVE,32,Conv1,V2,all,persub,0.021371460915333873,0.025741324614955114,0.037134603990293266,0.0012384541407532434
Random Weights,1337,4,NATIVE,32,Conv1,V2,all,meanrdm,0.03214312571791897,,,
Random Weights,1337,4,NATIVE,32,Conv2,V1,cr,persub,0.056736626378518555,0.0582688487281127,0.09291172530762665,0.01902930509981633
Random Weights,1337,4,NATIVE,32,Conv2,V1,cr,meanrdm,0.08175572647848138,,,
Random Weights,1337,4,NATIVE,32,Conv2,V1,all,persub,0.05602125080150352,0.05689602507718147,0.09290080779748236,0.01826691952984673
Random Weights,1337,4,NATIVE,32,Conv2,V1,all,meanrdm,0.0803303240656279,,,
Random Weights,1337,4,NATIVE,32,Conv2,V2,cr,persub,0.0318630771175357,0.03678570166304933,0.05472949923195985,0.0040740304575979346
Random Weights,1337,4,NATIVE,32,Conv2,V2,cr,meanrdm,0.04789084108917752,,,
Random Weights,1337,4,NATIVE,32,Conv2,V2,all,persub,0.031580890672237474,0.036345890883973435,0.0555691890374049,0.0028275920953340855
Random Weights,1337,4,NATIVE,32,Conv2,V2,all,meanrdm,0.04718825808264429,,,
Random Weights,1337,4,NATIVE,32,Conv3,LOC,cr,persub,-0.0016784262491466352,0.003500511176085251,-0.00469094672432227,-0.003844843199202886
Random Weights,1337,4,NATIVE,32,Conv3,LOC,cr,meanrdm,-0.004764183101240947,,,
Random Weights,1337,4,NATIVE,32,Conv3,LOC,all,persub,-0.0006039464730204384,0.004753251119260704,-0.00438026880416383,-0.002184821734158189
Random Weights,1337,4,NATIVE,32,Conv3,LOC,all,meanrdm,-0.0022861687399238174,,,
Random Weights,1337,4,NATIVE,32,FC1,IT,cr,persub,0.0015995908671418303,0.0011719412268005962,-0.0005296705120237775,0.004156501886648672
Random Weights,1337,4,NATIVE,32,FC1,IT,cr,meanrdm,0.0024805033468717095,,,
Random Weights,1337,4,NATIVE,32,FC1,IT,all,persub,0.002516852626153671,0.003612554307872739,0.0009353055085869831,0.0030026980620012906
Random Weights,1337,4,NATIVE,32,FC1,IT,all,meanrdm,0.003948372125789523,,,
Backprop,1337,4,NATIVE,32,Conv1,V1,cr,persub,0.05806463985904347,0.06173348813899003,0.09522602858059065,0.017234402857549697
Backprop,1337,4,NATIVE,32,Conv1,V1,cr,meanrdm,0.08543206707532544,,,
Backprop,1337,4,NATIVE,32,Conv1,V1,all,persub,0.05631188160735634,0.05998160927994166,0.09168607628735047,0.0172679592547769
Backprop,1337,4,NATIVE,32,Conv1,V1,all,meanrdm,0.08279999972773028,,,
Backprop,1337,4,NATIVE,32,Conv1,V2,cr,persub,0.0360689658511423,0.03642780520529706,0.06446907372145164,0.007310018626678199
Backprop,1337,4,NATIVE,32,Conv1,V2,cr,meanrdm,0.055231911366676975,,,
Backprop,1337,4,NATIVE,32,Conv1,V2,all,persub,0.035164578660485585,0.03633795876319671,0.06303466320423219,0.006121114014027842
Backprop,1337,4,NATIVE,32,Conv1,V2,all,meanrdm,0.05370409627354987,,,
Backprop,1337,4,NATIVE,32,Conv2,V1,cr,persub,0.04224094866013108,0.052138618892892376,0.05579271991394152,0.018791507173559346
Backprop,1337,4,NATIVE,32,Conv2,V1,cr,meanrdm,0.06460099404757934,,,
Backprop,1337,4,NATIVE,32,Conv2,V1,all,persub,0.04122118967184158,0.05211528941857378,0.053069502962769646,0.018478776634181328
Backprop,1337,4,NATIVE,32,Conv2,V1,all,meanrdm,0.06271287752896773,,,
Backprop,1337,4,NATIVE,32,Conv2,V2,cr,persub,0.023574958576735763,0.02722121482570974,0.031656040000723557,0.011847620903773984
Backprop,1337,4,NATIVE,32,Conv2,V2,cr,meanrdm,0.03743625330658129,,,
Backprop,1337,4,NATIVE,32,Conv2,V2,all,persub,0.023038469706744284,0.02785128282271653,0.03023044888881684,0.011033677408699488
Backprop,1337,4,NATIVE,32,Conv2,V2,all,meanrdm,0.036374081057902734,,,
Backprop,1337,4,NATIVE,32,Conv3,LOC,cr,persub,0.011247417542567176,0.010764862180858675,0.01760002867876113,0.005377361768081722
Backprop,1337,4,NATIVE,32,Conv3,LOC,cr,meanrdm,0.018225205480944084,,,
Backprop,1337,4,NATIVE,32,Conv3,LOC,all,persub,0.010875794065647018,0.010714278577262745,0.015849212318437632,0.0060638913012406835
Backprop,1337,4,NATIVE,32,Conv3,LOC,all,meanrdm,0.017807336974835247,,,
Backprop,1337,4,NATIVE,32,FC1,IT,cr,persub,0.015157216344193406,0.018345845389866677,0.021201850866308006,0.005923952776405533
Backprop,1337,4,NATIVE,32,FC1,IT,cr,meanrdm,0.02441033168183665,,,
Backprop,1337,4,NATIVE,32,FC1,IT,all,persub,0.015503575143082699,0.019006429251189956,0.02047019975293719,0.007034096425120954
Backprop,1337,4,NATIVE,32,FC1,IT,all,meanrdm,0.024591486489507163,,,
Feedback Alignment,1337,4,NATIVE,32,Conv1,V1,cr,persub,0.012976198273845864,0.006657216199074793,0.027450731930376542,0.004820646692086254
Feedback Alignment,1337,4,NATIVE,32,Conv1,V1,cr,meanrdm,0.020032019452437336,,,
Feedback Alignment,1337,4,NATIVE,32,Conv1,V1,all,persub,0.01142021963149147,0.00586468711763942,0.024235082190307986,0.004160889586527008
Feedback Alignment,1337,4,NATIVE,32,Conv1,V1,all,meanrdm,0.017764909386100654,,,
Feedback Alignment,1337,4,NATIVE,32,Conv1,V2,cr,persub,0.007000786569463367,0.0010332972410362804,0.017512149258360813,0.0024569132089930093
Feedback Alignment,1337,4,NATIVE,32,Conv1,V2,cr,meanrdm,0.010547733375915814,,,
Feedback Alignment,1337,4,NATIVE,32,Conv1,V2,all,persub,0.006086985059576142,0.0009743449923559507,0.016236748746132276,0.0010498614402402015
Feedback Alignment,1337,4,NATIVE,32,Conv1,V2,all,meanrdm,0.009076727097889049,,,
Feedback Alignment,1337,4,NATIVE,32,Conv2,V1,cr,persub,0.01438992001645381,0.009612452178307024,0.028696057226446792,0.00486125064460761
Feedback Alignment,1337,4,NATIVE,32,Conv2,V1,cr,meanrdm,0.022147252340444727,,,
Feedback Alignment,1337,4,NATIVE,32,Conv2,V1,all,persub,0.013258168690941064,0.009819790193398955,0.025390929688753595,0.004563786190670647
Feedback Alignment,1337,4,NATIVE,32,Conv2,V1,all,meanrdm,0.020558469019105175,,,
Feedback Alignment,1337,4,NATIVE,32,Conv2,V2,cr,persub,0.008450331707841456,0.0039074532170923545,0.0186540410917047,0.0027895008147273133
Feedback Alignment,1337,4,NATIVE,32,Conv2,V2,cr,meanrdm,0.012839978261198084,,,
Feedback Alignment,1337,4,NATIVE,32,Conv2,V2,all,persub,0.0077501946502764795,0.004875967986481402,0.01662685793256239,0.0017477580317856443
Feedback Alignment,1337,4,NATIVE,32,Conv2,V2,all,meanrdm,0.01155635156232011,,,
Feedback Alignment,1337,4,NATIVE,32,Conv3,LOC,cr,persub,0.0031945893270019523,0.005964764783309673,0.0027554575538964775,0.000863545643799705
Feedback Alignment,1337,4,NATIVE,32,Conv3,LOC,cr,meanrdm,0.00521781372075043,,,
Feedback Alignment,1337,4,NATIVE,32,Conv3,LOC,all,persub,0.0024599806989205873,0.005859856832088961,0.0013527753251256526,0.00016730993954714807
Feedback Alignment,1337,4,NATIVE,32,Conv3,LOC,all,meanrdm,0.003689110051734851,,,
Feedback Alignment,1337,4,NATIVE,32,FC1,IT,cr,persub,0.0051943937980822,0.00745920516354086,0.008229327393624475,-0.0001053511629187317
Feedback Alignment,1337,4,NATIVE,32,FC1,IT,cr,meanrdm,0.008324658012766042,,,
Feedback Alignment,1337,4,NATIVE,32,FC1,IT,all,persub,0.004754408660992246,0.006997207655427177,0.007516063662288768,-0.00025004533473920815
Feedback Alignment,1337,4,NATIVE,32,FC1,IT,all,meanrdm,0.007527476899657548,,,
Predictive Coding,1337,4,NATIVE,32,Conv1,V1,cr,persub,0.03032366424945736,0.02916032705718769,0.04909388344843994,0.012716782242744456
Predictive Coding,1337,4,NATIVE,32,Conv1,V1,cr,meanrdm,0.04569597144043185,,,
Predictive Coding,1337,4,NATIVE,32,Conv1,V1,all,persub,0.028787886929491188,0.02812897852625982,0.04659222895056803,0.011642453311645706
Predictive Coding,1337,4,NATIVE,32,Conv1,V1,all,meanrdm,0.04348786917150415,,,
Predictive Coding,1337,4,NATIVE,32,Conv1,V2,cr,persub,0.01534334519660459,0.014288524982788695,0.027762605999824795,0.003978904607200282
Predictive Coding,1337,4,NATIVE,32,Conv1,V2,cr,meanrdm,0.023411593987745085,,,
Predictive Coding,1337,4,NATIVE,32,Conv1,V2,all,persub,0.014663102987686673,0.014071657453557143,0.02715465368185737,0.002762997827645504
Predictive Coding,1337,4,NATIVE,32,Conv1,V2,all,meanrdm,0.022306313220927805,,,
Predictive Coding,1337,4,NATIVE,32,Conv2,V1,cr,persub,0.016635011736808574,0.01657580634015403,0.0252544266983061,0.008074802171965595
Predictive Coding,1337,4,NATIVE,32,Conv2,V1,cr,meanrdm,0.025806729152701446,,,
Predictive Coding,1337,4,NATIVE,32,Conv2,V1,all,persub,0.015474841495481216,0.016374719546278494,0.02311830969409931,0.006931495246065851
Predictive Coding,1337,4,NATIVE,32,Conv2,V1,all,meanrdm,0.02401474224973274,,,
Predictive Coding,1337,4,NATIVE,32,Conv2,V2,cr,persub,0.0072113707225014865,0.007715351962304901,0.011425360251198812,0.002493399954000746
Predictive Coding,1337,4,NATIVE,32,Conv2,V2,cr,meanrdm,0.010694738628024763,,,
Predictive Coding,1337,4,NATIVE,32,Conv2,V2,all,persub,0.006566981145105811,0.008006776801117322,0.010089672812146518,0.0016044938220535925
Predictive Coding,1337,4,NATIVE,32,Conv2,V2,all,meanrdm,0.009657929674889685,,,
Predictive Coding,1337,4,NATIVE,32,Conv3,LOC,cr,persub,0.004639890848961434,0.004586090402718277,0.007965469020284506,0.0013681131238815181
Predictive Coding,1337,4,NATIVE,32,Conv3,LOC,cr,meanrdm,0.0074783865927635544,,,
Predictive Coding,1337,4,NATIVE,32,Conv3,LOC,all,persub,0.0043067796792927715,0.005644603105257688,0.0064164319855384375,0.0008593039470821899
Predictive Coding,1337,4,NATIVE,32,Conv3,LOC,all,meanrdm,0.0067119419335565905,,,
Predictive Coding,1337,4,NATIVE,32,FC1,IT,cr,persub,0.007405909431763061,0.007436540794921075,0.010865414845161308,0.003915772655206797
Predictive Coding,1337,4,NATIVE,32,FC1,IT,cr,meanrdm,0.012542624658347271,,,
Predictive Coding,1337,4,NATIVE,32,FC1,IT,all,persub,0.007503025245727927,0.00892858847257853,0.00959048852411258,0.003989998740492671
Predictive Coding,1337,4,NATIVE,32,FC1,IT,all,meanrdm,0.012457589438916944,,,
STDP,1337,4,NATIVE,32,Conv1,V1,cr,persub,0.04199197972856573,0.04163469454684023,0.07327121035904124,0.011070034279815693
STDP,1337,4,NATIVE,32,Conv1,V1,cr,meanrdm,0.06164166113918866,,,
STDP,1337,4,NATIVE,32,Conv1,V1,all,persub,0.04034707501612161,0.040194826199807396,0.07005331628308789,0.01079308256546954
STDP,1337,4,NATIVE,32,Conv1,V1,all,meanrdm,0.0591559510653999,,,
STDP,1337,4,NATIVE,32,Conv1,V2,cr,persub,0.024082602925024742,0.023523096929679556,0.04533568296756635,0.003389028877828327
STDP,1337,4,NATIVE,32,Conv1,V2,cr,meanrdm,0.036476974336539486,,,
STDP,1337,4,NATIVE,32,Conv1,V2,all,persub,0.02318146128476509,0.023392053565585217,0.04405603648290913,0.002096293805800927
STDP,1337,4,NATIVE,32,Conv1,V2,all,meanrdm,0.034878880852450646,,,
STDP,1337,4,NATIVE,32,Conv2,V1,cr,persub,0.04748515790443284,0.045305787126576555,0.08417527977546395,0.012974406811258018
STDP,1337,4,NATIVE,32,Conv2,V1,cr,meanrdm,0.07011199888653177,,,
STDP,1337,4,NATIVE,32,Conv2,V1,all,persub,0.04587388379631999,0.04418563614049074,0.08032319962332994,0.0131128156251393
STDP,1337,4,NATIVE,32,Conv2,V1,all,meanrdm,0.06737309181041855,,,
STDP,1337,4,NATIVE,32,Conv2,V2,cr,persub,0.02799850787826492,0.02561147953489629,0.05313973167800505,0.005244312421893425
STDP,1337,4,NATIVE,32,Conv2,V2,cr,meanrdm,0.04246903715823318,,,
STDP,1337,4,NATIVE,32,Conv2,V2,all,persub,0.02693563925213953,0.02550485642808862,0.05112887305142756,0.004173188276902392
STDP,1337,4,NATIVE,32,Conv2,V2,all,meanrdm,0.040727108298795306,,,
STDP,1337,4,NATIVE,32,Conv3,LOC,cr,persub,0.003650311351613206,0.007278802975517748,0.0025377044040161886,0.0011344266753056794
STDP,1337,4,NATIVE,32,Conv3,LOC,cr,meanrdm,0.004641144873854649,,,
STDP,1337,4,NATIVE,32,Conv3,LOC,all,persub,0.002896539964886731,0.006350581528492152,0.0012541614057728174,0.001084876960395222
STDP,1337,4,NATIVE,32,Conv3,LOC,all,meanrdm,0.00374734779921835,,,
STDP,1337,4,NATIVE,32,FC1,IT,cr,persub,0.010472186992515259,0.011369954194137067,0.016242960323533066,0.003803646459875646
STDP,1337,4,NATIVE,32,FC1,IT,cr,meanrdm,0.016605537546950377,,,
STDP,1337,4,NATIVE,32,FC1,IT,all,persub,0.010564416705504669,0.011721086922381718,0.01607008058845182,0.0039020826056804705
STDP,1337,4,NATIVE,32,FC1,IT,all,meanrdm,0.016662713209037186,,,
Random Weights (BN-calibrated),1337,4,NATIVE,32,Conv1,V1,cr,persub,0.020620086000066633,0.01840284964640514,0.03353189990659489,0.009925508447199857
Random Weights (BN-calibrated),1337,4,NATIVE,32,Conv1,V1,cr,meanrdm,0.031557381931454284,,,
Random Weights (BN-calibrated),1337,4,NATIVE,32,Conv1,V1,all,persub,0.01907721116171271,0.017491570016592243,0.03107516882807584,0.008664894640470044
Random Weights (BN-calibrated),1337,4,NATIVE,32,Conv1,V1,all,meanrdm,0.029327592106610158,,,
Random Weights (BN-calibrated),1337,4,NATIVE,32,Conv1,V2,cr,persub,0.009763478821850287,0.007389287315833883,0.01859657348322186,0.0033045756664951123
Random Weights (BN-calibrated),1337,4,NATIVE,32,Conv1,V2,cr,meanrdm,0.014863076689132285,,,
Random Weights (BN-calibrated),1337,4,NATIVE,32,Conv1,V2,all,persub,0.009040024711921462,0.007131076907260301,0.01780417384005395,0.002184823388450131
Random Weights (BN-calibrated),1337,4,NATIVE,32,Conv1,V2,all,meanrdm,0.013732605579273784,,,
Random Weights (BN-calibrated),1337,4,NATIVE,32,Conv2,V1,cr,persub,0.014553423307756956,0.013633268531092337,0.021724951302093117,0.008302050090085415
Random Weights (BN-calibrated),1337,4,NATIVE,32,Conv2,V1,cr,meanrdm,0.0228810199940879,,,
Random Weights (BN-calibrated),1337,4,NATIVE,32,Conv2,V1,all,persub,0.013376521675287892,0.013740025835082359,0.019103614816730948,0.00728592437405037
Random Weights (BN-calibrated),1337,4,NATIVE,32,Conv2,V1,all,meanrdm,0.021253392597759005,,,
Random Weights (BN-calibrated),1337,4,NATIVE,32,Conv2,V2,cr,persub,0.006998268337989459,0.0061019527295351,0.011312375033828214,0.0035804772506050635
Random Weights (BN-calibrated),1337,4,NATIVE,32,Conv2,V2,cr,meanrdm,0.010417030770142197,,,
Random Weights (BN-calibrated),1337,4,NATIVE,32,Conv2,V2,all,persub,0.006402105750158381,0.006605871001740174,0.010065392685545035,0.002535053563189932
Random Weights (BN-calibrated),1337,4,NATIVE,32,Conv2,V2,all,meanrdm,0.009432880197389335,,,
Random Weights (BN-calibrated),1337,4,NATIVE,32,Conv3,LOC,cr,persub,0.0034073708418106666,0.005074030182465483,0.004539397114886534,0.0006086852280799838
Random Weights (BN-calibrated),1337,4,NATIVE,32,Conv3,LOC,cr,meanrdm,0.0057140425606413145,,,
Random Weights (BN-calibrated),1337,4,NATIVE,32,Conv3,LOC,all,persub,0.0030111694036702072,0.005569674452245015,0.003164761749955173,0.0002990720088104324
Random Weights (BN-calibrated),1337,4,NATIVE,32,Conv3,LOC,all,meanrdm,0.004661757015186518,,,
Random Weights (BN-calibrated),1337,4,NATIVE,32,FC1,IT,cr,persub,0.004287391099340586,0.0027215395914039105,0.007546684402195768,0.002593949304422079
Random Weights (BN-calibrated),1337,4,NATIVE,32,FC1,IT,cr,meanrdm,0.0074288600473436574,,,
Random Weights (BN-calibrated),1337,4,NATIVE,32,FC1,IT,all,persub,0.004658733804629173,0.00436052752986861,0.007539756237586476,0.0020759176464324337
Random Weights (BN-calibrated),1337,4,NATIVE,32,FC1,IT,all,meanrdm,0.00767424006066594,,,
Random Weights,1337,4,NATIVE,64,Conv1,V1,cr,persub,0.04508272495196581,0.04423811582487795,0.07444323763204322,0.016566821398976264
Random Weights,1337,4,NATIVE,64,Conv1,V1,cr,meanrdm,0.06574142288542925,,,
Random Weights,1337,4,NATIVE,64,Conv1,V1,all,persub,0.044308451297724656,0.04341711025769544,0.07429032943683393,0.015217914198644603
Random Weights,1337,4,NATIVE,64,Conv1,V1,all,meanrdm,0.0643151421841627,,,
Random Weights,1337,4,NATIVE,64,Conv1,V2,cr,persub,0.023771350977334012,0.02826467258323101,0.0401334825446087,0.0029158978041623194
Random Weights,1337,4,NATIVE,64,Conv1,V2,cr,meanrdm,0.035822064070801574,,,
Random Weights,1337,4,NATIVE,64,Conv1,V2,all,persub,0.023657554868784795,0.028288093855460415,0.04135387740816005,0.0013306933427339252
Random Weights,1337,4,NATIVE,64,Conv1,V2,all,meanrdm,0.03553790011029244,,,
Random Weights,1337,4,NATIVE,64,Conv2,V1,cr,persub,0.05925394729920489,0.06234981907950409,0.09596096963201371,0.019451053186096894
Random Weights,1337,4,NATIVE,64,Conv2,V1,cr,meanrdm,0.08531704149123111,,,
Random Weights,1337,4,NATIVE,64,Conv2,V1,all,persub,0.0585828964599155,0.060958916048393055,0.0961102383726809,0.01867953495867255
Random Weights,1337,4,NATIVE,64,Conv2,V1,all,meanrdm,0.08396610379539715,,,
Random Weights,1337,4,NATIVE,64,Conv2,V2,cr,persub,0.03355197414000269,0.039371011021169,0.05754624283881444,0.0037386685600246184
Random Weights,1337,4,NATIVE,64,Conv2,V2,cr,meanrdm,0.05041281591644869,,,
Random Weights,1337,4,NATIVE,64,Conv2,V2,all,persub,0.033351411419148436,0.038878387355039,0.0585728517858771,0.0026029951165292007
Random Weights,1337,4,NATIVE,64,Conv2,V2,all,meanrdm,0.04981696931483022,,,
Random Weights,1337,4,NATIVE,64,Conv3,LOC,cr,persub,-0.00232649940780827,0.004459282609439651,-0.0068083377055678535,-0.004630443127296607
Random Weights,1337,4,NATIVE,64,Conv3,LOC,cr,meanrdm,-0.006154298270838852,,,
Random Weights,1337,4,NATIVE,64,Conv3,LOC,all,persub,-0.0013953777687227642,0.0055192105102969775,-0.006606172042561427,-0.0030991717739038433
Random Weights,1337,4,NATIVE,64,Conv3,LOC,all,meanrdm,-0.003957245130422219,,,
Random Weights,1337,4,NATIVE,64,FC1,IT,cr,persub,0.0017213000657653307,0.0002267258914087598,0.0008825815971722869,0.004054592708714945
Random Weights,1337,4,NATIVE,64,FC1,IT,cr,meanrdm,0.002695930240146607,,,
Random Weights,1337,4,NATIVE,64,FC1,IT,all,persub,0.0029522329100005475,0.0027475190209415848,0.002861489844938396,0.0032476898641216607
Random Weights,1337,4,NATIVE,64,FC1,IT,all,meanrdm,0.004746221594194104,,,
Backprop,1337,4,NATIVE,64,Conv1,V1,cr,persub,0.04961825927703189,0.052737161144173025,0.07978179294588941,0.016335823741033244
Backprop,1337,4,NATIVE,64,Conv1,V1,cr,meanrdm,0.07369222277443847,,,
Backprop,1337,4,NATIVE,64,Conv1,V1,all,persub,0.04793459064606027,0.05104329882842845,0.07681243220652657,0.015948040903225796
Backprop,1337,4,NATIVE,64,Conv1,V1,all,meanrdm,0.07111593790237923,,,
Backprop,1337,4,NATIVE,64,Conv1,V2,cr,persub,0.02961577762279502,0.030185453862539114,0.05175048062594807,0.0069113983798978745
Backprop,1337,4,NATIVE,64,Conv1,V2,cr,meanrdm,0.04533321030137378,,,
Backprop,1337,4,NATIVE,64,Conv1,V2,all,persub,0.028735871582295167,0.0300410847420736,0.05067605753815027,0.00549047246666164
Backprop,1337,4,NATIVE,64,Conv1,V2,all,meanrdm,0.043800850785088524,,,
Backprop,1337,4,NATIVE,64,Conv2,V1,cr,persub,0.0028868044066961106,0.006474562599164655,-0.010631582498120646,0.012817433119044323
Backprop,1337,4,NATIVE,64,Conv2,V1,cr,meanrdm,0.008206462057965058,,,
Backprop,1337,4,NATIVE,64,Conv2,V1,all,persub,0.0017803938865495483,0.007818141576269106,-0.013196345039033597,0.010719385122413137
Backprop,1337,4,NATIVE,64,Conv2,V1,all,meanrdm,0.006027419970902521,,,
Backprop,1337,4,NATIVE,64,Conv2,V2,cr,persub,-1.2811949392604188e-05,0.003547069975186399,-0.014378713776188738,0.010793207952824527
Backprop,1337,4,NATIVE,64,Conv2,V2,cr,meanrdm,0.0007108033762785392,,,
Backprop,1337,4,NATIVE,64,Conv2,V2,all,persub,-0.0010129946051808867,0.004468100792016926,-0.015773649873851325,0.008266565266291739
Backprop,1337,4,NATIVE,64,Conv2,V2,all,meanrdm,-0.0011195888818415801,,,
Backprop,1337,4,NATIVE,64,Conv3,LOC,cr,persub,0.012585197013678662,0.010388885788247204,0.020818557278019227,0.0065481479747695566
Backprop,1337,4,NATIVE,64,Conv3,LOC,cr,meanrdm,0.021441038240708796,,,
Backprop,1337,4,NATIVE,64,Conv3,LOC,all,persub,0.01155387430346192,0.010427835838532087,0.017285753484296916,0.006948033587556751
Backprop,1337,4,NATIVE,64,Conv3,LOC,all,meanrdm,0.019670303745931886,,,
Backprop,1337,4,NATIVE,64,FC1,IT,cr,persub,0.017979155704854526,0.0208696923005092,0.024154776313051254,0.008912998501003128
Backprop,1337,4,NATIVE,64,FC1,IT,cr,meanrdm,0.029031828763076088,,,
Backprop,1337,4,NATIVE,64,FC1,IT,all,persub,0.017299846722492,0.02074272115852453,0.022976061705043606,0.008180757303907866
Backprop,1337,4,NATIVE,64,FC1,IT,all,meanrdm,0.02706172281004614,,,
Feedback Alignment,1337,4,NATIVE,64,Conv1,V1,cr,persub,0.010396329213820306,0.004652148483131586,0.022069279445607184,0.0044675597127221515
Feedback Alignment,1337,4,NATIVE,64,Conv1,V1,cr,meanrdm,0.01628155329024371,,,
Feedback Alignment,1337,4,NATIVE,64,Conv1,V1,all,persub,0.009093448585883467,0.0040591289552590094,0.0195444495493909,0.0036767672530004926
Feedback Alignment,1337,4,NATIVE,64,Conv1,V1,all,meanrdm,0.014378440217936621,,,
Feedback Alignment,1337,4,NATIVE,64,Conv1,V2,cr,persub,0.0047389416439670125,-0.0004198080409119116,0.012155926801703808,0.0024807061711091395
Feedback Alignment,1337,4,NATIVE,64,Conv1,V2,cr,meanrdm,0.0070529075395829085,,,
Feedback Alignment,1337,4,NATIVE,64,Conv1,V2,all,persub,0.003968106593206798,-0.0004792646544266143,0.011620256104204725,0.0007633283298422807
Feedback Alignment,1337,4,NATIVE,64,Conv1,V2,all,meanrdm,0.005818335614215852,,,
Feedback Alignment,1337,4,NATIVE,64,Conv2,V1,cr,persub,0.008645266377384268,0.00457067875099565,0.01673699010969108,0.004628130271466075
Feedback Alignment,1337,4,NATIVE,64,Conv2,V1,cr,meanrdm,0.013919876379971288,,,
Feedback Alignment,1337,4,NATIVE,64,Conv2,V1,all,persub,0.00790324281578089,0.005408481497349642,0.014318769177493099,0.003982477772499933
Feedback Alignment,1337,4,NATIVE,64,Conv2,V1,all,meanrdm,0.01284019608437365,,,
Feedback Alignment,1337,4,NATIVE,64,Conv2,V2,cr,persub,0.00432382831736568,0.0017057961302533592,0.00792258615370836,0.0033431026681353198
Feedback Alignment,1337,4,NATIVE,64,Conv2,V2,cr,meanrdm,0.006277454890940883,,,
Feedback Alignment,1337,4,NATIVE,64,Conv2,V2,all,persub,0.003726369365952118,0.002534526069493294,0.006927434000983557,0.0017171480273795049
Feedback Alignment,1337,4,NATIVE,64,Conv2,V2,all,meanrdm,0.005260950011178079,,,
Feedback Alignment,1337,4,NATIVE,64,Conv3,LOC,cr,persub,0.003908633025352372,0.006806873803566378,0.004893133997592209,2.5891274898528528e-05
Feedback Alignment,1337,4,NATIVE,64,Conv3,LOC,cr,meanrdm,0.006653002978103854,,,
Feedback Alignment,1337,4,NATIVE,64,Conv3,LOC,all,persub,0.0034027203533490073,0.0068687806093373285,0.003580878515923851,-0.00024149806521415904
Feedback Alignment,1337,4,NATIVE,64,Conv3,LOC,all,meanrdm,0.0055148555960911755,,,
Feedback Alignment,1337,4,NATIVE,64,FC1,IT,cr,persub,0.006369539611496053,0.008794038416145632,0.008862923370916754,0.0014516570474257752
Feedback Alignment,1337,4,NATIVE,64,FC1,IT,cr,meanrdm,0.010861191819205775,,,
Feedback Alignment,1337,4,NATIVE,64,FC1,IT,all,persub,0.00578064459855993,0.008696380319877055,0.00822256569899637,0.0004229877768063627
Feedback Alignment,1337,4,NATIVE,64,FC1,IT,all,meanrdm,0.009602563855561297,,,
Predictive Coding,1337,4,NATIVE,64,Conv1,V1,cr,persub,0.02441558801316634,0.022030023155649916,0.03914462884072968,0.012072112043119426
Predictive Coding,1337,4,NATIVE,64,Conv1,V1,cr,meanrdm,0.03740496254572867,,,
Predictive Coding,1337,4,NATIVE,64,Conv1,V1,all,persub,0.022959819388115445,0.021217508813534857,0.037080200529770846,0.010581748821040625
Predictive Coding,1337,4,NATIVE,64,Conv1,V1,all,meanrdm,0.03522721245808072,,,
Predictive Coding,1337,4,NATIVE,64,Conv1,V2,cr,persub,0.011791813680962259,0.010598547540241483,0.020973470233885412,0.0038034232687598826
Predictive Coding,1337,4,NATIVE,64,Conv1,V2,cr,meanrdm,0.017902605874010647,,,
Predictive Coding,1337,4,NATIVE,64,Conv1,V2,all,persub,0.011066426771478193,0.010291763781907255,0.020759663287000005,0.002147853245527317
Predictive Coding,1337,4,NATIVE,64,Conv1,V2,all,meanrdm,0.016742587821915043,,,
Predictive Coding,1337,4,NATIVE,64,Conv2,V1,cr,persub,0.012069618120839168,0.011856814925719982,0.016158341051731973,0.008193698385065546
Predictive Coding,1337,4,NATIVE,64,Conv2,V1,cr,meanrdm,0.01945881500154804,,,
Predictive Coding,1337,4,NATIVE,64,Conv2,V1,all,persub,0.01109439872993744,0.01212047401864659,0.014302724941923195,0.006859997229242536
Predictive Coding,1337,4,NATIVE,64,Conv2,V1,all,meanrdm,0.017859910400507335,,,
Predictive Coding,1337,4,NATIVE,64,Conv2,V2,cr,persub,0.003983489462905491,0.00526346288257336,0.0035634552748818444,0.0031235502312612685
Predictive Coding,1337,4,NATIVE,64,Conv2,V2,cr,meanrdm,0.005693401803540641,,,
Predictive Coding,1337,4,NATIVE,64,Conv2,V2,all,persub,0.003442802968109046,0.005557776324056796,0.002771050910828848,0.001999581669441496
Predictive Coding,1337,4,NATIVE,64,Conv2,V2,all,meanrdm,0.00481129550988236,,,
Predictive Coding,1337,4,NATIVE,64,Conv3,LOC,cr,persub,0.004590327879879404,0.0045558630120316815,0.008579486715051767,0.000635633912554762
Predictive Coding,1337,4,NATIVE,64,Conv3,LOC,cr,meanrdm,0.007602682600971599,,,
Predictive Coding,1337,4,NATIVE,64,Conv3,LOC,all,persub,0.004251388651099571,0.005324239870322038,0.0068576853440536715,0.0005722407389230041
Predictive Coding,1337,4,NATIVE,64,Conv3,LOC,all,meanrdm,0.006922525922374278,,,
Predictive Coding,1337,4,NATIVE,64,FC1,IT,cr,persub,0.008032438222623782,0.008463884872482537,0.011536980714736283,0.0040964490806525205
Predictive Coding,1337,4,NATIVE,64,FC1,IT,cr,meanrdm,0.013993470201581155,,,
Predictive Coding,1337,4,NATIVE,64,FC1,IT,all,persub,0.007922609892839523,0.009877154392597152,0.010263403608164853,0.0036272716777565627
Predictive Coding,1337,4,NATIVE,64,FC1,IT,all,meanrdm,0.01310516068306019,,,
STDP,1337,4,NATIVE,64,Conv1,V1,cr,persub,0.035320744385300064,0.03571105093664576,0.06088981076352916,0.009361371455725263
STDP,1337,4,NATIVE,64,Conv1,V1,cr,meanrdm,0.05212358998035717,,,
STDP,1337,4,NATIVE,64,Conv1,V1,all,persub,0.03389319259748074,0.034577015533014725,0.05811192308402256,0.008990639175404954
STDP,1337,4,NATIVE,64,Conv1,V1,all,meanrdm,0.04994519697701745,,,
STDP,1337,4,NATIVE,64,Conv1,V2,cr,persub,0.020039979322882352,0.019687218629658516,0.03753485364414249,0.0028978656948460456
STDP,1337,4,NATIVE,64,Conv1,V2,cr,meanrdm,0.03028631858061663,,,
STDP,1337,4,NATIVE,64,Conv1,V2,all,persub,0.019176365079140733,0.01949499504036638,0.03646641212248727,0.0015676880745685501
STDP,1337,4,NATIVE,64,Conv1,V2,all,meanrdm,0.02877526422029597,,,
STDP,1337,4,NATIVE,64,Conv2,V1,cr,persub,0.04112241204356475,0.04021752031768376,0.07175374821166758,0.011395967601342918
STDP,1337,4,NATIVE,64,Conv2,V1,cr,meanrdm,0.061028343060441206,,,
STDP,1337,4,NATIVE,64,Conv2,V1,all,persub,0.03981961003809065,0.039583568780483226,0.06854412805575988,0.011331133278028847
STDP,1337,4,NATIVE,64,Conv2,V1,all,meanrdm,0.05865716916038763,,,
STDP,1337,4,NATIVE,64,Conv2,V2,cr,persub,0.02356235151553564,0.022263869113059005,0.043980711010376004,0.004442474423171915
STDP,1337,4,NATIVE,64,Conv2,V2,cr,meanrdm,0.035749998943635,,,
STDP,1337,4,NATIVE,64,Conv2,V2,all,persub,0.022614733025274572,0.022171895379437083,0.042480298671124773,0.003192005025261865
STDP,1337,4,NATIVE,64,Conv2,V2,all,meanrdm,0.03422110114132323,,,
STDP,1337,4,NATIVE,64,Conv3,LOC,cr,persub,0.0037764059902233964,0.006289096412742693,0.004584524340580939,0.00045559721734655516
STDP,1337,4,NATIVE,64,Conv3,LOC,cr,meanrdm,0.005590894292695611,,,
STDP,1337,4,NATIVE,64,Conv3,LOC,all,persub,0.002972222666317603,0.005643669513490419,0.002439833719375319,0.0008331647660870718
STDP,1337,4,NATIVE,64,Conv3,LOC,all,meanrdm,0.004507826156694182,,,
STDP,1337,4,NATIVE,64,FC1,IT,cr,persub,0.011879588202838395,0.014166395874438228,0.015241248825325224,0.0062311199087517356
STDP,1337,4,NATIVE,64,FC1,IT,cr,meanrdm,0.01958542136553213,,,
STDP,1337,4,NATIVE,64,FC1,IT,all,persub,0.011409376066226398,0.014328141237149636,0.0144323427834511,0.00546764417807846
STDP,1337,4,NATIVE,64,FC1,IT,all,meanrdm,0.018119427529409496,,,
Random Weights (BN-calibrated),1337,4,NATIVE,64,Conv1,V1,cr,persub,0.01488500755690393,0.011613909575744414,0.02412322453210289,0.008917888562864483
Random Weights (BN-calibrated),1337,4,NATIVE,64,Conv1,V1,cr,meanrdm,0.02341542893728947,,,
Random Weights (BN-calibrated),1337,4,NATIVE,64,Conv1,V1,all,persub,0.013465040349986834,0.01098093945005788,0.022112864155267725,0.007301317444634895
Random Weights (BN-calibrated),1337,4,NATIVE,64,Conv1,V1,all,meanrdm,0.021279932262592317,,,
Random Weights (BN-calibrated),1337,4,NATIVE,64,Conv1,V2,cr,persub,0.0062830767830478,0.0038705500336395555,0.011960500000299207,0.0030181803152046368
Random Weights (BN-calibrated),1337,4,NATIVE,64,Conv1,V2,cr,meanrdm,0.009470934015229273,,,
Random Weights (BN-calibrated),1337,4,NATIVE,64,Conv1,V2,all,persub,0.005577875718327195,0.003620162659746012,0.011625123076632658,0.0014883414186029134
Random Weights (BN-calibrated),1337,4,NATIVE,64,Conv1,V2,all,meanrdm,0.008378251519873226,,,
Random Weights (BN-calibrated),1337,4,NATIVE,64,Conv2,V1,cr,persub,0.006968181276623434,0.0036320144766247894,0.009019292024276893,0.008253237328968618
Random Weights (BN-calibrated),1337,4,NATIVE,64,Conv2,V1,cr,meanrdm,0.012182855169751641,,,
Random Weights (BN-calibrated),1337,4,NATIVE,64,Conv2,V1,all,persub,0.0058517474185853765,0.004236586774872736,0.006524704300948077,0.006793951179935317
Random Weights (BN-calibrated),1337,4,NATIVE,64,Conv2,V1,all,meanrdm,0.010474342601284381,,,
Random Weights (BN-calibrated),1337,4,NATIVE,64,Conv2,V2,cr,persub,0.002899283136556758,0.001711106304804861,0.0022903988012279238,0.004696344303637489
Random Weights (BN-calibrated),1337,4,NATIVE,64,Conv2,V2,cr,meanrdm,0.004079746076685676,,,
Random Weights (BN-calibrated),1337,4,NATIVE,64,Conv2,V2,all,persub,0.0022214825243537374,0.002202945205878541,0.001381791625529385,0.0030797107416532855
Random Weights (BN-calibrated),1337,4,NATIVE,64,Conv2,V2,all,meanrdm,0.0029702615162534455,,,
Random Weights (BN-calibrated),1337,4,NATIVE,64,Conv3,LOC,cr,persub,0.003523248378784032,0.004622080883665208,0.005942289536459591,5.37471622729616e-06
Random Weights (BN-calibrated),1337,4,NATIVE,64,Conv3,LOC,cr,meanrdm,0.006317321792577641,,,
Random Weights (BN-calibrated),1337,4,NATIVE,64,Conv3,LOC,all,persub,0.003093268007682831,0.004732903187875452,0.004487330704276581,5.9570130896458874e-05
Random Weights (BN-calibrated),1337,4,NATIVE,64,Conv3,LOC,all,meanrdm,0.0054001585391126065,,,
Random Weights (BN-calibrated),1337,4,NATIVE,64,FC1,IT,cr,persub,0.004391073410541793,0.0034603493238210205,0.006262715053581532,0.003450155854222827
Random Weights (BN-calibrated),1337,4,NATIVE,64,FC1,IT,cr,meanrdm,0.007582977628753212,,,
Random Weights (BN-calibrated),1337,4,NATIVE,64,FC1,IT,all,persub,0.0040446645788892515,0.004398161793150301,0.005819116560062001,0.0019167153834554532
Random Weights (BN-calibrated),1337,4,NATIVE,64,FC1,IT,all,meanrdm,0.006840412665575909,,,
Random Weights,1337,4,NATIVE,96,Conv1,V1,cr,persub,0.04700943396892213,0.04629028840884203,0.07783381886896365,0.016904194628960725
Random Weights,1337,4,NATIVE,96,Conv1,V1,cr,meanrdm,0.06844066398019409,,,
Random Weights,1337,4,NATIVE,96,Conv1,V1,all,persub,0.04619821054021623,0.045435618815540375,0.07757021692724465,0.015588795877863666
Random Weights,1337,4,NATIVE,96,Conv1,V1,all,meanrdm,0.0669587197918491,,,
Random Weights,1337,4,NATIVE,96,Conv1,V2,cr,persub,0.025244621775124067,0.029704185791818258,0.043138157046034104,0.002891522487519839
Random Weights,1337,4,NATIVE,96,Conv1,V2,cr,meanrdm,0.0380846816965538,,,
Random Weights,1337,4,NATIVE,96,Conv1,V2,all,persub,0.02512190067962636,0.029763524699674755,0.044235401078824205,0.0013667762603801275
Random Weights,1337,4,NATIVE,96,Conv1,V2,all,meanrdm,0.03777240367863716,,,
Random Weights,1337,4,NATIVE,96,Conv2,V1,cr,persub,0.06090342821006123,0.06393660047350845,0.09908300595301606,0.019690678203659155
Random Weights,1337,4,NATIVE,96,Conv2,V1,cr,meanrdm,0.08768789584050057,,,
Random Weights,1337,4,NATIVE,96,Conv2,V1,all,persub,0.06019842712371449,0.06250984597978376,0.09911269452262057,0.01897274086873915
Random Weights,1337,4,NATIVE,96,Conv2,V1,all,meanrdm,0.08629744182989058,,,
Random Weights,1337,4,NATIVE,96,Conv2,V2,cr,persub,0.03480981950171685,0.04035277019442895,0.060459993820972426,0.0036166944897491797
Random Weights,1337,4,NATIVE,96,Conv2,V2,cr,meanrdm,0.052393925388538376,,,
Random Weights,1337,4,NATIVE,96,Conv2,V2,all,persub,0.03458891511094635,0.039864051357868975,0.061375130292720334,0.0025275636822497307
Random Weights,1337,4,NATIVE,96,Conv2,V2,all,meanrdm,0.05173565828325048,,,
Random Weights,1337,4,NATIVE,96,Conv3,LOC,cr,persub,-0.002405153453959375,0.004622804329823414,-0.007308246015572078,-0.00453001867612946
Random Weights,1337,4,NATIVE,96,Conv3,LOC,cr,meanrdm,-0.006322913680113526,,,
Random Weights,1337,4,NATIVE,96,Conv3,LOC,all,persub,-0.0015512968402348725,0.005715403200676582,-0.00725044780781381,-0.003118845913567389
Random Weights,1337,4,NATIVE,96,Conv3,LOC,all,meanrdm,-0.004293988030198653,,,
Random Weights,1337,4,NATIVE,96,FC1,IT,cr,persub,0.0021684270096887885,-0.0006025522931128451,0.0031390714211947104,0.0039687619009845
Random Weights,1337,4,NATIVE,96,FC1,IT,cr,meanrdm,0.0033463776622848426,,,
Random Weights,1337,4,NATIVE,96,FC1,IT,all,persub,0.0034789519583749095,0.0020001667645912504,0.00529253640438015,0.0031441527061533267
Random Weights,1337,4,NATIVE,96,FC1,IT,all,meanrdm,0.005518017944774838,,,
Backprop,1337,4,NATIVE,96,Conv1,V1,cr,persub,0.042834284839466885,0.045101740332852656,0.06839935781500826,0.015001756370539746
Backprop,1337,4,NATIVE,96,Conv1,V1,cr,meanrdm,0.06397848076528584,,,
Backprop,1337,4,NATIVE,96,Conv1,V1,all,persub,0.04119910126688566,0.04351234471616182,0.06567929196562612,0.01440566711886903
Backprop,1337,4,NATIVE,96,Conv1,V1,all,meanrdm,0.06145642149854645,,,
Backprop,1337,4,NATIVE,96,Conv1,V2,cr,persub,0.024774175122465405,0.02555377136675401,0.04249380986986575,0.006274944130776446
Backprop,1337,4,NATIVE,96,Conv1,V2,cr,meanrdm,0.03780660480147481,,,
Backprop,1337,4,NATIVE,96,Conv1,V2,all,persub,0.023885906915347265,0.025324354485496473,0.041611359189767605,0.004722007070777721
Backprop,1337,4,NATIVE,96,Conv1,V2,all,meanrdm,0.03628956684177721,,,
Backprop,1337,4,NATIVE,96,Conv2,V1,cr,persub,-0.0122801387686643,-0.012774836069184321,-0.03322277814584884,0.009157197909040262
Backprop,1337,4,NATIVE,96,Conv2,V1,cr,meanrdm,-0.014012544016885384,,,
Backprop,1337,4,NATIVE,96,Conv2,V1,all,persub,-0.013242671730074146,-0.010967042652375927,-0.035603918474324786,0.006842945936478275
Backprop,1337,4,NATIVE,96,Conv2,V1,all,meanrdm,-0.016034683521507345,,,
Backprop,1337,4,NATIVE,96,Conv2,V2,cr,persub,-0.00839062369448356,-0.005624061043840568,-0.028178661823646773,0.008630851784036659
Backprop,1337,4,NATIVE,96,Conv2,V2,cr,meanrdm,-0.01233190354963465,,,
Backprop,1337,4,NATIVE,96,Conv2,V2,all,persub,-0.009319854261083171,-0.004515905490268826,-0.02943437927283171,0.005990721979851025
Backprop,1337,4,NATIVE,96,Conv2,V2,all,meanrdm,-0.01402606720280809,,,
Backprop,1337,4,NATIVE,96,Conv3,LOC,cr,persub,0.011192151642050549,0.008304092658953648,0.01922718667936905,0.006045175587828952
Backprop,1337,4,NATIVE,96,Conv3,LOC,cr,meanrdm,0.01915436484734809,,,
Backprop,1337,4,NATIVE,96,Conv3,LOC,all,persub,0.01027342940935801,0.008623083047066486,0.01581569847816507,0.006381506702842474
Backprop,1337,4,NATIVE,96,Conv3,LOC,all,meanrdm,0.01758800753224252,,,
Backprop,1337,4,NATIVE,96,FC1,IT,cr,persub,0.016534006518816303,0.0170201764347125,0.022677957778818987,0.009903885342917427
Backprop,1337,4,NATIVE,96,FC1,IT,cr,meanrdm,0.026934512537504732,,,
Backprop,1337,4,NATIVE,96,FC1,IT,all,persub,0.01567405588339599,0.017637455182950606,0.020852348573040306,0.00853236389419706
Backprop,1337,4,NATIVE,96,FC1,IT,all,meanrdm,0.02467550568349261,,,
Feedback Alignment,1337,4,NATIVE,96,Conv1,V1,cr,persub,0.009462637293503962,0.0035818058752412206,0.02039282651446273,0.004413279490807935
Feedback Alignment,1337,4,NATIVE,96,Conv1,V1,cr,meanrdm,0.014920810169156806,,,
Feedback Alignment,1337,4,NATIVE,96,Conv1,V1,all,persub,0.008202439680635979,0.0030335138530419603,0.0180787716162802,0.0034950335725857725
Feedback Alignment,1337,4,NATIVE,96,Conv1,V1,all,meanrdm,0.013059746544177651,,,
Feedback Alignment,1337,4,NATIVE,96,Conv1,V2,cr,persub,0.004078226641132745,-0.000768325657165472,0.010546016397420718,0.0024569891831429888
Feedback Alignment,1337,4,NATIVE,96,Conv1,V2,cr,meanrdm,0.0060330922955567495,,,
Feedback Alignment,1337,4,NATIVE,96,Conv1,V2,all,persub,0.003286492163535241,-0.0008919319870596245,0.010224958262009745,0.0005264502156556044
Feedback Alignment,1337,4,NATIVE,96,Conv1,V2,all,meanrdm,0.004758943998467534,,,
Feedback Alignment,1337,4,NATIVE,96,Conv2,V1,cr,persub,0.007266747695323782,0.0028590445561519667,0.014040929741799943,0.004900268788019433
Feedback Alignment,1337,4,NATIVE,96,Conv2,V1,cr,meanrdm,0.011826954797820087,,,
Feedback Alignment,1337,4,NATIVE,96,Conv2,V1,all,persub,0.0066022258861319315,0.003955427888718612,0.011842298982406532,0.004008950787270651
Feedback Alignment,1337,4,NATIVE,96,Conv2,V1,all,meanrdm,0.010813107196296497,,,
Feedback Alignment,1337,4,NATIVE,96,Conv2,V2,cr,persub,0.003930173229107232,0.0014924023238801951,0.006701791431748761,0.0035963259316927395
Feedback Alignment,1337,4,NATIVE,96,Conv2,V2,cr,meanrdm,0.0057047196064562815,,,
Feedback Alignment,1337,4,NATIVE,96,Conv2,V2,all,persub,0.003243939093736908,0.0023016240199142542,0.005824906052493027,0.0016052872088034421
Feedback Alignment,1337,4,NATIVE,96,Conv2,V2,all,meanrdm,0.004529202185495906,,,
Feedback Alignment,1337,4,NATIVE,96,Conv3,LOC,cr,persub,0.004780332704420379,0.006824218461222005,0.007687499068267758,-0.00017071941622862587
Feedback Alignment,1337,4,NATIVE,96,Conv3,LOC,cr,meanrdm,0.008307239513744277,,,
Feedback Alignment,1337,4,NATIVE,96,Conv3,LOC,all,persub,0.004146360263881347,0.007126948423240204,0.005692765940998289,-0.00038063357259445103
Feedback Alignment,1337,4,NATIVE,96,Conv3,LOC,all,meanrdm,0.0069470127004181035,,,
Feedback Alignment,1337,4,NATIVE,96,FC1,IT,cr,persub,0.007623173655333419,0.009986563191145735,0.010374527323235289,0.0025084304516192345
Feedback Alignment,1337,4,NATIVE,96,FC1,IT,cr,meanrdm,0.013173274193110573,,,
Feedback Alignment,1337,4,NATIVE,96,FC1,IT,all,persub,0.006709483129369992,0.009668671467504204,0.009344287411702411,0.0011154905089033622
Feedback Alignment,1337,4,NATIVE,96,FC1,IT,all,meanrdm,0.01134315852747571,,,
Predictive Coding,1337,4,NATIVE,96,Conv1,V1,cr,persub,0.021242173137735954,0.017884991205290135,0.0342974634867177,0.01154406472120003
Predictive Coding,1337,4,NATIVE,96,Conv1,V1,cr,meanrdm,0.032800698160190996,,,
Predictive Coding,1337,4,NATIVE,96,Conv1,V1,all,persub,0.01977710173962787,0.017142406046175455,0.03231542022192251,0.009873478950785641
Predictive Coding,1337,4,NATIVE,96,Conv1,V1,all,meanrdm,0.030579870821162727,,,
Predictive Coding,1337,4,NATIVE,96,Conv1,V2,cr,persub,0.010037143655183718,0.008864182878355695,0.017686966607004473,0.003560281480190988
Predictive Coding,1337,4,NATIVE,96,Conv1,V2,cr,meanrdm,0.015124901355272903,,,
Predictive Coding,1337,4,NATIVE,96,Conv1,V2,all,persub,0.00927746933506315,0.008555597723883767,0.01755708803222565,0.0017197222490800328
Predictive Coding,1337,4,NATIVE,96,Conv1,V2,all,meanrdm,0.013943370548134992,,,
Predictive Coding,1337,4,NATIVE,96,Conv2,V1,cr,persub,0.009117299922903504,0.008112439130771197,0.011000434698086932,0.008239025939852384
Predictive Coding,1337,4,NATIVE,96,Conv2,V1,cr,meanrdm,0.015243451110616419,,,
Predictive Coding,1337,4,NATIVE,96,Conv2,V1,all,persub,0.008182989692342322,0.00861261900893063,0.00914696925054305,0.006789380817553286
Predictive Coding,1337,4,NATIVE,96,Conv2,V1,all,meanrdm,0.013691182212748947,,,
Predictive Coding,1337,4,NATIVE,96,Conv2,V2,cr,persub,0.0024851142514702436,0.0034046804632268408,0.0005313237410823847,0.0035193385501015055
Predictive Coding,1337,4,NATIVE,96,Conv2,V2,cr,meanrdm,0.0034761369626913415,,,
Predictive Coding,1337,4,NATIVE,96,Conv2,V2,all,persub,0.001912665392650562,0.0037546010242675626,-0.00015536288392372895,0.0021387580376078523
Predictive Coding,1337,4,NATIVE,96,Conv2,V2,all,meanrdm,0.002544672113723448,,,
Predictive Coding,1337,4,NATIVE,96,Conv3,LOC,cr,persub,0.005083021793089094,0.004749477976660561,0.0096681614104634,0.0008314259921433193
Predictive Coding,1337,4,NATIVE,96,Conv3,LOC,cr,meanrdm,0.00852657395878406,,,
Predictive Coding,1337,4,NATIVE,96,Conv3,LOC,all,persub,0.004630510176951148,0.005635892996570682,0.007511514109208182,0.0007441234250745786
Predictive Coding,1337,4,NATIVE,96,Conv3,LOC,all,meanrdm,0.007650782280776229,,,
Predictive Coding,1337,4,NATIVE,96,FC1,IT,cr,persub,0.008495387987847965,0.00816560850165057,0.012214697214867247,0.0051058582470260745
Predictive Coding,1337,4,NATIVE,96,FC1,IT,cr,meanrdm,0.01492447410638972,,,
Predictive Coding,1337,4,NATIVE,96,FC1,IT,all,persub,0.008066008488496866,0.00932776847703433,0.010527061271229324,0.004343195717226937
Predictive Coding,1337,4,NATIVE,96,FC1,IT,all,meanrdm,0.013565041044573295,,,
STDP,1337,4,NATIVE,96,Conv1,V1,cr,persub,0.030548043816592523,0.030520585973073326,0.052887774839735,0.008235770636969227
STDP,1337,4,NATIVE,96,Conv1,V1,cr,meanrdm,0.04526422140660627,,,
STDP,1337,4,NATIVE,96,Conv1,V1,all,persub,0.02919660173623918,0.029516100990373405,0.0502922681264836,0.007781436091860521
STDP,1337,4,NATIVE,96,Conv1,V1,all,meanrdm,0.043181948682540036,,,
STDP,1337,4,NATIVE,96,Conv1,V2,cr,persub,0.017251533021873027,0.01670999636511511,0.03251054714336553,0.002534055557138446
STDP,1337,4,NATIVE,96,Conv1,V2,cr,meanrdm,0.026014109452182684,,,
STDP,1337,4,NATIVE,96,Conv1,V2,all,persub,0.016391542760211587,0.01647810094571041,0.03151915600829501,0.0011773713266293477
STDP,1337,4,NATIVE,96,Conv1,V2,all,meanrdm,0.024504395769740145,,,
STDP,1337,4,NATIVE,96,Conv2,V1,cr,persub,0.03726433067916535,0.035979952220932435,0.06523812256019426,0.010574917256369342
STDP,1337,4,NATIVE,96,Conv2,V1,cr,meanrdm,0.05550466710570115,,,
STDP,1337,4,NATIVE,96,Conv2,V1,all,persub,0.03608248102190139,0.03556815170643869,0.06230926241765969,0.0103700289416058
STDP,1337,4,NATIVE,96,Conv2,V1,all,meanrdm,0.05323837981419455,,,
STDP,1337,4,NATIVE,96,Conv2,V2,cr,persub,0.02143136111401085,0.020306804835053767,0.03997039634193707,0.004016882165041712
STDP,1337,4,NATIVE,96,Conv2,V2,cr,meanrdm,0.03250306406076924,,,
STDP,1337,4,NATIVE,96,Conv2,V2,all,persub,0.02044906550611718,0.0201630735744306,0.03859493759908264,0.0025891853448382894
STDP,1337,4,NATIVE,96,Conv2,V2,all,meanrdm,0.030918597260907243,,,
STDP,1337,4,NATIVE,96,Conv3,LOC,cr,persub,0.0037633019492942853,0.0055883135407600384,0.0049871178941598765,0.00071447441296294
STDP,1337,4,NATIVE,96,Conv3,LOC,cr,meanrdm,0.0058271135456415095,,,
STDP,1337,4,NATIVE,96,Conv3,LOC,all,persub,0.0030695239906409146,0.005384151735160168,0.0030241821184201776,0.0008002381183423989
STDP,1337,4,NATIVE,96,Conv3,LOC,all,meanrdm,0.0048044443427965305,,,
STDP,1337,4,NATIVE,96,FC1,IT,cr,persub,0.012059758768480417,0.013503526588065617,0.014807055236432382,0.007868694480943253
STDP,1337,4,NATIVE,96,FC1,IT,cr,meanrdm,0.02055913538671058,,,
STDP,1337,4,NATIVE,96,FC1,IT,all,persub,0.01156826489248759,0.014154953239796967,0.014120185548279013,0.006429655889386795
STDP,1337,4,NATIVE,96,FC1,IT,all,meanrdm,0.01882119463898338,,,
Random Weights (BN-calibrated),1337,4,NATIVE,96,Conv1,V1,cr,persub,0.012402266632987208,0.008133555852922759,0.020663852382180423,0.008409391663858446
Random Weights (BN-calibrated),1337,4,NATIVE,96,Conv1,V1,cr,meanrdm,0.019791521712243843,,,
Random Weights (BN-calibrated),1337,4,NATIVE,96,Conv1,V1,all,persub,0.010966723341911627,0.0075639157461732855,0.018706434011969197,0.006629820267592398
Random Weights (BN-calibrated),1337,4,NATIVE,96,Conv1,V1,all,meanrdm,0.017598736496906308,,,
Random Weights (BN-calibrated),1337,4,NATIVE,96,Conv1,V2,cr,persub,0.0049829413310824855,0.002466079120218932,0.009687557108142996,0.0027951877648855292
Random Weights (BN-calibrated),1337,4,NATIVE,96,Conv1,V2,cr,meanrdm,0.007427223861585859,,,
Random Weights (BN-calibrated),1337,4,NATIVE,96,Conv1,V2,all,persub,0.00424285379211714,0.002228700992313385,0.009428457961017005,0.0010714024230210283
Random Weights (BN-calibrated),1337,4,NATIVE,96,Conv1,V2,all,meanrdm,0.006305279236368041,,,
Random Weights (BN-calibrated),1337,4,NATIVE,96,Conv2,V1,cr,persub,0.00427746055814062,-0.0006385567173001545,0.005068815267560312,0.008402123124161703
Random Weights (BN-calibrated),1337,4,NATIVE,96,Conv2,V1,cr,meanrdm,0.008310534656510753,,,
Random Weights (BN-calibrated),1337,4,NATIVE,96,Conv2,V1,all,persub,0.0030660972412642324,9.334083951268043e-05,0.0023782780914288213,0.006726672792851196
Random Weights (BN-calibrated),1337,4,NATIVE,96,Conv2,V1,all,meanrdm,0.0064105320476450485,,,
Random Weights (BN-calibrated),1337,4,NATIVE,96,Conv2,V2,cr,persub,0.0023336767160240437,0.00013952209114698817,0.0016582470660836857,0.005203260990841457
Random Weights (BN-calibrated),1337,4,NATIVE,96,Conv2,V2,cr,meanrdm,0.003341908883146653,,,
Random Weights (BN-calibrated),1337,4,NATIVE,96,Conv2,V2,all,persub,0.0015037639895580915,0.0007101113989184057,0.000573074581201328,0.0032281059885545405
Random Weights (BN-calibrated),1337,4,NATIVE,96,Conv2,V2,all,meanrdm,0.0019848244927265658,,,
Random Weights (BN-calibrated),1337,4,NATIVE,96,Conv3,LOC,cr,persub,0.004609898110375095,0.004173031527409989,0.009349129094730372,0.0003075337089849228
Random Weights (BN-calibrated),1337,4,NATIVE,96,Conv3,LOC,cr,meanrdm,0.008256352923703044,,,
Random Weights (BN-calibrated),1337,4,NATIVE,96,Conv3,LOC,all,persub,0.00394671081173074,0.004435507335136736,0.0070453391057593556,0.00035928599429612974
Random Weights (BN-calibrated),1337,4,NATIVE,96,Conv3,LOC,all,meanrdm,0.006966656804593296,,,
Random Weights (BN-calibrated),1337,4,NATIVE,96,FC1,IT,cr,persub,0.005588837045625843,0.0036576746303103903,0.008849922482411749,0.004258914024155387
Random Weights (BN-calibrated),1337,4,NATIVE,96,FC1,IT,cr,meanrdm,0.009817949641918948,,,
Random Weights (BN-calibrated),1337,4,NATIVE,96,FC1,IT,all,persub,0.004845985196488049,0.0043623690786067666,0.007813151594711375,0.002362434916146004
Random Weights (BN-calibrated),1337,4,NATIVE,96,FC1,IT,all,meanrdm,0.008436936654674125,,,
Random Weights,1337,4,NATIVE,128,Conv1,V1,cr,persub,0.048099000980389245,0.047658541629567626,0.07956799294255917,0.017070468369040942
Random Weights,1337,4,NATIVE,128,Conv1,V1,cr,meanrdm,0.06992573186010587,,,
Random Weights,1337,4,NATIVE,128,Conv1,V1,all,persub,0.04728945670215618,0.04674496695947567,0.07931132174528627,0.015812081401706618
Random Weights,1337,4,NATIVE,128,Conv1,V1,all,meanrdm,0.06845957100338554,,,
Random Weights,1337,4,NATIVE,128,Conv1,V2,cr,persub,0.025969855709846404,0.030560414386735464,0.044490411540720295,0.0028587412020834473
Random Weights,1337,4,NATIVE,128,Conv1,V2,cr,meanrdm,0.0391596644361145,,,
Random Weights,1337,4,NATIVE,128,Conv1,V2,all,persub,0.025873689731157928,0.030622438844465312,0.04559269233132378,0.0014059380176846769
Random Weights,1337,4,NATIVE,128,Conv1,V2,all,meanrdm,0.038888013223670984,,,
Random Weights,1337,4,NATIVE,128,Conv2,V1,cr,persub,0.06153287770535626,0.06454844125342138,0.10022824895659418,0.0198219429060532
Random Weights,1337,4,NATIVE,128,Conv2,V1,cr,meanrdm,0.0885940160747287,,,
Random Weights,1337,4,NATIVE,128,Conv2,V1,all,persub,0.06080024581477959,0.06304616943398648,0.10022417543434531,0.01913039257600696
Random Weights,1337,4,NATIVE,128,Conv2,V1,all,meanrdm,0.0871809215453402,,,
Random Weights,1337,4,NATIVE,128,Conv2,V2,cr,persub,0.035269729236880765,0.04069499618789747,0.06155779174413758,0.003556399778607257
Random Weights,1337,4,NATIVE,128,Conv2,V2,cr,meanrdm,0.05310548075148937,,,
Random Weights,1337,4,NATIVE,128,Conv2,V2,all,persub,0.03506893147268724,0.04021656297169379,0.062471779991661924,0.002518451454706013
Random Weights,1337,4,NATIVE,128,Conv2,V2,all,meanrdm,0.05246180181746961,,,
Random Weights,1337,4,NATIVE,128,Conv3,LOC,cr,persub,-0.0025329763441860756,0.004704972300445543,-0.0077447865379320765,-0.004559114795071694
Random Weights,1337,4,NATIVE,128,Conv3,LOC,cr,meanrdm,-0.006552553231998645,,,
Random Weights,1337,4,NATIVE,128,Conv3,LOC,all,persub,-0.0016842222352371266,0.005798363510282973,-0.007685063231923471,-0.003165966984070882
Random Weights,1337,4,NATIVE,128,Conv3,LOC,all,meanrdm,-0.004572777862824309,,,
Random Weights,1337,4,NATIVE,128,FC1,IT,cr,persub,0.0026394018262053454,-0.0010430425038984203,0.004685994956015125,0.004275253026499333
Random Weights,1337,4,NATIVE,128,FC1,IT,cr,meanrdm,0.004155675710124667,,,
Random Weights,1337,4,NATIVE,128,FC1,IT,all,persub,0.003915411678542157,0.0015236372245890526,0.006814337657707436,0.0034082601533299813
Random Weights,1337,4,NATIVE,128,FC1,IT,all,meanrdm,0.006257197687097333,,,
Backprop,1337,4,NATIVE,128,Conv1,V1,cr,persub,0.0382067405862259,0.03963713806876178,0.06110863829236004,0.013874445397555862
Backprop,1337,4,NATIVE,128,Conv1,V1,cr,meanrdm,0.05726074959384079,,,
Backprop,1337,4,NATIVE,128,Conv1,V1,all,persub,0.03659948171794294,0.03814292182055505,0.058512414473577676,0.013143108859696072
Backprop,1337,4,NATIVE,128,Conv1,V1,all,meanrdm,0.05477008747297616,,,
Backprop,1337,4,NATIVE,128,Conv1,V2,cr,persub,0.021649351737766418,0.022387952672319918,0.03689951224880952,0.005660590292169819
Backprop,1337,4,NATIVE,128,Conv1,V2,cr,meanrdm,0.032945709692495787,,,
Backprop,1337,4,NATIVE,128,Conv1,V2,all,persub,0.020746946968262566,0.02212459539468876,0.03609424768516123,0.004021997824937709
Backprop,1337,4,NATIVE,128,Conv1,V2,all,meanrdm,0.03143426461914608,,,
Backprop,1337,4,NATIVE,128,Conv2,V1,cr,persub,-0.018094054438317058,-0.020451835066906874,-0.04101516957588279,0.007184841327838491
Backprop,1337,4,NATIVE,128,Conv2,V1,cr,meanrdm,-0.02279353677356233,,,
Backprop,1337,4,NATIVE,128,Conv2,V1,all,persub,-0.018941649957749107,-0.018494747662318126,-0.04327623111616092,0.004946028905231729
Backprop,1337,4,NATIVE,128,Conv2,V1,all,meanrdm,-0.024645167727157496,,,
Backprop,1337,4,NATIVE,128,Conv2,V2,cr,persub,-0.011285856779984697,-0.008557515323366351,-0.03235431609261402,0.007054261076026282
Backprop,1337,4,NATIVE,128,Conv2,V2,cr,meanrdm,-0.016820953094037836,,,
Backprop,1337,4,NATIVE,128,Conv2,V2,all,persub,-0.012077611039307962,-0.007375566033361762,-0.033478896850500386,0.004621629765938264
Backprop,1337,4,NATIVE,128,Conv2,V2,all,meanrdm,-0.018250483088535017,,,
Backprop,1337,4,NATIVE,128,Conv3,LOC,cr,persub,0.009800804230636994,0.007146237761105517,0.016971855935527774,0.005284318995277691
Backprop,1337,4,NATIVE,128,Conv3,LOC,cr,meanrdm,0.016746533376346517,,,
Backprop,1337,4,NATIVE,128,Conv3,LOC,all,persub,0.009012977512035702,0.007616493693780111,0.01377204113781546,0.005650397704511536
Backprop,1337,4,NATIVE,128,Conv3,LOC,all,meanrdm,0.015445882412607135,,,
Backprop,1337,4,NATIVE,128,FC1,IT,cr,persub,0.014751964819450555,0.014995620386699994,0.019832010806539662,0.00942826326511201
Backprop,1337,4,NATIVE,128,FC1,IT,cr,meanrdm,0.02402684221381735,,,
Backprop,1337,4,NATIVE,128,FC1,IT,all,persub,0.013751320493781615,0.01559228084635899,0.017842562485028593,0.007819118149957264
Backprop,1337,4,NATIVE,128,FC1,IT,all,meanrdm,0.021595063274248025,,,
Feedback Alignment,1337,4,NATIVE,128,Conv1,V1,cr,persub,0.008990264109030933,0.0029960929067720863,0.019580233796202894,0.004394465624117815
Feedback Alignment,1337,4,NATIVE,128,Conv1,V1,cr,meanrdm,0.01420438902097573,,,
Feedback Alignment,1337,4,NATIVE,128,Conv1,V1,all,persub,0.007759567431399537,0.0024866163318088474,0.017377010774769146,0.0034150751876206174
Feedback Alignment,1337,4,NATIVE,128,Conv1,V1,all,meanrdm,0.012379936826101867,,,
Feedback Alignment,1337,4,NATIVE,128,Conv1,V2,cr,persub,0.0037850286431325257,-0.0008138022550802129,0.009761962130198944,0.002406926054278846
Feedback Alignment,1337,4,NATIVE,128,Conv1,V2,cr,meanrdm,0.005592202619821832,,,
Feedback Alignment,1337,4,NATIVE,128,Conv1,V2,all,persub,0.0029902513594327706,-0.0009428857267807179,0.009538876158266433,0.00037476364681259677
Feedback Alignment,1337,4,NATIVE,128,Conv1,V2,all,meanrdm,0.004318948824498732,,,
Feedback Alignment,1337,4,NATIVE,128,Conv2,V1,cr,persub,0.006777441386169241,0.002067522336561822,0.01297642108458095,0.005288380737364952
Feedback Alignment,1337,4,NATIVE,128,Conv2,V1,cr,meanrdm,0.011062455792329916,,,
Feedback Alignment,1337,4,NATIVE,128,Conv2,V1,all,persub,0.006093010599025495,0.0032528400354402518,0.010785615563824902,0.004240576197811333
Feedback Alignment,1337,4,NATIVE,128,Conv2,V1,all,meanrdm,0.009980355683477085,,,
Feedback Alignment,1337,4,NATIVE,128,Conv2,V2,cr,persub,0.003882549780304459,0.0015293200807054512,0.0063395682001009205,0.003778761060107004
Feedback Alignment,1337,4,NATIVE,128,Conv2,V2,cr,meanrdm,0.005727601542318909,,,
Feedback Alignment,1337,4,NATIVE,128,Conv2,V2,all,persub,0.003135393934751971,0.002359731706248442,0.005439641282587322,0.0016068088154201489
Feedback Alignment,1337,4,NATIVE,128,Conv2,V2,all,meanrdm,0.004438567604899219,,,
Feedback Alignment,1337,4,NATIVE,128,Conv3,LOC,cr,persub,0.004905126912572681,0.0064396740065491166,0.008615418531717624,-0.0003397118005486997
Feedback Alignment,1337,4,NATIVE,128,Conv3,LOC,cr,meanrdm,0.008585390316289123,,,
Feedback Alignment,1337,4,NATIVE,128,Conv3,LOC,all,persub,0.004202952896573951,0.006957477236495344,0.006278383500012193,-0.0006270020467856861
Feedback Alignment,1337,4,NATIVE,128,Conv3,LOC,all,meanrdm,0.007107320858611752,,,
Feedback Alignment,1337,4,NATIVE,128,FC1,IT,cr,persub,0.007712417816362946,0.009718963093092588,0.010394481158505374,0.0030238091974908753
Feedback Alignment,1337,4,NATIVE,128,FC1,IT,cr,meanrdm,0.013602893630396814,,,
Feedback Alignment,1337,4,NATIVE,128,FC1,IT,all,persub,0.006716372718096238,0.009506773010302774,0.009139398970144697,0.0015029461738412459
Feedback Alignment,1337,4,NATIVE,128,FC1,IT,all,meanrdm,0.011541324888072163,,,
Predictive Coding,1337,4,NATIVE,128,Conv1,V1,cr,persub,0.01955180317882659,0.0156968702884741,0.031728788626655076,0.011229750621350593
Predictive Coding,1337,4,NATIVE,128,Conv1,V1,cr,meanrdm,0.03029847697762372,,,
Predictive Coding,1337,4,NATIVE,128,Conv1,V1,all,persub,0.01808785543705323,0.014965336001987555,0.02981523857631906,0.009482991732853075
Predictive Coding,1337,4,NATIVE,128,Conv1,V1,all,meanrdm,0.028060784151727015,,,
Predictive Coding,1337,4,NATIVE,128,Conv1,V2,cr,persub,0.009118360100054946,0.00808813614029677,0.01586121472831292,0.0034057294315551477
Predictive Coding,1337,4,NATIVE,128,Conv1,V2,cr,meanrdm,0.01368283509406586,,,
Predictive Coding,1337,4,NATIVE,128,Conv1,V2,all,persub,0.008366828880260165,0.007777009717603536,0.015824845130813434,0.0014986317923635212
Predictive Coding,1337,4,NATIVE,128,Conv1,V2,all,meanrdm,0.012532262885781558,,,
Predictive Coding,1337,4,NATIVE,128,Conv2,V1,cr,persub,0.007513889020380617,0.005877483946741722,0.008456122676258383,0.008208060438141745
Predictive Coding,1337,4,NATIVE,128,Conv2,V1,cr,meanrdm,0.01292189659382866,,,
Predictive Coding,1337,4,NATIVE,128,Conv2,V1,all,persub,0.006635165701473044,0.006455887020448653,0.0066854287512364986,0.0067641813327339794
Predictive Coding,1337,4,NATIVE,128,Conv2,V1,all,meanrdm,0.011442427401917372,,,
Predictive Coding,1337,4,NATIVE,128,Conv2,V2,cr,persub,0.0017245843338118837,0.002496935945394943,-0.0008826688961586268,0.0035594859521993344
Predictive Coding,1337,4,NATIVE,128,Conv2,V2,cr,meanrdm,0.002329334226406005,,,
Predictive Coding,1337,4,NATIVE,128,Conv2,V2,all,persub,0.001167124351602881,0.002846198437794996,-0.001467551056785705,0.0021227256737993525
Predictive Coding,1337,4,NATIVE,128,Conv2,V2,all,meanrdm,0.001420876047894328,,,
Predictive Coding,1337,4,NATIVE,128,Conv3,LOC,cr,persub,0.005045708481813344,0.004648307571444466,0.009595460159585832,0.0008933577144097317
Predictive Coding,1337,4,NATIVE,128,Conv3,LOC,cr,meanrdm,0.00848911023196644,,,
Predictive Coding,1337,4,NATIVE,128,Conv3,LOC,all,persub,0.004598251934236829,0.0056666845534114494,0.007256951080793979,0.0008711201685050593
Predictive Coding,1337,4,NATIVE,128,Conv3,LOC,all,meanrdm,0.0076073542426949,,,
Predictive Coding,1337,4,NATIVE,128,FC1,IT,cr,persub,0.008144094679409053,0.008092976463524252,0.011363729497104826,0.004975578077598078
Predictive Coding,1337,4,NATIVE,128,FC1,IT,cr,meanrdm,0.014069026519493969,,,
Predictive Coding,1337,4,NATIVE,128,FC1,IT,all,persub,0.0077123219071508105,0.009200503297093559,0.009699242863661393,0.0042372195606974776
Predictive Coding,1337,4,NATIVE,128,FC1,IT,all,meanrdm,0.012779068832129144,,,
STDP,1337,4,NATIVE,128,Conv1,V1,cr,persub,0.027508116304773376,0.026963502006350334,0.047982017703156625,0.007578829204813181
STDP,1337,4,NATIVE,128,Conv1,V1,cr,meanrdm,0.040875107369592024,,,
STDP,1337,4,NATIVE,128,Conv1,V1,all,persub,0.026182283734739544,0.02601314136491183,0.04548196305489448,0.007051746784412326
STDP,1337,4,NATIVE,128,Conv1,V1,all,meanrdm,0.03881950453531757,,,
STDP,1337,4,NATIVE,128,Conv1,V2,cr,persub,0.015533367995623609,0.014788747505449402,0.029473815205004368,0.002337541276417057
STDP,1337,4,NATIVE,128,Conv1,V2,cr,meanrdm,0.023369793492179526,,,
STDP,1337,4,NATIVE,128,Conv1,V2,all,persub,0.014681078117399443,0.014521746524937453,0.02858389888458007,0.0009375889426808064
STDP,1337,4,NATIVE,128,Conv1,V2,all,meanrdm,0.02187401876219521,,,
STDP,1337,4,NATIVE,128,Conv2,V1,cr,persub,0.034575349818487505,0.03267556898317114,0.06123770682468972,0.00981277364760167
STDP,1337,4,NATIVE,128,Conv2,V1,cr,meanrdm,0.05158993698169652,,,
STDP,1337,4,NATIVE,128,Conv2,V1,all,persub,0.03345104510179256,0.0323904859336792,0.05839557719987365,0.009567072171824835
STDP,1337,4,NATIVE,128,Conv2,V1,all,meanrdm,0.049380681657443026,,,
STDP,1337,4,NATIVE,128,Conv2,V2,cr,persub,0.019958133811548893,0.018833027077377194,0.03745111973725182,0.003590254620017671
STDP,1337,4,NATIVE,128,Conv2,V2,cr,meanrdm,0.030220874566676607,,,
STDP,1337,4,NATIVE,128,Conv2,V2,all,persub,0.019001703454611534,0.018722126564430917,0.03616646708334191,0.002116516716061775
STDP,1337,4,NATIVE,128,Conv2,V2,all,meanrdm,0.028660580671595437,,,
STDP,1337,4,NATIVE,128,Conv3,LOC,cr,persub,0.0037150563876821707,0.005128097103716171,0.005566864069787369,0.0004502079895429706
STDP,1337,4,NATIVE,128,Conv3,LOC,cr,meanrdm,0.005762291867309175,,,
STDP,1337,4,NATIVE,128,Conv3,LOC,all,persub,0.003094356622090361,0.005098850713474351,0.0035124989319602565,0.000671720220836474
STDP,1337,4,NATIVE,128,Conv3,LOC,all,meanrdm,0.004863429799920947,,,
STDP,1337,4,NATIVE,128,FC1,IT,cr,persub,0.011422500599071678,0.013213542322837836,0.013383092788419837,0.0076708666859573605
STDP,1337,4,NATIVE,128,FC1,IT,cr,meanrdm,0.019434904317962593,,,
STDP,1337,4,NATIVE,128,FC1,IT,all,persub,0.01096791097074438,0.013772358440426834,0.012873311978385411,0.0062580624934209
STDP,1337,4,NATIVE,128,FC1,IT,all,meanrdm,0.017787022541017022,,,
Random Weights (BN-calibrated),1337,4,NATIVE,128,Conv1,V1,cr,persub,0.011339276531364462,0.006592712617463681,0.019229120129208428,0.008195996847421274
Random Weights (BN-calibrated),1337,4,NATIVE,128,Conv1,V1,cr,meanrdm,0.018186904416076156,,,
Random Weights (BN-calibrated),1337,4,NATIVE,128,Conv1,V1,all,persub,0.00989572675361163,0.006025007554600668,0.01731394119707685,0.006348231509157374
Random Weights (BN-calibrated),1337,4,NATIVE,128,Conv1,V1,all,meanrdm,0.01596268095035284,,,
Random Weights (BN-calibrated),1337,4,NATIVE,128,Conv1,V2,cr,persub,0.004448622266797725,0.002059855914198026,0.008618865558238578,0.002667145327956569
Random Weights (BN-calibrated),1337,4,NATIVE,128,Conv1,V2,cr,meanrdm,0.0065812449196727225,,,
Random Weights (BN-calibrated),1337,4,NATIVE,128,Conv1,V2,all,persub,0.003713094257150195,0.0018227931192438308,0.008447373247179434,0.0008691164050273193
Random Weights (BN-calibrated),1337,4,NATIVE,128,Conv1,V2,all,meanrdm,0.005483278600304587,,,
Random Weights (BN-calibrated),1337,4,NATIVE,128,Conv2,V1,cr,persub,0.0033949810752987295,-0.0022554207330702856,0.003940845569507185,0.00849951838945929
Random Weights (BN-calibrated),1337,4,NATIVE,128,Conv2,V1,cr,meanrdm,0.006948591553406017,,,
Random Weights (BN-calibrated),1337,4,NATIVE,128,Conv2,V1,all,persub,0.0021499443257546108,-0.0015436006642296476,0.0012269856349396892,0.006766448006553791
Random Weights (BN-calibrated),1337,4,NATIVE,128,Conv2,V1,all,meanrdm,0.0049839636220281565,,,
Random Weights (BN-calibrated),1337,4,NATIVE,128,Conv2,V2,cr,persub,0.0022674580647995767,-6.440842389597275e-05,0.0016895482083613472,0.005177234409933356
Random Weights (BN-calibrated),1337,4,NATIVE,128,Conv2,V2,cr,meanrdm,0.003289957877675686,,,
Random Weights (BN-calibrated),1337,4,NATIVE,128,Conv2,V2,all,persub,0.0013986129264326802,0.0004871834050189242,0.0005574192546061142,0.003151236119673002
Random Weights (BN-calibrated),1337,4,NATIVE,128,Conv2,V2,all,meanrdm,0.0018724400824695758,,,
Random Weights (BN-calibrated),1337,4,NATIVE,128,Conv3,LOC,cr,persub,0.004530195065527951,0.0036623684890613856,0.009631802870857428,0.0002964138366650401
Random Weights (BN-calibrated),1337,4,NATIVE,128,Conv3,LOC,cr,meanrdm,0.008110741307854628,,,
Random Weights (BN-calibrated),1337,4,NATIVE,128,Conv3,LOC,all,persub,0.0037920414054766417,0.004142983889187778,0.00697811357426044,0.0002550267529817087
Random Weights (BN-calibrated),1337,4,NATIVE,128,Conv3,LOC,all,meanrdm,0.006706605393710936,,,
Random Weights (BN-calibrated),1337,4,NATIVE,128,FC1,IT,cr,persub,0.006096184848979423,0.003538366327072059,0.010010224997500124,0.004739963222366088
Random Weights (BN-calibrated),1337,4,NATIVE,128,FC1,IT,cr,meanrdm,0.01070321551142782,,,
Random Weights (BN-calibrated),1337,4,NATIVE,128,FC1,IT,all,persub,0.0052931798000311,0.004208874378342826,0.008640300817617763,0.003030364204132711
Random Weights (BN-calibrated),1337,4,NATIVE,128,FC1,IT,all,meanrdm,0.009142111116071047,,,
Random Weights,1337,4,NATIVE,160,Conv1,V1,cr,persub,0.048817113980752135,0.04861151399341066,0.08065048584617872,0.017189342102667017
Random Weights,1337,4,NATIVE,160,Conv1,V1,cr,meanrdm,0.07090052825384785,,,
Random Weights,1337,4,NATIVE,160,Conv1,V1,all,persub,0.04800237680112052,0.04764412763530316,0.0803947946839611,0.01596820808409733
Random Weights,1337,4,NATIVE,160,Conv1,V1,all,meanrdm,0.06943484062410774,,,
Random Weights,1337,4,NATIVE,160,Conv1,V2,cr,persub,0.026448765482547307,0.031188165591055937,0.04533715056501671,0.0028209802915692833
Random Weights,1337,4,NATIVE,160,Conv1,V2,cr,meanrdm,0.0398554334648656,,,
Random Weights,1337,4,NATIVE,160,Conv1,V2,all,persub,0.0263696829524305,0.031237527971264004,0.046456874748378785,0.001414646137648713
Random Weights,1337,4,NATIVE,160,Conv1,V2,all,meanrdm,0.03960839102030528,,,
Random Weights,1337,4,NATIVE,160,Conv2,V1,cr,persub,0.062017722259881704,0.06516633529753982,0.10107298797805091,0.019813843504054407
Random Weights,1337,4,NATIVE,160,Conv2,V1,cr,meanrdm,0.08926053281013309,,,
Random Weights,1337,4,NATIVE,160,Conv2,V1,all,persub,0.061274806279184635,0.06360678789309468,0.10105720667543089,0.01916042426902835
Random Weights,1337,4,NATIVE,160,Conv2,V1,all,meanrdm,0.08784627324661026,,,
Random Weights,1337,4,NATIVE,160,Conv2,V2,cr,persub,0.035617135234121626,0.041104196766398995,0.06233611395371313,0.0034110949822527678
Random Weights,1337,4,NATIVE,160,Conv2,V2,cr,meanrdm,0.05360439962134862,,,
Random Weights,1337,4,NATIVE,160,Conv2,V2,all,persub,0.035436300431056104,0.040630984286915445,0.0632684886071015,0.0024094283991513634
Random Weights,1337,4,NATIVE,160,Conv2,V2,all,meanrdm,0.05299028901549926,,,
Random Weights,1337,4,NATIVE,160,Conv3,LOC,cr,persub,-0.002704841390780855,0.004739737587701395,-0.008326737697987353,-0.004527524062056607
Random Weights,1337,4,NATIVE,160,Conv3,LOC,cr,meanrdm,-0.006846967498987604,,,
Random Weights,1337,4,NATIVE,160,Conv3,LOC,all,persub,-0.0018685707739845533,0.005841547298539118,-0.008285131885274823,-0.003162127735217954
Random Weights,1337,4,NATIVE,160,Conv3,LOC,all,meanrdm,-0.004901880182995413,,,
Random Weights,1337,4,NATIVE,160,FC1,IT,cr,persub,0.002733558533022668,-0.001079844424925855,0.005180583917955089,0.00409993610603877
Random Weights,1337,4,NATIVE,160,FC1,IT,cr,meanrdm,0.004227629659239618,,,
Random Weights,1337,4,NATIVE,160,FC1,IT,all,persub,0.00406237099902504,0.001476611218983289,0.0075057516488547865,0.003204750129237044
Random Weights,1337,4,NATIVE,160,FC1,IT,all,meanrdm,0.006402439919227661,,,
Backprop,1337,4,NATIVE,160,Conv1,V1,cr,persub,0.03551256985454662,0.03634126499539135,0.05700842015349056,0.013188024414757955
Backprop,1337,4,NATIVE,160,Conv1,V1,cr,meanrdm,0.053336473728319636,,,
Backprop,1337,4,NATIVE,160,Conv1,V1,all,persub,0.03392548903350163,0.034892542211614884,0.05450824403702789,0.012375680851862116
Backprop,1337,4,NATIVE,160,Conv1,V1,all,meanrdm,0.05087041716613293,,,
Backprop,1337,4,NATIVE,160,Conv1,V2,cr,persub,0.0198843467123376,0.020590303624026987,0.03381856116593682,0.0052441753470489905
Backprop,1337,4,NATIVE,160,Conv1,V2,cr,meanrdm,0.03020962095680408,,,
Backprop,1337,4,NATIVE,160,Conv1,V2,all,persub,0.01898760216745129,0.020304859514730305,0.033092156173522645,0.0035657908141009283
Backprop,1337,4,NATIVE,160,Conv1,V2,all,meanrdm,0.02871489970627696,,,
Backprop,1337,4,NATIVE,160,Conv2,V1,cr,persub,-0.020351615749671623,-0.023494737011302145,-0.043664505809937526,0.006104395572224798
Backprop,1337,4,NATIVE,160,Conv2,V1,cr,meanrdm,-0.026297337895168707,,,
Backprop,1337,4,NATIVE,160,Conv2,V1,all,persub,-0.021156895971991243,-0.02156042995983067,-0.045913061458124634,0.004002803501981581
Backprop,1337,4,NATIVE,160,Conv2,V1,all,meanrdm,-0.02805650146653684,,,
Backprop,1337,4,NATIVE,160,Conv2,V2,cr,persub,-0.012260413243686387,-0.009413665197435724,-0.03347489998883486,0.006107325455211423
Backprop,1337,4,NATIVE,160,Conv2,V2,cr,meanrdm,-0.018270552486831862,,,
Backprop,1337,4,NATIVE,160,Conv2,V2,all,persub,-0.012972211053618376,-0.008251726257823045,-0.03458642982842049,0.003921522925388399
Backprop,1337,4,NATIVE,160,Conv2,V2,all,meanrdm,-0.019550875644599935,,,
Backprop,1337,4,NATIVE,160,Conv3,LOC,cr,persub,0.009381386414954286,0.006476150164042081,0.016861891719013738,0.004806117361807039
Backprop,1337,4,NATIVE,160,Conv3,LOC,cr,meanrdm,0.016004606812607448,,,
Backprop,1337,4,NATIVE,160,Conv3,LOC,all,persub,0.008610568268844947,0.007017921027583822,0.013659992585150285,0.005153791193800734
Backprop,1337,4,NATIVE,160,Conv3,LOC,all,meanrdm,0.014789693221125496,,,
Backprop,1337,4,NATIVE,160,FC1,IT,cr,persub,0.013471731013759107,0.01293291814923698,0.018511010324947924,0.008971264567092423
Backprop,1337,4,NATIVE,160,FC1,IT,cr,meanrdm,0.021832471137836006,,,
Backprop,1337,4,NATIVE,160,FC1,IT,all,persub,0.012410105435940608,0.013584847329806454,0.016391075979150977,0.007254392998864393
Backprop,1337,4,NATIVE,160,FC1,IT,all,meanrdm,0.01932201116401353,,,
Feedback Alignment,1337,4,NATIVE,160,Conv1,V1,cr,persub,0.008816454063134378,0.0028470886753704195,0.019193066643087047,0.004409206870945665
Feedback Alignment,1337,4,NATIVE,160,Conv1,V1,cr,meanrdm,0.013923182192686633,,,
Feedback Alignment,1337,4,NATIVE,160,Conv1,V1,all,persub,0.007609347001827307,0.002359754751169027,0.0170710340568911,0.0033972521974217932
Feedback Alignment,1337,4,NATIVE,160,Conv1,V1,all,meanrdm,0.012124711197218767,,,
Feedback Alignment,1337,4,NATIVE,160,Conv1,V2,cr,persub,0.0036519277159775113,-0.0007000069601552059,0.009316182476261542,0.0023396076318262004
Feedback Alignment,1337,4,NATIVE,160,Conv1,V2,cr,meanrdm,0.005379728209893106,,,
Feedback Alignment,1337,4,NATIVE,160,Conv1,V2,all,persub,0.0028709528767869477,-0.0008253032445450137,0.009178240807843798,0.00025992106706205863
Feedback Alignment,1337,4,NATIVE,160,Conv1,V2,all,meanrdm,0.004130923744522433,,,
Feedback Alignment,1337,4,NATIVE,160,Conv2,V1,cr,persub,0.006677941735006004,0.0018169532947538893,0.012612548517840896,0.005604323392423226
Feedback Alignment,1337,4,NATIVE,160,Conv2,V1,cr,meanrdm,0.010866486504529895,,,
Feedback Alignment,1337,4,NATIVE,160,Conv2,V1,all,persub,0.0060103396386828505,0.0030115994598326084,0.010507561503464118,0.004511857952751826
Feedback Alignment,1337,4,NATIVE,160,Conv2,V1,all,meanrdm,0.009796557184566828,,,
Feedback Alignment,1337,4,NATIVE,160,Conv2,V2,cr,persub,0.0039023682311097267,0.00177694399805643,0.006142483008059748,0.003787677687213001
Feedback Alignment,1337,4,NATIVE,160,Conv2,V2,cr,meanrdm,0.005777361055318963,,,
Feedback Alignment,1337,4,NATIVE,160,Conv2,V2,all,persub,0.003175158919644415,0.002629103112430041,0.005306547699117038,0.0015898259473861656
Feedback Alignment,1337,4,NATIVE,160,Conv2,V2,all,meanrdm,0.004522758806598682,,,
Feedback Alignment,1337,4,NATIVE,160,Conv3,LOC,cr,persub,0.004654944654220192,0.00607720540124746,0.008353026898959233,-0.00046539833754611693
Feedback Alignment,1337,4,NATIVE,160,Conv3,LOC,cr,meanrdm,0.00815915024844677,,,
Feedback Alignment,1337,4,NATIVE,160,Conv3,LOC,all,persub,0.004008585293783148,0.006796675170578813,0.005980966513564184,-0.0007518858027935524
Feedback Alignment,1337,4,NATIVE,160,Conv3,LOC,all,meanrdm,0.0068022068591556675,,,
Feedback Alignment,1337,4,NATIVE,160,FC1,IT,cr,persub,0.007612948595397896,0.009720193911226357,0.009944851343463623,0.0031738005315037118
Feedback Alignment,1337,4,NATIVE,160,FC1,IT,cr,meanrdm,0.013519760957382854,,,
Feedback Alignment,1337,4,NATIVE,160,FC1,IT,all,persub,0.006620896723570501,0.009591920086529067,0.008642586467168808,0.001628183617013625
Feedback Alignment,1337,4,NATIVE,160,FC1,IT,all,meanrdm,0.011417385288555638,,,
Predictive Coding,1337,4,NATIVE,160,Conv1,V1,cr,persub,0.0187269243460795,0.01469657111844216,0.030431079461315527,0.011053122458480813
Predictive Coding,1337,4,NATIVE,160,Conv1,V1,cr,meanrdm,0.029048385789800294,,,
Predictive Coding,1337,4,NATIVE,160,Conv1,V1,all,persub,0.017263743251000874,0.013943483152342818,0.028574048838979706,0.009273697761680107
Predictive Coding,1337,4,NATIVE,160,Conv1,V1,all,meanrdm,0.026801606354014153,,,
Predictive Coding,1337,4,NATIVE,160,Conv1,V2,cr,persub,0.008661136825585081,0.007898860742413891,0.014850206940621825,0.0032343427937195253
Predictive Coding,1337,4,NATIVE,160,Conv1,V2,cr,meanrdm,0.01294610249204901,,,
Predictive Coding,1337,4,NATIVE,160,Conv1,V2,all,persub,0.007926440520993798,0.007569110322983324,0.0148929916628707,0.0013172195771273694
Predictive Coding,1337,4,NATIVE,160,Conv1,V2,all,meanrdm,0.011831510174737533,,,
Predictive Coding,1337,4,NATIVE,160,Conv2,V1,cr,persub,0.006868145132548954,0.004967106526753467,0.007337635689580037,0.008299693181313359
Predictive Coding,1337,4,NATIVE,160,Conv2,V1,cr,meanrdm,0.011955590705776578,,,
Predictive Coding,1337,4,NATIVE,160,Conv2,V1,all,persub,0.0060107540179321324,0.005523381991104936,0.005650131147815796,0.006858748914875664
Predictive Coding,1337,4,NATIVE,160,Conv2,V1,all,meanrdm,0.010504519181840574,,,
Predictive Coding,1337,4,NATIVE,160,Conv2,V2,cr,persub,0.001409578934378616,0.002390617413846493,-0.0017113954996558212,0.0035495148889451763
Predictive Coding,1337,4,NATIVE,160,Conv2,V2,cr,meanrdm,0.001819653137014239,,,
Predictive Coding,1337,4,NATIVE,160,Conv2,V2,all,persub,0.0008763144728972458,0.002736372888822675,-0.00220799758219527,0.0021005681120643323
Predictive Coding,1337,4,NATIVE,160,Conv2,V2,all,meanrdm,0.0009481476931620547,,,
Predictive Coding,1337,4,NATIVE,160,Conv3,LOC,cr,persub,0.0050102487540538525,0.004826064625159869,0.009328480368219209,0.0008762012687824788
Predictive Coding,1337,4,NATIVE,160,Conv3,LOC,cr,meanrdm,0.008391895765121555,,,
Predictive Coding,1337,4,NATIVE,160,Conv3,LOC,all,persub,0.004590800154129745,0.005849791529655817,0.007038988597991035,0.0008836203347423841
Predictive Coding,1337,4,NATIVE,160,Conv3,LOC,all,meanrdm,0.007597933310666649,,,
Predictive Coding,1337,4,NATIVE,160,FC1,IT,cr,persub,0.007797559141904386,0.007963902124681115,0.010631515592867515,0.004797259708164528
Predictive Coding,1337,4,NATIVE,160,FC1,IT,cr,meanrdm,0.013474459832009556,,,
Predictive Coding,1337,4,NATIVE,160,FC1,IT,all,persub,0.0073536540569967964,0.008881057189950508,0.009171565570956138,0.004008339410083742
Predictive Coding,1337,4,NATIVE,160,FC1,IT,all,meanrdm,0.012170460482070794,,,
STDP,1337,4,NATIVE,160,Conv1,V1,cr,persub,0.025604381552284856,0.024807865999738013,0.044861089481080564,0.007144189176035982
STDP,1337,4,NATIVE,160,Conv1,V1,cr,meanrdm,0.038120834230690084,,,
STDP,1337,4,NATIVE,160,Conv1,V1,all,persub,0.02429063447830275,0.02389778980999272,0.0424170147343847,0.006557098890530832
STDP,1337,4,NATIVE,160,Conv1,V1,all,meanrdm,0.03606148078700857,,,
STDP,1337,4,NATIVE,160,Conv1,V2,cr,persub,0.014421374591543095,0.013611525284972168,0.027438659204399814,0.002213939285257301
STDP,1337,4,NATIVE,160,Conv1,V2,cr,meanrdm,0.021660838305331234,,,
STDP,1337,4,NATIVE,160,Conv1,V2,all,persub,0.013579791783195292,0.01334090883682382,0.026626335102495614,0.0007721314102664416
STDP,1337,4,NATIVE,160,Conv1,V2,all,meanrdm,0.020179103956177027,,,
STDP,1337,4,NATIVE,160,Conv2,V1,cr,persub,0.032902058055786755,0.030737716586810366,0.05861791320799296,0.009350544372556951
STDP,1337,4,NATIVE,160,Conv2,V1,cr,meanrdm,0.04911596110758465,,,
STDP,1337,4,NATIVE,160,Conv2,V1,all,persub,0.03179823000245119,0.030455004155680417,0.055885618555985304,0.009054067295687841
STDP,1337,4,NATIVE,160,Conv2,V1,all,meanrdm,0.04692557794965938,,,
STDP,1337,4,NATIVE,160,Conv2,V2,cr,persub,0.018978704921233287,0.017988345299220342,0.0357073192576149,0.0032404502068646124
STDP,1337,4,NATIVE,160,Conv2,V2,cr,meanrdm,0.028688395171850612,,,
STDP,1337,4,NATIVE,160,Conv2,V2,all,persub,0.01804449757728924,0.01788475731331557,0.03449467873725787,0.001754056681294282
STDP,1337,4,NATIVE,160,Conv2,V2,all,meanrdm,0.027154839773060283,,,
STDP,1337,4,NATIVE,160,Conv3,LOC,cr,persub,0.0033448102196617455,0.00457471791204089,0.005478285912676232,-1.8573165731885653e-05
STDP,1337,4,NATIVE,160,Conv3,LOC,cr,meanrdm,0.005159144372551672,,,
STDP,1337,4,NATIVE,160,Conv3,LOC,all,persub,0.002820109928259112,0.004733113256945016,0.0034783246494425185,0.00024889187838980143
STDP,1337,4,NATIVE,160,Conv3,LOC,all,meanrdm,0.004466453441097603,,,
STDP,1337,4,NATIVE,160,FC1,IT,cr,persub,0.010668160935451703,0.012458688540958744,0.012533869321110752,0.007011924944285609
STDP,1337,4,NATIVE,160,FC1,IT,cr,meanrdm,0.018137625419655256,,,
STDP,1337,4,NATIVE,160,FC1,IT,all,persub,0.010183173503673355,0.013210577099330377,0.011882873282765561,0.005456070128924124
STDP,1337,4,NATIVE,160,FC1,IT,all,meanrdm,0.016437245982473588,,,
Random Weights (BN-calibrated),1337,4,NATIVE,160,Conv1,V1,cr,persub,0.010892017004454803,0.005963997260862767,0.018591165680193568,0.008120888072308078
Random Weights (BN-calibrated),1337,4,NATIVE,160,Conv1,V1,cr,meanrdm,0.017478165526640936,,,
Random Weights (BN-calibrated),1337,4,NATIVE,160,Conv1,V1,all,persub,0.009442810820450844,0.00536500234504144,0.016719297809345616,0.006244132306965478
Random Weights (BN-calibrated),1337,4,NATIVE,160,Conv1,V1,all,meanrdm,0.015236530247470936,,,
Random Weights (BN-calibrated),1337,4,NATIVE,160,Conv1,V2,cr,persub,0.004209629319090296,0.0020653189471848553,0.0080371941242562,0.0025263748858298353
Random Weights (BN-calibrated),1337,4,NATIVE,160,Conv1,V2,cr,meanrdm,0.0061779678704528,,,
Random Weights (BN-calibrated),1337,4,NATIVE,160,Conv1,V2,all,persub,0.003493012197669546,0.0018169164004135047,0.007950265420026243,0.00071185477256889
Random Weights (BN-calibrated),1337,4,NATIVE,160,Conv1,V2,all,meanrdm,0.005118404653323394,,,
Random Weights (BN-calibrated),1337,4,NATIVE,160,Conv2,V1,cr,persub,0.0027040999633049234,-0.0030890541569615704,0.0026857915516252107,0.00851556249525113
Random Weights (BN-calibrated),1337,4,NATIVE,160,Conv2,V1,cr,meanrdm,0.0058635998755848,,,
Random Weights (BN-calibrated),1337,4,NATIVE,160,Conv2,V1,all,persub,0.00146594605547944,-0.0024470594829887025,6.920295691417548e-05,0.006775694692512847
Random Weights (BN-calibrated),1337,4,NATIVE,160,Conv2,V1,all,meanrdm,0.0039058378062318713,,,
Random Weights (BN-calibrated),1337,4,NATIVE,160,Conv2,V2,cr,persub,0.002006108071604257,7.198467408018965e-05,0.0009130486958561941,0.005033290844876389
Random Weights (BN-calibrated),1337,4,NATIVE,160,Conv2,V2,cr,meanrdm,0.002816928402274647,,,
Random Weights (BN-calibrated),1337,4,NATIVE,160,Conv2,V2,all,persub,0.001175392347082671,0.0006103026064269212,-0.00012394281875811766,0.0030398172535792095
Random Weights (BN-calibrated),1337,4,NATIVE,160,Conv2,V2,all,meanrdm,0.0014741769014040664,,,
Random Weights (BN-calibrated),1337,4,NATIVE,160,Conv3,LOC,cr,persub,0.004378828815325392,0.0035773283777639064,0.009299048650962516,0.00026010941724975283
Random Weights (BN-calibrated),1337,4,NATIVE,160,Conv3,LOC,cr,meanrdm,0.007809167909724187,,,
Random Weights (BN-calibrated),1337,4,NATIVE,160,Conv3,LOC,all,persub,0.003654080921958231,0.00416660157666488,0.006616913280406543,0.00017872790880327238
Random Weights (BN-calibrated),1337,4,NATIVE,160,Conv3,LOC,all,meanrdm,0.006473398005207335,,,
Random Weights (BN-calibrated),1337,4,NATIVE,160,FC1,IT,cr,persub,0.006277797571179552,0.003675656379326974,0.010179779703010705,0.004977956631200978
Random Weights (BN-calibrated),1337,4,NATIVE,160,FC1,IT,cr,meanrdm,0.010988405680505534,,,
Random Weights (BN-calibrated),1337,4,NATIVE,160,FC1,IT,all,persub,0.005482114957964111,0.004329003249518466,0.008908924252006418,0.0032084173723674492
Random Weights (BN-calibrated),1337,4,NATIVE,160,FC1,IT,all,meanrdm,0.009392578948615844,,,
Random Weights,1337,4,NATIVE,224,Conv1,V1,cr,persub,0.04983118467338495,0.04991865347929307,0.08220525187226828,0.01736964866859351
Random Weights,1337,4,NATIVE,224,Conv1,V1,cr,meanrdm,0.07229947548386685,,,
Random Weights,1337,4,NATIVE,224,Conv1,V1,all,persub,0.04901797630959486,0.04888478900876841,0.08197369274784123,0.01619544717217495
Random Weights,1337,4,NATIVE,224,Conv1,V1,all,meanrdm,0.07084449289573552,,,
Random Weights,1337,4,NATIVE,224,Conv1,V2,cr,persub,0.027132163080120526,0.032019323855796956,0.04655648190509962,0.002820683479465008
Random Weights,1337,4,NATIVE,224,Conv1,V2,cr,meanrdm,0.04085633577132534,,,
Random Weights,1337,4,NATIVE,224,Conv1,V2,all,persub,0.02706586448432169,0.03202788815762815,0.04770575662888504,0.0014639486664518697
Random Weights,1337,4,NATIVE,224,Conv1,V2,all,meanrdm,0.040628282529409,,,
Random Weights,1337,4,NATIVE,224,Conv2,V1,cr,persub,0.06226742324588371,0.0653565077261705,0.10165777058148681,0.019787991429993827
Random Weights,1337,4,NATIVE,224,Conv2,V1,cr,meanrdm,0.0896012462624294,,,
Random Weights,1337,4,NATIVE,224,Conv2,V1,all,persub,0.06152784864187294,0.06377789364504181,0.10164690179628937,0.01915875048428764
Random Weights,1337,4,NATIVE,224,Conv2,V1,all,meanrdm,0.08820014214599729,,,
Random Weights,1337,4,NATIVE,224,Conv2,V2,cr,persub,0.03590685742291435,0.04129538313368485,0.06311317174958164,0.0033120173854765435
Random Weights,1337,4,NATIVE,224,Conv2,V2,cr,meanrdm,0.05403202461019503,,,
Random Weights,1337,4,NATIVE,224,Conv2,V2,all,persub,0.03574680189412952,0.04084010503110305,0.0640541556725991,0.0023461449786864237
Random Weights,1337,4,NATIVE,224,Conv2,V2,all,meanrdm,0.05345969710954571,,,
Random Weights,1337,4,NATIVE,224,Conv3,LOC,cr,persub,-0.0028338537867427017,0.004726411131887471,-0.008664483104625961,-0.004563489387489615
Random Weights,1337,4,NATIVE,224,Conv3,LOC,cr,meanrdm,-0.007087880594944441,,,
Random Weights,1337,4,NATIVE,224,Conv3,LOC,all,persub,-0.0019905908341306035,0.005889532912050264,-0.008665017032191275,-0.0031962883822507994
Random Weights,1337,4,NATIVE,224,Conv3,LOC,all,meanrdm,-0.0051543501887581205,,,
Random Weights,1337,4,NATIVE,224,FC1,IT,cr,persub,0.0030638576575975182,-0.0010889897541386223,0.006290899891490086,0.003989662835441092
Random Weights,1337,4,NATIVE,224,FC1,IT,cr,meanrdm,0.004682239173972949,,,
Random Weights,1337,4,NATIVE,224,FC1,IT,all,persub,0.00437898553565888,0.001446854150573761,0.008636731065600357,0.0030533713908025223
Random Weights,1337,4,NATIVE,224,FC1,IT,all,meanrdm,0.006801179246670173,,,
Backprop,1337,4,NATIVE,224,Conv1,V1,cr,persub,0.031046918015766423,0.030917763821377783,0.050338206880201394,0.011884783345720084
Backprop,1337,4,NATIVE,224,Conv1,V1,cr,meanrdm,0.046748234127951184,,,
Backprop,1337,4,NATIVE,224,Conv1,V1,all,persub,0.029495063697618795,0.029569605191612364,0.04796474664759054,0.010950839253653472
Backprop,1337,4,NATIVE,224,Conv1,V1,all,meanrdm,0.04433889068217192,,,
Backprop,1337,4,NATIVE,224,Conv1,V2,cr,persub,0.017053010083498917,0.0177445667989679,0.02892756917310659,0.004486894278422264
Backprop,1337,4,NATIVE,224,Conv1,V2,cr,meanrdm,0.02576432225529758,,,
Backprop,1337,4,NATIVE,224,Conv1,V2,all,persub,0.01616667766871285,0.017454490037550036,0.02829640154865853,0.0027491414199299785
Backprop,1337,4,NATIVE,224,Conv1,V2,all,meanrdm,0.02434430750706036,,,
Backprop,1337,4,NATIVE,224,Conv2,V1,cr,persub,-0.022248927622370785,-0.025973666605270153,-0.04553734715389407,0.004764230892051851
Backprop,1337,4,NATIVE,224,Conv2,V1,cr,meanrdm,-0.029478790814439413,,,
Backprop,1337,4,NATIVE,224,Conv2,V1,all,persub,-0.02305520884820073,-0.02421785641308681,-0.04777093612741034,0.002823165995894948
Backprop,1337,4,NATIVE,224,Conv2,V1,all,meanrdm,-0.03121543720818308,,,
Backprop,1337,4,NATIVE,224,Conv2,V2,cr,persub,-0.012989316853673388,-0.009562408488155132,-0.034324615787383696,0.004919073714518664
Backprop,1337,4,NATIVE,224,Conv2,V2,cr,meanrdm,-0.019468811234402483,,,
Backprop,1337,4,NATIVE,224,Conv2,V2,all,persub,-0.01359604182026323,-0.008612672893602787,-0.03528137943209179,0.0031059268649048784
Backprop,1337,4,NATIVE,224,Conv2,V2,all,meanrdm,-0.020494055540118728,,,
Backprop,1337,4,NATIVE,224,Conv3,LOC,cr,persub,0.00829362918374139,0.005529813991284849,0.015251083948147101,0.004099989611792222
Backprop,1337,4,NATIVE,224,Conv3,LOC,cr,meanrdm,0.013998367823593382,,,
Backprop,1337,4,NATIVE,224,Conv3,LOC,all,persub,0.007594635448845074,0.006268178712208036,0.012105608189216757,0.004410119445110429
Backprop,1337,4,NATIVE,224,Conv3,LOC,all,meanrdm,0.012949228278107724,,,
Backprop,1337,4,NATIVE,224,FC1,IT,cr,persub,0.011907001364140126,0.011016254678476852,0.01609217899008649,0.008612570423857034
Backprop,1337,4,NATIVE,224,FC1,IT,cr,meanrdm,0.019203803317472314,,,
Backprop,1337,4,NATIVE,224,FC1,IT,all,persub,0.010776488835211871,0.011455994874310732,0.014182205946784102,0.006691265684540775
Backprop,1337,4,NATIVE,224,FC1,IT,all,meanrdm,0.016689011561967334,,,
Feedback Alignment,1337,4,NATIVE,224,Conv1,V1,cr,persub,0.008582362641373955,0.0026910137275232187,0.01863239365738614,0.00442368053921251
Feedback Alignment,1337,4,NATIVE,224,Conv1,V1,cr,meanrdm,0.01353595662391494,,,
Feedback Alignment,1337,4,NATIVE,224,Conv1,V1,all,persub,0.007426844194364029,0.00224084101164153,0.016669989945838803,0.0033697016256117526
Feedback Alignment,1337,4,NATIVE,224,Conv1,V1,all,meanrdm,0.011801552287137003,,,
Feedback Alignment,1337,4,NATIVE,224,Conv1,V2,cr,persub,0.003476102933927314,-0.0004252121445198269,0.008676443242360362,0.002177077703941406
Feedback Alignment,1337,4,NATIVE,224,Conv1,V2,cr,meanrdm,0.005088040750189642,,,
Feedback Alignment,1337,4,NATIVE,224,Conv1,V2,all,persub,0.0027366839466905924,-0.0005238127214989471,0.008663595844924762,7.026871664596277e-05
Feedback Alignment,1337,4,NATIVE,224,Conv1,V2,all,meanrdm,0.003914288457064089,,,
Feedback Alignment,1337,4,NATIVE,224,Conv2,V1,cr,persub,0.00711050298210908,0.0024971553020601755,0.01295628604863073,0.005878067595636336
Feedback Alignment,1337,4,NATIVE,224,Conv2,V1,cr,meanrdm,0.011320241554562014,,,
Feedback Alignment,1337,4,NATIVE,224,Conv2,V1,all,persub,0.0064819926142115425,0.003635123853176779,0.011027632971114767,0.00478322101834308
Feedback Alignment,1337,4,NATIVE,224,Conv2,V1,all,meanrdm,0.010295565801498187,,,
Feedback Alignment,1337,4,NATIVE,224,Conv2,V2,cr,persub,0.004236467091591041,0.003017337695009807,0.006046866855320248,0.0036451967244430683
Feedback Alignment,1337,4,NATIVE,224,Conv2,V2,cr,meanrdm,0.006261303112842606,,,
Feedback Alignment,1337,4,NATIVE,224,Conv2,V2,all,persub,0.003592183939248688,0.0038247889013785577,0.005436050970539469,0.0015157119458280377
Feedback Alignment,1337,4,NATIVE,224,Conv2,V2,all,meanrdm,0.005150738791426404,,,
Feedback Alignment,1337,4,NATIVE,224,Conv3,LOC,cr,persub,0.004143952754457968,0.005622350319461597,0.0074786184889202145,-0.0006691105450079073
Feedback Alignment,1337,4,NATIVE,224,Conv3,LOC,cr,meanrdm,0.0072333838663201245,,,
Feedback Alignment,1337,4,NATIVE,224,Conv3,LOC,all,persub,0.0035775227602010892,0.006559713042433061,0.005094976440147162,-0.0009221212019769565
Feedback Alignment,1337,4,NATIVE,224,Conv3,LOC,all,meanrdm,0.006057147389398213,,,
Feedback Alignment,1337,4,NATIVE,224,FC1,IT,cr,persub,0.007185112904540786,0.00938725161628925,0.008895027720616682,0.0032730593767164246
Feedback Alignment,1337,4,NATIVE,224,FC1,IT,cr,meanrdm,0.012932033986200166,,,
Feedback Alignment,1337,4,NATIVE,224,FC1,IT,all,persub,0.006183007046437875,0.009367174702377386,0.007546657936498746,0.001635188500437493
Feedback Alignment,1337,4,NATIVE,224,FC1,IT,all,meanrdm,0.010753903145371519,,,
Predictive Coding,1337,4,NATIVE,224,Conv1,V1,cr,persub,0.01745663869423203,0.013229889584643207,0.028461017542057165,0.010679008955995719
Predictive Coding,1337,4,NATIVE,224,Conv1,V1,cr,meanrdm,0.027090275541536535,,,
Predictive Coding,1337,4,NATIVE,224,Conv1,V1,all,persub,0.016028018836675175,0.012475735327483976,0.02673558562989531,0.008872735552646244
Predictive Coding,1337,4,NATIVE,224,Conv1,V1,all,meanrdm,0.024886501289707635,,,
Predictive Coding,1337,4,NATIVE,224,Conv1,V2,cr,persub,0.007987806763403793,0.007645747086049391,0.013337283968444332,0.0029803892357176585
Predictive Coding,1337,4,NATIVE,224,Conv1,V2,cr,meanrdm,0.011851625199138295,,,
Predictive Coding,1337,4,NATIVE,224,Conv1,V2,all,persub,0.007299530422247607,0.0072972478400618835,0.013528601257749632,0.0010727421689313045
Predictive Coding,1337,4,NATIVE,224,Conv1,V2,all,meanrdm,0.010833573172543477,,,
Predictive Coding,1337,4,NATIVE,224,Conv2,V1,cr,persub,0.00576489367971109,0.0033212940008120217,0.005735807255107079,0.008237579783214169
Predictive Coding,1337,4,NATIVE,224,Conv2,V1,cr,meanrdm,0.01020525413048619,,,
Predictive Coding,1337,4,NATIVE,224,Conv2,V1,all,persub,0.004974812944735066,0.00390975919838408,0.004186273096235005,0.00682840653958611
Predictive Coding,1337,4,NATIVE,224,Conv2,V1,all,meanrdm,0.008863063583716043,,,
Predictive Coding,1337,4,NATIVE,224,Conv2,V2,cr,persub,0.0011355303757119887,0.002257762720620132,-0.002498575142159035,0.0036474035486748686
Predictive Coding,1337,4,NATIVE,224,Conv2,V2,cr,meanrdm,0.0014011904002840996,,,
Predictive Coding,1337,4,NATIVE,224,Conv2,V2,all,persub,0.0006455820691903287,0.002566990730955755,-0.002835806972021158,0.002205562448636389
Predictive Coding,1337,4,NATIVE,224,Conv2,V2,all,meanrdm,0.0006094166509008568,,,
Predictive Coding,1337,4,NATIVE,224,Conv3,LOC,cr,persub,0.004624158187467531,0.004949999917939418,0.00841797883717869,0.0005044958072844828
Predictive Coding,1337,4,NATIVE,224,Conv3,LOC,cr,meanrdm,0.007611104396881543,,,
Predictive Coding,1337,4,NATIVE,224,Conv3,LOC,all,persub,0.004303270159487908,0.005971148075687559,0.006216904024267854,0.0007217583785083102
Predictive Coding,1337,4,NATIVE,224,Conv3,LOC,all,meanrdm,0.007040363155488335,,,
Predictive Coding,1337,4,NATIVE,224,FC1,IT,cr,persub,0.0074757618797290926,0.00821819684716587,0.009489074668476333,0.004720014123545076
Predictive Coding,1337,4,NATIVE,224,FC1,IT,cr,meanrdm,0.01270834871314936,,,
Predictive Coding,1337,4,NATIVE,224,FC1,IT,all,persub,0.0070403223871890975,0.00902806220989041,0.008346960436104655,0.0037459445155722266
Predictive Coding,1337,4,NATIVE,224,FC1,IT,all,meanrdm,0.011488131968006663,,,
STDP,1337,4,NATIVE,224,Conv1,V1,cr,persub,0.02252025432248315,0.021215470871422903,0.03996899495789299,0.00637629713813356
STDP,1337,4,NATIVE,224,Conv1,V1,cr,meanrdm,0.033600309811393565,,,
STDP,1337,4,NATIVE,224,Conv1,V1,all,persub,0.02123697120400567,0.02037829302450168,0.03763898398828813,0.005693636599227193
STDP,1337,4,NATIVE,224,Conv1,V1,all,meanrdm,0.03156615278504496,,,
STDP,1337,4,NATIVE,224,Conv1,V2,cr,persub,0.012636874497213901,0.011682251797798467,0.02430825991335133,0.0019201117804919085
STDP,1337,4,NATIVE,224,Conv1,V2,cr,meanrdm,0.018871907693128798,,,
STDP,1337,4,NATIVE,224,Conv1,V2,all,persub,0.011836066787750996,0.011436939043268883,0.02364704657151577,0.00042421474846833604
STDP,1337,4,NATIVE,224,Conv1,V2,all,meanrdm,0.01747137556415999,,,
STDP,1337,4,NATIVE,224,Conv2,V1,cr,persub,0.030364551270343747,0.027954780974325744,0.054795065670685705,0.008343807166019783
STDP,1337,4,NATIVE,224,Conv2,V1,cr,meanrdm,0.045329023338661484,,,
STDP,1337,4,NATIVE,224,Conv2,V1,all,persub,0.029277659080985466,0.027701420592403058,0.05212465611051278,0.008006900540040567
STDP,1337,4,NATIVE,224,Conv2,V1,all,meanrdm,0.043148322210746916,,,
STDP,1337,4,NATIVE,224,Conv2,V2,cr,persub,0.017734820158256052,0.016949405909556212,0.03361876824336693,0.0026362863218450145
STDP,1337,4,NATIVE,224,Conv2,V2,cr,meanrdm,0.026733333603806034,,,
STDP,1337,4,NATIVE,224,Conv2,V2,all,persub,0.01681669741729803,0.016816695714379996,0.032507450170834014,0.0011259463666800852
STDP,1337,4,NATIVE,224,Conv2,V2,all,meanrdm,0.025230229828401837,,,
STDP,1337,4,NATIVE,224,Conv3,LOC,cr,persub,0.0029247942225175145,0.00403247134552236,0.005236221575549009,-0.0004943102535188254
STDP,1337,4,NATIVE,224,Conv3,LOC,cr,meanrdm,0.004419957105979208,,,
STDP,1337,4,NATIVE,224,Conv3,LOC,all,persub,0.00253700087553298,0.004537333311977144,0.00328109417245225,-0.0002074248578304541
STDP,1337,4,NATIVE,224,Conv3,LOC,all,meanrdm,0.003977580815448966,,,
STDP,1337,4,NATIVE,224,FC1,IT,cr,persub,0.009842792508929424,0.011684352620788934,0.011580412473188466,0.006263612432810874
STDP,1337,4,NATIVE,224,FC1,IT,cr,meanrdm,0.01661792024329202,,,
STDP,1337,4,NATIVE,224,FC1,IT,all,persub,0.009286021334581167,0.012466006050053642,0.010770018887490195,0.004622039066199667
STDP,1337,4,NATIVE,224,FC1,IT,all,meanrdm,0.014939176267429848,,,
Random Weights (BN-calibrated),1337,4,NATIVE,224,Conv1,V1,cr,persub,0.010330142578509076,0.005215202737726759,0.017839018905527842,0.007936206092272627
Random Weights (BN-calibrated),1337,4,NATIVE,224,Conv1,V1,cr,meanrdm,0.01654761231297329,,,
Random Weights (BN-calibrated),1337,4,NATIVE,224,Conv1,V1,all,persub,0.008905243593636545,0.0045944791280553435,0.01608066633759548,0.006040585315258811
Random Weights (BN-calibrated),1337,4,NATIVE,224,Conv1,V1,all,meanrdm,0.014333966698032365,,,
Random Weights (BN-calibrated),1337,4,NATIVE,224,Conv1,V2,cr,persub,0.003959697433236172,0.0022345617917792424,0.0073366199625438,0.002307910545385473
Random Weights (BN-calibrated),1337,4,NATIVE,224,Conv1,V2,cr,meanrdm,0.0057250469479575294,,,
Random Weights (BN-calibrated),1337,4,NATIVE,224,Conv1,V2,all,persub,0.0032929535506551373,0.001974713427136678,0.007404098925891766,0.0005000482989369687
Random Weights (BN-calibrated),1337,4,NATIVE,224,Conv1,V2,all,meanrdm,0.004766156065435586,,,
Random Weights (BN-calibrated),1337,4,NATIVE,224,Conv2,V1,cr,persub,0.0024241939992600825,-0.0035316068232158463,0.0023763667324596567,0.008427822088536437
Random Weights (BN-calibrated),1337,4,NATIVE,224,Conv2,V1,cr,meanrdm,0.005252888419585523,,,
Random Weights (BN-calibrated),1337,4,NATIVE,224,Conv2,V1,all,persub,0.0012519800390161354,-0.0029301399419067653,-4.7051009114042685e-05,0.006733131068069214
Random Weights (BN-calibrated),1337,4,NATIVE,224,Conv2,V1,all,meanrdm,0.0034084908727195764,,,
Random Weights (BN-calibrated),1337,4,NATIVE,224,Conv2,V2,cr,persub,0.0021008982582832337,0.0008414139342810094,0.0005641788427457734,0.004897101997822918
Random Weights (BN-calibrated),1337,4,NATIVE,224,Conv2,V2,cr,meanrdm,0.0028838910355600995,,,
Random Weights (BN-calibrated),1337,4,NATIVE,224,Conv2,V2,all,persub,0.0013641116292596172,0.0013114006760584938,-0.00024187563201537776,0.0030228098437357362
Random Weights (BN-calibrated),1337,4,NATIVE,224,Conv2,V2,all,meanrdm,0.0017313731786965892,,,
Random Weights (BN-calibrated),1337,4,NATIVE,224,Conv3,LOC,cr,persub,0.003852291238028924,0.003626132274127884,0.008027645954837792,-9.690451487890368e-05
Random Weights (BN-calibrated),1337,4,NATIVE,224,Conv3,LOC,cr,meanrdm,0.006746402689343591,,,
Random Weights (BN-calibrated),1337,4,NATIVE,224,Conv3,LOC,all,persub,0.0032197495010499676,0.004313523246248099,0.005410447358285107,-6.472210138330387e-05
Random Weights (BN-calibrated),1337,4,NATIVE,224,Conv3,LOC,all,meanrdm,0.005636191658779331,,,
Random Weights (BN-calibrated),1337,4,NATIVE,224,FC1,IT,cr,persub,0.006113543262930521,0.004013944315188484,0.009658888883310842,0.004667796590292238
Random Weights (BN-calibrated),1337,4,NATIVE,224,FC1,IT,cr,meanrdm,0.010544972398192829,,,
Random Weights (BN-calibrated),1337,4,NATIVE,224,FC1,IT,all,persub,0.005341281038377682,0.004570903794059178,0.008455705254775363,0.0029972340662985037
Random Weights (BN-calibrated),1337,4,NATIVE,224,FC1,IT,all,meanrdm,0.008995278924937775,,,
Random Weights,1337,4,UPSAMPLED,32,Conv1,V1,cr,persub,0.04230696287116412,0.0411639035429536,0.0699009241097874,0.015856060960751338
Random Weights,1337,4,UPSAMPLED,32,Conv1,V1,cr,meanrdm,0.06184538325050688,,,
Random Weights,1337,4,UPSAMPLED,32,Conv1,V1,all,persub,0.04155277487325933,0.04034841407286999,0.06976203392893446,0.014547876617973538
Random Weights,1337,4,UPSAMPLED,32,Conv1,V1,all,meanrdm,0.060508677959165515,,,
Random Weights,1337,4,UPSAMPLED,32,Conv1,V2,cr,persub,0.021488590451400263,0.025727156621010865,0.03589057801687538,0.0028480367163145302
Random Weights,1337,4,UPSAMPLED,32,Conv1,V2,cr,meanrdm,0.032372043379179746,,,
Random Weights,1337,4,UPSAMPLED,32,Conv1,V2,all,persub,0.021371460915333873,0.025741324614955114,0.037134603990293266,0.0012384541407532434
Random Weights,1337,4,UPSAMPLED,32,Conv1,V2,all,meanrdm,0.03214312571791897,,,
Random Weights,1337,4,UPSAMPLED,32,Conv2,V1,cr,persub,0.056736626378518555,0.0582688487281127,0.09291172530762665,0.01902930509981633
Random Weights,1337,4,UPSAMPLED,32,Conv2,V1,cr,meanrdm,0.08175572647848138,,,
Random Weights,1337,4,UPSAMPLED,32,Conv2,V1,all,persub,0.05602125080150352,0.05689602507718147,0.09290080779748236,0.01826691952984673
Random Weights,1337,4,UPSAMPLED,32,Conv2,V1,all,meanrdm,0.0803303240656279,,,
Random Weights,1337,4,UPSAMPLED,32,Conv2,V2,cr,persub,0.0318630771175357,0.03678570166304933,0.05472949923195985,0.0040740304575979346
Random Weights,1337,4,UPSAMPLED,32,Conv2,V2,cr,meanrdm,0.04789084108917752,,,
Random Weights,1337,4,UPSAMPLED,32,Conv2,V2,all,persub,0.031580890672237474,0.036345890883973435,0.0555691890374049,0.0028275920953340855
Random Weights,1337,4,UPSAMPLED,32,Conv2,V2,all,meanrdm,0.04718825808264429,,,
Random Weights,1337,4,UPSAMPLED,32,Conv3,LOC,cr,persub,-0.0016784262491466352,0.003500511176085251,-0.00469094672432227,-0.003844843199202886
Random Weights,1337,4,UPSAMPLED,32,Conv3,LOC,cr,meanrdm,-0.004764183101240947,,,
Random Weights,1337,4,UPSAMPLED,32,Conv3,LOC,all,persub,-0.0006039464730204384,0.004753251119260704,-0.00438026880416383,-0.002184821734158189
Random Weights,1337,4,UPSAMPLED,32,Conv3,LOC,all,meanrdm,-0.0022861687399238174,,,
Random Weights,1337,4,UPSAMPLED,32,FC1,IT,cr,persub,0.0015995908671418303,0.0011719412268005962,-0.0005296705120237775,0.004156501886648672
Random Weights,1337,4,UPSAMPLED,32,FC1,IT,cr,meanrdm,0.0024805033468717095,,,
Random Weights,1337,4,UPSAMPLED,32,FC1,IT,all,persub,0.002516852626153671,0.003612554307872739,0.0009353055085869831,0.0030026980620012906
Random Weights,1337,4,UPSAMPLED,32,FC1,IT,all,meanrdm,0.003948372125789523,,,
Backprop,1337,4,UPSAMPLED,32,Conv1,V1,cr,persub,0.05806463985904347,0.06173348813899003,0.09522602858059065,0.017234402857549697
Backprop,1337,4,UPSAMPLED,32,Conv1,V1,cr,meanrdm,0.08543206707532544,,,
Backprop,1337,4,UPSAMPLED,32,Conv1,V1,all,persub,0.05631188160735634,0.05998160927994166,0.09168607628735047,0.0172679592547769
Backprop,1337,4,UPSAMPLED,32,Conv1,V1,all,meanrdm,0.08279999972773028,,,
Backprop,1337,4,UPSAMPLED,32,Conv1,V2,cr,persub,0.0360689658511423,0.03642780520529706,0.06446907372145164,0.007310018626678199
Backprop,1337,4,UPSAMPLED,32,Conv1,V2,cr,meanrdm,0.055231911366676975,,,
Backprop,1337,4,UPSAMPLED,32,Conv1,V2,all,persub,0.035164578660485585,0.03633795876319671,0.06303466320423219,0.006121114014027842
Backprop,1337,4,UPSAMPLED,32,Conv1,V2,all,meanrdm,0.05370409627354987,,,
Backprop,1337,4,UPSAMPLED,32,Conv2,V1,cr,persub,0.04224094866013108,0.052138618892892376,0.05579271991394152,0.018791507173559346
Backprop,1337,4,UPSAMPLED,32,Conv2,V1,cr,meanrdm,0.06460099404757934,,,
Backprop,1337,4,UPSAMPLED,32,Conv2,V1,all,persub,0.04122118967184158,0.05211528941857378,0.053069502962769646,0.018478776634181328
Backprop,1337,4,UPSAMPLED,32,Conv2,V1,all,meanrdm,0.06271287752896773,,,
Backprop,1337,4,UPSAMPLED,32,Conv2,V2,cr,persub,0.023574958576735763,0.02722121482570974,0.031656040000723557,0.011847620903773984
Backprop,1337,4,UPSAMPLED,32,Conv2,V2,cr,meanrdm,0.03743625330658129,,,
Backprop,1337,4,UPSAMPLED,32,Conv2,V2,all,persub,0.023038469706744284,0.02785128282271653,0.03023044888881684,0.011033677408699488
Backprop,1337,4,UPSAMPLED,32,Conv2,V2,all,meanrdm,0.036374081057902734,,,
Backprop,1337,4,UPSAMPLED,32,Conv3,LOC,cr,persub,0.011247417542567176,0.010764862180858675,0.01760002867876113,0.005377361768081722
Backprop,1337,4,UPSAMPLED,32,Conv3,LOC,cr,meanrdm,0.018225205480944084,,,
Backprop,1337,4,UPSAMPLED,32,Conv3,LOC,all,persub,0.010875794065647018,0.010714278577262745,0.015849212318437632,0.0060638913012406835
Backprop,1337,4,UPSAMPLED,32,Conv3,LOC,all,meanrdm,0.017807336974835247,,,
Backprop,1337,4,UPSAMPLED,32,FC1,IT,cr,persub,0.015157216344193406,0.018345845389866677,0.021201850866308006,0.005923952776405533
Backprop,1337,4,UPSAMPLED,32,FC1,IT,cr,meanrdm,0.02441033168183665,,,
Backprop,1337,4,UPSAMPLED,32,FC1,IT,all,persub,0.015503575143082699,0.019006429251189956,0.02047019975293719,0.007034096425120954
Backprop,1337,4,UPSAMPLED,32,FC1,IT,all,meanrdm,0.024591486489507163,,,
Feedback Alignment,1337,4,UPSAMPLED,32,Conv1,V1,cr,persub,0.012976198273845864,0.006657216199074793,0.027450731930376542,0.004820646692086254
Feedback Alignment,1337,4,UPSAMPLED,32,Conv1,V1,cr,meanrdm,0.020032019452437336,,,
Feedback Alignment,1337,4,UPSAMPLED,32,Conv1,V1,all,persub,0.01142021963149147,0.00586468711763942,0.024235082190307986,0.004160889586527008
Feedback Alignment,1337,4,UPSAMPLED,32,Conv1,V1,all,meanrdm,0.017764909386100654,,,
Feedback Alignment,1337,4,UPSAMPLED,32,Conv1,V2,cr,persub,0.007000786569463367,0.0010332972410362804,0.017512149258360813,0.0024569132089930093
Feedback Alignment,1337,4,UPSAMPLED,32,Conv1,V2,cr,meanrdm,0.010547733375915814,,,
Feedback Alignment,1337,4,UPSAMPLED,32,Conv1,V2,all,persub,0.006086985059576142,0.0009743449923559507,0.016236748746132276,0.0010498614402402015
Feedback Alignment,1337,4,UPSAMPLED,32,Conv1,V2,all,meanrdm,0.009076727097889049,,,
Feedback Alignment,1337,4,UPSAMPLED,32,Conv2,V1,cr,persub,0.01438992001645381,0.009612452178307024,0.028696057226446792,0.00486125064460761
Feedback Alignment,1337,4,UPSAMPLED,32,Conv2,V1,cr,meanrdm,0.022147252340444727,,,
Feedback Alignment,1337,4,UPSAMPLED,32,Conv2,V1,all,persub,0.013258168690941064,0.009819790193398955,0.025390929688753595,0.004563786190670647
Feedback Alignment,1337,4,UPSAMPLED,32,Conv2,V1,all,meanrdm,0.020558469019105175,,,
Feedback Alignment,1337,4,UPSAMPLED,32,Conv2,V2,cr,persub,0.008450331707841456,0.0039074532170923545,0.0186540410917047,0.0027895008147273133
Feedback Alignment,1337,4,UPSAMPLED,32,Conv2,V2,cr,meanrdm,0.012839978261198084,,,
Feedback Alignment,1337,4,UPSAMPLED,32,Conv2,V2,all,persub,0.0077501946502764795,0.004875967986481402,0.01662685793256239,0.0017477580317856443
Feedback Alignment,1337,4,UPSAMPLED,32,Conv2,V2,all,meanrdm,0.01155635156232011,,,
Feedback Alignment,1337,4,UPSAMPLED,32,Conv3,LOC,cr,persub,0.0031945893270019523,0.005964764783309673,0.0027554575538964775,0.000863545643799705
Feedback Alignment,1337,4,UPSAMPLED,32,Conv3,LOC,cr,meanrdm,0.00521781372075043,,,
Feedback Alignment,1337,4,UPSAMPLED,32,Conv3,LOC,all,persub,0.0024599806989205873,0.005859856832088961,0.0013527753251256526,0.00016730993954714807
Feedback Alignment,1337,4,UPSAMPLED,32,Conv3,LOC,all,meanrdm,0.003689110051734851,,,
Feedback Alignment,1337,4,UPSAMPLED,32,FC1,IT,cr,persub,0.0051943937980822,0.00745920516354086,0.008229327393624475,-0.0001053511629187317
Feedback Alignment,1337,4,UPSAMPLED,32,FC1,IT,cr,meanrdm,0.008324658012766042,,,
Feedback Alignment,1337,4,UPSAMPLED,32,FC1,IT,all,persub,0.004754408660992246,0.006997207655427177,0.007516063662288768,-0.00025004533473920815
Feedback Alignment,1337,4,UPSAMPLED,32,FC1,IT,all,meanrdm,0.007527476899657548,,,
Predictive Coding,1337,4,UPSAMPLED,32,Conv1,V1,cr,persub,0.03032366424945736,0.02916032705718769,0.04909388344843994,0.012716782242744456
Predictive Coding,1337,4,UPSAMPLED,32,Conv1,V1,cr,meanrdm,0.04569597144043185,,,
Predictive Coding,1337,4,UPSAMPLED,32,Conv1,V1,all,persub,0.028787886929491188,0.02812897852625982,0.04659222895056803,0.011642453311645706
Predictive Coding,1337,4,UPSAMPLED,32,Conv1,V1,all,meanrdm,0.04348786917150415,,,
Predictive Coding,1337,4,UPSAMPLED,32,Conv1,V2,cr,persub,0.01534334519660459,0.014288524982788695,0.027762605999824795,0.003978904607200282
Predictive Coding,1337,4,UPSAMPLED,32,Conv1,V2,cr,meanrdm,0.023411593987745085,,,
Predictive Coding,1337,4,UPSAMPLED,32,Conv1,V2,all,persub,0.014663102987686673,0.014071657453557143,0.02715465368185737,0.002762997827645504
Predictive Coding,1337,4,UPSAMPLED,32,Conv1,V2,all,meanrdm,0.022306313220927805,,,
Predictive Coding,1337,4,UPSAMPLED,32,Conv2,V1,cr,persub,0.016635011736808574,0.01657580634015403,0.0252544266983061,0.008074802171965595
Predictive Coding,1337,4,UPSAMPLED,32,Conv2,V1,cr,meanrdm,0.025806729152701446,,,
Predictive Coding,1337,4,UPSAMPLED,32,Conv2,V1,all,persub,0.015474841495481216,0.016374719546278494,0.02311830969409931,0.006931495246065851
Predictive Coding,1337,4,UPSAMPLED,32,Conv2,V1,all,meanrdm,0.02401474224973274,,,
Predictive Coding,1337,4,UPSAMPLED,32,Conv2,V2,cr,persub,0.0072113707225014865,0.007715351962304901,0.011425360251198812,0.002493399954000746
Predictive Coding,1337,4,UPSAMPLED,32,Conv2,V2,cr,meanrdm,0.010694738628024763,,,
Predictive Coding,1337,4,UPSAMPLED,32,Conv2,V2,all,persub,0.006566981145105811,0.008006776801117322,0.010089672812146518,0.0016044938220535925
Predictive Coding,1337,4,UPSAMPLED,32,Conv2,V2,all,meanrdm,0.009657929674889685,,,
Predictive Coding,1337,4,UPSAMPLED,32,Conv3,LOC,cr,persub,0.004639890848961434,0.004586090402718277,0.007965469020284506,0.0013681131238815181
Predictive Coding,1337,4,UPSAMPLED,32,Conv3,LOC,cr,meanrdm,0.0074783865927635544,,,
Predictive Coding,1337,4,UPSAMPLED,32,Conv3,LOC,all,persub,0.0043067796792927715,0.005644603105257688,0.0064164319855384375,0.0008593039470821899
Predictive Coding,1337,4,UPSAMPLED,32,Conv3,LOC,all,meanrdm,0.0067119419335565905,,,
Predictive Coding,1337,4,UPSAMPLED,32,FC1,IT,cr,persub,0.007405909431763061,0.007436540794921075,0.010865414845161308,0.003915772655206797
Predictive Coding,1337,4,UPSAMPLED,32,FC1,IT,cr,meanrdm,0.012542624658347271,,,
Predictive Coding,1337,4,UPSAMPLED,32,FC1,IT,all,persub,0.007503025245727927,0.00892858847257853,0.00959048852411258,0.003989998740492671
Predictive Coding,1337,4,UPSAMPLED,32,FC1,IT,all,meanrdm,0.012457589438916944,,,
STDP,1337,4,UPSAMPLED,32,Conv1,V1,cr,persub,0.04199197972856573,0.04163469454684023,0.07327121035904124,0.011070034279815693
STDP,1337,4,UPSAMPLED,32,Conv1,V1,cr,meanrdm,0.06164166113918866,,,
STDP,1337,4,UPSAMPLED,32,Conv1,V1,all,persub,0.04034707501612161,0.040194826199807396,0.07005331628308789,0.01079308256546954
STDP,1337,4,UPSAMPLED,32,Conv1,V1,all,meanrdm,0.0591559510653999,,,
STDP,1337,4,UPSAMPLED,32,Conv1,V2,cr,persub,0.024082602925024742,0.023523096929679556,0.04533568296756635,0.003389028877828327
STDP,1337,4,UPSAMPLED,32,Conv1,V2,cr,meanrdm,0.036476974336539486,,,
STDP,1337,4,UPSAMPLED,32,Conv1,V2,all,persub,0.02318146128476509,0.023392053565585217,0.04405603648290913,0.002096293805800927
STDP,1337,4,UPSAMPLED,32,Conv1,V2,all,meanrdm,0.034878880852450646,,,
STDP,1337,4,UPSAMPLED,32,Conv2,V1,cr,persub,0.04748515790443284,0.045305787126576555,0.08417527977546395,0.012974406811258018
STDP,1337,4,UPSAMPLED,32,Conv2,V1,cr,meanrdm,0.07011199888653177,,,
STDP,1337,4,UPSAMPLED,32,Conv2,V1,all,persub,0.04587388379631999,0.04418563614049074,0.08032319962332994,0.0131128156251393
STDP,1337,4,UPSAMPLED,32,Conv2,V1,all,meanrdm,0.06737309181041855,,,
STDP,1337,4,UPSAMPLED,32,Conv2,V2,cr,persub,0.02799850787826492,0.02561147953489629,0.05313973167800505,0.005244312421893425
STDP,1337,4,UPSAMPLED,32,Conv2,V2,cr,meanrdm,0.04246903715823318,,,
STDP,1337,4,UPSAMPLED,32,Conv2,V2,all,persub,0.02693563925213953,0.02550485642808862,0.05112887305142756,0.004173188276902392
STDP,1337,4,UPSAMPLED,32,Conv2,V2,all,meanrdm,0.040727108298795306,,,
STDP,1337,4,UPSAMPLED,32,Conv3,LOC,cr,persub,0.003650311351613206,0.007278802975517748,0.0025377044040161886,0.0011344266753056794
STDP,1337,4,UPSAMPLED,32,Conv3,LOC,cr,meanrdm,0.004641144873854649,,,
STDP,1337,4,UPSAMPLED,32,Conv3,LOC,all,persub,0.002896539964886731,0.006350581528492152,0.0012541614057728174,0.001084876960395222
STDP,1337,4,UPSAMPLED,32,Conv3,LOC,all,meanrdm,0.00374734779921835,,,
STDP,1337,4,UPSAMPLED,32,FC1,IT,cr,persub,0.010472186992515259,0.011369954194137067,0.016242960323533066,0.003803646459875646
STDP,1337,4,UPSAMPLED,32,FC1,IT,cr,meanrdm,0.016605537546950377,,,
STDP,1337,4,UPSAMPLED,32,FC1,IT,all,persub,0.010564416705504669,0.011721086922381718,0.01607008058845182,0.0039020826056804705
STDP,1337,4,UPSAMPLED,32,FC1,IT,all,meanrdm,0.016662713209037186,,,
Random Weights (BN-calibrated),1337,4,UPSAMPLED,32,Conv1,V1,cr,persub,0.020620086000066633,0.01840284964640514,0.03353189990659489,0.009925508447199857
Random Weights (BN-calibrated),1337,4,UPSAMPLED,32,Conv1,V1,cr,meanrdm,0.031557381931454284,,,
Random Weights (BN-calibrated),1337,4,UPSAMPLED,32,Conv1,V1,all,persub,0.01907721116171271,0.017491570016592243,0.03107516882807584,0.008664894640470044
Random Weights (BN-calibrated),1337,4,UPSAMPLED,32,Conv1,V1,all,meanrdm,0.029327592106610158,,,
Random Weights (BN-calibrated),1337,4,UPSAMPLED,32,Conv1,V2,cr,persub,0.009763478821850287,0.007389287315833883,0.01859657348322186,0.0033045756664951123
Random Weights (BN-calibrated),1337,4,UPSAMPLED,32,Conv1,V2,cr,meanrdm,0.014863076689132285,,,
Random Weights (BN-calibrated),1337,4,UPSAMPLED,32,Conv1,V2,all,persub,0.009040024711921462,0.007131076907260301,0.01780417384005395,0.002184823388450131
Random Weights (BN-calibrated),1337,4,UPSAMPLED,32,Conv1,V2,all,meanrdm,0.013732605579273784,,,
Random Weights (BN-calibrated),1337,4,UPSAMPLED,32,Conv2,V1,cr,persub,0.014553423307756956,0.013633268531092337,0.021724951302093117,0.008302050090085415
Random Weights (BN-calibrated),1337,4,UPSAMPLED,32,Conv2,V1,cr,meanrdm,0.0228810199940879,,,
Random Weights (BN-calibrated),1337,4,UPSAMPLED,32,Conv2,V1,all,persub,0.013376521675287892,0.013740025835082359,0.019103614816730948,0.00728592437405037
Random Weights (BN-calibrated),1337,4,UPSAMPLED,32,Conv2,V1,all,meanrdm,0.021253392597759005,,,
Random Weights (BN-calibrated),1337,4,UPSAMPLED,32,Conv2,V2,cr,persub,0.006998268337989459,0.0061019527295351,0.011312375033828214,0.0035804772506050635
Random Weights (BN-calibrated),1337,4,UPSAMPLED,32,Conv2,V2,cr,meanrdm,0.010417030770142197,,,
Random Weights (BN-calibrated),1337,4,UPSAMPLED,32,Conv2,V2,all,persub,0.006402105750158381,0.006605871001740174,0.010065392685545035,0.002535053563189932
Random Weights (BN-calibrated),1337,4,UPSAMPLED,32,Conv2,V2,all,meanrdm,0.009432880197389335,,,
Random Weights (BN-calibrated),1337,4,UPSAMPLED,32,Conv3,LOC,cr,persub,0.0034073708418106666,0.005074030182465483,0.004539397114886534,0.0006086852280799838
Random Weights (BN-calibrated),1337,4,UPSAMPLED,32,Conv3,LOC,cr,meanrdm,0.0057140425606413145,,,
Random Weights (BN-calibrated),1337,4,UPSAMPLED,32,Conv3,LOC,all,persub,0.0030111694036702072,0.005569674452245015,0.003164761749955173,0.0002990720088104324
Random Weights (BN-calibrated),1337,4,UPSAMPLED,32,Conv3,LOC,all,meanrdm,0.004661757015186518,,,
Random Weights (BN-calibrated),1337,4,UPSAMPLED,32,FC1,IT,cr,persub,0.004287391099340586,0.0027215395914039105,0.007546684402195768,0.002593949304422079
Random Weights (BN-calibrated),1337,4,UPSAMPLED,32,FC1,IT,cr,meanrdm,0.0074288600473436574,,,
Random Weights (BN-calibrated),1337,4,UPSAMPLED,32,FC1,IT,all,persub,0.004658733804629173,0.00436052752986861,0.007539756237586476,0.0020759176464324337
Random Weights (BN-calibrated),1337,4,UPSAMPLED,32,FC1,IT,all,meanrdm,0.00767424006066594,,,
Random Weights,1337,4,UPSAMPLED,64,Conv1,V1,cr,persub,0.0450006195718542,0.044203920165109635,0.07442303846657859,0.01637490008387437
Random Weights,1337,4,UPSAMPLED,64,Conv1,V1,cr,meanrdm,0.06549513849310923,,,
Random Weights,1337,4,UPSAMPLED,64,Conv1,V1,all,persub,0.04419824033515091,0.0432413554413077,0.07423184241201256,0.015121523152132466
Random Weights,1337,4,UPSAMPLED,64,Conv1,V1,all,meanrdm,0.06407066108937838,,,
Random Weights,1337,4,UPSAMPLED,64,Conv1,V2,cr,persub,0.02384509849727841,0.02820958037626178,0.040521611297607674,0.0028041038179657785
Random Weights,1337,4,UPSAMPLED,64,Conv1,V2,cr,meanrdm,0.03593108869443197,,,
Random Weights,1337,4,UPSAMPLED,64,Conv1,V2,all,persub,0.023685266590277972,0.028142921963696797,0.04166040509296658,0.001252472714170539
Random Weights,1337,4,UPSAMPLED,64,Conv1,V2,all,meanrdm,0.03558607492683502,,,
Random Weights,1337,4,UPSAMPLED,64,Conv2,V1,cr,persub,0.05133063375371214,0.05232206855329861,0.08348077563180253,0.018189057076035294
Random Weights,1337,4,UPSAMPLED,64,Conv2,V1,cr,meanrdm,0.0740137689405606,,,
Random Weights,1337,4,UPSAMPLED,64,Conv2,V1,all,persub,0.0505545292486403,0.050966512322361816,0.08346053161888567,0.0172365438046734
Random Weights,1337,4,UPSAMPLED,64,Conv2,V1,all,meanrdm,0.07254419056588494,,,
Random Weights,1337,4,UPSAMPLED,64,Conv2,V2,cr,persub,0.028723672690000725,0.03381986069558176,0.04903988234476979,0.0033112750296506325
Random Weights,1337,4,UPSAMPLED,64,Conv2,V2,cr,meanrdm,0.04311048393547229,,,
Random Weights,1337,4,UPSAMPLED,64,Conv2,V2,all,persub,0.028407582947411084,0.03330886563177984,0.04987394556293215,0.0020399376475212696
Random Weights,1337,4,UPSAMPLED,64,Conv2,V2,all,meanrdm,0.042400539644564555,,,
Random Weights,1337,4,UPSAMPLED,64,Conv3,LOC,cr,persub,-0.0022613139333351167,0.004071618700432326,-0.006210218575475908,-0.004645341924961768
Random Weights,1337,4,UPSAMPLED,64,Conv3,LOC,cr,meanrdm,-0.006029881466563188,,,
Random Weights,1337,4,UPSAMPLED,64,Conv3,LOC,all,persub,-0.0012738046977490566,0.005211446196471118,-0.005912238511542389,-0.0031206217781758984
Random Weights,1337,4,UPSAMPLED,64,Conv3,LOC,all,meanrdm,-0.0037809023838759033,,,
Random Weights,1337,4,UPSAMPLED,64,FC1,IT,cr,persub,0.0013957999379829592,0.0008509191997486337,-0.0010777812248501596,0.004414261839050404
Random Weights,1337,4,UPSAMPLED,64,FC1,IT,cr,meanrdm,0.002558947915421536,,,
Random Weights,1337,4,UPSAMPLED,64,FC1,IT,all,persub,0.0023627926005878454,0.0030806530939457523,0.0007459087128384673,0.003261815994979317
Random Weights,1337,4,UPSAMPLED,64,FC1,IT,all,meanrdm,0.00397287651363924,,,
Backprop,1337,4,UPSAMPLED,64,Conv1,V1,cr,persub,0.020765352253983963,0.018614527810278718,0.03601689759126218,0.007664631360410998
Backprop,1337,4,UPSAMPLED,64,Conv1,V1,cr,meanrdm,0.031176860585019086,,,
Backprop,1337,4,UPSAMPLED,64,Conv1,V1,all,persub,0.01925163455219501,0.017295587326066546,0.033487023020557026,0.006972293309961455
Backprop,1337,4,UPSAMPLED,64,Conv1,V1,all,meanrdm,0.028959217959655947,,,
Backprop,1337,4,UPSAMPLED,64,Conv1,V2,cr,persub,0.011144881756899172,0.010354952025485706,0.02017008564131974,0.0029096076038920725
Backprop,1337,4,UPSAMPLED,64,Conv1,V2,cr,meanrdm,0.016429974507327215,,,
Backprop,1337,4,UPSAMPLED,64,Conv1,V2,all,persub,0.010228567785344532,0.0099529222299599,0.019336564678321864,0.0013962164477518276
Backprop,1337,4,UPSAMPLED,64,Conv1,V2,all,meanrdm,0.015142735633429147,,,
Backprop,1337,4,UPSAMPLED,64,Conv2,V1,cr,persub,-0.003871119320653612,-0.003955241785833636,-0.011178406217753503,0.0035202900416263032
Backprop,1337,4,UPSAMPLED,64,Conv2,V1,cr,meanrdm,-0.0047598162737742455,,,
Backprop,1337,4,UPSAMPLED,64,Conv2,V1,all,persub,-0.004647908132572876,-0.0032061292667758578,-0.013723524967302142,0.002985929836359368
Backprop,1337,4,UPSAMPLED,64,Conv2,V1,all,meanrdm,-0.006081893861857737,,,
Backprop,1337,4,UPSAMPLED,64,Conv2,V2,cr,persub,-1.690290512898687e-06,0.0036876966688127516,-0.007241649119544661,0.003548881579193213
Backprop,1337,4,UPSAMPLED,64,Conv2,V2,cr,meanrdm,-0.00022461464475233224,,,
Backprop,1337,4,UPSAMPLED,64,Conv2,V2,all,persub,-0.0006153531148932549,0.003855427135505485,-0.00792885842688036,0.00222737194669511
Backprop,1337,4,UPSAMPLED,64,Conv2,V2,all,meanrdm,-0.0011534219716970917,,,
Backprop,1337,4,UPSAMPLED,64,Conv3,LOC,cr,persub,0.0020052005571923044,0.006207915922462145,-0.0010710114866324507,0.0008786972357472185
Backprop,1337,4,UPSAMPLED,64,Conv3,LOC,cr,meanrdm,0.0027323327737583452,,,
Backprop,1337,4,UPSAMPLED,64,Conv3,LOC,all,persub,0.0014904015014184202,0.006381552341703474,-0.0030777627764732762,0.0011674149390250624
Backprop,1337,4,UPSAMPLED,64,Conv3,LOC,all,meanrdm,0.0021204700840351674,,,
Backprop,1337,4,UPSAMPLED,64,FC1,IT,cr,persub,0.012098683728256331,0.01219247024449682,0.020073922700131912,0.004029658240140259
Backprop,1337,4,UPSAMPLED,64,FC1,IT,cr,meanrdm,0.01952902895664443,,,
Backprop,1337,4,UPSAMPLED,64,FC1,IT,all,persub,0.0111559016431517,0.01259133095044427,0.01647507025730279,0.004401303721708037
Backprop,1337,4,UPSAMPLED,64,FC1,IT,all,meanrdm,0.017836376107780227,,,
Feedback Alignment,1337,4,UPSAMPLED,64,Conv1,V1,cr,persub,0.007341816537658062,0.0023193486831771283,0.01605166140157024,0.00365443952822682
Feedback Alignment,1337,4,UPSAMPLED,64,Conv1,V1,cr,meanrdm,0.011619160975494633,,,
Feedback Alignment,1337,4,UPSAMPLED,64,Conv1,V1,all,persub,0.006152169791738771,0.0017225696756152623,0.014124486611822973,0.002609453087778079
Feedback Alignment,1337,4,UPSAMPLED,64,Conv1,V1,all,meanrdm,0.009900252842130303,,,
Feedback Alignment,1337,4,UPSAMPLED,64,Conv1,V2,cr,persub,0.0023977355913704563,-0.0009227768753044682,0.006219771104773176,0.0018962125446426604
Feedback Alignment,1337,4,UPSAMPLED,64,Conv1,V2,cr,meanrdm,0.003404255156700857,,,
Feedback Alignment,1337,4,UPSAMPLED,64,Conv1,V2,all,persub,0.0016477407763591425,-0.001078636449805704,0.006107540073054754,-8.568129417162304e-05
Feedback Alignment,1337,4,UPSAMPLED,64,Conv1,V2,all,meanrdm,0.0022917102192462646,,,
Feedback Alignment,1337,4,UPSAMPLED,64,Conv2,V1,cr,persub,0.02453926413999719,0.02511428923574538,0.040826043990479906,0.007677459193766288
Feedback Alignment,1337,4,UPSAMPLED,64,Conv2,V1,cr,meanrdm,0.03580980022842284,,,
Feedback Alignment,1337,4,UPSAMPLED,64,Conv2,V1,all,persub,0.0240049742664675,0.025401093008752353,0.038741824174032796,0.007872005616617356
Feedback Alignment,1337,4,UPSAMPLED,64,Conv2,V1,all,meanrdm,0.03519682130927563,,,
Feedback Alignment,1337,4,UPSAMPLED,64,Conv2,V2,cr,persub,0.017180292848535478,0.01925568983238036,0.0280316679250378,0.004253520788188279
Feedback Alignment,1337,4,UPSAMPLED,64,Conv2,V2,cr,meanrdm,0.025909013004361943,,,
Feedback Alignment,1337,4,UPSAMPLED,64,Conv2,V2,all,persub,0.0166751988746462,0.01978774601309239,0.02746296570497547,0.0027748849058707534
Feedback Alignment,1337,4,UPSAMPLED,64,Conv2,V2,all,meanrdm,0.02485552787775986,,,
Feedback Alignment,1337,4,UPSAMPLED,64,Conv3,LOC,cr,persub,0.0009997235573197887,0.007094426614034117,-0.002150744393217549,-0.0019445115488572016
Feedback Alignment,1337,4,UPSAMPLED,64,Conv3,LOC,cr,meanrdm,0.0008713527343369919,,,
Feedback Alignment,1337,4,UPSAMPLED,64,Conv3,LOC,all,persub,0.001239287462349288,0.007963370923256722,-0.003343138717626524,-0.0009023698185823344
Feedback Alignment,1337,4,UPSAMPLED,64,Conv3,LOC,all,meanrdm,0.0012576106527638089,,,
Feedback Alignment,1337,4,UPSAMPLED,64,FC1,IT,cr,persub,0.005379777824226641,0.008940935510033417,0.006378576473208767,0.000819821489437738
Feedback Alignment,1337,4,UPSAMPLED,64,FC1,IT,cr,meanrdm,0.009414524640631253,,,
Feedback Alignment,1337,4,UPSAMPLED,64,FC1,IT,all,persub,0.0048264989951118005,0.008608693805996152,0.0056444951187407605,0.0002263080605984903
Feedback Alignment,1337,4,UPSAMPLED,64,FC1,IT,all,meanrdm,0.008490269146008301,,,
Predictive Coding,1337,4,UPSAMPLED,64,Conv1,V1,cr,persub,0.01290348770164782,0.009457092041108343,0.021588585689367664,0.007664785374467452
Predictive Coding,1337,4,UPSAMPLED,64,Conv1,V1,cr,meanrdm,0.01993335790070159,,,
Predictive Coding,1337,4,UPSAMPLED,64,Conv1,V1,all,persub,0.011532362402980263,0.008618891594387106,0.019895031646919886,0.0060831639676337925
Predictive Coding,1337,4,UPSAMPLED,64,Conv1,V1,all,meanrdm,0.01794903791532874,,,
Predictive Coding,1337,4,UPSAMPLED,64,Conv1,V2,cr,persub,0.005521253317410608,0.005019435149081321,0.009292802661285023,0.0022515221418654787
Predictive Coding,1337,4,UPSAMPLED,64,Conv1,V2,cr,meanrdm,0.007993596124749858,,,
Predictive Coding,1337,4,UPSAMPLED,64,Conv1,V2,all,persub,0.004777832859164043,0.004555900008522423,0.009362516021621525,0.0004150825473481803
Predictive Coding,1337,4,UPSAMPLED,64,Conv1,V2,all,meanrdm,0.006908563241239427,,,
Predictive Coding,1337,4,UPSAMPLED,64,Conv2,V1,cr,persub,0.014418852761597234,0.01446447122925977,0.02066593295621703,0.008126154099314904
Predictive Coding,1337,4,UPSAMPLED,64,Conv2,V1,cr,meanrdm,0.02207951794730701,,,
Predictive Coding,1337,4,UPSAMPLED,64,Conv2,V1,all,persub,0.013721497939223969,0.014759307902829361,0.018458719178494,0.007946466736348544
Predictive Coding,1337,4,UPSAMPLED,64,Conv2,V1,all,meanrdm,0.021210420276113168,,,
Predictive Coding,1337,4,UPSAMPLED,64,Conv2,V2,cr,persub,0.010898508232116424,0.013987248397673365,0.013822143027410517,0.004886133271265396
Predictive Coding,1337,4,UPSAMPLED,64,Conv2,V2,cr,meanrdm,0.01623879754423132,,,
Predictive Coding,1337,4,UPSAMPLED,64,Conv2,V2,all,persub,0.010455753982163134,0.014266574516881236,0.013299327514836281,0.0038013599147718835
Predictive Coding,1337,4,UPSAMPLED,64,Conv2,V2,all,meanrdm,0.015402779956985642,,,
Predictive Coding,1337,4,UPSAMPLED,64,Conv3,LOC,cr,persub,0.001864345115411241,0.0055634546334491445,-1.4960633784589974e-05,4.454134656916873e-05
Predictive Coding,1337,4,UPSAMPLED,64,Conv3,LOC,cr,meanrdm,0.00197035505627133,,,
Predictive Coding,1337,4,UPSAMPLED,64,Conv3,LOC,all,persub,0.0017126672692719628,0.0061759858127696295,-0.0017378236657915715,0.0006998396608378309
Predictive Coding,1337,4,UPSAMPLED,64,Conv3,LOC,all,meanrdm,0.0018265733076200162,,,
Predictive Coding,1337,4,UPSAMPLED,64,FC1,IT,cr,persub,0.006876583054392329,0.008929088164538083,0.009960128145408429,0.0017405328532304717
Predictive Coding,1337,4,UPSAMPLED,64,FC1,IT,cr,meanrdm,0.011439821557457194,,,
Predictive Coding,1337,4,UPSAMPLED,64,FC1,IT,all,persub,0.0063488054785914615,0.009506037600269503,0.008398921254233816,0.0011414575812710634
Predictive Coding,1337,4,UPSAMPLED,64,FC1,IT,all,meanrdm,0.010331848125203894,,,
STDP,1337,4,UPSAMPLED,64,Conv1,V1,cr,persub,0.019686502253613333,0.017375683316789427,0.03602472373603721,0.005659099708013357
STDP,1337,4,UPSAMPLED,64,Conv1,V1,cr,meanrdm,0.029368673371857657,,,
STDP,1337,4,UPSAMPLED,64,Conv1,V1,all,persub,0.01822009973662483,0.01637899388714592,0.03339801020217747,0.004883295120551103
STDP,1337,4,UPSAMPLED,64,Conv1,V1,all,meanrdm,0.027137992689049355,,,
STDP,1337,4,UPSAMPLED,64,Conv1,V2,cr,persub,0.010704921250392683,0.009337627263931563,0.021178306256826648,0.001598830230419841
STDP,1337,4,UPSAMPLED,64,Conv1,V2,cr,meanrdm,0.015908650667764323,,,
STDP,1337,4,UPSAMPLED,64,Conv1,V2,all,persub,0.009682582219140643,0.009014372561091194,0.02008439455724683,-5.1020460916097155e-05
STDP,1337,4,UPSAMPLED,64,Conv1,V2,all,meanrdm,0.014241221017129279,,,
STDP,1337,4,UPSAMPLED,64,Conv2,V1,cr,persub,0.029130008864024056,0.0265794456988456,0.05299236397067879,0.007818216922547772
STDP,1337,4,UPSAMPLED,64,Conv2,V1,cr,meanrdm,0.043342165225138105,,,
STDP,1337,4,UPSAMPLED,64,Conv2,V1,all,persub,0.02774434066759607,0.026017218562727047,0.04943910873185514,0.007776694708206031
STDP,1337,4,UPSAMPLED,64,Conv2,V1,all,meanrdm,0.04105111986773152,,,
STDP,1337,4,UPSAMPLED,64,Conv2,V2,cr,persub,0.017767881366864257,0.016590614085972757,0.03326362435005566,0.0034494056645643567
STDP,1337,4,UPSAMPLED,64,Conv2,V2,cr,meanrdm,0.026935012485997792,,,
STDP,1337,4,UPSAMPLED,64,Conv2,V2,all,persub,0.016751912539739035,0.0164265744350668,0.03174943982905176,0.0020797233550985477
STDP,1337,4,UPSAMPLED,64,Conv2,V2,all,meanrdm,0.0253755145737986,,,
STDP,1337,4,UPSAMPLED,64,Conv3,LOC,cr,persub,0.0016726275131036799,0.006811914049240313,0.0005155395572345276,-0.0023095710671638004
STDP,1337,4,UPSAMPLED,64,Conv3,LOC,cr,meanrdm,0.0013675168840182569,,,
STDP,1337,4,UPSAMPLED,64,Conv3,LOC,all,persub,0.0016143868142085183,0.00692820127256475,-0.0009589523136871512,-0.0011260885162520436
STDP,1337,4,UPSAMPLED,64,Conv3,LOC,all,meanrdm,0.0017355936702951012,,,
STDP,1337,4,UPSAMPLED,64,FC1,IT,cr,persub,0.009098112463662756,0.010658485017085485,0.01337709133912908,0.003258761034773704
STDP,1337,4,UPSAMPLED,64,FC1,IT,cr,meanrdm,0.015796510670662112,,,
STDP,1337,4,UPSAMPLED,64,FC1,IT,all,persub,0.008427424560388709,0.010554286081238982,0.012182791865099516,0.0025451957348276285
STDP,1337,4,UPSAMPLED,64,FC1,IT,all,meanrdm,0.014087671712255454,,,
Random Weights (BN-calibrated),1337,4,UPSAMPLED,64,Conv1,V1,cr,persub,0.008388481686833173,0.004398887077588847,0.014969226961410674,0.005797331021499999
Random Weights (BN-calibrated),1337,4,UPSAMPLED,64,Conv1,V1,cr,meanrdm,0.013358481825995692,,,
Random Weights (BN-calibrated),1337,4,UPSAMPLED,64,Conv1,V1,all,persub,0.007028365345617279,0.0036105139753260605,0.013326572398738622,0.004148009662787153
Random Weights (BN-calibrated),1337,4,UPSAMPLED,64,Conv1,V1,all,meanrdm,0.011359553913317768,,,
Random Weights (BN-calibrated),1337,4,UPSAMPLED,64,Conv1,V2,cr,persub,0.0028085335235279885,0.0011977117282771378,0.00534379722418688,0.0018840916181199477
Random Weights (BN-calibrated),1337,4,UPSAMPLED,64,Conv1,V2,cr,meanrdm,0.003936882407316962,,,
Random Weights (BN-calibrated),1337,4,UPSAMPLED,64,Conv1,V2,all,persub,0.002087580425694574,0.000696296963769721,0.005375712691402643,0.0001907316219113579
Random Weights (BN-calibrated),1337,4,UPSAMPLED,64,Conv1,V2,all,meanrdm,0.0029208855161456165,,,
Random Weights (BN-calibrated),1337,4,UPSAMPLED,64,Conv2,V1,cr,persub,0.01889913517141526,0.01861460328308398,0.02909807544974018,0.008984726781421627
Random Weights (BN-calibrated),1337,4,UPSAMPLED,64,Conv2,V1,cr,meanrdm,0.02815061424561072,,,
Random Weights (BN-calibrated),1337,4,UPSAMPLED,64,Conv2,V1,all,persub,0.017946740775883457,0.018573823936931765,0.026504505757057775,0.00876189263366083
Random Weights (BN-calibrated),1337,4,UPSAMPLED,64,Conv2,V1,all,meanrdm,0.026992957604013712,,,
Random Weights (BN-calibrated),1337,4,UPSAMPLED,64,Conv2,V2,cr,persub,0.014256695529606385,0.01684520626984084,0.02134271955100124,0.0045821607679770735
Random Weights (BN-calibrated),1337,4,UPSAMPLED,64,Conv2,V2,cr,meanrdm,0.021187400368586726,,,
Random Weights (BN-calibrated),1337,4,UPSAMPLED,64,Conv2,V2,all,persub,0.01368132927097816,0.017010191069876394,0.020562602518517433,0.0034711942245406564
Random Weights (BN-calibrated),1337,4,UPSAMPLED,64,Conv2,V2,all,meanrdm,0.020193749715185193,,,
Random Weights (BN-calibrated),1337,4,UPSAMPLED,64,Conv3,LOC,cr,persub,0.0005753756595016428,0.005215805636991662,-0.0021666658489971256,-0.001323012809489608
Random Weights (BN-calibrated),1337,4,UPSAMPLED,64,Conv3,LOC,cr,meanrdm,-0.00024764023317241587,,,
Random Weights (BN-calibrated),1337,4,UPSAMPLED,64,Conv3,LOC,all,persub,0.0003955143204362108,0.005389508744681634,-0.003910124424475343,-0.0002928413588976591
Random Weights (BN-calibrated),1337,4,UPSAMPLED,64,Conv3,LOC,all,meanrdm,-0.00033675103173020954,,,
Random Weights (BN-calibrated),1337,4,UPSAMPLED,64,FC1,IT,cr,persub,0.0045342495941242044,0.004265326254564033,0.007715130525367905,0.001622292002440674
Random Weights (BN-calibrated),1337,4,UPSAMPLED,64,FC1,IT,cr,meanrdm,0.0077856052008567845,,,
Random Weights (BN-calibrated),1337,4,UPSAMPLED,64,FC1,IT,all,persub,0.0038612318008597276,0.004473294357033729,0.006045241970248492,0.0010651590752969622
Random Weights (BN-calibrated),1337,4,UPSAMPLED,64,FC1,IT,all,meanrdm,0.006556210914135655,,,
Random Weights,1337,4,UPSAMPLED,96,Conv1,V1,cr,persub,0.04675111057647651,0.04628862647374385,0.07718339721924039,0.01678130803644528
Random Weights,1337,4,UPSAMPLED,96,Conv1,V1,cr,meanrdm,0.06795315987892131,,,
Random Weights,1337,4,UPSAMPLED,96,Conv1,V1,all,persub,0.045932917413936826,0.04526549803239331,0.07696372450987896,0.015569529699538228
Random Weights,1337,4,UPSAMPLED,96,Conv1,V1,all,meanrdm,0.06650867407657507,,,
Random Weights,1337,4,UPSAMPLED,96,Conv1,V2,cr,persub,0.025029589498944665,0.029578779354544105,0.04262630774277211,0.0028836813995177725
Random Weights,1337,4,UPSAMPLED,96,Conv1,V2,cr,meanrdm,0.03771663340913421,,,
Random Weights,1337,4,UPSAMPLED,96,Conv1,V2,all,persub,0.024870134715176045,0.029514654955087673,0.04373478203777073,0.0013609671526697343
Random Weights,1337,4,UPSAMPLED,96,Conv1,V2,all,meanrdm,0.03736316318019924,,,
Random Weights,1337,4,UPSAMPLED,96,Conv2,V1,cr,persub,0.05135392705633621,0.05236595377099877,0.08355257512349472,0.018143252274515142
Random Weights,1337,4,UPSAMPLED,96,Conv2,V1,cr,meanrdm,0.07403653450376446,,,
Random Weights,1337,4,UPSAMPLED,96,Conv2,V1,all,persub,0.05060789300619156,0.051046302138246326,0.08355660260583248,0.0172207742744959
Random Weights,1337,4,UPSAMPLED,96,Conv2,V1,all,meanrdm,0.07262589358540637,,,
Random Weights,1337,4,UPSAMPLED,96,Conv2,V2,cr,persub,0.02884554652563805,0.033987430868901485,0.04939871842597757,0.003150490282035099
Random Weights,1337,4,UPSAMPLED,96,Conv2,V2,cr,meanrdm,0.04329098319134678,,,
Random Weights,1337,4,UPSAMPLED,96,Conv2,V2,all,persub,0.028560461380839768,0.03351275287854709,0.05025490936833138,0.0019137218956408386
Random Weights,1337,4,UPSAMPLED,96,Conv2,V2,all,meanrdm,0.04263505394450382,,,
Random Weights,1337,4,UPSAMPLED,96,Conv3,LOC,cr,persub,-0.002493318165939952,0.004053529578250525,-0.006945138715344571,-0.004588345360725809
Random Weights,1337,4,UPSAMPLED,96,Conv3,LOC,cr,meanrdm,-0.006433451691238618,,,
Random Weights,1337,4,UPSAMPLED,96,Conv3,LOC,all,persub,-0.0014920062032438971,0.0052100498781310085,-0.006608832115199202,-0.003077236372663498
Random Weights,1337,4,UPSAMPLED,96,Conv3,LOC,all,meanrdm,-0.004192629790698131,,,
Random Weights,1337,4,UPSAMPLED,96,FC1,IT,cr,persub,0.0012422232338712856,0.00034414434818275704,-0.0004993626403274855,0.0038818879937585855
Random Weights,1337,4,UPSAMPLED,96,FC1,IT,cr,meanrdm,0.0021556579501632155,,,
Random Weights,1337,4,UPSAMPLED,96,FC1,IT,all,persub,0.0023492572536093713,0.0027236846554982725,0.0014518261926919976,0.002872260912637843
Random Weights,1337,4,UPSAMPLED,96,FC1,IT,all,meanrdm,0.0037840654084866305,,,
Backprop,1337,4,UPSAMPLED,96,Conv1,V1,cr,persub,0.017317921135851823,0.015050833410948407,0.03020928332065903,0.006693646675948031
Backprop,1337,4,UPSAMPLED,96,Conv1,V1,cr,meanrdm,0.026057683637859135,,,
Backprop,1337,4,UPSAMPLED,96,Conv1,V1,all,persub,0.01589870304883269,0.013798239892706681,0.027988354583471337,0.005909514670320059
Backprop,1337,4,UPSAMPLED,96,Conv1,V1,all,meanrdm,0.023980904952068345,,,
Backprop,1337,4,UPSAMPLED,96,Conv1,V2,cr,persub,0.008837694448832851,0.008641144256740915,0.015396036098376057,0.0024759029913815813
Backprop,1337,4,UPSAMPLED,96,Conv1,V2,cr,meanrdm,0.012808028159249855,,,
Backprop,1337,4,UPSAMPLED,96,Conv1,V2,all,persub,0.007946962139017046,0.008185217350184348,0.01482337328655593,0.0008322957803108573
Backprop,1337,4,UPSAMPLED,96,Conv1,V2,all,meanrdm,0.011593755744759765,,,
Backprop,1337,4,UPSAMPLED,96,Conv2,V1,cr,persub,0.0012380505429871495,0.0022604209275180094,-0.002734067427690161,0.0041877981291336
Backprop,1337,4,UPSAMPLED,96,Conv2,V1,cr,meanrdm,0.00240099811304557,,,
Backprop,1337,4,UPSAMPLED,96,Conv2,V1,all,persub,0.000483953634844784,0.0027774483675491587,-0.005203058452843664,0.003877470989828857
Backprop,1337,4,UPSAMPLED,96,Conv2,V1,all,meanrdm,0.0011255979064456452,,,
Backprop,1337,4,UPSAMPLED,96,Conv2,V2,cr,persub,0.003838141940336832,0.00846927623295757,7.819697099475898e-05,0.0029669526170581673
Backprop,1337,4,UPSAMPLED,96,Conv2,V2,cr,meanrdm,0.00558481645466199,,,
Backprop,1337,4,UPSAMPLED,96,Conv2,V2,all,persub,0.003268633800694373,0.008515326446109818,-0.0005333174232631745,0.0018238923792364766
Backprop,1337,4,UPSAMPLED,96,Conv2,V2,all,meanrdm,0.0047235198111909215,,,
Backprop,1337,4,UPSAMPLED,96,Conv3,LOC,cr,persub,0.0005063601952689961,0.005334664084987899,-0.0037249957908369667,-9.05877083439436e-05
Backprop,1337,4,UPSAMPLED,96,Conv3,LOC,cr,meanrdm,-0.00018539079565544844,,,
Backprop,1337,4,UPSAMPLED,96,Conv3,LOC,all,persub,0.0002552733914461358,0.005748558992081692,-0.005300992184121481,0.0003182533663781966
Backprop,1337,4,UPSAMPLED,96,Conv3,LOC,all,meanrdm,-0.0002487166679452823,,,
Backprop,1337,4,UPSAMPLED,96,FC1,IT,cr,persub,0.008556058855713694,0.00883868752869805,0.013193322207364614,0.0036361668310784198
Backprop,1337,4,UPSAMPLED,96,FC1,IT,cr,meanrdm,0.01366694145481594,,,
Backprop,1337,4,UPSAMPLED,96,FC1,IT,all,persub,0.007496646699326037,0.009406128747080553,0.009627733973455387,0.0034560773774421683
Backprop,1337,4,UPSAMPLED,96,FC1,IT,all,meanrdm,0.011840443135226003,,,
Feedback Alignment,1337,4,UPSAMPLED,96,Conv1,V1,cr,persub,0.008608378312787051,0.0038920080327851324,0.017781859990285573,0.0041512669152904465
Feedback Alignment,1337,4,UPSAMPLED,96,Conv1,V1,cr,meanrdm,0.013405277337445497,,,
Feedback Alignment,1337,4,UPSAMPLED,96,Conv1,V1,all,persub,0.007497193750469761,0.0033266927917671896,0.016127232078280138,0.0030376563813619547
Feedback Alignment,1337,4,UPSAMPLED,96,Conv1,V1,all,meanrdm,0.011792469018726928,,,
Feedback Alignment,1337,4,UPSAMPLED,96,Conv1,V2,cr,persub,0.0030215577617286916,0.0004902498605909475,0.006741240221480051,0.0018331832031150772
Feedback Alignment,1337,4,UPSAMPLED,96,Conv1,V2,cr,meanrdm,0.0043827898689996776,,,
Feedback Alignment,1337,4,UPSAMPLED,96,Conv1,V2,all,persub,0.002310396265680895,0.0003368771045814161,0.006875025584947081,-0.000280713892485812
Feedback Alignment,1337,4,UPSAMPLED,96,Conv1,V2,all,meanrdm,0.003327072895464236,,,
Feedback Alignment,1337,4,UPSAMPLED,96,Conv2,V1,cr,persub,0.029174471109293238,0.030939119387924135,0.04763169722511614,0.008952596714839452
Feedback Alignment,1337,4,UPSAMPLED,96,Conv2,V1,cr,meanrdm,0.042314274638344807,,,
Feedback Alignment,1337,4,UPSAMPLED,96,Conv2,V1,all,persub,0.0286601311003398,0.031111219290153428,0.045660006471570536,0.00920916753929544
Feedback Alignment,1337,4,UPSAMPLED,96,Conv2,V1,all,meanrdm,0.041694157354672114,,,
Feedback Alignment,1337,4,UPSAMPLED,96,Conv2,V2,cr,persub,0.020392428834232576,0.023349273732494687,0.03333784640285112,0.0044901663673519235
Feedback Alignment,1337,4,UPSAMPLED,96,Conv2,V2,cr,meanrdm,0.030769866383123415,,,
Feedback Alignment,1337,4,UPSAMPLED,96,Conv2,V2,all,persub,0.019893133127410326,0.02380529624951095,0.03283250650224154,0.003041596630478487
Feedback Alignment,1337,4,UPSAMPLED,96,Conv2,V2,all,meanrdm,0.029685527603083756,,,
Feedback Alignment,1337,4,UPSAMPLED,96,Conv3,LOC,cr,persub,0.000371660300741224,0.006702884746756806,-0.003013562118184818,-0.002574341726348316
Feedback Alignment,1337,4,UPSAMPLED,96,Conv3,LOC,cr,meanrdm,-0.0003403583023811618,,,
Feedback Alignment,1337,4,UPSAMPLED,96,Conv3,LOC,all,persub,0.0006572865454626818,0.007513771780632406,-0.004164494005399754,-0.0013774181388446064
Feedback Alignment,1337,4,UPSAMPLED,96,Conv3,LOC,all,meanrdm,0.0002582186002094625,,,
Feedback Alignment,1337,4,UPSAMPLED,96,FC1,IT,cr,persub,0.00571842464918398,0.008635909726628888,0.007273437440529175,0.0012459267803938755
Feedback Alignment,1337,4,UPSAMPLED,96,FC1,IT,cr,meanrdm,0.01014709652078515,,,
Feedback Alignment,1337,4,UPSAMPLED,96,FC1,IT,all,persub,0.005150823219188194,0.008389401253902667,0.006448661917839317,0.0006144064858225987
Feedback Alignment,1337,4,UPSAMPLED,96,FC1,IT,all,meanrdm,0.009183868534258203,,,
Predictive Coding,1337,4,UPSAMPLED,96,Conv1,V1,cr,persub,0.012995922051833522,0.0097164127120801,0.0215295146000814,0.007741838843339064
Predictive Coding,1337,4,UPSAMPLED,96,Conv1,V1,cr,meanrdm,0.019962451061494565,,,
Predictive Coding,1337,4,UPSAMPLED,96,Conv1,V1,all,persub,0.011681672009534945,0.008887140732547837,0.02004271317794211,0.006115162118114884
Predictive Coding,1337,4,UPSAMPLED,96,Conv1,V1,all,meanrdm,0.01804443618697015,,,
Predictive Coding,1337,4,UPSAMPLED,96,Conv1,V2,cr,persub,0.005645615737199628,0.005827965823079111,0.009024141357092102,0.0020847400314276733
Predictive Coding,1337,4,UPSAMPLED,96,Conv1,V2,cr,meanrdm,0.008147168882226316,,,
Predictive Coding,1337,4,UPSAMPLED,96,Conv1,V2,all,persub,0.0049286363648031175,0.005330637413989715,0.00929126685194408,0.00016400482847555653
Predictive Coding,1337,4,UPSAMPLED,96,Conv1,V2,all,meanrdm,0.007112061827175769,,,
Predictive Coding,1337,4,UPSAMPLED,96,Conv2,V1,cr,persub,0.01872031376746977,0.019816410975865645,0.027158161755195896,0.009186368571347778
Predictive Coding,1337,4,UPSAMPLED,96,Conv2,V1,cr,meanrdm,0.02810919045820333,,,
Predictive Coding,1337,4,UPSAMPLED,96,Conv2,V1,all,persub,0.01805617521815882,0.019989931265773205,0.02499820565047315,0.009180388738230107
Predictive Coding,1337,4,UPSAMPLED,96,Conv2,V1,all,meanrdm,0.02727508290448569,,,
Predictive Coding,1337,4,UPSAMPLED,96,Conv2,V2,cr,persub,0.01412629057531514,0.01840916496223517,0.01886447756664355,0.005105229197066708
Predictive Coding,1337,4,UPSAMPLED,96,Conv2,V2,cr,meanrdm,0.021166835596571263,,,
Predictive Coding,1337,4,UPSAMPLED,96,Conv2,V2,all,persub,0.013708365858323364,0.018590887247960566,0.018445452932097126,0.004088757394912399
Predictive Coding,1337,4,UPSAMPLED,96,Conv2,V2,all,meanrdm,0.020339212199514164,,,
Predictive Coding,1337,4,UPSAMPLED,96,Conv3,LOC,cr,persub,0.0011150667464472266,0.005462248022342209,-0.0016988570714659736,-0.0004181907115345557
Predictive Coding,1337,4,UPSAMPLED,96,Conv3,LOC,cr,meanrdm,0.0005341625330913997,,,
Predictive Coding,1337,4,UPSAMPLED,96,Conv3,LOC,all,persub,0.0010524267027517298,0.006011548239305836,-0.003327817311647728,0.0004735491805970815
Predictive Coding,1337,4,UPSAMPLED,96,Conv3,LOC,all,meanrdm,0.000631624612125176,,,
Predictive Coding,1337,4,UPSAMPLED,96,FC1,IT,cr,persub,0.006624589114986879,0.008692194038402974,0.009213566530742373,0.0019680067758152866
Predictive Coding,1337,4,UPSAMPLED,96,FC1,IT,cr,meanrdm,0.010988582563639486,,,
Predictive Coding,1337,4,UPSAMPLED,96,FC1,IT,all,persub,0.005943295842664843,0.009113171341369807,0.007543953652665604,0.0011727625339591182
Predictive Coding,1337,4,UPSAMPLED,96,FC1,IT,all,meanrdm,0.009713205563732688,,,
STDP,1337,4,UPSAMPLED,96,Conv1,V1,cr,persub,0.014872995258023857,0.012152259253732553,0.02780986982998479,0.004656856690354227
STDP,1337,4,UPSAMPLED,96,Conv1,V1,cr,meanrdm,0.022357501079096974,,,
STDP,1337,4,UPSAMPLED,96,Conv1,V1,all,persub,0.01348798932446508,0.011285332415795945,0.02543958147123724,0.0037390540863620645
STDP,1337,4,UPSAMPLED,96,Conv1,V1,all,meanrdm,0.020239550899481547,,,
STDP,1337,4,UPSAMPLED,96,Conv1,V2,cr,persub,0.007902157378576472,0.006622605553754281,0.015848890664024184,0.0012349759179509517
STDP,1337,4,UPSAMPLED,96,Conv1,V2,cr,meanrdm,0.011567395859132986,,,
STDP,1337,4,UPSAMPLED,96,Conv1,V2,all,persub,0.006887292568680494,0.0062561854444606315,0.014950460167390104,-0.0005447679058092567
STDP,1337,4,UPSAMPLED,96,Conv1,V2,all,meanrdm,0.009940501230741191,,,
STDP,1337,4,UPSAMPLED,96,Conv2,V1,cr,persub,0.025262669446729422,0.022795815402606147,0.046540283874244734,0.006451909063337382
STDP,1337,4,UPSAMPLED,96,Conv2,V1,cr,meanrdm,0.03748541950650867,,,
STDP,1337,4,UPSAMPLED,96,Conv2,V1,all,persub,0.024067206042576214,0.022479314920273413,0.043358997499177765,0.006363305708277468
STDP,1337,4,UPSAMPLED,96,Conv2,V1,all,meanrdm,0.03546109396674389,,,
STDP,1337,4,UPSAMPLED,96,Conv2,V2,cr,persub,0.015686115616532784,0.015016003320297414,0.02938166908696059,0.002660674442340345
STDP,1337,4,UPSAMPLED,96,Conv2,V2,cr,meanrdm,0.023682972464317595,,,
STDP,1337,4,UPSAMPLED,96,Conv2,V2,all,persub,0.014759387314362616,0.014848754342243238,0.0282208295862554,0.0012085780145892095
STDP,1337,4,UPSAMPLED,96,Conv2,V2,all,meanrdm,0.022260916641410028,,,
STDP,1337,4,UPSAMPLED,96,Conv3,LOC,cr,persub,0.0002876011271053221,0.005961952114969697,-0.0020999468120940627,-0.0029992019215596684
STDP,1337,4,UPSAMPLED,96,Conv3,LOC,cr,meanrdm,-0.0010548081572302162,,,
STDP,1337,4,UPSAMPLED,96,Conv3,LOC,all,persub,0.0004899765394811385,0.006550231652229559,-0.003244108280973922,-0.001836193752812221
STDP,1337,4,UPSAMPLED,96,Conv3,LOC,all,meanrdm,-0.00022701051380929918,,,
STDP,1337,4,UPSAMPLED,96,FC1,IT,cr,persub,0.0076790941768171495,0.008726221104941444,0.012440679308004089,0.0018703821175059159
STDP,1337,4,UPSAMPLED,96,FC1,IT,cr,meanrdm,0.013211604704836196,,,
STDP,1337,4,UPSAMPLED,96,FC1,IT,all,persub,0.007162868244916271,0.009032571801074316,0.011377307027547343,0.0010787259061271553
STDP,1337,4,UPSAMPLED,96,FC1,IT,all,meanrdm,0.01187491133369975,,,
Random Weights (BN-calibrated),1337,4,UPSAMPLED,96,Conv1,V1,cr,persub,0.009607797039476578,0.005739407676672396,0.016885667685431663,0.006198315756325672
Random Weights (BN-calibrated),1337,4,UPSAMPLED,96,Conv1,V1,cr,meanrdm,0.015045635089892546,,,
Random Weights (BN-calibrated),1337,4,UPSAMPLED,96,Conv1,V1,all,persub,0.008314261821606498,0.004974325460218314,0.015478498006579662,0.004489961998021516
Random Weights (BN-calibrated),1337,4,UPSAMPLED,96,Conv1,V1,all,meanrdm,0.013123700688529805,,,
Random Weights (BN-calibrated),1337,4,UPSAMPLED,96,Conv1,V2,cr,persub,0.003534173400287683,0.0026623641201257075,0.006213787779570908,0.001726368301166434
Random Weights (BN-calibrated),1337,4,UPSAMPLED,96,Conv1,V2,cr,meanrdm,0.005019768200557813,,,
Random Weights (BN-calibrated),1337,4,UPSAMPLED,96,Conv1,V2,all,persub,0.002866400616872704,0.002150743216037194,0.006511482301185109,-6.302366660419011e-05
Random Weights (BN-calibrated),1337,4,UPSAMPLED,96,Conv1,V2,all,meanrdm,0.004094618142913406,,,
Random Weights (BN-calibrated),1337,4,UPSAMPLED,96,Conv2,V1,cr,persub,0.02171950393911416,0.022008277402072292,0.033491586310416335,0.009658648104853847
Random Weights (BN-calibrated),1337,4,UPSAMPLED,96,Conv2,V1,cr,meanrdm,0.032090007799163496,,,
Random Weights (BN-calibrated),1337,4,UPSAMPLED,96,Conv2,V1,all,persub,0.020803626643681506,0.021886795370122215,0.03098525538582092,0.009538829175101385
Random Weights (BN-calibrated),1337,4,UPSAMPLED,96,Conv2,V1,all,meanrdm,0.030977047048855674,,,
Random Weights (BN-calibrated),1337,4,UPSAMPLED,96,Conv2,V2,cr,persub,0.016579033128144825,0.01990714444615722,0.025287629412663593,0.004542325525613664
Random Weights (BN-calibrated),1337,4,UPSAMPLED,96,Conv2,V2,cr,meanrdm,0.024706998572831557,,,
Random Weights (BN-calibrated),1337,4,UPSAMPLED,96,Conv2,V2,all,persub,0.016039634671603995,0.02001404259031477,0.024575208796344027,0.003529652628153189
Random Weights (BN-calibrated),1337,4,UPSAMPLED,96,Conv2,V2,all,meanrdm,0.023771928626139,,,
Random Weights (BN-calibrated),1337,4,UPSAMPLED,96,Conv3,LOC,cr,persub,-9.671223125777128e-05,0.004706041209848896,-0.0032255813221091644,-0.0017705965815130458
Random Weights (BN-calibrated),1337,4,UPSAMPLED,96,Conv3,LOC,cr,meanrdm,-0.0015460998509879546,,,
Random Weights (BN-calibrated),1337,4,UPSAMPLED,96,Conv3,LOC,all,persub,-0.000149796191357219,0.0049074994434810315,-0.004810689914122986,-0.0005461981034297029
Random Weights (BN-calibrated),1337,4,UPSAMPLED,96,Conv3,LOC,all,meanrdm,-0.0013096741105061186,,,
Random Weights (BN-calibrated),1337,4,UPSAMPLED,96,FC1,IT,cr,persub,0.004868176792671335,0.004448700568855494,0.008734868907807319,0.0014209609013511916
Random Weights (BN-calibrated),1337,4,UPSAMPLED,96,FC1,IT,cr,meanrdm,0.008111838756223172,,,
Random Weights (BN-calibrated),1337,4,UPSAMPLED,96,FC1,IT,all,persub,0.00408695042487632,0.004517003081036821,0.0068294894575381465,0.0009143587360539901
Random Weights (BN-calibrated),1337,4,UPSAMPLED,96,FC1,IT,all,meanrdm,0.0067702449200803035,,,
Random Weights,1337,4,UPSAMPLED,128,Conv1,V1,cr,persub,0.04691041299625837,0.04649071941059307,0.07740462138917278,0.016835898189009272
Random Weights,1337,4,UPSAMPLED,128,Conv1,V1,cr,meanrdm,0.06816791262354714,,,
Random Weights,1337,4,UPSAMPLED,128,Conv1,V1,all,persub,0.046083606615293364,0.04545353864581735,0.07717062756254338,0.01562665363751935
Random Weights,1337,4,UPSAMPLED,128,Conv1,V1,all,meanrdm,0.0667115776638534,,,
Random Weights,1337,4,UPSAMPLED,128,Conv1,V2,cr,persub,0.02518721078613577,0.02974571293322751,0.04292185015601906,0.002894069269160737
Random Weights,1337,4,UPSAMPLED,128,Conv1,V2,cr,meanrdm,0.037960099545190355,,,
Random Weights,1337,4,UPSAMPLED,128,Conv1,V2,all,persub,0.02501965786348986,0.029672841173162455,0.04401605159925885,0.0013700808180482753
Random Weights,1337,4,UPSAMPLED,128,Conv1,V2,all,meanrdm,0.03759335902593338,,,
Random Weights,1337,4,UPSAMPLED,128,Conv2,V1,cr,persub,0.05001966620254691,0.05074463595318127,0.08142940465706916,0.017884957997390285
Random Weights,1337,4,UPSAMPLED,128,Conv2,V1,cr,meanrdm,0.07214711930793834,,,
Random Weights,1337,4,UPSAMPLED,128,Conv2,V1,all,persub,0.04926592335453569,0.04944598759307374,0.08142817352755558,0.016923608942977734
Random Weights,1337,4,UPSAMPLED,128,Conv2,V1,all,meanrdm,0.0707346408056353,,,
Random Weights,1337,4,UPSAMPLED,128,Conv2,V2,cr,persub,0.028125217827121,0.03319757665478438,0.048113757935547785,0.003064318891030843
Random Weights,1337,4,UPSAMPLED,128,Conv2,V2,cr,meanrdm,0.042217885362070655,,,
Random Weights,1337,4,UPSAMPLED,128,Conv2,V2,all,persub,0.027824797920472547,0.03270878167682381,0.04897432627205797,0.0017912858125358614
Random Weights,1337,4,UPSAMPLED,128,Conv2,V2,all,meanrdm,0.041546912839771924,,,
Random Weights,1337,4,UPSAMPLED,128,Conv3,LOC,cr,persub,-0.002646697580731605,0.003954055595022429,-0.007320489554049496,-0.004573658783167747
Random Weights,1337,4,UPSAMPLED,128,Conv3,LOC,cr,meanrdm,-0.006660136634621497,,,
Random Weights,1337,4,UPSAMPLED,128,Conv3,LOC,all,persub,-0.001645065586570438,0.005120592230275793,-0.006972120684766906,-0.0030836683052202015
Random Weights,1337,4,UPSAMPLED,128,Conv3,LOC,all,meanrdm,-0.004445765632750232,,,
Random Weights,1337,4,UPSAMPLED,128,FC1,IT,cr,persub,0.0010376042272118103,0.0003624557669377305,-0.0008978571917009297,0.0036482141063986302
Random Weights,1337,4,UPSAMPLED,128,FC1,IT,cr,meanrdm,0.001805211666026393,,,
Random Weights,1337,4,UPSAMPLED,128,FC1,IT,all,persub,0.00210921046716685,0.0025957374157321465,0.001076911532786006,0.0026549824529823974
Random Weights,1337,4,UPSAMPLED,128,FC1,IT,all,meanrdm,0.0033504589867832417,,,
Backprop,1337,4,UPSAMPLED,128,Conv1,V1,cr,persub,0.017399219963314973,0.015364774189894483,0.030195992089588786,0.006636893610461649
Backprop,1337,4,UPSAMPLED,128,Conv1,V1,cr,meanrdm,0.026081819353939297,,,
Backprop,1337,4,UPSAMPLED,128,Conv1,V1,all,persub,0.01600691500546922,0.014127621235489864,0.02805873133401201,0.005834392446905782
Backprop,1337,4,UPSAMPLED,128,Conv1,V1,all,meanrdm,0.024042523905583108,,,
Backprop,1337,4,UPSAMPLED,128,Conv1,V2,cr,persub,0.008932312846640818,0.009146048187184345,0.01525653494679596,0.002394355405942148
Backprop,1337,4,UPSAMPLED,128,Conv1,V2,cr,meanrdm,0.012948148202462793,,,
Backprop,1337,4,UPSAMPLED,128,Conv1,V2,all,persub,0.008049319710989924,0.008683547050262355,0.01476867381360585,0.000695738269101568
Backprop,1337,4,UPSAMPLED,128,Conv1,V2,all,meanrdm,0.011740090418921288,,,
Backprop,1337,4,UPSAMPLED,128,Conv2,V1,cr,persub,0.005274530416231025,0.007098773623687373,0.004224449937145791,0.004500367687859911
Backprop,1337,4,UPSAMPLED,128,Conv2,V1,cr,meanrdm,0.008042187915569512,,,
Backprop,1337,4,UPSAMPLED,128,Conv2,V1,all,persub,0.004555217990090924,0.00747194222807444,0.0018038974241483582,0.004389814318049974
Backprop,1337,4,UPSAMPLED,128,Conv2,V1,all,meanrdm,0.006844388746940976,,,
Backprop,1337,4,UPSAMPLED,128,Conv2,V2,cr,persub,0.006856859281190984,0.011994524719223918,0.005916117655018998,0.0026599354693300405
Backprop,1337,4,UPSAMPLED,128,Conv2,V2,cr,meanrdm,0.010175399946893397,,,
Backprop,1337,4,UPSAMPLED,128,Conv2,V2,all,persub,0.006320901088860006,0.011958597489622847,0.005312445020932513,0.0016916607560246526
Backprop,1337,4,UPSAMPLED,128,Conv2,V2,all,meanrdm,0.00936273474602444,,,
Backprop,1337,4,UPSAMPLED,128,Conv3,LOC,cr,persub,-8.41645403266175e-05,0.004671007603744094,-0.0041904010317227154,-0.0007331001930012313
Backprop,1337,4,UPSAMPLED,128,Conv3,LOC,cr,meanrdm,-0.0014534659814118259,,,
Backprop,1337,4,UPSAMPLED,128,Conv3,LOC,all,persub,-0.00012088965103325481,0.00532574677496733,-0.005582118486150082,-0.00010629724191701283
Backprop,1337,4,UPSAMPLED,128,Conv3,LOC,all,meanrdm,-0.0011083789213941482,,,
Backprop,1337,4,UPSAMPLED,128,FC1,IT,cr,persub,0.007571193225119386,0.00683716138813888,0.012456444154635496,0.003419974132583783
Backprop,1337,4,UPSAMPLED,128,FC1,IT,cr,meanrdm,0.011870900973860383,,,
Backprop,1337,4,UPSAMPLED,128,FC1,IT,all,persub,0.0064842577732400425,0.007312004642406678,0.00905529063457467,0.0030854780427387804
Backprop,1337,4,UPSAMPLED,128,FC1,IT,all,meanrdm,0.01007111591133525,,,
Feedback Alignment,1337,4,UPSAMPLED,128,Conv1,V1,cr,persub,0.009377438123137813,0.004810984929964773,0.018919291710398415,0.004402037729050252
Feedback Alignment,1337,4,UPSAMPLED,128,Conv1,V1,cr,meanrdm,0.01449465445038526,,,
Feedback Alignment,1337,4,UPSAMPLED,128,Conv1,V1,all,persub,0.008283711841559743,0.004239755224734123,0.017354308484903706,0.0032570718150413953
Feedback Alignment,1337,4,UPSAMPLED,128,Conv1,V1,all,meanrdm,0.012900510230714575,,,
Feedback Alignment,1337,4,UPSAMPLED,128,Conv1,V2,cr,persub,0.0034950991355426424,0.0013591826061880546,0.007338627099255644,0.001787487701184228
Feedback Alignment,1337,4,UPSAMPLED,128,Conv1,V2,cr,meanrdm,0.005122664947335574,,,
Feedback Alignment,1337,4,UPSAMPLED,128,Conv1,V2,all,persub,0.0027846893724835006,0.001186070523181973,0.0075548889027439855,-0.0003868913084754567
Feedback Alignment,1337,4,UPSAMPLED,128,Conv1,V2,all,meanrdm,0.004059484769080266,,,
Feedback Alignment,1337,4,UPSAMPLED,128,Conv2,V1,cr,persub,0.03294841516168113,0.03564253091447237,0.0533305235421488,0.009872191028422204
Feedback Alignment,1337,4,UPSAMPLED,128,Conv2,V1,cr,meanrdm,0.047643021431881954,,,
Feedback Alignment,1337,4,UPSAMPLED,128,Conv2,V1,all,persub,0.032420745355898166,0.03568061650451075,0.05136703849717309,0.010214581066010656
Feedback Alignment,1337,4,UPSAMPLED,128,Conv2,V1,all,meanrdm,0.046985376507765374,,,
Feedback Alignment,1337,4,UPSAMPLED,128,Conv2,V2,cr,persub,0.022942028096323855,0.02650302499866739,0.03761138477682993,0.00471167451347425
Feedback Alignment,1337,4,UPSAMPLED,128,Conv2,V2,cr,meanrdm,0.034658921071302196,,,
Feedback Alignment,1337,4,UPSAMPLED,128,Conv2,V2,all,persub,0.022440346631616565,0.026904338093040825,0.037091057104131166,0.00332564469767771
Feedback Alignment,1337,4,UPSAMPLED,128,Conv2,V2,all,meanrdm,0.03353904473423473,,,
Feedback Alignment,1337,4,UPSAMPLED,128,Conv3,LOC,cr,persub,-6.883067514801076e-05,0.006477744516279068,-0.003808781110840013,-0.002875455430883087
Feedback Alignment,1337,4,UPSAMPLED,128,Conv3,LOC,cr,meanrdm,-0.001289063504551962,,,
Feedback Alignment,1337,4,UPSAMPLED,128,Conv3,LOC,all,persub,0.00029590116635104156,0.007294210805499196,-0.004882286149149914,-0.0015242211572961569
Feedback Alignment,1337,4,UPSAMPLED,128,Conv3,LOC,all,meanrdm,-0.000463365666682817,,,
Feedback Alignment,1337,4,UPSAMPLED,128,FC1,IT,cr,persub,0.00578757505998662,0.008146964289298718,0.007643355659302759,0.0015724052313583826
Feedback Alignment,1337,4,UPSAMPLED,128,FC1,IT,cr,meanrdm,0.010279996891946527,,,
Feedback Alignment,1337,4,UPSAMPLED,128,FC1,IT,all,persub,0.0052459528452563535,0.008044794909569256,0.006771990290394115,0.0009210733358056911
Feedback Alignment,1337,4,UPSAMPLED,128,FC1,IT,all,meanrdm,0.009388094132098226,,,
Predictive Coding,1337,4,UPSAMPLED,128,Conv1,V1,cr,persub,0.013133696473037729,0.009962902691244687,0.02164520872354597,0.007792978004322538
Predictive Coding,1337,4,UPSAMPLED,128,Conv1,V1,cr,meanrdm,0.020085422500196928,,,
Predictive Coding,1337,4,UPSAMPLED,128,Conv1,V1,all,persub,0.011829517848846664,0.009131634787110711,0.02020462711297421,0.006152291646455075
Predictive Coding,1337,4,UPSAMPLED,128,Conv1,V1,all,meanrdm,0.018175507062622668,,,
Predictive Coding,1337,4,UPSAMPLED,128,Conv1,V2,cr,persub,0.005866847537888143,0.006362035421484562,0.009221707183704086,0.002016800008475783
Predictive Coding,1337,4,UPSAMPLED,128,Conv1,V2,cr,meanrdm,0.00846531563485698,,,
Predictive Coding,1337,4,UPSAMPLED,128,Conv1,V2,all,persub,0.005146176477451797,0.0058388076527020535,0.009529586871886675,7.013490776666336e-05
Predictive Coding,1337,4,UPSAMPLED,128,Conv1,V2,all,meanrdm,0.007422855890667947,,,
Predictive Coding,1337,4,UPSAMPLED,128,Conv2,V1,cr,persub,0.022745257561907543,0.024695104423434668,0.033486606483874075,0.010054061778413895
Predictive Coding,1337,4,UPSAMPLED,128,Conv2,V1,cr,meanrdm,0.0337701027036182,,,
Predictive Coding,1337,4,UPSAMPLED,128,Conv2,V1,all,persub,0.02207218595609155,0.024705344675664348,0.03130078031714986,0.010210432875460446
Predictive Coding,1337,4,UPSAMPLED,128,Conv2,V1,all,meanrdm,0.03292101248638056,,,
Predictive Coding,1337,4,UPSAMPLED,128,Conv2,V2,cr,persub,0.017175127205388763,0.022185637668406793,0.02401497161264992,0.005324772335109583
Predictive Coding,1337,4,UPSAMPLED,128,Conv2,V2,cr,meanrdm,0.025817923537021482,,,
Predictive Coding,1337,4,UPSAMPLED,128,Conv2,V2,all,persub,0.01674627272084957,0.022278620148843797,0.023572139476834744,0.004388058536870164
Predictive Coding,1337,4,UPSAMPLED,128,Conv2,V2,all,meanrdm,0.024949766409043977,,,
Predictive Coding,1337,4,UPSAMPLED,128,Conv3,LOC,cr,persub,0.0005469691746288694,0.005316857078072188,-0.0027674769276031,-0.0009084726265824798
Predictive Coding,1337,4,UPSAMPLED,128,Conv3,LOC,cr,meanrdm,-0.0005996417544342938,,,
Predictive Coding,1337,4,UPSAMPLED,128,Conv3,LOC,all,persub,0.0005612163286361516,0.005822584975328946,-0.004357213484340389,0.00021827749491989848
Predictive Coding,1337,4,UPSAMPLED,128,Conv3,LOC,all,meanrdm,-0.00028105789369177936,,,
Predictive Coding,1337,4,UPSAMPLED,128,FC1,IT,cr,persub,0.006688296511190454,0.00807492171668623,0.009958167562470362,0.002031800254414771
Predictive Coding,1337,4,UPSAMPLED,128,FC1,IT,cr,meanrdm,0.010957109744668176,,,
Predictive Coding,1337,4,UPSAMPLED,128,FC1,IT,all,persub,0.005919092380585804,0.008499899108481061,0.008078617322311674,0.0011787607109646752
Predictive Coding,1337,4,UPSAMPLED,128,FC1,IT,all,meanrdm,0.009612482359938243,,,
STDP,1337,4,UPSAMPLED,128,Conv1,V1,cr,persub,0.012381840352982667,0.009446910641335932,0.023522576819211872,0.0041760335984001975
STDP,1337,4,UPSAMPLED,128,Conv1,V1,cr,meanrdm,0.018707005155696267,,,
STDP,1337,4,UPSAMPLED,128,Conv1,V1,all,persub,0.01102613095957815,0.008631539690261439,0.021275702806969308,0.0031711503815037047
STDP,1337,4,UPSAMPLED,128,Conv1,V1,all,meanrdm,0.01662760076381353,,,
STDP,1337,4,UPSAMPLED,128,Conv1,V2,cr,persub,0.006504101450559788,0.005327400355543976,0.013132116401117581,0.001052787595017808
STDP,1337,4,UPSAMPLED,128,Conv1,V2,cr,meanrdm,0.009393163438146272,,,
STDP,1337,4,UPSAMPLED,128,Conv1,V2,all,persub,0.005487486091621013,0.004937485059123631,0.012333307520327104,-0.0008083343045876948
STDP,1337,4,UPSAMPLED,128,Conv1,V2,all,meanrdm,0.007775440933869602,,,
STDP,1337,4,UPSAMPLED,128,Conv2,V1,cr,persub,0.022886184618752133,0.02039565745299997,0.0426666076866979,0.005596288716558522
STDP,1337,4,UPSAMPLED,128,Conv2,V1,cr,meanrdm,0.03382491253141987,,,
STDP,1337,4,UPSAMPLED,128,Conv2,V1,all,persub,0.021756727540977964,0.020148528934161625,0.03960236118089791,0.005519292507874358
STDP,1337,4,UPSAMPLED,128,Conv2,V1,all,meanrdm,0.03190912166534276,,,
STDP,1337,4,UPSAMPLED,128,Conv2,V2,cr,persub,0.014411877063498271,0.013933405865010325,0.027269185319127382,0.0020330400063570987
STDP,1337,4,UPSAMPLED,128,Conv2,V2,cr,meanrdm,0.021690629926879475,,,
STDP,1337,4,UPSAMPLED,128,Conv2,V2,all,persub,0.013542654326751684,0.013785388567903954,0.026242147790956443,0.0006004266213946615
STDP,1337,4,UPSAMPLED,128,Conv2,V2,all,meanrdm,0.020366377539022536,,,
STDP,1337,4,UPSAMPLED,128,Conv3,LOC,cr,persub,0.00014263058788339597,0.0053668795035706415,-0.0016174655894889791,-0.0033215221504314745
STDP,1337,4,UPSAMPLED,128,Conv3,LOC,cr,meanrdm,-0.0012374894096209652,,,
STDP,1337,4,UPSAMPLED,128,Conv3,LOC,all,persub,0.0004889832290207989,0.006390581286994859,-0.002740807146363735,-0.002182824453568727
STDP,1337,4,UPSAMPLED,128,Conv3,LOC,all,meanrdm,-0.00015511776531744914,,,
STDP,1337,4,UPSAMPLED,128,FC1,IT,cr,persub,0.0071540844502935375,0.007625373082482821,0.012680397667141163,0.0011564826012566292
STDP,1337,4,UPSAMPLED,128,FC1,IT,cr,meanrdm,0.012029549993386535,,,
STDP,1337,4,UPSAMPLED,128,FC1,IT,all,persub,0.006655055451041367,0.008090803438557774,0.011347865301952635,0.0005264976126136888
STDP,1337,4,UPSAMPLED,128,FC1,IT,all,meanrdm,0.010847759388175702,,,
Random Weights (BN-calibrated),1337,4,UPSAMPLED,128,Conv1,V1,cr,persub,0.01044646916398674,0.006634706261277428,0.018251033862684472,0.006453667367998321
Random Weights (BN-calibrated),1337,4,UPSAMPLED,128,Conv1,V1,cr,meanrdm,0.016203580629863677,,,
Random Weights (BN-calibrated),1337,4,UPSAMPLED,128,Conv1,V1,all,persub,0.009169017833513739,0.005878693792615727,0.016900320703282387,0.004728039004643103
Random Weights (BN-calibrated),1337,4,UPSAMPLED,128,Conv1,V1,all,meanrdm,0.014295080225719587,,,
Random Weights (BN-calibrated),1337,4,UPSAMPLED,128,Conv1,V2,cr,persub,0.004140795837335413,0.003597776510292799,0.007162581345248555,0.001662029656464883
Random Weights (BN-calibrated),1337,4,UPSAMPLED,128,Conv1,V2,cr,meanrdm,0.005933353101658853,,,
Random Weights (BN-calibrated),1337,4,UPSAMPLED,128,Conv1,V2,all,persub,0.0034829073626056685,0.003079385885340228,0.007530880035975618,-0.00016154383349883982
Random Weights (BN-calibrated),1337,4,UPSAMPLED,128,Conv1,V2,all,meanrdm,0.00501929734208895,,,
Random Weights (BN-calibrated),1337,4,UPSAMPLED,128,Conv2,V1,cr,persub,0.02428259590306912,0.02504611897487526,0.037592238701107256,0.010209430033224842
Random Weights (BN-calibrated),1337,4,UPSAMPLED,128,Conv2,V1,cr,meanrdm,0.035696289930156,,,
Random Weights (BN-calibrated),1337,4,UPSAMPLED,128,Conv2,V1,all,persub,0.023362119045033308,0.02480558000583272,0.03510871216772441,0.010172064961542781
Random Weights (BN-calibrated),1337,4,UPSAMPLED,128,Conv2,V1,all,meanrdm,0.03457484035249176,,,
Random Weights (BN-calibrated),1337,4,UPSAMPLED,128,Conv2,V2,cr,persub,0.018659033970506698,0.022429732827868473,0.028931169115073603,0.0046161999685780265
Random Weights (BN-calibrated),1337,4,UPSAMPLED,128,Conv2,V2,cr,meanrdm,0.02787773244367908,,,
Random Weights (BN-calibrated),1337,4,UPSAMPLED,128,Conv2,V2,all,persub,0.018113233726392185,0.022461175586746335,0.028197213443759795,0.0036813121486704297
Random Weights (BN-calibrated),1337,4,UPSAMPLED,128,Conv2,V2,all,meanrdm,0.026930248386032724,,,
Random Weights (BN-calibrated),1337,4,UPSAMPLED,128,Conv3,LOC,cr,persub,-0.0005335955286408945,0.00439834568645376,-0.003921558531796586,-0.002077573740579857
Random Weights (BN-calibrated),1337,4,UPSAMPLED,128,Conv3,LOC,cr,meanrdm,-0.002470626079172215,,,
Random Weights (BN-calibrated),1337,4,UPSAMPLED,128,Conv3,LOC,all,persub,-0.0004877485516756796,0.004622152958825302,-0.005431742217448411,-0.0006536563964039304
Random Weights (BN-calibrated),1337,4,UPSAMPLED,128,Conv3,LOC,all,meanrdm,-0.001988731954286106,,,
Random Weights (BN-calibrated),1337,4,UPSAMPLED,128,FC1,IT,cr,persub,0.005259253543687426,0.004643252536559141,0.009783714321659785,0.001350793772843351
Random Weights (BN-calibrated),1337,4,UPSAMPLED,128,FC1,IT,cr,meanrdm,0.008546526977218319,,,
Random Weights (BN-calibrated),1337,4,UPSAMPLED,128,FC1,IT,all,persub,0.004400798933955405,0.004481189225402068,0.007775150186760423,0.000946057389703726
Random Weights (BN-calibrated),1337,4,UPSAMPLED,128,FC1,IT,all,meanrdm,0.00711656883989378,,,
Random Weights,1337,4,UPSAMPLED,160,Conv1,V1,cr,persub,0.04734333035665526,0.04702929587903627,0.07807476499393301,0.016925930196996508
Random Weights,1337,4,UPSAMPLED,160,Conv1,V1,cr,meanrdm,0.06877734400260832,,,
Random Weights,1337,4,UPSAMPLED,160,Conv1,V1,all,persub,0.0465135078105622,0.0459789092888124,0.07783649421871622,0.015725119924157992
Random Weights,1337,4,UPSAMPLED,160,Conv1,V1,all,meanrdm,0.06731623396900932,,,
Random Weights,1337,4,UPSAMPLED,160,Conv1,V2,cr,persub,0.025464880407967346,0.03009053675746801,0.043386494649744006,0.002917609816690019
Random Weights,1337,4,UPSAMPLED,160,Conv1,V2,cr,meanrdm,0.03837931074139076,,,
Random Weights,1337,4,UPSAMPLED,160,Conv1,V2,all,persub,0.025297836499512182,0.03001709717873601,0.0444779012515403,0.0013985110682602172
Random Weights,1337,4,UPSAMPLED,160,Conv1,V2,all,meanrdm,0.03801123434950023,,,
Random Weights,1337,4,UPSAMPLED,160,Conv2,V1,cr,persub,0.05027930880288208,0.05109521613076878,0.08183143824909826,0.0179112720287792
Random Weights,1337,4,UPSAMPLED,160,Conv2,V1,cr,meanrdm,0.07252094896752724,,,
Random Weights,1337,4,UPSAMPLED,160,Conv2,V1,all,persub,0.049521582685633614,0.04979219175963745,0.08181802589143103,0.016954530405832356
Random Weights,1337,4,UPSAMPLED,160,Conv2,V1,all,meanrdm,0.07110636187807204,,,
Random Weights,1337,4,UPSAMPLED,160,Conv2,V2,cr,persub,0.028305487365907035,0.03345107724736761,0.04841937500429891,0.003046009846054594
Random Weights,1337,4,UPSAMPLED,160,Conv2,V2,cr,meanrdm,0.04248824714270117,,,
Random Weights,1337,4,UPSAMPLED,160,Conv2,V2,all,persub,0.028005867816103026,0.03296750529723305,0.049274901988845536,0.0017751961622304799
Random Weights,1337,4,UPSAMPLED,160,Conv2,V2,all,meanrdm,0.04181950048488039,,,
Random Weights,1337,4,UPSAMPLED,160,Conv3,LOC,cr,persub,-0.0027455457782997613,0.003951790210116424,-0.007658011614766021,-0.004530415930249686
Random Weights,1337,4,UPSAMPLED,160,Conv3,LOC,cr,meanrdm,-0.006830591138424937,,,
Random Weights,1337,4,UPSAMPLED,160,Conv3,LOC,all,persub,-0.0017342801727202857,0.005121602826126344,-0.007277836215420208,-0.0030466071288669933
Random Weights,1337,4,UPSAMPLED,160,Conv3,LOC,all,meanrdm,-0.00460943605965584,,,
Random Weights,1337,4,UPSAMPLED,160,FC1,IT,cr,persub,0.0009351141023774579,0.00026706192354123207,-0.0009190242189424611,0.0034573046025336025
Random Weights,1337,4,UPSAMPLED,160,FC1,IT,cr,meanrdm,0.0015670424611177536,,,
Random Weights,1337,4,UPSAMPLED,160,FC1,IT,all,persub,0.0020282211060988187,0.0024618358612584763,0.001095899341671707,0.002526928115366272
Random Weights,1337,4,UPSAMPLED,160,FC1,IT,all,meanrdm,0.00315752619204225,,,
Backprop,1337,4,UPSAMPLED,160,Conv1,V1,cr,persub,0.017838563692476633,0.015970425516798902,0.03079420702664262,0.006751058533988377
Backprop,1337,4,UPSAMPLED,160,Conv1,V1,cr,meanrdm,0.026695418352785834,,,
Backprop,1337,4,UPSAMPLED,160,Conv1,V1,all,persub,0.016464459416839206,0.014748167194839432,0.028700055747019084,0.005945155308659104
Backprop,1337,4,UPSAMPLED,160,Conv1,V1,all,meanrdm,0.024676787253150617,,,
Backprop,1337,4,UPSAMPLED,160,Conv1,V2,cr,persub,0.009192682028891312,0.009637267111648013,0.015566136143103516,0.002374642831922403
Backprop,1337,4,UPSAMPLED,160,Conv1,V2,cr,meanrdm,0.013346794174324206,,,
Backprop,1337,4,UPSAMPLED,160,Conv1,V2,all,persub,0.008320865497105857,0.009182406837241862,0.01512337024350841,0.0006568194105672983
Backprop,1337,4,UPSAMPLED,160,Conv1,V2,all,meanrdm,0.012151973370449537,,,
Backprop,1337,4,UPSAMPLED,160,Conv2,V1,cr,persub,0.006294708079463004,0.008322396060524984,0.005950751289670894,0.004610976888193136
Backprop,1337,4,UPSAMPLED,160,Conv2,V1,cr,meanrdm,0.009479484450966887,,,
Backprop,1337,4,UPSAMPLED,160,Conv2,V1,all,persub,0.005592884332708472,0.008684045812158153,0.003544774353334223,0.004549832832633042
Backprop,1337,4,UPSAMPLED,160,Conv2,V1,all,meanrdm,0.008307941046655987,,,
Backprop,1337,4,UPSAMPLED,160,Conv2,V2,cr,persub,0.007608528753355541,0.012914018247632107,0.007323753823133468,0.002587814189301046
Backprop,1337,4,UPSAMPLED,160,Conv2,V2,cr,meanrdm,0.011313493690003566,,,
Backprop,1337,4,UPSAMPLED,160,Conv2,V2,all,persub,0.0070878875680832586,0.01286960817947949,0.006723708226286262,0.0016703462984840203
Backprop,1337,4,UPSAMPLED,160,Conv2,V2,all,meanrdm,0.01052178602776948,,,
Backprop,1337,4,UPSAMPLED,160,Conv3,LOC,cr,persub,-0.00017939575543698735,0.0045142944796966325,-0.004066393236019527,-0.000986088509988068
Backprop,1337,4,UPSAMPLED,160,Conv3,LOC,cr,meanrdm,-0.0017331751390772716,,,
Backprop,1337,4,UPSAMPLED,160,Conv3,LOC,all,persub,-0.00017010045698276108,0.0052553191875820545,-0.0054641829671217956,-0.00030143759140854225
Backprop,1337,4,UPSAMPLED,160,Conv3,LOC,all,meanrdm,-0.0012906246736461879,,,
Backprop,1337,4,UPSAMPLED,160,FC1,IT,cr,persub,0.007240268773708884,0.00615459843251896,0.01220244495305724,0.003363762935550453
Backprop,1337,4,UPSAMPLED,160,FC1,IT,cr,meanrdm,0.01126474155859906,,,
Backprop,1337,4,UPSAMPLED,160,FC1,IT,all,persub,0.006108301002920789,0.0065163569094369945,0.008925881975191789,0.002882664124133581
Backprop,1337,4,UPSAMPLED,160,FC1,IT,all,meanrdm,0.009348340971052435,,,
Feedback Alignment,1337,4,UPSAMPLED,160,Conv1,V1,cr,persub,0.009894171400119585,0.005396032046978206,0.01971458296133644,0.004571899192044111
Feedback Alignment,1337,4,UPSAMPLED,160,Conv1,V1,cr,meanrdm,0.015238022743533338,,,
Feedback Alignment,1337,4,UPSAMPLED,160,Conv1,V1,all,persub,0.008814342930013284,0.004831089324288965,0.018189748367066407,0.003422191098684484
Feedback Alignment,1337,4,UPSAMPLED,160,Conv1,V1,all,meanrdm,0.013661845391164152,,,
Feedback Alignment,1337,4,UPSAMPLED,160,Conv1,V2,cr,persub,0.0037807494250843413,0.0018133043761499,0.007747698539402571,0.001781245359700554
Feedback Alignment,1337,4,UPSAMPLED,160,Conv1,V2,cr,meanrdm,0.005567497483992441,,,
Feedback Alignment,1337,4,UPSAMPLED,160,Conv1,V2,all,persub,0.0030776580670703693,0.0016408974308874372,0.008005548851085632,-0.0004134720807619615
Feedback Alignment,1337,4,UPSAMPLED,160,Conv1,V2,all,meanrdm,0.0045114804857554714,,,
Feedback Alignment,1337,4,UPSAMPLED,160,Conv2,V1,cr,persub,0.03383050654690677,0.03679991133371362,0.05457309716924829,0.010118511137758421
Feedback Alignment,1337,4,UPSAMPLED,160,Conv2,V1,cr,meanrdm,0.048893033933186475,,,
Feedback Alignment,1337,4,UPSAMPLED,160,Conv2,V1,all,persub,0.03331018364826687,0.03681494322244794,0.05263653747474625,0.010479070247606427
Feedback Alignment,1337,4,UPSAMPLED,160,Conv2,V1,all,meanrdm,0.04824187535789253,,,
Feedback Alignment,1337,4,UPSAMPLED,160,Conv2,V2,cr,persub,0.023530196296784014,0.027280948413611065,0.03851508417419474,0.0047945563025462235
Feedback Alignment,1337,4,UPSAMPLED,160,Conv2,V2,cr,meanrdm,0.035572503184070396,,,
Feedback Alignment,1337,4,UPSAMPLED,160,Conv2,V2,all,persub,0.023031288702440755,0.02766765930525726,0.03801151524883444,0.003414691553230572
Feedback Alignment,1337,4,UPSAMPLED,160,Conv2,V2,all,meanrdm,0.034443564417554834,,,
Feedback Alignment,1337,4,UPSAMPLED,160,Conv3,LOC,cr,persub,-0.0002869349868833372,0.006363840946517172,-0.004280228639834826,-0.002944417267332357
Feedback Alignment,1337,4,UPSAMPLED,160,Conv3,LOC,cr,meanrdm,-0.0017046188821045714,,,
Feedback Alignment,1337,4,UPSAMPLED,160,Conv3,LOC,all,persub,0.00010615428062561818,0.007196267481737554,-0.005318710720931423,-0.001559093918929276
Feedback Alignment,1337,4,UPSAMPLED,160,Conv3,LOC,all,meanrdm,-0.0007954182607184569,,,
Feedback Alignment,1337,4,UPSAMPLED,160,FC1,IT,cr,persub,0.005658928362528047,0.007902329960189807,0.007384895778169152,0.001689559349225182
Feedback Alignment,1337,4,UPSAMPLED,160,FC1,IT,cr,meanrdm,0.010059381620754506,,,
Feedback Alignment,1337,4,UPSAMPLED,160,FC1,IT,all,persub,0.005144231098234491,0.007856930530336068,0.00653135816196195,0.0010444046024054537
Feedback Alignment,1337,4,UPSAMPLED,160,FC1,IT,all,meanrdm,0.009234430705305613,,,
Predictive Coding,1337,4,UPSAMPLED,160,Conv1,V1,cr,persub,0.013471023383896705,0.010373819717987485,0.022137634023646536,0.007901616410056097
Predictive Coding,1337,4,UPSAMPLED,160,Conv1,V1,cr,meanrdm,0.020560665385873422,,,
Predictive Coding,1337,4,UPSAMPLED,160,Conv1,V1,all,persub,0.012176213977033057,0.009542832242250615,0.020729001115162828,0.006256808573685727
Predictive Coding,1337,4,UPSAMPLED,160,Conv1,V1,all,meanrdm,0.01865885794885682,,,
Predictive Coding,1337,4,UPSAMPLED,160,Conv1,V2,cr,persub,0.006067894461823632,0.006716290492016723,0.009484632096580795,0.0020027607968733808
Predictive Coding,1337,4,UPSAMPLED,160,Conv1,V2,cr,meanrdm,0.0087679327953457,,,
Predictive Coding,1337,4,UPSAMPLED,160,Conv1,V2,all,persub,0.00535464220064184,0.006189350361314332,0.009826235865499655,4.834037511152958e-05
Predictive Coding,1337,4,UPSAMPLED,160,Conv1,V2,all,meanrdm,0.007736121834546647,,,
Predictive Coding,1337,4,UPSAMPLED,160,Conv2,V1,cr,persub,0.023906318545726182,0.026152632980800318,0.03521053791394429,0.010355784742433935
Predictive Coding,1337,4,UPSAMPLED,160,Conv2,V1,cr,meanrdm,0.035426375189043686,,,
Predictive Coding,1337,4,UPSAMPLED,160,Conv2,V1,all,persub,0.02322770306058694,0.026123066130668525,0.033028732091868955,0.010531310959223345
Predictive Coding,1337,4,UPSAMPLED,160,Conv2,V1,all,meanrdm,0.0345613040422262,,,
Predictive Coding,1337,4,UPSAMPLED,160,Conv2,V2,cr,persub,0.0179200262401943,0.023192545862184766,0.025201217752606364,0.005366315105791777
Predictive Coding,1337,4,UPSAMPLED,160,Conv2,V2,cr,meanrdm,0.026957681216294844,,,
Predictive Coding,1337,4,UPSAMPLED,160,Conv2,V2,all,persub,0.017498333596246585,0.02326838656308758,0.024776673462045207,0.004449940763606972
Predictive Coding,1337,4,UPSAMPLED,160,Conv2,V2,all,meanrdm,0.026092085757684874,,,
Predictive Coding,1337,4,UPSAMPLED,160,Conv3,LOC,cr,persub,0.0003307056410096038,0.005249267147951891,-0.0031495836827575745,-0.0011075665421655056
Predictive Coding,1337,4,UPSAMPLED,160,Conv3,LOC,cr,meanrdm,-0.001020470290790951,,,
Predictive Coding,1337,4,UPSAMPLED,160,Conv3,LOC,all,persub,0.0003799402957305046,0.0057615704718108375,-0.004704242077317618,8.249249269829463e-05
Predictive Coding,1337,4,UPSAMPLED,160,Conv3,LOC,all,meanrdm,-0.0006088107505627211,,,
Predictive Coding,1337,4,UPSAMPLED,160,FC1,IT,cr,persub,0.006705606322251847,0.007827292544204513,0.010235098793102772,0.0020544276294482576
Predictive Coding,1337,4,UPSAMPLED,160,FC1,IT,cr,meanrdm,0.010948963433363806,,,
Predictive Coding,1337,4,UPSAMPLED,160,FC1,IT,all,persub,0.005900633182506617,0.008244704675296666,0.008240192176784107,0.0012170026954390787
Predictive Coding,1337,4,UPSAMPLED,160,FC1,IT,all,meanrdm,0.009583365996212413,,,
STDP,1337,4,UPSAMPLED,160,Conv1,V1,cr,persub,0.011717430826973433,0.008772181421946327,0.022309690085961037,0.004070420973012933
STDP,1337,4,UPSAMPLED,160,Conv1,V1,cr,meanrdm,0.01772685991518433,,,
STDP,1337,4,UPSAMPLED,160,Conv1,V1,all,persub,0.010385103874556522,0.007986034688336526,0.020126407325542186,0.003042869609790858
STDP,1337,4,UPSAMPLED,160,Conv1,V1,all,meanrdm,0.01568306539781401,,,
STDP,1337,4,UPSAMPLED,160,Conv1,V2,cr,persub,0.006100648169298901,0.00500931413735321,0.012289743498552342,0.001002886871991146
STDP,1337,4,UPSAMPLED,160,Conv1,V2,cr,meanrdm,0.008758959412184044,,,
STDP,1337,4,UPSAMPLED,160,Conv1,V2,all,persub,0.005094867670094964,0.004621588473214346,0.011549596653219224,-0.0008865821161486774
STDP,1337,4,UPSAMPLED,160,Conv1,V2,all,meanrdm,0.007164315339574617,,,
STDP,1337,4,UPSAMPLED,160,Conv2,V1,cr,persub,0.022237022927584633,0.01974379998716752,0.04163650609977551,0.005330762695810875
STDP,1337,4,UPSAMPLED,160,Conv2,V1,cr,meanrdm,0.03284617835650448,,,
STDP,1337,4,UPSAMPLED,160,Conv2,V1,all,persub,0.02115128990863117,0.019548593108110503,0.03866250450092845,0.00524277211685456
STDP,1337,4,UPSAMPLED,160,Conv2,V1,all,meanrdm,0.030977091994063417,,,
STDP,1337,4,UPSAMPLED,160,Conv2,V2,cr,persub,0.014053703947510104,0.013644299227050107,0.026663525693061924,0.0018532869224182776
STDP,1337,4,UPSAMPLED,160,Conv2,V2,cr,meanrdm,0.021121525799037685,,,
STDP,1337,4,UPSAMPLED,160,Conv2,V2,all,persub,0.013204290775017962,0.013516125387226236,0.025694213343509152,0.00040253359431850376
STDP,1337,4,UPSAMPLED,160,Conv2,V2,all,meanrdm,0.019829218924301163,,,
STDP,1337,4,UPSAMPLED,160,Conv3,LOC,cr,persub,6.207048309992986e-06,0.005007404233800187,-0.0014151940816037663,-0.0035735890072664416
STDP,1337,4,UPSAMPLED,160,Conv3,LOC,cr,meanrdm,-0.0015050589952997928,,,
STDP,1337,4,UPSAMPLED,160,Conv3,LOC,all,persub,0.00040348345778996934,0.006191869900325204,-0.002554043432611213,-0.002427376094344083
STDP,1337,4,UPSAMPLED,160,Conv3,LOC,all,meanrdm,-0.0003440451057618535,,,
STDP,1337,4,UPSAMPLED,160,FC1,IT,cr,persub,0.0068196176477232475,0.007204901454891787,0.012348289450854104,0.0009056620374238512
STDP,1337,4,UPSAMPLED,160,FC1,IT,cr,meanrdm,0.011365009245152801,,,
STDP,1337,4,UPSAMPLED,160,FC1,IT,all,persub,0.0063624984529525004,0.007751716504520766,0.010975466773863104,0.00036031208047363384
STDP,1337,4,UPSAMPLED,160,FC1,IT,all,meanrdm,0.010312331641213394,,,
Random Weights (BN-calibrated),1337,4,UPSAMPLED,160,Conv1,V1,cr,persub,0.010992040603203754,0.007219400057364715,0.019123560787696996,0.00663316096454955
Random Weights (BN-calibrated),1337,4,UPSAMPLED,160,Conv1,V1,cr,meanrdm,0.016984956072813223,,,
Random Weights (BN-calibrated),1337,4,UPSAMPLED,160,Conv1,V1,all,persub,0.009725320393508208,0.006470688492188302,0.017802726754030235,0.004902545934306084
Random Weights (BN-calibrated),1337,4,UPSAMPLED,160,Conv1,V1,all,meanrdm,0.015086734780719707,,,
Random Weights (BN-calibrated),1337,4,UPSAMPLED,160,Conv1,V2,cr,persub,0.004461875092551797,0.004075486943278295,0.007664988647589206,0.0016451496867878888
Random Weights (BN-calibrated),1337,4,UPSAMPLED,160,Conv1,V2,cr,meanrdm,0.006421079289263963,,,
Random Weights (BN-calibrated),1337,4,UPSAMPLED,160,Conv1,V2,all,persub,0.0038157626017474838,0.003563188043939007,0.008071957427016236,-0.00018785766571279222
Random Weights (BN-calibrated),1337,4,UPSAMPLED,160,Conv1,V2,all,meanrdm,0.005523108198186658,,,
Random Weights (BN-calibrated),1337,4,UPSAMPLED,160,Conv2,V1,cr,persub,0.02507164397861858,0.025990871219763012,0.03880513652782476,0.01041892418826796
Random Weights (BN-calibrated),1337,4,UPSAMPLED,160,Conv2,V1,cr,meanrdm,0.03682306169010575,,,
Random Weights (BN-calibrated),1337,4,UPSAMPLED,160,Conv2,V1,all,persub,0.02415213239896913,0.02572875911807601,0.03633571521334119,0.01039192286549018
Random Weights (BN-calibrated),1337,4,UPSAMPLED,160,Conv2,V1,all,meanrdm,0.035698201117245046,,,
Random Weights (BN-calibrated),1337,4,UPSAMPLED,160,Conv2,V2,cr,persub,0.019193482447267877,0.023137775772147897,0.029804784189912895,0.004637887379742837
Random Weights (BN-calibrated),1337,4,UPSAMPLED,160,Conv2,V2,cr,meanrdm,0.028697508851404863,,,
Random Weights (BN-calibrated),1337,4,UPSAMPLED,160,Conv2,V2,all,persub,0.018655060823954097,0.023150686010793453,0.029089050086412986,0.003725446374655848
Random Weights (BN-calibrated),1337,4,UPSAMPLED,160,Conv2,V2,all,meanrdm,0.027757834279120576,,,
Random Weights (BN-calibrated),1337,4,UPSAMPLED,160,Conv3,LOC,cr,persub,-0.0007878473180495705,0.0042275232223127224,-0.004384231784851457,-0.0022068333916099767
Random Weights (BN-calibrated),1337,4,UPSAMPLED,160,Conv3,LOC,cr,meanrdm,-0.0029355039627948797,,,
Random Weights (BN-calibrated),1337,4,UPSAMPLED,160,Conv3,LOC,all,persub,-0.0006857502980822032,0.004488743961400879,-0.00582372102824065,-0.0007222738274068387
Random Weights (BN-calibrated),1337,4,UPSAMPLED,160,Conv3,LOC,all,meanrdm,-0.0023330440244930693,,,
Random Weights (BN-calibrated),1337,4,UPSAMPLED,160,FC1,IT,cr,persub,0.005275588148795658,0.004476642677705046,0.010107718550723952,0.0012424032179579768
Random Weights (BN-calibrated),1337,4,UPSAMPLED,160,FC1,IT,cr,meanrdm,0.00845117441745605,,,
Random Weights (BN-calibrated),1337,4,UPSAMPLED,160,FC1,IT,all,persub,0.004414564226905488,0.004249668956418268,0.008108104445177244,0.0008859192791209494
Random Weights (BN-calibrated),1337,4,UPSAMPLED,160,FC1,IT,all,meanrdm,0.0070558513201225675,,,
Random Weights,1337,4,UPSAMPLED,224,Conv1,V1,cr,persub,0.04747862609694146,0.04719731735399878,0.07826293814075513,0.01697562279607044
Random Weights,1337,4,UPSAMPLED,224,Conv1,V1,cr,meanrdm,0.06896863844676653,,,
Random Weights,1337,4,UPSAMPLED,224,Conv1,V1,all,persub,0.04664377317654984,0.046137726315097154,0.078019864515649,0.015773728698903363
Random Weights,1337,4,UPSAMPLED,224,Conv1,V1,all,meanrdm,0.06749930831328953,,,
Random Weights,1337,4,UPSAMPLED,224,Conv1,V2,cr,persub,0.025553048829245407,0.03020343709415998,0.04352496396655743,0.002930745427018809
Random Weights,1337,4,UPSAMPLED,224,Conv1,V2,cr,meanrdm,0.03851734188454474,,,
Random Weights,1337,4,UPSAMPLED,224,Conv1,V2,all,persub,0.02538217115958799,0.030124554658874893,0.04461417053441217,0.001407788285476907
Random Weights,1337,4,UPSAMPLED,224,Conv1,V2,all,meanrdm,0.038142882676129225,,,
Random Weights,1337,4,UPSAMPLED,224,Conv2,V1,cr,persub,0.04977703924272795,0.05046862167807742,0.08105821527234339,0.01780428077776304
Random Weights,1337,4,UPSAMPLED,224,Conv2,V1,cr,meanrdm,0.0718183121190643,,,
Random Weights,1337,4,UPSAMPLED,224,Conv2,V1,all,persub,0.04901256535522432,0.04917557513488619,0.0810307073254089,0.016831413605377887
Random Weights,1337,4,UPSAMPLED,224,Conv2,V1,all,meanrdm,0.07039731568143948,,,
Random Weights,1337,4,UPSAMPLED,224,Conv2,V2,cr,persub,0.028044305208474743,0.0331723602750153,0.04795226402002201,0.003008291330386921
Random Weights,1337,4,UPSAMPLED,224,Conv2,V2,cr,meanrdm,0.04210581197155191,,,
Random Weights,1337,4,UPSAMPLED,224,Conv2,V2,all,persub,0.027737478608256844,0.03268364242154052,0.04880824673245982,0.0017205466707701923
Random Weights,1337,4,UPSAMPLED,224,Conv2,V2,all,meanrdm,0.041431080896918285,,,
Random Weights,1337,4,UPSAMPLED,224,Conv3,LOC,cr,persub,-0.0028345626811620422,0.0038814445664941822,-0.00789477695531223,-0.004490355654668081
Random Weights,1337,4,UPSAMPLED,224,Conv3,LOC,cr,meanrdm,-0.00695726609080846,,,
Random Weights,1337,4,UPSAMPLED,224,Conv3,LOC,all,persub,-0.00181051938555552,0.005069678799387674,-0.007484052428054439,-0.003017184527999796
Random Weights,1337,4,UPSAMPLED,224,Conv3,LOC,all,meanrdm,-0.004726136386465124,,,
Random Weights,1337,4,UPSAMPLED,224,FC1,IT,cr,persub,0.0007859589169183761,0.0002522285452187673,-0.0011421074550944739,0.003247755660630835
Random Weights,1337,4,UPSAMPLED,224,FC1,IT,cr,meanrdm,0.0013078682095650602,,,
Random Weights,1337,4,UPSAMPLED,224,FC1,IT,all,persub,0.0018629179631307038,0.0023549459903869233,0.0008744119820269271,0.002359395916978261
Random Weights,1337,4,UPSAMPLED,224,FC1,IT,all,meanrdm,0.0028683276317820437,,,
Backprop,1337,4,UPSAMPLED,224,Conv1,V1,cr,persub,0.018459646614083083,0.01683094290633823,0.03162316805739697,0.0069248288785140446
Backprop,1337,4,UPSAMPLED,224,Conv1,V1,cr,meanrdm,0.027564705312168262,,,
Backprop,1337,4,UPSAMPLED,224,Conv1,V1,all,persub,0.017099804830101206,0.01562134217215522,0.02956667700213492,0.006111395316013478
Backprop,1337,4,UPSAMPLED,224,Conv1,V1,all,meanrdm,0.02556157631643284,,,
Backprop,1337,4,UPSAMPLED,224,Conv1,V2,cr,persub,0.009585854109797197,0.010311116125219415,0.01606054145903667,0.002385904745135503
Backprop,1337,4,UPSAMPLED,224,Conv1,V2,cr,meanrdm,0.01395602861290436,,,
Backprop,1337,4,UPSAMPLED,224,Conv1,V2,all,persub,0.008721669930777358,0.009857066442860076,0.015662515182041054,0.0006454281674309455
Backprop,1337,4,UPSAMPLED,224,Conv1,V2,all,meanrdm,0.012766784782807624,,,
Backprop,1337,4,UPSAMPLED,224,Conv2,V1,cr,persub,0.007860954655381615,0.01020326733094127,0.008658393999556096,0.004721202635647476
Backprop,1337,4,UPSAMPLED,224,Conv2,V1,cr,meanrdm,0.011674697190644082,,,
Backprop,1337,4,UPSAMPLED,224,Conv2,V1,all,persub,0.007178497724407963,0.010532353160817238,0.0062628598416174614,0.004740280170789193
Backprop,1337,4,UPSAMPLED,224,Conv2,V1,all,meanrdm,0.010536875358883473,,,
Backprop,1337,4,UPSAMPLED,224,Conv2,V2,cr,persub,0.00879563797751151,0.014319195153219,0.00955718534630352,0.0025105334330120057
Backprop,1337,4,UPSAMPLED,224,Conv2,V2,cr,meanrdm,0.013115117140780497,,,
Backprop,1337,4,UPSAMPLED,224,Conv2,V2,all,persub,0.008288863184865087,0.014251839016274663,0.008952417123478024,0.001662333414842577
Backprop,1337,4,UPSAMPLED,224,Conv2,V2,all,meanrdm,0.01234056844847702,,,
Backprop,1337,4,UPSAMPLED,224,Conv3,LOC,cr,persub,-0.00016385008695858744,0.004300352385738838,-0.0035616088348887198,-0.0012302938117258804
Backprop,1337,4,UPSAMPLED,224,Conv3,LOC,cr,meanrdm,-0.0018312367083078442,,,
Backprop,1337,4,UPSAMPLED,224,Conv3,LOC,all,persub,-8.447132156603136e-05,0.005172060414569217,-0.00496626349818296,-0.00045921088108435114
Backprop,1337,4,UPSAMPLED,224,Conv3,LOC,all,meanrdm,-0.001263639762001995,,,
Backprop,1337,4,UPSAMPLED,224,FC1,IT,cr,persub,0.007018744363986078,0.0054826063196370635,0.012432543966717438,0.003141082805603732
Backprop,1337,4,UPSAMPLED,224,FC1,IT,cr,meanrdm,0.01077720560299531,,,
Backprop,1337,4,UPSAMPLED,224,FC1,IT,all,persub,0.0059215888975528335,0.0058836599709737964,0.009250922621296741,0.0026301841003879625
Backprop,1337,4,UPSAMPLED,224,FC1,IT,all,meanrdm,0.00889036348059141,,,
Feedback Alignment,1337,4,UPSAMPLED,224,Conv1,V1,cr,persub,0.010400016147643328,0.005976100678831106,0.020492101763056204,0.004731846001042675
Feedback Alignment,1337,4,UPSAMPLED,224,Conv1,V1,cr,meanrdm,0.015959612065797116,,,
Feedback Alignment,1337,4,UPSAMPLED,224,Conv1,V1,all,persub,0.009327389004382047,0.005411751985904559,0.019003060160375805,0.0035673548668657745
Feedback Alignment,1337,4,UPSAMPLED,224,Conv1,V1,all,meanrdm,0.014389832614496495,,,
Feedback Alignment,1337,4,UPSAMPLED,224,Conv1,V2,cr,persub,0.004082154790829139,0.0023059588051023887,0.008175150316347232,0.001765355251037798
Feedback Alignment,1337,4,UPSAMPLED,224,Conv1,V2,cr,meanrdm,0.0060352464033093505,,,
Feedback Alignment,1337,4,UPSAMPLED,224,Conv1,V2,all,persub,0.0033793512863102945,0.00212744487298443,0.008468347744648934,-0.000457738758702481
Feedback Alignment,1337,4,UPSAMPLED,224,Conv1,V2,all,meanrdm,0.004973447163985736,,,
Feedback Alignment,1337,4,UPSAMPLED,224,Conv2,V1,cr,persub,0.03556181135611144,0.03901174416309216,0.05711932900279241,0.010554360902449735
Feedback Alignment,1337,4,UPSAMPLED,224,Conv2,V1,cr,meanrdm,0.0513511956294542,,,
Feedback Alignment,1337,4,UPSAMPLED,224,Conv2,V1,all,persub,0.03503810204376447,0.03896576935896949,0.055194697959107565,0.010953838813216347
Feedback Alignment,1337,4,UPSAMPLED,224,Conv2,V1,all,meanrdm,0.05068704927329314,,,
Feedback Alignment,1337,4,UPSAMPLED,224,Conv2,V2,cr,persub,0.024675622107002516,0.02873034472625572,0.04034481436660773,0.004951707228144104
Feedback Alignment,1337,4,UPSAMPLED,224,Conv2,V2,cr,meanrdm,0.03733345683233381,,,
Feedback Alignment,1337,4,UPSAMPLED,224,Conv2,V2,all,persub,0.024176703993638637,0.029089595653203765,0.039845197434825515,0.0035953188928866354
Feedback Alignment,1337,4,UPSAMPLED,224,Conv2,V2,all,meanrdm,0.036188078608629014,,,
Feedback Alignment,1337,4,UPSAMPLED,224,Conv3,LOC,cr,persub,-0.0005585191904084372,0.006230085123273687,-0.004813830899998957,-0.0030918117945000416
Feedback Alignment,1337,4,UPSAMPLED,224,Conv3,LOC,cr,meanrdm,-0.002259776687564233,,,
Feedback Alignment,1337,4,UPSAMPLED,224,Conv3,LOC,all,persub,-0.00012087439776912339,0.0070834407132023625,-0.005807143656332166,-0.0016389202501775663
Feedback Alignment,1337,4,UPSAMPLED,224,Conv3,LOC,all,meanrdm,-0.0012335080875275045,,,
Feedback Alignment,1337,4,UPSAMPLED,224,FC1,IT,cr,persub,0.005571382048785503,0.0075849202862210705,0.007305988525046749,0.00182323733508869
Feedback Alignment,1337,4,UPSAMPLED,224,FC1,IT,cr,meanrdm,0.009900328629972251,,,
Feedback Alignment,1337,4,UPSAMPLED,224,FC1,IT,all,persub,0.005074957280583165,0.0076026393204928384,0.006435357565281862,0.001186874955974795
Feedback Alignment,1337,4,UPSAMPLED,224,FC1,IT,all,meanrdm,0.00912207741187039,,,
Predictive Coding,1337,4,UPSAMPLED,224,Conv1,V1,cr,persub,0.013711511965087547,0.010685063075170816,0.02245009379471252,0.00799937902537931
Predictive Coding,1337,4,UPSAMPLED,224,Conv1,V1,cr,meanrdm,0.02088850257451754,,,
Predictive Coding,1337,4,UPSAMPLED,224,Conv1,V1,all,persub,0.01242015510096657,0.009850710188050973,0.021065966467553092,0.006343788647295651
Predictive Coding,1337,4,UPSAMPLED,224,Conv1,V1,all,meanrdm,0.018986449293194173,,,
Predictive Coding,1337,4,UPSAMPLED,224,Conv1,V2,cr,persub,0.0062446953892616374,0.00704929574488226,0.009691242061417032,0.0019935483614856205
Predictive Coding,1337,4,UPSAMPLED,224,Conv1,V2,cr,meanrdm,0.009032723247806582,,,
Predictive Coding,1337,4,UPSAMPLED,224,Conv1,V2,all,persub,0.005531322818818188,0.006509783434881935,0.010057479642120828,2.670537945179668e-05
Predictive Coding,1337,4,UPSAMPLED,224,Conv1,V2,all,meanrdm,0.008000017548611255,,,
Predictive Coding,1337,4,UPSAMPLED,224,Conv2,V1,cr,persub,0.0259337693771463,0.028642719289750568,0.03836599378360382,0.010792595058084506
Predictive Coding,1337,4,UPSAMPLED,224,Conv2,V1,cr,meanrdm,0.03828884069313987,,,
Predictive Coding,1337,4,UPSAMPLED,224,Conv2,V1,all,persub,0.02524212341270235,0.02852237841939797,0.03617331282511342,0.011030678993595661
Predictive Coding,1337,4,UPSAMPLED,224,Conv2,V1,all,meanrdm,0.037402326433322905,,,
Predictive Coding,1337,4,UPSAMPLED,224,Conv2,V2,cr,persub,0.019331628007619946,0.024997590381044838,0.027545093484972267,0.005452200156842738
Predictive Coding,1337,4,UPSAMPLED,224,Conv2,V2,cr,meanrdm,0.02910921285079111,,,
Predictive Coding,1337,4,UPSAMPLED,224,Conv2,V2,all,persub,0.018908448183308342,0.025024943293107997,0.02711669327018705,0.004583707986629979
Predictive Coding,1337,4,UPSAMPLED,224,Conv2,V2,all,meanrdm,0.02822937248657103,,,
Predictive Coding,1337,4,UPSAMPLED,224,Conv3,LOC,cr,persub,-1.864450529852093e-05,0.005145382601331179,-0.0037841898142330225,-0.0014171263029937192
Predictive Coding,1337,4,UPSAMPLED,224,Conv3,LOC,cr,meanrdm,-0.0016968425381161663,,,
Predictive Coding,1337,4,UPSAMPLED,224,Conv3,LOC,all,persub,7.862794604953463e-05,0.005635097078647599,-0.0052991625496780215,-0.00010005069082097385
Predictive Coding,1337,4,UPSAMPLED,224,Conv3,LOC,all,meanrdm,-0.0011589638826259502,,,
Predictive Coding,1337,4,UPSAMPLED,224,FC1,IT,cr,persub,0.006543745975228019,0.007341202327473026,0.010161534683501413,0.0021285009147096142
Predictive Coding,1337,4,UPSAMPLED,224,FC1,IT,cr,meanrdm,0.0106861500705134,,,
Predictive Coding,1337,4,UPSAMPLED,224,FC1,IT,all,persub,0.00571844891688108,0.007720579928100857,0.008046738019873993,0.0013880288026683922
Predictive Coding,1337,4,UPSAMPLED,224,FC1,IT,all,meanrdm,0.009335447815848722,,,
STDP,1337,4,UPSAMPLED,224,Conv1,V1,cr,persub,0.010802793959770575,0.007812308108548514,0.020671034692530118,0.003925039078233096
STDP,1337,4,UPSAMPLED,224,Conv1,V1,cr,meanrdm,0.016380422086801488,,,
STDP,1337,4,UPSAMPLED,224,Conv1,V1,all,persub,0.009487391813158339,0.007047702418231866,0.018549956354257033,0.002864516666986121
STDP,1337,4,UPSAMPLED,224,Conv1,V1,all,meanrdm,0.014361240853460137,,,
STDP,1337,4,UPSAMPLED,224,Conv1,V2,cr,persub,0.005590062237536587,0.004591233207030772,0.011240522884354875,0.0009384306212241143
STDP,1337,4,UPSAMPLED,224,Conv1,V2,cr,meanrdm,0.007961085256064397,,,
STDP,1337,4,UPSAMPLED,224,Conv1,V2,all,persub,0.004587587541625048,0.004194118974128322,0.010558574368992891,-0.0009899307182460672
STDP,1337,4,UPSAMPLED,224,Conv1,V2,all,meanrdm,0.00637562567180788,,,
STDP,1337,4,UPSAMPLED,224,Conv2,V1,cr,persub,0.020884346319415468,0.01837153117801465,0.03943994681650605,0.004841560963725702
STDP,1337,4,UPSAMPLED,224,Conv2,V1,cr,meanrdm,0.030796518877097705,,,
STDP,1337,4,UPSAMPLED,224,Conv2,V1,all,persub,0.019850019627148014,0.018236159075967578,0.036553020880007656,0.004760878925468809
STDP,1337,4,UPSAMPLED,224,Conv2,V1,all,meanrdm,0.028999093519517738,,,
STDP,1337,4,UPSAMPLED,224,Conv2,V2,cr,persub,0.013239267061195112,0.012906918777869515,0.025280136267736668,0.0015307461379791562
STDP,1337,4,UPSAMPLED,224,Conv2,V2,cr,meanrdm,0.01984355622785066,,,
STDP,1337,4,UPSAMPLED,224,Conv2,V2,all,persub,0.012420082387925968,0.012818888573783844,0.024367072905583008,7.428568441104975e-05
STDP,1337,4,UPSAMPLED,224,Conv2,V2,all,meanrdm,0.01860351540761443,,,
STDP,1337,4,UPSAMPLED,224,Conv3,LOC,cr,persub,0.00015931438335870136,0.00450245259365825,-0.00036646435240681515,-0.0036580450911753307
STDP,1337,4,UPSAMPLED,224,Conv3,LOC,cr,meanrdm,-0.001242645736128864,,,
STDP,1337,4,UPSAMPLED,224,Conv3,LOC,all,persub,0.0006045805922730938,0.005920416602297905,-0.001575836921202016,-0.002530837904276607
STDP,1337,4,UPSAMPLED,224,Conv3,LOC,all,meanrdm,3.289183570303548e-05,,,
STDP,1337,4,UPSAMPLED,224,FC1,IT,cr,persub,0.006506397179316091,0.006635147530100775,0.012226388904651405,0.000657655103196094
STDP,1337,4,UPSAMPLED,224,FC1,IT,cr,meanrdm,0.010702814432411164,,,
STDP,1337,4,UPSAMPLED,224,FC1,IT,all,persub,0.006069178805228265,0.00720492428647967,0.010711941248544158,0.00029067088066096584
STDP,1337,4,UPSAMPLED,224,FC1,IT,all,meanrdm,0.009742725343799923,,,
Random Weights (BN-calibrated),1337,4,UPSAMPLED,224,Conv1,V1,cr,persub,0.01151281427879331,0.0077783493488170746,0.01994477121676857,0.00681532227079428
Random Weights (BN-calibrated),1337,4,UPSAMPLED,224,Conv1,V1,cr,meanrdm,0.017722828192316444,,,
Random Weights (BN-calibrated),1337,4,UPSAMPLED,224,Conv1,V1,all,persub,0.010251978573333308,0.007031752874753401,0.018648610643523005,0.005075572201723517
Random Weights (BN-calibrated),1337,4,UPSAMPLED,224,Conv1,V1,all,meanrdm,0.015827136748872244,,,
Random Weights (BN-calibrated),1337,4,UPSAMPLED,224,Conv1,V2,cr,persub,0.0047930572051218786,0.004572732860948735,0.008177474132928195,0.0016289646214887065
Random Weights (BN-calibrated),1337,4,UPSAMPLED,224,Conv1,V2,cr,meanrdm,0.006921781793476176,,,
Random Weights (BN-calibrated),1337,4,UPSAMPLED,224,Conv1,V2,all,persub,0.004153093944887578,0.00405799989124326,0.008619730637917204,-0.00021844869449773042
Random Weights (BN-calibrated),1337,4,UPSAMPLED,224,Conv1,V2,all,meanrdm,0.006030640780742438,,,
Random Weights (BN-calibrated),1337,4,UPSAMPLED,224,Conv2,V1,cr,persub,0.02636387615684566,0.027545528913074716,0.040831211547190015,0.010714888010272252
Random Weights (BN-calibrated),1337,4,UPSAMPLED,224,Conv2,V1,cr,meanrdm,0.03866275435062171,,,
Random Weights (BN-calibrated),1337,4,UPSAMPLED,224,Conv2,V1,all,persub,0.025434639419621943,0.02721898004524823,0.03836504085182813,0.010719897361789466
Random Weights (BN-calibrated),1337,4,UPSAMPLED,224,Conv2,V1,all,meanrdm,0.03752004427694802,,,
Random Weights (BN-calibrated),1337,4,UPSAMPLED,224,Conv2,V2,cr,persub,0.020164519316000606,0.024359540540731993,0.031431452366599014,0.00470256504067081
Random Weights (BN-calibrated),1337,4,UPSAMPLED,224,Conv2,V2,cr,meanrdm,0.030187611997619025,,,
Random Weights (BN-calibrated),1337,4,UPSAMPLED,224,Conv2,V2,all,persub,0.019623027719400596,0.024328344058185233,0.0307096118372877,0.0038311272627288575
Random Weights (BN-calibrated),1337,4,UPSAMPLED,224,Conv2,V2,all,meanrdm,0.029238729966428643,,,
Random Weights (BN-calibrated),1337,4,UPSAMPLED,224,Conv3,LOC,cr,persub,-0.0010736579375337475,0.004018020026562221,-0.004840673107693471,-0.0023983207314699924
Random Weights (BN-calibrated),1337,4,UPSAMPLED,224,Conv3,LOC,cr,meanrdm,-0.003487392727011456,,,
Random Weights (BN-calibrated),1337,4,UPSAMPLED,224,Conv3,LOC,all,persub,-0.0009187763029331929,0.00429302897893584,-0.006229007028608652,-0.0008203508591267672
Random Weights (BN-calibrated),1337,4,UPSAMPLED,224,Conv3,LOC,all,meanrdm,-0.0027600150247680897,,,
Random Weights (BN-calibrated),1337,4,UPSAMPLED,224,FC1,IT,cr,persub,0.005389181282210404,0.004467260726368278,0.010421376190722578,0.0012789069295403566
Random Weights (BN-calibrated),1337,4,UPSAMPLED,224,FC1,IT,cr,meanrdm,0.008534915472904653,,,
Random Weights (BN-calibrated),1337,4,UPSAMPLED,224,FC1,IT,all,persub,0.004526952510861632,0.0041401657781374454,0.008480196225031753,0.0009604955294157012
Random Weights (BN-calibrated),1337,4,UPSAMPLED,224,FC1,IT,all,meanrdm,0.0071640678451333085,,,
