rule,seed,seed_idx,arm,res,layer,roi,variant,convention,rho,rho_sub-01,rho_sub-02,rho_sub-03
Random Weights,789,3,NATIVE,32,Conv1,V1,cr,persub,0.04732263537616486,0.04767928452635101,0.07835814506547602,0.015930476536667557
Random Weights,789,3,NATIVE,32,Conv1,V1,cr,meanrdm,0.0682194869375457,,,
Random Weights,789,3,NATIVE,32,Conv1,V1,all,persub,0.04695607093493238,0.046791860457448375,0.07879901254577358,0.01527733980157517
Random Weights,789,3,NATIVE,32,Conv1,V1,all,meanrdm,0.06732236142852391,,,
Random Weights,789,3,NATIVE,32,Conv1,V2,cr,persub,0.023435481036872482,0.02835535222505334,0.03904056522091432,0.0029105256646497777
Random Weights,789,3,NATIVE,32,Conv1,V2,cr,meanrdm,0.03512180636504713,,,
Random Weights,789,3,NATIVE,32,Conv1,V2,all,persub,0.023625310011419865,0.02844987976623973,0.040842145532208704,0.0015839047358111548
Random Weights,789,3,NATIVE,32,Conv1,V2,all,meanrdm,0.035307539583205566,,,
Random Weights,789,3,NATIVE,32,Conv2,V1,cr,persub,0.05580562514077989,0.055751465857524926,0.09451723968287598,0.0171481698819388
Random Weights,789,3,NATIVE,32,Conv2,V1,cr,meanrdm,0.0795606457098979,,,
Random Weights,789,3,NATIVE,32,Conv2,V1,all,persub,0.05534239236644528,0.05455038754080326,0.09478541969723944,0.016691369861293118
Random Weights,789,3,NATIVE,32,Conv2,V1,all,meanrdm,0.07841643686515928,,,
Random Weights,789,3,NATIVE,32,Conv2,V2,cr,persub,0.03058294417698181,0.03381872306332505,0.05389916414763552,0.004030945319984849
Random Weights,789,3,NATIVE,32,Conv2,V2,cr,meanrdm,0.04572887173461165,,,
Random Weights,789,3,NATIVE,32,Conv2,V2,all,persub,0.030459676555957438,0.03371828522215485,0.054960303657519284,0.002700440788198169
Random Weights,789,3,NATIVE,32,Conv2,V2,all,meanrdm,0.04527772926187539,,,
Random Weights,789,3,NATIVE,32,Conv3,LOC,cr,persub,-0.002509254309301202,0.003366447822572336,-0.007001050439124808,-0.003893160311351135
Random Weights,789,3,NATIVE,32,Conv3,LOC,cr,meanrdm,-0.00591502897603269,,,
Random Weights,789,3,NATIVE,32,Conv3,LOC,all,persub,-0.0013065354317344546,0.004759446552607737,-0.006301369883404845,-0.0023776829644062553
Random Weights,789,3,NATIVE,32,Conv3,LOC,all,meanrdm,-0.0033315003927091354,,,
Random Weights,789,3,NATIVE,32,FC1,IT,cr,persub,4.546016438544253e-05,0.0015510578159483052,-0.004456854582754194,0.0030421772599622168
Random Weights,789,3,NATIVE,32,FC1,IT,cr,meanrdm,0.0008476986573684937,,,
Random Weights,789,3,NATIVE,32,FC1,IT,all,persub,0.001441976611825386,0.003372042817059468,-0.0019872570734279513,0.0029411440918446414
Random Weights,789,3,NATIVE,32,FC1,IT,all,meanrdm,0.00300018451469439,,,
Backprop,789,3,NATIVE,32,Conv1,V1,cr,persub,0.04036721153665485,0.0396662014156719,0.06792416369356385,0.013511269500728795
Backprop,789,3,NATIVE,32,Conv1,V1,cr,meanrdm,0.059788454340681134,,,
Backprop,789,3,NATIVE,32,Conv1,V1,all,persub,0.03885322850554057,0.03820702271033842,0.06498425107435078,0.013368411731932504
Backprop,789,3,NATIVE,32,Conv1,V1,all,meanrdm,0.05741584418368495,,,
Backprop,789,3,NATIVE,32,Conv1,V2,cr,persub,0.025963741434379115,0.024883994124186314,0.04769660831609364,0.005310621862857401
Backprop,789,3,NATIVE,32,Conv1,V2,cr,meanrdm,0.03932714890891077,,,
Backprop,789,3,NATIVE,32,Conv1,V2,all,persub,0.025191925536786803,0.024857677075643663,0.046381624173621114,0.004336475361095628
Backprop,789,3,NATIVE,32,Conv1,V2,all,meanrdm,0.038052585485371535,,,
Backprop,789,3,NATIVE,32,Conv2,V1,cr,persub,0.02627395648104498,0.03164187990891921,0.03192400763914167,0.015255981895074051
Backprop,789,3,NATIVE,32,Conv2,V1,cr,meanrdm,0.04139423442497374,,,
Backprop,789,3,NATIVE,32,Conv2,V1,all,persub,0.02562268627373263,0.03259064484779388,0.02989551242394194,0.014381901549462076
Backprop,789,3,NATIVE,32,Conv2,V1,all,meanrdm,0.039951893351045376,,,
Backprop,789,3,NATIVE,32,Conv2,V2,cr,persub,0.014675624290796453,0.01791292810478987,0.016190502036343504,0.009923442731255984
Backprop,789,3,NATIVE,32,Conv2,V2,cr,meanrdm,0.023737268268820746,,,
Backprop,789,3,NATIVE,32,Conv2,V2,all,persub,0.014429980101977444,0.019325963518067254,0.014939034634821524,0.009024942153043558
Backprop,789,3,NATIVE,32,Conv2,V2,all,meanrdm,0.023061089097150645,,,
Backprop,789,3,NATIVE,32,Conv3,LOC,cr,persub,0.010167606394459966,0.011039646503006206,0.014235061734193692,0.005228110946179997
Backprop,789,3,NATIVE,32,Conv3,LOC,cr,meanrdm,0.016165791350373857,,,
Backprop,789,3,NATIVE,32,Conv3,LOC,all,persub,0.010456685624892825,0.011130550408196245,0.013586056369565173,0.006653450096917053
Backprop,789,3,NATIVE,32,Conv3,LOC,all,meanrdm,0.016898460406696614,,,
Backprop,789,3,NATIVE,32,FC1,IT,cr,persub,0.013370075389764022,0.018000062313691428,0.01834001623573903,0.003770147619861605
Backprop,789,3,NATIVE,32,FC1,IT,cr,meanrdm,0.02127582746640829,,,
Backprop,789,3,NATIVE,32,FC1,IT,all,persub,0.01300241590013334,0.017193525120984186,0.017605865686573078,0.004207856892842755
Backprop,789,3,NATIVE,32,FC1,IT,all,meanrdm,0.02052676781205128,,,
Feedback Alignment,789,3,NATIVE,32,Conv1,V1,cr,persub,0.007948399754708367,0.0020533261254376124,0.01774636254214085,0.004045510596546636
Feedback Alignment,789,3,NATIVE,32,Conv1,V1,cr,meanrdm,0.012327472458198317,,,
Feedback Alignment,789,3,NATIVE,32,Conv1,V1,all,persub,0.006604259389832703,0.0015770553462183157,0.015126090338437271,0.0031096324848425222
Feedback Alignment,789,3,NATIVE,32,Conv1,V1,all,meanrdm,0.01025620524609871,,,
Feedback Alignment,789,3,NATIVE,32,Conv1,V2,cr,persub,0.004170185268735265,-0.0011317383984553735,0.011006931681339026,0.0026353625233221417
Feedback Alignment,789,3,NATIVE,32,Conv1,V2,cr,meanrdm,0.0062060253518969495,,,
Feedback Alignment,789,3,NATIVE,32,Conv1,V2,all,persub,0.0033373535648218316,-0.0012370273293010158,0.010120870483405698,0.0011282175403608125
Feedback Alignment,789,3,NATIVE,32,Conv1,V2,all,meanrdm,0.0048980575385773086,,,
Feedback Alignment,789,3,NATIVE,32,Conv2,V1,cr,persub,0.02246375108726949,0.017689923278325262,0.043471155497628165,0.0062301744858550496
Feedback Alignment,789,3,NATIVE,32,Conv2,V1,cr,meanrdm,0.033560219303738086,,,
Feedback Alignment,789,3,NATIVE,32,Conv2,V1,all,persub,0.021203606954228852,0.017547715869919565,0.04009018120601277,0.005972923786754224
Feedback Alignment,789,3,NATIVE,32,Conv2,V1,all,meanrdm,0.03171340655828164,,,
Feedback Alignment,789,3,NATIVE,32,Conv2,V2,cr,persub,0.014632848443728787,0.010083535083947246,0.029924023290402398,0.0038909869568367122
Feedback Alignment,789,3,NATIVE,32,Conv2,V2,cr,meanrdm,0.022195037801364722,,,
Feedback Alignment,789,3,NATIVE,32,Conv2,V2,all,persub,0.013911687045926964,0.010581092067320512,0.028371266802167366,0.00278270226829302
Feedback Alignment,789,3,NATIVE,32,Conv2,V2,all,meanrdm,0.020925162141423835,,,
Feedback Alignment,789,3,NATIVE,32,Conv3,LOC,cr,persub,0.003391649154040284,0.004635697408756731,0.0044475041875580625,0.0010917458658060595
Feedback Alignment,789,3,NATIVE,32,Conv3,LOC,cr,meanrdm,0.0055400649554786146,,,
Feedback Alignment,789,3,NATIVE,32,Conv3,LOC,all,persub,0.0026640660363574753,0.004998198821829484,0.0024890952424330677,0.0005049040448098726
Feedback Alignment,789,3,NATIVE,32,Conv3,LOC,all,meanrdm,0.004116277508303605,,,
Feedback Alignment,789,3,NATIVE,32,FC1,IT,cr,persub,0.005867273778833781,0.007031211204318677,0.012065612899348783,-0.0014950027671661193
Feedback Alignment,789,3,NATIVE,32,FC1,IT,cr,meanrdm,0.009281723086023352,,,
Feedback Alignment,789,3,NATIVE,32,FC1,IT,all,persub,0.005228711573232805,0.006124481228001537,0.010278671932972171,-0.0007170184412752963
Feedback Alignment,789,3,NATIVE,32,FC1,IT,all,meanrdm,0.008105734487775832,,,
Predictive Coding,789,3,NATIVE,32,Conv1,V1,cr,persub,0.011928269347345062,0.01015618339868632,0.019370896972923057,0.006257727670425815
Predictive Coding,789,3,NATIVE,32,Conv1,V1,cr,meanrdm,0.01837790469751165,,,
Predictive Coding,789,3,NATIVE,32,Conv1,V1,all,persub,0.010726805407914132,0.009466987987505619,0.017747708313798682,0.0049657199224380924
Predictive Coding,789,3,NATIVE,32,Conv1,V1,all,meanrdm,0.01649549670380478,,,
Predictive Coding,789,3,NATIVE,32,Conv1,V2,cr,persub,0.004799171086932643,0.003217392618017696,0.008621579591571282,0.002558541051208951
Predictive Coding,789,3,NATIVE,32,Conv1,V2,cr,meanrdm,0.007021419353785377,,,
Predictive Coding,789,3,NATIVE,32,Conv1,V2,all,persub,0.004253271184379111,0.003123930732638146,0.008446409155417028,0.0011894736650821594
Predictive Coding,789,3,NATIVE,32,Conv1,V2,all,meanrdm,0.006183513577559932,,,
Predictive Coding,789,3,NATIVE,32,Conv2,V1,cr,persub,0.01418768866140172,0.011900683322619678,0.024419633838887907,0.006242748822697576
Predictive Coding,789,3,NATIVE,32,Conv2,V1,cr,meanrdm,0.021848544446564363,,,
Predictive Coding,789,3,NATIVE,32,Conv2,V1,all,persub,0.013040630823615935,0.011121495453974303,0.022460434479203473,0.005539962537670029
Predictive Coding,789,3,NATIVE,32,Conv2,V1,all,meanrdm,0.020121694646260933,,,
Predictive Coding,789,3,NATIVE,32,Conv2,V2,cr,persub,0.0064156336220672,0.004493780829820148,0.012245069520761738,0.0025080505156197157
Predictive Coding,789,3,NATIVE,32,Conv2,V2,cr,meanrdm,0.00935108006529704,,,
Predictive Coding,789,3,NATIVE,32,Conv2,V2,all,persub,0.005893748705591367,0.004790969077236336,0.011495185212255343,0.0013950918272824238
Predictive Coding,789,3,NATIVE,32,Conv2,V2,all,meanrdm,0.008575267207286724,,,
Predictive Coding,789,3,NATIVE,32,Conv3,LOC,cr,persub,0.0033795354369164916,0.004675796276547745,0.006098200185421947,-0.0006353901512202186
Predictive Coding,789,3,NATIVE,32,Conv3,LOC,cr,meanrdm,0.004844511790497488,,,
Predictive Coding,789,3,NATIVE,32,Conv3,LOC,all,persub,0.0026177976767307177,0.005140362242484715,0.0037305172603238406,-0.0010174864726164039
Predictive Coding,789,3,NATIVE,32,Conv3,LOC,all,meanrdm,0.0035729913107261243,,,
Predictive Coding,789,3,NATIVE,32,FC1,IT,cr,persub,0.008268055764881868,0.008581310194945598,0.013833626438666877,0.0023892306610331297
Predictive Coding,789,3,NATIVE,32,FC1,IT,cr,meanrdm,0.014011122295749306,,,
Predictive Coding,789,3,NATIVE,32,FC1,IT,all,persub,0.007326083646024045,0.008560966611167401,0.011044242561105097,0.0023730417657996357
Predictive Coding,789,3,NATIVE,32,FC1,IT,all,meanrdm,0.012157424046587581,,,
STDP,789,3,NATIVE,32,Conv1,V1,cr,persub,0.040927192374383636,0.041948303432584655,0.07006842527435261,0.010764848416213633
STDP,789,3,NATIVE,32,Conv1,V1,cr,meanrdm,0.05998808074626458,,,
STDP,789,3,NATIVE,32,Conv1,V1,all,persub,0.03911561312206019,0.04021957766942985,0.06653573910212297,0.010591522594627738
STDP,789,3,NATIVE,32,Conv1,V1,all,meanrdm,0.05731530292078375,,,
STDP,789,3,NATIVE,32,Conv1,V2,cr,persub,0.022426887426449254,0.022417794471604857,0.040606029935166155,0.00425683787257674
STDP,789,3,NATIVE,32,Conv1,V2,cr,meanrdm,0.034017126330742796,,,
STDP,789,3,NATIVE,32,Conv1,V2,all,persub,0.021334341527900622,0.02183755209824254,0.03924925210569218,0.0029162203797671515
STDP,789,3,NATIVE,32,Conv1,V2,all,meanrdm,0.03233821911915671,,,
STDP,789,3,NATIVE,32,Conv2,V1,cr,persub,0.045649345425422316,0.045156223344950557,0.07973431544446714,0.012057497486849264
STDP,789,3,NATIVE,32,Conv2,V1,cr,meanrdm,0.06702487786637705,,,
STDP,789,3,NATIVE,32,Conv2,V1,all,persub,0.04354406880768075,0.04349311575674582,0.07525511264485918,0.011883978021437237
STDP,789,3,NATIVE,32,Conv2,V1,all,meanrdm,0.06366885391539452,,,
STDP,789,3,NATIVE,32,Conv2,V2,cr,persub,0.026233006766324576,0.025134125316785674,0.04874621076312992,0.00481868421905814
STDP,789,3,NATIVE,32,Conv2,V2,cr,meanrdm,0.03971575684667421,,,
STDP,789,3,NATIVE,32,Conv2,V2,all,persub,0.02483328328700044,0.024673321075957926,0.046347551025375196,0.0034789777596681932
STDP,789,3,NATIVE,32,Conv2,V2,all,meanrdm,0.03747983640940414,,,
STDP,789,3,NATIVE,32,Conv3,LOC,cr,persub,0.006056285733846437,0.008416995303904712,0.008548838479136315,0.0012030234184982845
STDP,789,3,NATIVE,32,Conv3,LOC,cr,meanrdm,0.009105216408561632,,,
STDP,789,3,NATIVE,32,Conv3,LOC,all,persub,0.005269655416945434,0.007811776654145191,0.007413692782509085,0.0005834968141820236
STDP,789,3,NATIVE,32,Conv3,LOC,all,meanrdm,0.007955906030115015,,,
STDP,789,3,NATIVE,32,FC1,IT,cr,persub,0.009004509976997907,0.010642241305019165,0.015036301456036596,0.001334987169937964
STDP,789,3,NATIVE,32,FC1,IT,cr,meanrdm,0.014241757100963268,,,
STDP,789,3,NATIVE,32,FC1,IT,all,persub,0.008463219787485954,0.011742445444038862,0.011597520107683926,0.002049693810735075
STDP,789,3,NATIVE,32,FC1,IT,all,meanrdm,0.013071162144714958,,,
Random Weights (BN-calibrated),789,3,NATIVE,32,Conv1,V1,cr,persub,0.00608989736028527,0.00330591718103055,0.009629864529380232,0.005333910370445025
Random Weights (BN-calibrated),789,3,NATIVE,32,Conv1,V1,cr,meanrdm,0.01001159192566941,,,
Random Weights (BN-calibrated),789,3,NATIVE,32,Conv1,V1,all,persub,0.0049086111243713875,0.002714156711024294,0.007977856028493366,0.004033820633596503
Random Weights (BN-calibrated),789,3,NATIVE,32,Conv1,V1,all,meanrdm,0.008158138090871087,,,
Random Weights (BN-calibrated),789,3,NATIVE,32,Conv1,V2,cr,persub,0.0015404717902463335,-0.0011676519275573031,0.00334861821226095,0.002440449086035354
Random Weights (BN-calibrated),789,3,NATIVE,32,Conv1,V2,cr,meanrdm,0.0020106427201343866,,,
Random Weights (BN-calibrated),789,3,NATIVE,32,Conv1,V2,all,persub,0.0009004264794563666,-0.001287747800948989,0.002894100466986207,0.001094926772331882
Random Weights (BN-calibrated),789,3,NATIVE,32,Conv1,V2,all,meanrdm,0.0010628396489808824,,,
Random Weights (BN-calibrated),789,3,NATIVE,32,Conv2,V1,cr,persub,0.008920130132093952,0.0064105994771375815,0.016255938898894876,0.004093852020249397
Random Weights (BN-calibrated),789,3,NATIVE,32,Conv2,V1,cr,meanrdm,0.014005301343197706,,,
Random Weights (BN-calibrated),789,3,NATIVE,32,Conv2,V1,all,persub,0.0078064928812062945,0.006166176821086825,0.014073174817256508,0.003180127005275553
Random Weights (BN-calibrated),789,3,NATIVE,32,Conv2,V1,all,meanrdm,0.01239677235513996,,,
Random Weights (BN-calibrated),789,3,NATIVE,32,Conv2,V2,cr,persub,0.003185729256697688,0.0004624014440703114,0.006497463215586226,0.0025973231104365257
Random Weights (BN-calibrated),789,3,NATIVE,32,Conv2,V2,cr,meanrdm,0.004507676927980531,,,
Random Weights (BN-calibrated),789,3,NATIVE,32,Conv2,V2,all,persub,0.0026777757548253466,0.0010966461180447976,0.005819987087399304,0.0011166940590319376
Random Weights (BN-calibrated),789,3,NATIVE,32,Conv2,V2,all,meanrdm,0.0036855294848407837,,,
Random Weights (BN-calibrated),789,3,NATIVE,32,Conv3,LOC,cr,persub,0.002244493794623877,0.005314917048447469,0.00248486200013144,-0.0010662976647072785
Random Weights (BN-calibrated),789,3,NATIVE,32,Conv3,LOC,cr,meanrdm,0.0035544350138572616,,,
Random Weights (BN-calibrated),789,3,NATIVE,32,Conv3,LOC,all,persub,0.0017072618946117214,0.0057412543898425926,0.0005271630198493547,-0.0011466317258567828
Random Weights (BN-calibrated),789,3,NATIVE,32,Conv3,LOC,all,meanrdm,0.0022652573570922287,,,
Random Weights (BN-calibrated),789,3,NATIVE,32,FC1,IT,cr,persub,0.00294202159088212,0.003954083825073928,0.003980414412870902,0.0008915665347015294
Random Weights (BN-calibrated),789,3,NATIVE,32,FC1,IT,cr,meanrdm,0.005666473131783182,,,
Random Weights (BN-calibrated),789,3,NATIVE,32,FC1,IT,all,persub,0.003636666551835359,0.006016873002591978,0.0037619512939896,0.0011311753589244992
Random Weights (BN-calibrated),789,3,NATIVE,32,FC1,IT,all,meanrdm,0.006529397962923874,,,
Random Weights,789,3,NATIVE,64,Conv1,V1,cr,persub,0.051556896596037356,0.0527369053454179,0.08502749898424396,0.016906285458450212
Random Weights,789,3,NATIVE,64,Conv1,V1,cr,meanrdm,0.07424168328419545,,,
Random Weights,789,3,NATIVE,64,Conv1,V1,all,persub,0.05113247113821462,0.05184812673067382,0.08529975546452097,0.01624953121944904
Random Weights,789,3,NATIVE,64,Conv1,V1,all,meanrdm,0.07321356014631616,,,
Random Weights,789,3,NATIVE,64,Conv1,V2,cr,persub,0.02670766098475574,0.03179028830437625,0.045197971104119945,0.0031347235457710137
Random Weights,789,3,NATIVE,64,Conv1,V2,cr,meanrdm,0.04009102571291775,,,
Random Weights,789,3,NATIVE,64,Conv1,V2,all,persub,0.026885595812413936,0.031998705775805276,0.04677599602050554,0.0018820856409309762
Random Weights,789,3,NATIVE,64,Conv1,V2,all,meanrdm,0.040195931973494824,,,
Random Weights,789,3,NATIVE,64,Conv2,V1,cr,persub,0.05949899804175927,0.061641029195993756,0.09908449890136094,0.017771466027923136
Random Weights,789,3,NATIVE,64,Conv2,V1,cr,meanrdm,0.08478609253456107,,,
Random Weights,789,3,NATIVE,64,Conv2,V1,all,persub,0.059205686261435124,0.06052442277593608,0.09962322252229591,0.01746941348607336
Random Weights,789,3,NATIVE,64,Conv2,V1,all,meanrdm,0.08388555342117093,,,
Random Weights,789,3,NATIVE,64,Conv2,V2,cr,persub,0.03288849670067971,0.03717983703421667,0.057672138403977585,0.0038135146638448724
Random Weights,789,3,NATIVE,64,Conv2,V2,cr,meanrdm,0.049158330295125535,,,
Random Weights,789,3,NATIVE,64,Conv2,V2,all,persub,0.03294107030421,0.03715361480603014,0.05900264098311256,0.0026669551234873136
Random Weights,789,3,NATIVE,64,Conv2,V2,all,meanrdm,0.04893616764501011,,,
Random Weights,789,3,NATIVE,64,Conv3,LOC,cr,persub,-0.003583622525577628,0.0037309250591472925,-0.009765488905409231,-0.004716303730470945
Random Weights,789,3,NATIVE,64,Conv3,LOC,cr,meanrdm,-0.007758413443957684,,,
Random Weights,789,3,NATIVE,64,Conv3,LOC,all,persub,-0.0023518718223698282,0.005128665799733214,-0.009250883188952713,-0.0029333980778899855
Random Weights,789,3,NATIVE,64,Conv3,LOC,all,meanrdm,-0.005155850942697259,,,
Random Weights,789,3,NATIVE,64,FC1,IT,cr,persub,3.542152608735904e-05,0.0012552790273757486,-0.004020937896359109,0.0028719234472454375
Random Weights,789,3,NATIVE,64,FC1,IT,cr,meanrdm,0.00028126641291468683,,,
Random Weights,789,3,NATIVE,64,FC1,IT,all,persub,0.0012883255382560783,0.003004366210109833,-0.0017788567895874368,0.0026394671942458385
Random Weights,789,3,NATIVE,64,FC1,IT,all,meanrdm,0.002580092509022757,,,
Backprop,789,3,NATIVE,64,Conv1,V1,cr,persub,0.03529236969185314,0.03451560967310066,0.058431247822547154,0.012930251579911612
Backprop,789,3,NATIVE,64,Conv1,V1,cr,meanrdm,0.05292503365975793,,,
Backprop,789,3,NATIVE,64,Conv1,V1,all,persub,0.0338141375301697,0.03312884051474402,0.05578837128712843,0.012525200788636648
Backprop,789,3,NATIVE,64,Conv1,V1,all,meanrdm,0.05057893357803775,,,
Backprop,789,3,NATIVE,64,Conv1,V2,cr,persub,0.021760188392962718,0.020278588412410724,0.03923019692212414,0.005771779844353292
Backprop,789,3,NATIVE,64,Conv1,V2,cr,meanrdm,0.033136405489592645,,,
Backprop,789,3,NATIVE,64,Conv1,V2,all,persub,0.020973411710386792,0.020345433330085014,0.038012514602866504,0.004562287198208863
Backprop,789,3,NATIVE,64,Conv1,V2,all,meanrdm,0.03178900088967692,,,
Backprop,789,3,NATIVE,64,Conv2,V1,cr,persub,-0.00841734291782705,-0.007333468028248842,-0.028114365071193775,0.01019580434596147
Backprop,789,3,NATIVE,64,Conv2,V1,cr,meanrdm,-0.008292760569234626,,,
Backprop,789,3,NATIVE,64,Conv2,V1,all,persub,-0.0091031526023153,-0.005192103965270223,-0.029903117946475013,0.007785764104799341
Backprop,789,3,NATIVE,64,Conv2,V1,all,meanrdm,-0.009937085016467902,,,
Backprop,789,3,NATIVE,64,Conv2,V2,cr,persub,-0.006768148318166964,-0.0037670616169541427,-0.026294628294517324,0.009757244956970576
Backprop,789,3,NATIVE,64,Conv2,V2,cr,meanrdm,-0.00947328902922273,,,
Backprop,789,3,NATIVE,64,Conv2,V2,all,persub,-0.0073917031060592685,-0.0022003602745450978,-0.027363133786169776,0.007388384742537068
Backprop,789,3,NATIVE,64,Conv2,V2,all,meanrdm,-0.01071529521017035,,,
Backprop,789,3,NATIVE,64,Conv3,LOC,cr,persub,0.011592546862023823,0.011824671045054285,0.016902040291892653,0.006050929249124527
Backprop,789,3,NATIVE,64,Conv3,LOC,cr,meanrdm,0.0195034443478004,,,
Backprop,789,3,NATIVE,64,Conv3,LOC,all,persub,0.010977081938581929,0.01169947056074544,0.014456498555073577,0.006775276699926775
Backprop,789,3,NATIVE,64,Conv3,LOC,all,meanrdm,0.01847303111757771,,,
Backprop,789,3,NATIVE,64,FC1,IT,cr,persub,0.015070719912157813,0.018934579458415597,0.02046099595848668,0.005816584319571158
Backprop,789,3,NATIVE,64,FC1,IT,cr,meanrdm,0.024464915403248588,,,
Backprop,789,3,NATIVE,64,FC1,IT,all,persub,0.013745214296780715,0.018213555360079188,0.0184146175631988,0.004607469967064152
Backprop,789,3,NATIVE,64,FC1,IT,all,meanrdm,0.021572404669564713,,,
Feedback Alignment,789,3,NATIVE,64,Conv1,V1,cr,persub,0.004170830360051448,-0.0031620277342198446,0.012731763391110453,0.002942755423263735
Feedback Alignment,789,3,NATIVE,64,Conv1,V1,cr,meanrdm,0.00687557039374695,,,
Feedback Alignment,789,3,NATIVE,64,Conv1,V1,all,persub,0.002843281284912368,-0.003480664726707621,0.010120455438580067,0.001890053142864658
Feedback Alignment,789,3,NATIVE,64,Conv1,V1,all,meanrdm,0.004785707572081161,,,
Feedback Alignment,789,3,NATIVE,64,Conv1,V2,cr,persub,0.002462686927155068,-0.003761349339819615,0.008706862076774506,0.0024425480445103127
Feedback Alignment,789,3,NATIVE,64,Conv1,V2,cr,meanrdm,0.0036136681093064844,,,
Feedback Alignment,789,3,NATIVE,64,Conv1,V2,all,persub,0.0015300159822582906,-0.0038660321729098706,0.007796920239854967,0.0006591598798297753
Feedback Alignment,789,3,NATIVE,64,Conv1,V2,all,meanrdm,0.0021259748105395835,,,
Feedback Alignment,789,3,NATIVE,64,Conv2,V1,cr,persub,0.014952110879247124,0.008328392983599754,0.030967707383252916,0.005560232270888696
Feedback Alignment,789,3,NATIVE,64,Conv2,V1,cr,meanrdm,0.022819326517110845,,,
Feedback Alignment,789,3,NATIVE,64,Conv2,V1,all,persub,0.013871234826731546,0.008610159735807707,0.02798808313256184,0.005015461611825093
Feedback Alignment,789,3,NATIVE,64,Conv2,V1,all,meanrdm,0.021113882977480545,,,
Feedback Alignment,789,3,NATIVE,64,Conv2,V2,cr,persub,0.010632784201620955,0.005632927072257909,0.02165507296638967,0.004610352566215289
Feedback Alignment,789,3,NATIVE,64,Conv2,V2,cr,meanrdm,0.016075452174882744,,,
Feedback Alignment,789,3,NATIVE,64,Conv2,V2,all,persub,0.009888155075161172,0.006115879062233897,0.020484902919170194,0.003063683244079425
Feedback Alignment,789,3,NATIVE,64,Conv2,V2,all,meanrdm,0.01478504331963822,,,
Feedback Alignment,789,3,NATIVE,64,Conv3,LOC,cr,persub,0.003566033490645077,0.004603662388453479,0.0061609881148294975,-6.65500313477462e-05
Feedback Alignment,789,3,NATIVE,64,Conv3,LOC,cr,meanrdm,0.006272437023066738,,,
Feedback Alignment,789,3,NATIVE,64,Conv3,LOC,all,persub,0.002737072790848946,0.004689522752345399,0.0035476206938181666,-2.5925073616727833e-05
Feedback Alignment,789,3,NATIVE,64,Conv3,LOC,all,meanrdm,0.004708729942751263,,,
Feedback Alignment,789,3,NATIVE,64,FC1,IT,cr,persub,0.0070321467269618175,0.007356731574878869,0.012593164145992474,0.0011465444600141084
Feedback Alignment,789,3,NATIVE,64,FC1,IT,cr,meanrdm,0.011874629926260264,,,
Feedback Alignment,789,3,NATIVE,64,FC1,IT,all,persub,0.005799544899451105,0.006241828895952305,0.01051880157759593,0.0006380042248050822
Feedback Alignment,789,3,NATIVE,64,FC1,IT,all,meanrdm,0.00949936171021782,,,
Predictive Coding,789,3,NATIVE,64,Conv1,V1,cr,persub,0.010717379609040007,0.008375525433623023,0.01792321998950091,0.005853393403996091
Predictive Coding,789,3,NATIVE,64,Conv1,V1,cr,meanrdm,0.016670290160835297,,,
Predictive Coding,789,3,NATIVE,64,Conv1,V1,all,persub,0.009552031240504381,0.007881982189533876,0.01630309017288118,0.004471021359098083
Predictive Coding,789,3,NATIVE,64,Conv1,V1,all,meanrdm,0.01478050530457583,,,
Predictive Coding,789,3,NATIVE,64,Conv1,V2,cr,persub,0.004073904345443174,0.0023229273944811142,0.007300966021641815,0.0025978196202065913
Predictive Coding,789,3,NATIVE,64,Conv1,V2,cr,meanrdm,0.006001251538505881,,,
Predictive Coding,789,3,NATIVE,64,Conv1,V2,all,persub,0.003516927578272501,0.0023129246355095587,0.007256794585727786,0.000981063513580158
Predictive Coding,789,3,NATIVE,64,Conv1,V2,all,meanrdm,0.005143374842428856,,,
Predictive Coding,789,3,NATIVE,64,Conv2,V1,cr,persub,0.012643418566626626,0.009385045949106193,0.022290989517052325,0.00625422023372136
Predictive Coding,789,3,NATIVE,64,Conv2,V1,cr,meanrdm,0.01970593700951472,,,
Predictive Coding,789,3,NATIVE,64,Conv2,V1,all,persub,0.011326250546528388,0.00865017181648112,0.02009544343298893,0.005233136390115115
Predictive Coding,789,3,NATIVE,64,Conv2,V1,all,meanrdm,0.017603090828508233,,,
Predictive Coding,789,3,NATIVE,64,Conv2,V2,cr,persub,0.005616215214607838,0.0033126829466332518,0.010370137716170284,0.0031658249810199777
Predictive Coding,789,3,NATIVE,64,Conv2,V2,cr,meanrdm,0.00817591392449991,,,
Predictive Coding,789,3,NATIVE,64,Conv2,V2,all,persub,0.004856129603627478,0.0033145258729559506,0.009661899788332394,0.0015919631495940876
Predictive Coding,789,3,NATIVE,64,Conv2,V2,all,meanrdm,0.007005174429939484,,,
Predictive Coding,789,3,NATIVE,64,Conv3,LOC,cr,persub,0.0030095659873898236,0.004289615363732499,0.005079045908207095,-0.0003399633097701228
Predictive Coding,789,3,NATIVE,64,Conv3,LOC,cr,meanrdm,0.004536725849331083,,,
Predictive Coding,789,3,NATIVE,64,Conv3,LOC,all,persub,0.0022154501665438927,0.004537937108362054,0.0023982756494979433,-0.0002898622582283189
Predictive Coding,789,3,NATIVE,64,Conv3,LOC,all,meanrdm,0.0032229906861249795,,,
Predictive Coding,789,3,NATIVE,64,FC1,IT,cr,persub,0.008481034764952357,0.009734159607487148,0.01266542934133056,0.0030435153460393596
Predictive Coding,789,3,NATIVE,64,FC1,IT,cr,meanrdm,0.014497786190722908,,,
Predictive Coding,789,3,NATIVE,64,FC1,IT,all,persub,0.007111912996435074,0.009707677530647644,0.009339590783280914,0.002288470675376665
Predictive Coding,789,3,NATIVE,64,FC1,IT,all,meanrdm,0.01165007482523299,,,
STDP,789,3,NATIVE,64,Conv1,V1,cr,persub,0.03538095030540103,0.03595667012464189,0.060718408534341184,0.009467772257220019
STDP,789,3,NATIVE,64,Conv1,V1,cr,meanrdm,0.05211281143361708,,,
STDP,789,3,NATIVE,64,Conv1,V1,all,persub,0.0337463263491043,0.03446025169832602,0.05752116911192762,0.009257558237059272
STDP,789,3,NATIVE,64,Conv1,V1,all,meanrdm,0.049655271995213746,,,
STDP,789,3,NATIVE,64,Conv1,V2,cr,persub,0.01881196064016519,0.018812760637348772,0.033763394849803396,0.003859726433343402
STDP,789,3,NATIVE,64,Conv1,V2,cr,meanrdm,0.028435065470385677,,,
STDP,789,3,NATIVE,64,Conv1,V2,all,persub,0.017767261566227974,0.018179957755563508,0.032706815866095605,0.0024150110770248152
STDP,789,3,NATIVE,64,Conv1,V2,all,meanrdm,0.026835752066184885,,,
STDP,789,3,NATIVE,64,Conv2,V1,cr,persub,0.040539830472506345,0.04054272930134994,0.06967637308320751,0.011400389032961583
STDP,789,3,NATIVE,64,Conv2,V1,cr,meanrdm,0.0598698195769303,,,
STDP,789,3,NATIVE,64,Conv2,V1,all,persub,0.03876285910412933,0.03923089720623292,0.06578826918971276,0.011269410916442298
STDP,789,3,NATIVE,64,Conv2,V1,all,meanrdm,0.056899836039778995,,,
STDP,789,3,NATIVE,64,Conv2,V2,cr,persub,0.022461547239768467,0.021995086303152132,0.041018059230935426,0.004371496185217842
STDP,789,3,NATIVE,64,Conv2,V2,cr,meanrdm,0.03388831286404039,,,
STDP,789,3,NATIVE,64,Conv2,V2,all,persub,0.021234696077187903,0.021512055553071223,0.039206880117581035,0.002985152560911451
STDP,789,3,NATIVE,64,Conv2,V2,all,meanrdm,0.03197991245830238,,,
STDP,789,3,NATIVE,64,Conv3,LOC,cr,persub,0.005885266895839785,0.008581358869760506,0.009466382641912206,-0.00039194082415335257
STDP,789,3,NATIVE,64,Conv3,LOC,cr,meanrdm,0.009344968510707598,,,
STDP,789,3,NATIVE,64,Conv3,LOC,all,persub,0.005215428124594652,0.007935570721800721,0.008215704544323783,-0.000504990892340549
STDP,789,3,NATIVE,64,Conv3,LOC,all,meanrdm,0.008383439077712924,,,
STDP,789,3,NATIVE,64,FC1,IT,cr,persub,0.008805068093306116,0.010383512508320022,0.011891732732220182,0.004139959039378141
STDP,789,3,NATIVE,64,FC1,IT,cr,meanrdm,0.014321340063665951,,,
STDP,789,3,NATIVE,64,FC1,IT,all,persub,0.00803111324875813,0.011316322544820834,0.008935993518805406,0.0038410236826481453
STDP,789,3,NATIVE,64,FC1,IT,all,meanrdm,0.012470113913379008,,,
Random Weights (BN-calibrated),789,3,NATIVE,64,Conv1,V1,cr,persub,0.00458858295285416,0.000605950770794927,0.00816875108023284,0.004991047007534713
Random Weights (BN-calibrated),789,3,NATIVE,64,Conv1,V1,cr,meanrdm,0.007949795582717368,,,
Random Weights (BN-calibrated),789,3,NATIVE,64,Conv1,V1,all,persub,0.0034588820615338313,0.0002381826100364213,0.006595406612957674,0.003543056961607397
Random Weights (BN-calibrated),789,3,NATIVE,64,Conv1,V1,all,meanrdm,0.006088346945980705,,,
Random Weights (BN-calibrated),789,3,NATIVE,64,Conv1,V2,cr,persub,0.000650102258579098,-0.002508311128154761,0.001920446572137057,0.002538171331754998
Random Weights (BN-calibrated),789,3,NATIVE,64,Conv1,V2,cr,meanrdm,0.0007707093025515904,,,
Random Weights (BN-calibrated),789,3,NATIVE,64,Conv1,V2,all,persub,6.290455900364782e-06,-0.0025445838506940417,0.001724369000429278,0.000839086217965858
Random Weights (BN-calibrated),789,3,NATIVE,64,Conv1,V2,all,meanrdm,-0.0002141725007340612,,,
Random Weights (BN-calibrated),789,3,NATIVE,64,Conv2,V1,cr,persub,0.00721921990599602,0.003305545800035555,0.013982103960246064,0.004370009957706441
Random Weights (BN-calibrated),789,3,NATIVE,64,Conv2,V1,cr,meanrdm,0.011728795900303018,,,
Random Weights (BN-calibrated),789,3,NATIVE,64,Conv2,V1,all,persub,0.006104051262593549,0.0033287329056230818,0.011891328898875429,0.0030920919832821366
Random Weights (BN-calibrated),789,3,NATIVE,64,Conv2,V1,all,meanrdm,0.009914943238272994,,,
Random Weights (BN-calibrated),789,3,NATIVE,64,Conv2,V2,cr,persub,0.0026048601826497847,1.5345365052678132e-06,0.004397263861189014,0.0034157821502550714
Random Weights (BN-calibrated),789,3,NATIVE,64,Conv2,V2,cr,meanrdm,0.0036791045133302896,,,
Random Weights (BN-calibrated),789,3,NATIVE,64,Conv2,V2,all,persub,0.001948831656848075,0.0003593435256949238,0.0040756578458430795,0.001411493599006222
Random Weights (BN-calibrated),789,3,NATIVE,64,Conv2,V2,all,meanrdm,0.002603022051447361,,,
Random Weights (BN-calibrated),789,3,NATIVE,64,Conv3,LOC,cr,persub,0.002792403351246969,0.004920214149018852,0.004446770937700758,-0.0009897750329787031
Random Weights (BN-calibrated),789,3,NATIVE,64,Conv3,LOC,cr,meanrdm,0.004667201211282184,,,
Random Weights (BN-calibrated),789,3,NATIVE,64,Conv3,LOC,all,persub,0.0021488613754942812,0.0050542334303954,0.0020901414508035314,-0.0006977907547160878
Random Weights (BN-calibrated),789,3,NATIVE,64,Conv3,LOC,all,meanrdm,0.0034081864280544358,,,
Random Weights (BN-calibrated),789,3,NATIVE,64,FC1,IT,cr,persub,0.0036639554339060556,0.004662281777985688,0.004259992954300894,0.0020695915694315843
Random Weights (BN-calibrated),789,3,NATIVE,64,FC1,IT,cr,meanrdm,0.007109491969531331,,,
Random Weights (BN-calibrated),789,3,NATIVE,64,FC1,IT,all,persub,0.0035842622343312193,0.005544702399508102,0.0038306864877589645,0.0013773978157265918
Random Weights (BN-calibrated),789,3,NATIVE,64,FC1,IT,all,meanrdm,0.006767200936234843,,,
Random Weights,789,3,NATIVE,96,Conv1,V1,cr,persub,0.053762774941798035,0.055440413814859306,0.08856547924707306,0.017282431763461722
Random Weights,789,3,NATIVE,96,Conv1,V1,cr,meanrdm,0.07734701670132621,,,
Random Weights,789,3,NATIVE,96,Conv1,V1,all,persub,0.05330776665978847,0.05449695900687492,0.08874329777315029,0.016683043199340202
Random Weights,789,3,NATIVE,96,Conv1,V1,all,meanrdm,0.07628304437241176,,,
Random Weights,789,3,NATIVE,96,Conv1,V2,cr,persub,0.028322323534021365,0.033444982764621156,0.04835015408353441,0.003171833753908529
Random Weights,789,3,NATIVE,96,Conv1,V2,cr,meanrdm,0.04254499799400578,,,
Random Weights,789,3,NATIVE,96,Conv1,V2,all,persub,0.0285103436426882,0.033725465873732124,0.04981160903253501,0.0019939560217974513
Random Weights,789,3,NATIVE,96,Conv1,V2,all,meanrdm,0.042652314653681515,,,
Random Weights,789,3,NATIVE,96,Conv2,V1,cr,persub,0.061877152692123384,0.06442894168888025,0.10303330778753128,0.018169208599958634
Random Weights,789,3,NATIVE,96,Conv2,V1,cr,meanrdm,0.08825620932826506,,,
Random Weights,789,3,NATIVE,96,Conv2,V1,all,persub,0.06153850204276921,0.0632556982289638,0.10342022144611146,0.017939586453232344
Random Weights,789,3,NATIVE,96,Conv2,V1,all,meanrdm,0.08728706594259755,,,
Random Weights,789,3,NATIVE,96,Conv2,V2,cr,persub,0.03464484219187316,0.0388348279102905,0.06127293100525815,0.003826767660070819
Random Weights,789,3,NATIVE,96,Conv2,V2,cr,meanrdm,0.051902969298569177,,,
Random Weights,789,3,NATIVE,96,Conv2,V2,all,persub,0.034654371916289735,0.03879771195474978,0.06240682387913522,0.002758579914984204
Random Weights,789,3,NATIVE,96,Conv2,V2,all,meanrdm,0.05159100140909383,,,
Random Weights,789,3,NATIVE,96,Conv3,LOC,cr,persub,-0.0038684206738203823,0.0036054989131251397,-0.010487331519652855,-0.004723429414933432
Random Weights,789,3,NATIVE,96,Conv3,LOC,cr,meanrdm,-0.008189249483981448,,,
Random Weights,789,3,NATIVE,96,Conv3,LOC,all,persub,-0.002680685030964853,0.005134987473055979,-0.010209535074955662,-0.0029675074909948757
Random Weights,789,3,NATIVE,96,Conv3,LOC,all,meanrdm,-0.005726065785109284,,,
Random Weights,789,3,NATIVE,96,FC1,IT,cr,persub,0.0006849050204622447,0.0010297180386044606,-0.0025235111507440696,0.003548508173526343
Random Weights,789,3,NATIVE,96,FC1,IT,cr,meanrdm,0.0012114344754217154,,,
Random Weights,789,3,NATIVE,96,FC1,IT,all,persub,0.0017853874872007932,0.0026302606406591843,-0.00024510140006309757,0.002971003221006293
Random Weights,789,3,NATIVE,96,FC1,IT,all,meanrdm,0.003262182413497666,,,
Backprop,789,3,NATIVE,96,Conv1,V1,cr,persub,0.03089978002183702,0.029611504869442716,0.050937850859624795,0.01214998433644355
Backprop,789,3,NATIVE,96,Conv1,V1,cr,meanrdm,0.04671717489721453,,,
Backprop,789,3,NATIVE,96,Conv1,V1,all,persub,0.029348786444021894,0.02825140696491821,0.048327104703881095,0.01146784766326637
Backprop,789,3,NATIVE,96,Conv1,V1,all,meanrdm,0.044241889748797766,,,
Backprop,789,3,NATIVE,96,Conv1,V2,cr,persub,0.018540650686228736,0.01699319052919898,0.03306366242488129,0.0055650991046059415
Backprop,789,3,NATIVE,96,Conv1,V2,cr,meanrdm,0.02822326163499245,,,
Backprop,789,3,NATIVE,96,Conv1,V2,all,persub,0.017660810739185833,0.0170275199894267,0.0318224406548355,0.0041324715732953075
Backprop,789,3,NATIVE,96,Conv1,V2,all,meanrdm,0.026731832003078132,,,
Backprop,789,3,NATIVE,96,Conv2,V1,cr,persub,-0.020284263140126726,-0.022247061609700285,-0.04620691784508734,0.0076011900344074455
Backprop,789,3,NATIVE,96,Conv2,V1,cr,meanrdm,-0.025544169818643436,,,
Backprop,789,3,NATIVE,96,Conv2,V1,all,persub,-0.021000167606926065,-0.01989108068585512,-0.04807422547801614,0.0049648033430930525
Backprop,789,3,NATIVE,96,Conv2,V1,all,meanrdm,-0.02727891019675694,,,
Backprop,789,3,NATIVE,96,Conv2,V2,cr,persub,-0.013629700411442161,-0.011303555375290934,-0.0376917797373355,0.008106233878299954
Backprop,789,3,NATIVE,96,Conv2,V2,cr,meanrdm,-0.020138199058632074,,,
Backprop,789,3,NATIVE,96,Conv2,V2,all,persub,-0.014347031641138768,-0.009671917449931044,-0.038848710154928225,0.005479532681442969
Backprop,789,3,NATIVE,96,Conv2,V2,all,meanrdm,-0.02149430199401723,,,
Backprop,789,3,NATIVE,96,Conv3,LOC,cr,persub,0.010234610525541173,0.01007259250105845,0.015567783669026888,0.005063455406538185
Backprop,789,3,NATIVE,96,Conv3,LOC,cr,meanrdm,0.01725034156009196,,,
Backprop,789,3,NATIVE,96,Conv3,LOC,all,persub,0.009649872933557827,0.010158002905143808,0.012928585287728715,0.005863030607800957
Backprop,789,3,NATIVE,96,Conv3,LOC,all,meanrdm,0.016281344686245466,,,
Backprop,789,3,NATIVE,96,FC1,IT,cr,persub,0.013216445602206556,0.01634807140749399,0.01784964941019513,0.005451615988930551
Backprop,789,3,NATIVE,96,FC1,IT,cr,meanrdm,0.02162751391206231,,,
Backprop,789,3,NATIVE,96,FC1,IT,all,persub,0.01196913677596013,0.0160769839599434,0.015488034534363329,0.004342391833573659
Backprop,789,3,NATIVE,96,FC1,IT,all,meanrdm,0.01892927705551408,,,
Feedback Alignment,789,3,NATIVE,96,Conv1,V1,cr,persub,0.003000256367739974,-0.005343448630189287,0.011761136536340307,0.002583081197068902
Feedback Alignment,789,3,NATIVE,96,Conv1,V1,cr,meanrdm,0.0051486339389415995,,,
Feedback Alignment,789,3,NATIVE,96,Conv1,V1,all,persub,0.0016386118881887377,-0.005633025652484346,0.009109054776102079,0.00143980654094848
Feedback Alignment,789,3,NATIVE,96,Conv1,V1,all,meanrdm,0.0029802033096446735,,,
Feedback Alignment,789,3,NATIVE,96,Conv1,V2,cr,persub,0.002092509545701468,-0.004612160321207203,0.008683009462213459,0.0022066794960981483
Feedback Alignment,789,3,NATIVE,96,Conv1,V2,cr,meanrdm,0.0030504777010783076,,,
Feedback Alignment,789,3,NATIVE,96,Conv1,V2,all,persub,0.001109566477824034,-0.004700056045923226,0.007710504360845378,0.00031825111854995054
Feedback Alignment,789,3,NATIVE,96,Conv1,V2,all,meanrdm,0.0014773857892628806,,,
Feedback Alignment,789,3,NATIVE,96,Conv2,V1,cr,persub,0.012673592193013512,0.004650778634812444,0.02785466232365584,0.0055153356205722495
Feedback Alignment,789,3,NATIVE,96,Conv2,V1,cr,meanrdm,0.01946254827051352,,,
Feedback Alignment,789,3,NATIVE,96,Conv2,V1,all,persub,0.011621753663783416,0.00503915125777706,0.02499973116830876,0.004826378565264431
Feedback Alignment,789,3,NATIVE,96,Conv2,V1,all,meanrdm,0.01773093074008701,,,
Feedback Alignment,789,3,NATIVE,96,Conv2,V2,cr,persub,0.010014657776055145,0.004420351297109478,0.020957066973016192,0.004666555058039765
Feedback Alignment,789,3,NATIVE,96,Conv2,V2,cr,meanrdm,0.01518568605581074,,,
Feedback Alignment,789,3,NATIVE,96,Conv2,V2,all,persub,0.009149707898910887,0.004883882299946089,0.019734356024271486,0.0028308853725150856
Feedback Alignment,789,3,NATIVE,96,Conv2,V2,all,meanrdm,0.01366777917720409,,,
Feedback Alignment,789,3,NATIVE,96,Conv3,LOC,cr,persub,0.004085875583469708,0.004274106446544081,0.008672088573436376,-0.0006885682695713332
Feedback Alignment,789,3,NATIVE,96,Conv3,LOC,cr,meanrdm,0.007294514679973895,,,
Feedback Alignment,789,3,NATIVE,96,Conv3,LOC,all,persub,0.003236823389744518,0.004612365763098621,0.0056364652550225216,-0.0005383608488875889
Feedback Alignment,789,3,NATIVE,96,Conv3,LOC,all,meanrdm,0.0056832286803689,,,
Feedback Alignment,789,3,NATIVE,96,FC1,IT,cr,persub,0.008303368844392181,0.007500851088573047,0.014653423057440159,0.002755832387163336
Feedback Alignment,789,3,NATIVE,96,FC1,IT,cr,meanrdm,0.014521825614514264,,,
Feedback Alignment,789,3,NATIVE,96,FC1,IT,all,persub,0.00685144567109647,0.006342334631542846,0.012429658185345985,0.0017823441964005802
Feedback Alignment,789,3,NATIVE,96,FC1,IT,all,meanrdm,0.01162568878317293,,,
Predictive Coding,789,3,NATIVE,96,Conv1,V1,cr,persub,0.010302202792004523,0.007307084909491681,0.017857927302702786,0.0057415961638191005
Predictive Coding,789,3,NATIVE,96,Conv1,V1,cr,meanrdm,0.016043327429377294,,,
Predictive Coding,789,3,NATIVE,96,Conv1,V1,all,persub,0.009097796215323445,0.006832945921141952,0.016159384549537557,0.004301058175290829
Predictive Coding,789,3,NATIVE,96,Conv1,V1,all,meanrdm,0.014085063351245517,,,
Predictive Coding,789,3,NATIVE,96,Conv1,V2,cr,persub,0.0039279066989429965,0.0019324720156733265,0.0072988507818254915,0.0025523972993301727
Predictive Coding,789,3,NATIVE,96,Conv1,V2,cr,meanrdm,0.005815354422435641,,,
Predictive Coding,789,3,NATIVE,96,Conv1,V2,all,persub,0.0033415449274655823,0.0019504278285516498,0.007260719313827127,0.0008134876400179708
Predictive Coding,789,3,NATIVE,96,Conv1,V2,all,meanrdm,0.004919100717940005,,,
Predictive Coding,789,3,NATIVE,96,Conv2,V1,cr,persub,0.012080772985807375,0.008050817339055088,0.021706098448507374,0.006485403169859665
Predictive Coding,789,3,NATIVE,96,Conv2,V1,cr,meanrdm,0.018896202493716922,,,
Predictive Coding,789,3,NATIVE,96,Conv2,V1,all,persub,0.010684012116142165,0.007424230412130918,0.019353497419407107,0.0052743085168884705
Predictive Coding,789,3,NATIVE,96,Conv2,V1,all,meanrdm,0.016603082280171683,,,
Predictive Coding,789,3,NATIVE,96,Conv2,V2,cr,persub,0.0055438338970290385,0.0028896316252835777,0.010225146632605578,0.00351672343319796
Predictive Coding,789,3,NATIVE,96,Conv2,V2,cr,meanrdm,0.008134911010739524,,,
Predictive Coding,789,3,NATIVE,96,Conv2,V2,all,persub,0.004635568137226863,0.0028647970778305585,0.009403359486693455,0.0016385478471565764
Predictive Coding,789,3,NATIVE,96,Conv2,V2,all,meanrdm,0.006715558543690445,,,
Predictive Coding,789,3,NATIVE,96,Conv3,LOC,cr,persub,0.0030891783948275003,0.004153517220082713,0.005547383234712313,-0.00043336527031252487
Predictive Coding,789,3,NATIVE,96,Conv3,LOC,cr,meanrdm,0.0047315490244461845,,,
Predictive Coding,789,3,NATIVE,96,Conv3,LOC,all,persub,0.002285430541380473,0.004525613142245756,0.002693623591541695,-0.00036294510964603155
Predictive Coding,789,3,NATIVE,96,Conv3,LOC,all,meanrdm,0.0033667010935692033,,,
Predictive Coding,789,3,NATIVE,96,FC1,IT,cr,persub,0.008859428561064099,0.009740565964317544,0.013150043388307716,0.003687676330567031
Predictive Coding,789,3,NATIVE,96,FC1,IT,cr,meanrdm,0.015049332909561073,,,
Predictive Coding,789,3,NATIVE,96,FC1,IT,all,persub,0.00728529384343765,0.009559984507474447,0.009595361886639812,0.002700535136198691
Predictive Coding,789,3,NATIVE,96,FC1,IT,all,meanrdm,0.011767779930588038,,,
STDP,789,3,NATIVE,96,Conv1,V1,cr,persub,0.03264482730443571,0.03265304438260998,0.056468538536008736,0.008812898994688402
STDP,789,3,NATIVE,96,Conv1,V1,cr,meanrdm,0.04821689314642925,,,
STDP,789,3,NATIVE,96,Conv1,V1,all,persub,0.031009487811860765,0.03120256668123178,0.05329024409656966,0.008535652657780859
STDP,789,3,NATIVE,96,Conv1,V1,all,meanrdm,0.04572350572071891,,,
STDP,789,3,NATIVE,96,Conv1,V2,cr,persub,0.01737853333280308,0.01701924491696636,0.03147116451229062,0.0036451905691522526
STDP,789,3,NATIVE,96,Conv1,V2,cr,meanrdm,0.026267148318472648,,,
STDP,789,3,NATIVE,96,Conv1,V2,all,persub,0.016294101117927107,0.016402324292180484,0.03039000535815149,0.0020899737034493406
STDP,789,3,NATIVE,96,Conv1,V2,all,meanrdm,0.024599191581410156,,,
STDP,789,3,NATIVE,96,Conv2,V1,cr,persub,0.038240387783756886,0.03809488637666071,0.06553794405913535,0.011088332915474595
STDP,789,3,NATIVE,96,Conv2,V1,cr,meanrdm,0.05668274352777396,,,
STDP,789,3,NATIVE,96,Conv2,V1,all,persub,0.0364819708751008,0.036829993291402324,0.061782716588067874,0.010833202745832205
STDP,789,3,NATIVE,96,Conv2,V1,all,meanrdm,0.053663813148773186,,,
STDP,789,3,NATIVE,96,Conv2,V2,cr,persub,0.0210723560720808,0.02068761176723076,0.038440707712098475,0.004088748736913165
STDP,789,3,NATIVE,96,Conv2,V2,cr,meanrdm,0.03177153623860844,,,
STDP,789,3,NATIVE,96,Conv2,V2,all,persub,0.019803179947896755,0.02016207735265885,0.036711109179550824,0.002536353311480599
STDP,789,3,NATIVE,96,Conv2,V2,all,meanrdm,0.029788295473332088,,,
STDP,789,3,NATIVE,96,Conv3,LOC,cr,persub,0.006584612717322086,0.008861751057897348,0.010984510432061424,-9.242333799251251e-05
STDP,789,3,NATIVE,96,Conv3,LOC,cr,meanrdm,0.010603257519496612,,,
STDP,789,3,NATIVE,96,Conv3,LOC,all,persub,0.005927572595880754,0.008086150859931791,0.009789968016260257,-9.340108854978329e-05
STDP,789,3,NATIVE,96,Conv3,LOC,all,meanrdm,0.00968260414940577,,,
STDP,789,3,NATIVE,96,FC1,IT,cr,persub,0.009241531672473439,0.011216251306175833,0.011010466447551192,0.00549787726369329
STDP,789,3,NATIVE,96,FC1,IT,cr,meanrdm,0.014980179431054083,,,
STDP,789,3,NATIVE,96,FC1,IT,all,persub,0.008516272098133111,0.011858482883415953,0.008587104261403078,0.0051032291495802995
STDP,789,3,NATIVE,96,FC1,IT,all,meanrdm,0.013303205967528946,,,
Random Weights (BN-calibrated),789,3,NATIVE,96,Conv1,V1,cr,persub,0.004450737783552359,-0.00046494332331516267,0.008840267255553072,0.00497688941841917
Random Weights (BN-calibrated),789,3,NATIVE,96,Conv1,V1,cr,meanrdm,0.007721759617419517,,,
Random Weights (BN-calibrated),789,3,NATIVE,96,Conv1,V1,all,persub,0.003275759260380866,-0.0008076461596756704,0.0071913756385052225,0.003443548302313045
Random Weights (BN-calibrated),789,3,NATIVE,96,Conv1,V1,all,meanrdm,0.005772744640905825,,,
Random Weights (BN-calibrated),789,3,NATIVE,96,Conv1,V2,cr,persub,0.0006855086671265302,-0.002770986305772742,0.0023299814806502584,0.002497530826502074
Random Weights (BN-calibrated),789,3,NATIVE,96,Conv1,V2,cr,meanrdm,0.0008698482534639617,,,
Random Weights (BN-calibrated),789,3,NATIVE,96,Conv1,V2,all,persub,1.0342053750201654e-05,-0.0027762245095480417,0.0021702793736698717,0.0006369712971287749
Random Weights (BN-calibrated),789,3,NATIVE,96,Conv1,V2,all,meanrdm,-0.0001651705073589454,,,
Random Weights (BN-calibrated),789,3,NATIVE,96,Conv2,V1,cr,persub,0.007721390089779154,0.0028447059704551007,0.01542443324378567,0.004895031055096687
Random Weights (BN-calibrated),789,3,NATIVE,96,Conv2,V1,cr,meanrdm,0.012432884379474577,,,
Random Weights (BN-calibrated),789,3,NATIVE,96,Conv2,V1,all,persub,0.0065301775586195125,0.0030017550461258024,0.013163954606691959,0.003424823023040775
Random Weights (BN-calibrated),789,3,NATIVE,96,Conv2,V1,all,meanrdm,0.010416266294734286,,,
Random Weights (BN-calibrated),789,3,NATIVE,96,Conv2,V2,cr,persub,0.0036202258918698062,0.0005094793052088265,0.006447413136226053,0.003903785234174539
Random Weights (BN-calibrated),789,3,NATIVE,96,Conv2,V2,cr,meanrdm,0.005364817325695712,,,
Random Weights (BN-calibrated),789,3,NATIVE,96,Conv2,V2,all,persub,0.002790257120719893,0.0008831876251760727,0.005910873151783042,0.0015767105852005628
Random Weights (BN-calibrated),789,3,NATIVE,96,Conv2,V2,all,meanrdm,0.003981934124280237,,,
Random Weights (BN-calibrated),789,3,NATIVE,96,Conv3,LOC,cr,persub,0.003913152650350126,0.004285898833342709,0.008336890588498236,-0.0008833314707905667
Random Weights (BN-calibrated),789,3,NATIVE,96,Conv3,LOC,cr,meanrdm,0.0067677547936208175,,,
Random Weights (BN-calibrated),789,3,NATIVE,96,Conv3,LOC,all,persub,0.003005865778373428,0.004616642772684861,0.005106626062382467,-0.0007056714999470432
Random Weights (BN-calibrated),789,3,NATIVE,96,Conv3,LOC,all,meanrdm,0.00502425431847145,,,
Random Weights (BN-calibrated),789,3,NATIVE,96,FC1,IT,cr,persub,0.004217390475731963,0.004265234615339354,0.005081708737137271,0.003305228074719264
Random Weights (BN-calibrated),789,3,NATIVE,96,FC1,IT,cr,meanrdm,0.007895818064621052,,,
Random Weights (BN-calibrated),789,3,NATIVE,96,FC1,IT,all,persub,0.003728348153182418,0.0050685572823940366,0.0038582519950282946,0.002258235182124924
Random Weights (BN-calibrated),789,3,NATIVE,96,FC1,IT,all,meanrdm,0.0068997760922237545,,,
Random Weights,789,3,NATIVE,128,Conv1,V1,cr,persub,0.055050745140285386,0.05705280458103405,0.09059723507871628,0.017502195761105843
Random Weights,789,3,NATIVE,128,Conv1,V1,cr,meanrdm,0.07914223903571382,,,
Random Weights,789,3,NATIVE,128,Conv1,V1,all,persub,0.05459217806739714,0.05605732133093257,0.09075776481720794,0.016961448054050917
Random Weights,789,3,NATIVE,128,Conv1,V1,all,meanrdm,0.0780863888753757,,,
Random Weights,789,3,NATIVE,128,Conv1,V2,cr,persub,0.029195645572886147,0.03446872086817089,0.04996306567348074,0.0031551501770068257
Random Weights,789,3,NATIVE,128,Conv1,V2,cr,meanrdm,0.043847093354518966,,,
Random Weights,789,3,NATIVE,128,Conv1,V2,all,persub,0.029409596525203766,0.03476797040422331,0.05140720426508098,0.0020536149063069974
Random Weights,789,3,NATIVE,128,Conv1,V2,all,meanrdm,0.04399355742340433,,,
Random Weights,789,3,NATIVE,128,Conv2,V1,cr,persub,0.06286734328749606,0.0657937948402592,0.10451718079943417,0.018291054222794815
Random Weights,789,3,NATIVE,128,Conv2,V1,cr,meanrdm,0.089650888440047,,,
Random Weights,789,3,NATIVE,128,Conv2,V1,all,persub,0.06254809115825487,0.06459369561890932,0.10490058077922262,0.018149997076632667
Random Weights,789,3,NATIVE,128,Conv2,V1,all,meanrdm,0.08873351163287253,,,
Random Weights,789,3,NATIVE,128,Conv2,V2,cr,persub,0.03531820356579501,0.03966787894188989,0.06255645149417774,0.003730280261317391
Random Weights,789,3,NATIVE,128,Conv2,V2,cr,meanrdm,0.05293291234974618,,,
Random Weights,789,3,NATIVE,128,Conv2,V2,all,persub,0.0353873260593138,0.03970399669693017,0.06370765476740632,0.0027503267136049095
Random Weights,789,3,NATIVE,128,Conv2,V2,all,meanrdm,0.05270207844645411,,,
Random Weights,789,3,NATIVE,128,Conv3,LOC,cr,persub,-0.004171098905527281,0.00364601104871276,-0.011361096454564408,-0.004798211310730195
Random Weights,789,3,NATIVE,128,Conv3,LOC,cr,meanrdm,-0.008727119716678278,,,
Random Weights,789,3,NATIVE,128,Conv3,LOC,all,persub,-0.0029502309970587345,0.005232921602454409,-0.011095693638832428,-0.002987920954798185
Random Weights,789,3,NATIVE,128,Conv3,LOC,all,meanrdm,-0.006216765756690841,,,
Random Weights,789,3,NATIVE,128,FC1,IT,cr,persub,0.0010144950650074426,0.0007173280044919755,-0.0014694912573628488,0.0037956484478932013
Random Weights,789,3,NATIVE,128,FC1,IT,cr,meanrdm,0.0017015031913781378,,,
Random Weights,789,3,NATIVE,128,FC1,IT,all,persub,0.002037532129943648,0.002135328358858905,0.0007093192304462399,0.0032679488005258003
Random Weights,789,3,NATIVE,128,FC1,IT,all,meanrdm,0.0036410713141272664,,,
Backprop,789,3,NATIVE,128,Conv1,V1,cr,persub,0.027692031767564265,0.025823697142463124,0.04573365008944145,0.01151874807078822
Backprop,789,3,NATIVE,128,Conv1,V1,cr,meanrdm,0.042124985630857065,,,
Backprop,789,3,NATIVE,128,Conv1,V1,all,persub,0.02608147480143769,0.024472382857322235,0.04311374781598839,0.010658293731002449
Backprop,789,3,NATIVE,128,Conv1,V1,all,meanrdm,0.039554721016333116,,,
Backprop,789,3,NATIVE,128,Conv1,V2,cr,persub,0.016329705910533458,0.014782911424031618,0.028897209280828274,0.005308997026740473
Backprop,789,3,NATIVE,128,Conv1,V2,cr,meanrdm,0.02484630558133695,,,
Backprop,789,3,NATIVE,128,Conv1,V2,all,persub,0.015378491160159371,0.014760239650469027,0.027632421870460947,0.0037428119595481367
Backprop,789,3,NATIVE,128,Conv1,V2,all,meanrdm,0.023260371680025312,,,
Backprop,789,3,NATIVE,128,Conv2,V1,cr,persub,-0.024757101149681316,-0.027808618175455622,-0.052375869430830745,0.005913184157242419
Backprop,789,3,NATIVE,128,Conv2,V1,cr,meanrdm,-0.032258673229889234,,,
Backprop,789,3,NATIVE,128,Conv2,V1,all,persub,-0.025424949628424166,-0.025397405945489095,-0.05423380150100364,0.0033563585612202476
Backprop,789,3,NATIVE,128,Conv2,V1,all,meanrdm,-0.03392336304859986,,,
Backprop,789,3,NATIVE,128,Conv2,V2,cr,persub,-0.015898769854040793,-0.013256037797807159,-0.04127540680874983,0.006835135044434613
Backprop,789,3,NATIVE,128,Conv2,V2,cr,meanrdm,-0.023671518498212252,,,
Backprop,789,3,NATIVE,128,Conv2,V2,all,persub,-0.01655545494752513,-0.011658467361123522,-0.04232850423723042,0.004320606755778565
Backprop,789,3,NATIVE,128,Conv2,V2,all,meanrdm,-0.024880736666458344,,,
Backprop,789,3,NATIVE,128,Conv3,LOC,cr,persub,0.009218009177134999,0.008882775066550651,0.014809629133067619,0.003961623331786728
Backprop,789,3,NATIVE,128,Conv3,LOC,cr,meanrdm,0.015532659533253366,,,
Backprop,789,3,NATIVE,128,Conv3,LOC,all,persub,0.008745712123054942,0.009157261056557049,0.01223769323599713,0.004842182076610648
Backprop,789,3,NATIVE,128,Conv3,LOC,all,meanrdm,0.014801606747996205,,,
Backprop,789,3,NATIVE,128,FC1,IT,cr,persub,0.011711200742449935,0.014764399072602099,0.015680128064136024,0.004689075090611686
Backprop,789,3,NATIVE,128,FC1,IT,cr,meanrdm,0.0190882641950769,,,
Backprop,789,3,NATIVE,128,FC1,IT,all,persub,0.010598860309776444,0.014602476597161063,0.013410173814884569,0.003783930517283697
Backprop,789,3,NATIVE,128,FC1,IT,all,meanrdm,0.01676855880672021,,,
Feedback Alignment,789,3,NATIVE,128,Conv1,V1,cr,persub,0.0025492550281194007,-0.0061986910471550135,0.011413289405285151,0.002433166726228064
Feedback Alignment,789,3,NATIVE,128,Conv1,V1,cr,meanrdm,0.00443951998001459,,,
Feedback Alignment,789,3,NATIVE,128,Conv1,V1,all,persub,0.0011878585305345984,-0.006499975655096856,0.008775516342590859,0.0012880349041097922
Feedback Alignment,789,3,NATIVE,128,Conv1,V1,all,meanrdm,0.0022617307434092283,,,
Feedback Alignment,789,3,NATIVE,128,Conv1,V2,cr,persub,0.0019784212906487123,-0.004795216608453329,0.008681493974727684,0.0020489865056717823
Feedback Alignment,789,3,NATIVE,128,Conv1,V2,cr,meanrdm,0.002868567585277137,,,
Feedback Alignment,789,3,NATIVE,128,Conv1,V2,all,persub,0.0010106928312356074,-0.0048664206513351895,0.007746173307196728,0.0001523258378452832
Feedback Alignment,789,3,NATIVE,128,Conv1,V2,all,meanrdm,0.00132246118580606,,,
Feedback Alignment,789,3,NATIVE,128,Conv2,V1,cr,persub,0.011736683332442233,0.003240671216918235,0.02645399823690726,0.00551538054350121
Feedback Alignment,789,3,NATIVE,128,Conv2,V1,cr,meanrdm,0.017940365337341155,,,
Feedback Alignment,789,3,NATIVE,128,Conv2,V1,all,persub,0.010780422468696114,0.0037037462598576423,0.023782639673574135,0.004854881472656563
Feedback Alignment,789,3,NATIVE,128,Conv2,V1,all,meanrdm,0.016329855214503662,,,
Feedback Alignment,789,3,NATIVE,128,Conv2,V2,cr,persub,0.00967805785395082,0.004270022061542389,0.020275053287549236,0.004489098212760837
Feedback Alignment,789,3,NATIVE,128,Conv2,V2,cr,meanrdm,0.014627377323983207,,,
Feedback Alignment,789,3,NATIVE,128,Conv2,V2,all,persub,0.008874733997078449,0.004766497743983701,0.019189872020650124,0.0026678322266015216
Feedback Alignment,789,3,NATIVE,128,Conv2,V2,all,meanrdm,0.013200180414249883,,,
Feedback Alignment,789,3,NATIVE,128,Conv3,LOC,cr,persub,0.0037603202710751993,0.003934058100380769,0.008547642605624078,-0.0012007398927792491
Feedback Alignment,789,3,NATIVE,128,Conv3,LOC,cr,meanrdm,0.006700815853968192,,,
Feedback Alignment,789,3,NATIVE,128,Conv3,LOC,all,persub,0.003007697701870386,0.004448800417971331,0.005484215363335045,-0.0009099226756952189
Feedback Alignment,789,3,NATIVE,128,Conv3,LOC,all,meanrdm,0.005277752472311811,,,
Feedback Alignment,789,3,NATIVE,128,FC1,IT,cr,persub,0.008300769502255816,0.00719105378670655,0.014336927545835163,0.0033743271742257388
Feedback Alignment,789,3,NATIVE,128,FC1,IT,cr,meanrdm,0.01482635396850963,,,
Feedback Alignment,789,3,NATIVE,128,FC1,IT,all,persub,0.006750033603472011,0.006126021427354621,0.01185336125294501,0.002270718130116402
Feedback Alignment,789,3,NATIVE,128,FC1,IT,all,meanrdm,0.011655460559407247,,,
Predictive Coding,789,3,NATIVE,128,Conv1,V1,cr,persub,0.010204203305451463,0.006892400043588736,0.01798031717436625,0.005739892698399405
Predictive Coding,789,3,NATIVE,128,Conv1,V1,cr,meanrdm,0.015867028641423708,,,
Predictive Coding,789,3,NATIVE,128,Conv1,V1,all,persub,0.008981358255289828,0.0064163406383731265,0.016270971742394592,0.004256762385101765
Predictive Coding,789,3,NATIVE,128,Conv1,V1,all,meanrdm,0.013873421388249792,,,
Predictive Coding,789,3,NATIVE,128,Conv1,V2,cr,persub,0.0038986020371520416,0.0019469616010948305,0.007245891158593909,0.0025029533517673857
Predictive Coding,789,3,NATIVE,128,Conv1,V2,cr,meanrdm,0.005781160249128133,,,
Predictive Coding,789,3,NATIVE,128,Conv1,V2,all,persub,0.0033161186492168416,0.001986563683228597,0.007245251595953423,0.0007165406684685052
Predictive Coding,789,3,NATIVE,128,Conv1,V2,all,meanrdm,0.004901978746771455,,,
Predictive Coding,789,3,NATIVE,128,Conv2,V1,cr,persub,0.011887598799764166,0.007314974911089096,0.021731900356115306,0.006615921132088098
Predictive Coding,789,3,NATIVE,128,Conv2,V1,cr,meanrdm,0.018571289771640544,,,
Predictive Coding,789,3,NATIVE,128,Conv2,V1,all,persub,0.010445696604258009,0.006718840722166118,0.019263702547410586,0.005354546543197322
Predictive Coding,789,3,NATIVE,128,Conv2,V1,all,meanrdm,0.01618492863373258,,,
Predictive Coding,789,3,NATIVE,128,Conv2,V2,cr,persub,0.005613824059350851,0.002952855103791652,0.010297692368330457,0.0035909247059304475
Predictive Coding,789,3,NATIVE,128,Conv2,V2,cr,meanrdm,0.008251426549094661,,,
Predictive Coding,789,3,NATIVE,128,Conv2,V2,all,persub,0.004647089586968708,0.002913097977078701,0.009424903672103068,0.0016032671117243557
Predictive Coding,789,3,NATIVE,128,Conv2,V2,all,meanrdm,0.006735602222652887,,,
Predictive Coding,789,3,NATIVE,128,Conv3,LOC,cr,persub,0.0030047455761099454,0.003951165934721812,0.005544941068861952,-0.00048187027525392834
Predictive Coding,789,3,NATIVE,128,Conv3,LOC,cr,meanrdm,0.004548664369280711,,,
Predictive Coding,789,3,NATIVE,128,Conv3,LOC,all,persub,0.002238954352496165,0.0045156701449705055,0.0025560628811742364,-0.0003548699686562473
Predictive Coding,789,3,NATIVE,128,Conv3,LOC,all,meanrdm,0.003255332223046095,,,
Predictive Coding,789,3,NATIVE,128,FC1,IT,cr,persub,0.008734157390516322,0.009234675752952703,0.013032142266231686,0.003935654152364577
Predictive Coding,789,3,NATIVE,128,FC1,IT,cr,meanrdm,0.014780732167749467,,,
Predictive Coding,789,3,NATIVE,128,FC1,IT,all,persub,0.00710192931147137,0.009025728042290732,0.009506861112368967,0.002773198779754414
Predictive Coding,789,3,NATIVE,128,FC1,IT,all,meanrdm,0.011486617557420817,,,
STDP,789,3,NATIVE,128,Conv1,V1,cr,persub,0.03127390264062432,0.03085103092546685,0.05455480438905164,0.008415872607354465
STDP,789,3,NATIVE,128,Conv1,V1,cr,meanrdm,0.046224675252078844,,,
STDP,789,3,NATIVE,128,Conv1,V1,all,persub,0.029621261813513572,0.029394999603337513,0.051346379741524735,0.008122406095678467
STDP,789,3,NATIVE,128,Conv1,V1,all,meanrdm,0.04369167766431856,,,
STDP,789,3,NATIVE,128,Conv1,V2,cr,persub,0.01669158134869809,0.016104312269620388,0.03052494142518511,0.003445490351288768
STDP,789,3,NATIVE,128,Conv1,V2,cr,meanrdm,0.02523772456444425,,,
STDP,789,3,NATIVE,128,Conv1,V2,all,persub,0.015589916764377891,0.015500065350019236,0.029417980060266476,0.0018517048828479619
STDP,789,3,NATIVE,128,Conv1,V2,all,meanrdm,0.023539638615644252,,,
STDP,789,3,NATIVE,128,Conv2,V1,cr,persub,0.03680282188838934,0.03609727801475647,0.06347804173246105,0.010833145917950492
STDP,789,3,NATIVE,128,Conv2,V1,cr,meanrdm,0.05462429872017827,,,
STDP,789,3,NATIVE,128,Conv2,V1,all,persub,0.03505004686073907,0.03479452839611816,0.059803016057981224,0.010552596128117831
STDP,789,3,NATIVE,128,Conv2,V1,all,meanrdm,0.05159733891825646,,,
STDP,789,3,NATIVE,128,Conv2,V2,cr,persub,0.02018642865718371,0.01974726101897568,0.03696198568228602,0.0038500392702894223
STDP,789,3,NATIVE,128,Conv2,V2,cr,meanrdm,0.030429945245490152,,,
STDP,789,3,NATIVE,128,Conv2,V2,all,persub,0.018953800994156906,0.01924139303531061,0.03535938237101198,0.0022606275761481265
STDP,789,3,NATIVE,128,Conv2,V2,all,meanrdm,0.02850209530648137,,,
STDP,789,3,NATIVE,128,Conv3,LOC,cr,persub,0.006360448252738632,0.008742902530712042,0.010362439435218482,-2.3997207714628477e-05
STDP,789,3,NATIVE,128,Conv3,LOC,cr,meanrdm,0.010269107064850258,,,
STDP,789,3,NATIVE,128,Conv3,LOC,all,persub,0.005873297927581932,0.008164418434799,0.009269889625045963,0.00018558572290083012
STDP,789,3,NATIVE,128,Conv3,LOC,all,meanrdm,0.009609257999233706,,,
STDP,789,3,NATIVE,128,FC1,IT,cr,persub,0.009045421079363658,0.010998099303424295,0.00994150493017423,0.006196659004492449
STDP,789,3,NATIVE,128,FC1,IT,cr,meanrdm,0.014888297761663815,,,
STDP,789,3,NATIVE,128,FC1,IT,all,persub,0.00841228352164577,0.011395959681518466,0.007870405801571799,0.005970485081847047
STDP,789,3,NATIVE,128,FC1,IT,all,meanrdm,0.013437727335963549,,,
Random Weights (BN-calibrated),789,3,NATIVE,128,Conv1,V1,cr,persub,0.004704006839478373,-0.0005851375085021849,0.009639234189349527,0.005057923837587776
Random Weights (BN-calibrated),789,3,NATIVE,128,Conv1,V1,cr,meanrdm,0.008037982067236923,,,
Random Weights (BN-calibrated),789,3,NATIVE,128,Conv1,V1,all,persub,0.0035067935415974954,-0.0009340973829077689,0.00795560925163885,0.003498868756061406
Random Weights (BN-calibrated),789,3,NATIVE,128,Conv1,V1,all,meanrdm,0.006047772575581203,,,
Random Weights (BN-calibrated),789,3,NATIVE,128,Conv1,V2,cr,persub,0.000871229311541192,-0.0025640634685635726,0.0027151062167197503,0.0024626451864673982
Random Weights (BN-calibrated),789,3,NATIVE,128,Conv1,V2,cr,meanrdm,0.001174752384470839,,,
Random Weights (BN-calibrated),789,3,NATIVE,128,Conv1,V2,all,persub,0.00020138856854268262,-0.0025362671180827155,0.002585451139394653,0.0005549816843161106
Random Weights (BN-calibrated),789,3,NATIVE,128,Conv1,V2,all,meanrdm,0.00015467393508893318,,,
Random Weights (BN-calibrated),789,3,NATIVE,128,Conv2,V1,cr,persub,0.00831446003721466,0.0031064860871440137,0.01666620935711117,0.005170684667388797
Random Weights (BN-calibrated),789,3,NATIVE,128,Conv2,V1,cr,meanrdm,0.013176148950518137,,,
Random Weights (BN-calibrated),789,3,NATIVE,128,Conv2,V1,all,persub,0.0070934770889836156,0.0032817077540892086,0.014334151946544213,0.0036645715663174237
Random Weights (BN-calibrated),789,3,NATIVE,128,Conv2,V1,all,meanrdm,0.011101212670287883,,,
Random Weights (BN-calibrated),789,3,NATIVE,128,Conv2,V2,cr,persub,0.004192331172723757,0.0012693441508030297,0.007336589039225129,0.00397106032814311
Random Weights (BN-calibrated),789,3,NATIVE,128,Conv2,V2,cr,meanrdm,0.006247739763901257,,,
Random Weights (BN-calibrated),789,3,NATIVE,128,Conv2,V2,all,persub,0.00334510219016401,0.0016993871301744532,0.006766322039801606,0.001569597400515971
Random Weights (BN-calibrated),789,3,NATIVE,128,Conv2,V2,all,meanrdm,0.004836937140518887,,,
Random Weights (BN-calibrated),789,3,NATIVE,128,Conv3,LOC,cr,persub,0.004079615250328248,0.003586817911629464,0.009694295454418994,-0.0010422676150637145
Random Weights (BN-calibrated),789,3,NATIVE,128,Conv3,LOC,cr,meanrdm,0.007074369809163026,,,
Random Weights (BN-calibrated),789,3,NATIVE,128,Conv3,LOC,all,persub,0.0031393970162189814,0.004216430078884421,0.00610166998672901,-0.0008999090169564875
Random Weights (BN-calibrated),789,3,NATIVE,128,Conv3,LOC,all,meanrdm,0.005285669312029824,,,
Random Weights (BN-calibrated),789,3,NATIVE,128,FC1,IT,cr,persub,0.004426736371062349,0.0037180156670527063,0.006242544697023525,0.0033196487491108147
Random Weights (BN-calibrated),789,3,NATIVE,128,FC1,IT,cr,meanrdm,0.008263746542971505,,,
Random Weights (BN-calibrated),789,3,NATIVE,128,FC1,IT,all,persub,0.003755401467221954,0.004570595397845758,0.004456829482254223,0.0022387795215658814
Random Weights (BN-calibrated),789,3,NATIVE,128,FC1,IT,all,meanrdm,0.006916059832580609,,,
Random Weights,789,3,NATIVE,160,Conv1,V1,cr,persub,0.055889480308941385,0.0581078541289066,0.09189228980448036,0.01766829699343718
Random Weights,789,3,NATIVE,160,Conv1,V1,cr,meanrdm,0.08032173252445161,,,
Random Weights,789,3,NATIVE,160,Conv1,V1,all,persub,0.05542826676501774,0.057072013270563896,0.09204768859150486,0.01716509843298447
Random Weights,789,3,NATIVE,160,Conv1,V1,all,meanrdm,0.07926961859122808,,,
Random Weights,789,3,NATIVE,160,Conv1,V2,cr,persub,0.0297538654763331,0.03515149124405577,0.05097448744810815,0.0031356177368353825
Random Weights,789,3,NATIVE,160,Conv1,V2,cr,meanrdm,0.044673499820030334,,,
Random Weights,789,3,NATIVE,160,Conv1,V2,all,persub,0.02998572575828962,0.035448693180499605,0.05242305471753059,0.0020854293768386746
Random Weights,789,3,NATIVE,160,Conv1,V2,all,meanrdm,0.044847274461819034,,,
Random Weights,789,3,NATIVE,160,Conv2,V1,cr,persub,0.06344822474671229,0.06666631287189922,0.10534295298343777,0.018335408384799856
Random Weights,789,3,NATIVE,160,Conv2,V1,cr,meanrdm,0.09047826960862287,,,
Random Weights,789,3,NATIVE,160,Conv2,V1,all,persub,0.06316578621608832,0.06544625048196553,0.1057621498105983,0.018288958355701095
Random Weights,789,3,NATIVE,160,Conv2,V1,all,meanrdm,0.08963837343497463,,,
Random Weights,789,3,NATIVE,160,Conv2,V2,cr,persub,0.035667043042597414,0.04012070021851543,0.06323769337824788,0.003642735531028947
Random Weights,789,3,NATIVE,160,Conv2,V2,cr,meanrdm,0.053459290595824556,,,
Random Weights,789,3,NATIVE,160,Conv2,V2,all,persub,0.03580425672295922,0.04020834486329167,0.0644416830089517,0.002762742296634293
Random Weights,789,3,NATIVE,160,Conv2,V2,all,meanrdm,0.05333698455312527,,,
Random Weights,789,3,NATIVE,160,Conv3,LOC,cr,persub,-0.004351968268545816,0.003702490566189327,-0.011940175157827915,-0.004818220213998861
Random Weights,789,3,NATIVE,160,Conv3,LOC,cr,meanrdm,-0.009050616313360188,,,
Random Weights,789,3,NATIVE,160,Conv3,LOC,all,persub,-0.0031305708101901047,0.005332891215590047,-0.011689063135930667,-0.0030355405102296933
Random Weights,789,3,NATIVE,160,Conv3,LOC,all,meanrdm,-0.006562844659214864,,,
Random Weights,789,3,NATIVE,160,FC1,IT,cr,persub,0.00138963816086123,0.00040371537671028636,-0.00013792799391757128,0.0039031270997909747
Random Weights,789,3,NATIVE,160,FC1,IT,cr,meanrdm,0.0022402822651255584,,,
Random Weights,789,3,NATIVE,160,FC1,IT,all,persub,0.0023690584571970257,0.0017673222558591598,0.001935035103331966,0.0034048180123999513
Random Weights,789,3,NATIVE,160,FC1,IT,all,meanrdm,0.004110656863963713,,,
Backprop,789,3,NATIVE,160,Conv1,V1,cr,persub,0.025982327211525057,0.023601864567169846,0.04316479952649868,0.011180317540906651
Backprop,789,3,NATIVE,160,Conv1,V1,cr,meanrdm,0.03966696733754353,,,
Backprop,789,3,NATIVE,160,Conv1,V1,all,persub,0.024335500151339746,0.022255059415943013,0.040538902434113,0.010212538603963232
Backprop,789,3,NATIVE,160,Conv1,V1,all,meanrdm,0.037038974136508224,,,
Backprop,789,3,NATIVE,160,Conv1,V2,cr,persub,0.015158728845210398,0.013584584483854998,0.0267916919661496,0.0050999100856265935
Backprop,789,3,NATIVE,160,Conv1,V2,cr,meanrdm,0.02305306950429232,,,
Backprop,789,3,NATIVE,160,Conv1,V2,all,persub,0.014182052827896157,0.013556946563719833,0.025531249515208947,0.003457962404759694
Backprop,789,3,NATIVE,160,Conv1,V2,all,meanrdm,0.02143204053125109,,,
Backprop,789,3,NATIVE,160,Conv2,V1,cr,persub,-0.026122056850513806,-0.029737605440891202,-0.053657058934787484,0.005028493824137266
Backprop,789,3,NATIVE,160,Conv2,V1,cr,meanrdm,-0.03444115808903722,,,
Backprop,789,3,NATIVE,160,Conv2,V1,all,persub,-0.02682910491233888,-0.02744354811492466,-0.055602460512172915,0.002558693890080925
Backprop,789,3,NATIVE,160,Conv2,V1,all,meanrdm,-0.036145707298983774,,,
Backprop,789,3,NATIVE,160,Conv2,V2,cr,persub,-0.01620292004431244,-0.013428587234635476,-0.04131008793869279,0.006129915040390938
Backprop,789,3,NATIVE,160,Conv2,V2,cr,meanrdm,-0.024084741227833648,,,
Backprop,789,3,NATIVE,160,Conv2,V2,all,persub,-0.016859047036654622,-0.011942799840194772,-0.04241256725749064,0.0037782259877215426
Backprop,789,3,NATIVE,160,Conv2,V2,all,meanrdm,-0.025269719845310446,,,
Backprop,789,3,NATIVE,160,Conv3,LOC,cr,persub,0.009064778363645382,0.008056273236282227,0.015495987763227196,0.0036420740914267224
Backprop,789,3,NATIVE,160,Conv3,LOC,cr,meanrdm,0.015308210937184883,,,
Backprop,789,3,NATIVE,160,Conv3,LOC,all,persub,0.008664188089616777,0.008555302567486283,0.012878713684244952,0.0045585480171191
Backprop,789,3,NATIVE,160,Conv3,LOC,all,meanrdm,0.014730713226602198,,,
Backprop,789,3,NATIVE,160,FC1,IT,cr,persub,0.011324004236728975,0.013703368577183198,0.015697698903275797,0.004570945229727932
Backprop,789,3,NATIVE,160,FC1,IT,cr,meanrdm,0.018347297662757577,,,
Backprop,789,3,NATIVE,160,FC1,IT,all,persub,0.010162986619242795,0.01365144519652825,0.013239928050896826,0.003597586610303308
Backprop,789,3,NATIVE,160,FC1,IT,all,meanrdm,0.015992683719670133,,,
Feedback Alignment,789,3,NATIVE,160,Conv1,V1,cr,persub,0.0024982504188642337,-0.006474403500314533,0.011515735504261104,0.0024534192526461294
Feedback Alignment,789,3,NATIVE,160,Conv1,V1,cr,meanrdm,0.004326189949668848,,,
Feedback Alignment,789,3,NATIVE,160,Conv1,V1,all,persub,0.0011350258447147671,-0.006794967234383244,0.008900733498141198,0.0012993112703863481
Feedback Alignment,789,3,NATIVE,160,Conv1,V1,all,meanrdm,0.0021359048432263864,,,
Feedback Alignment,789,3,NATIVE,160,Conv1,V2,cr,persub,0.0020257078621858187,-0.004725883230441851,0.008835861908595439,0.0019671449084038683
Feedback Alignment,789,3,NATIVE,160,Conv1,V2,cr,meanrdm,0.0029319343117690136,,,
Feedback Alignment,789,3,NATIVE,160,Conv1,V2,all,persub,0.0010807366474948497,-0.004784892562593884,0.007947834099654924,7.926840542350893e-05
Feedback Alignment,789,3,NATIVE,160,Conv1,V2,all,meanrdm,0.0014195296729697664,,,
Feedback Alignment,789,3,NATIVE,160,Conv2,V1,cr,persub,0.011263023794318469,0.0026602719022759116,0.0257038613218777,0.005424938158801794
Feedback Alignment,789,3,NATIVE,160,Conv2,V1,cr,meanrdm,0.017116017498409866,,,
Feedback Alignment,789,3,NATIVE,160,Conv2,V1,all,persub,0.010357148714645518,0.003105642101447908,0.023155239831694676,0.004810564210793973
Feedback Alignment,789,3,NATIVE,160,Conv2,V1,all,meanrdm,0.01558792745146883,,,
Feedback Alignment,789,3,NATIVE,160,Conv2,V2,cr,persub,0.009480231695653754,0.004447639075371455,0.019821247501609705,0.004171808509980101
Feedback Alignment,789,3,NATIVE,160,Conv2,V2,cr,meanrdm,0.014257725983899353,,,
Feedback Alignment,789,3,NATIVE,160,Conv2,V2,all,persub,0.008759378163912895,0.004987901968152614,0.018850792826743207,0.0024394396968428667
Feedback Alignment,789,3,NATIVE,160,Conv2,V2,all,meanrdm,0.012961592007822943,,,
Feedback Alignment,789,3,NATIVE,160,Conv3,LOC,cr,persub,0.0036069535508728412,0.003670377609952103,0.008461730171089525,-0.0013112471284231048
Feedback Alignment,789,3,NATIVE,160,Conv3,LOC,cr,meanrdm,0.006388759945237563,,,
Feedback Alignment,789,3,NATIVE,160,Conv3,LOC,all,persub,0.00299108451628398,0.004447604240855934,0.005442086845730661,-0.0009164375377346547
Feedback Alignment,789,3,NATIVE,160,Conv3,LOC,all,meanrdm,0.005209311977836524,,,
Feedback Alignment,789,3,NATIVE,160,FC1,IT,cr,persub,0.008028873780561867,0.006929228592662193,0.013733347098841447,0.003424045650181961
Feedback Alignment,789,3,NATIVE,160,FC1,IT,cr,meanrdm,0.014449239105669004,,,
Feedback Alignment,789,3,NATIVE,160,FC1,IT,all,persub,0.00649831358179647,0.0060878429411066765,0.01118044059300304,0.0022266572112796925
Feedback Alignment,789,3,NATIVE,160,FC1,IT,all,meanrdm,0.011234280241716516,,,
Predictive Coding,789,3,NATIVE,160,Conv1,V1,cr,persub,0.010280141327874798,0.006770802239658101,0.018281911612798414,0.005787710131167882
Predictive Coding,789,3,NATIVE,160,Conv1,V1,cr,meanrdm,0.015944313124382048,,,
Predictive Coding,789,3,NATIVE,160,Conv1,V1,all,persub,0.009050197024092422,0.006287225050503119,0.016577601199273182,0.004285764822500965
Predictive Coding,789,3,NATIVE,160,Conv1,V1,all,meanrdm,0.013936492298144976,,,
Predictive Coding,789,3,NATIVE,160,Conv1,V2,cr,persub,0.003973203567152002,0.0021136339360930444,0.007369070053098152,0.002436906712264811
Predictive Coding,789,3,NATIVE,160,Conv1,V2,cr,meanrdm,0.005888493125972552,,,
Predictive Coding,789,3,NATIVE,160,Conv1,V2,all,persub,0.0034099574951005286,0.0021748061168968156,0.007418153459301432,0.0006369129091033388
Predictive Coding,789,3,NATIVE,160,Conv1,V2,all,meanrdm,0.005041041126780222,,,
Predictive Coding,789,3,NATIVE,160,Conv2,V1,cr,persub,0.011958039960117356,0.007211327584431694,0.021909861445352456,0.006752930850567916
Predictive Coding,789,3,NATIVE,160,Conv2,V1,cr,meanrdm,0.018633288492962204,,,
Predictive Coding,789,3,NATIVE,160,Conv2,V1,all,persub,0.010510833022301472,0.006570123296526457,0.0194775302818354,0.005484845488542561
Predictive Coding,789,3,NATIVE,160,Conv2,V1,all,meanrdm,0.016227950953533604,,,
Predictive Coding,789,3,NATIVE,160,Conv2,V2,cr,persub,0.005659037523921013,0.003247792687662336,0.0101903379770588,0.0035389819070419026
Predictive Coding,789,3,NATIVE,160,Conv2,V2,cr,meanrdm,0.008316562796753515,,,
Predictive Coding,789,3,NATIVE,160,Conv2,V2,all,persub,0.00472144240124883,0.0032167972844196397,0.009376363293640413,0.0015711666256864386
Predictive Coding,789,3,NATIVE,160,Conv2,V2,all,meanrdm,0.006845906771066592,,,
Predictive Coding,789,3,NATIVE,160,Conv3,LOC,cr,persub,0.0028076491438051407,0.003914716011814734,0.005129988583036906,-0.0006217571634362179
Predictive Coding,789,3,NATIVE,160,Conv3,LOC,cr,meanrdm,0.004162772692478568,,,
Predictive Coding,789,3,NATIVE,160,Conv3,LOC,all,persub,0.002105426140205057,0.004556110608532723,0.0022081491538299865,-0.0004479813417475387
Predictive Coding,789,3,NATIVE,160,Conv3,LOC,all,meanrdm,0.00300739593563055,,,
Predictive Coding,789,3,NATIVE,160,FC1,IT,cr,persub,0.008275748607361326,0.008944212880846614,0.01178898481962921,0.0040940481216081535
Predictive Coding,789,3,NATIVE,160,FC1,IT,cr,meanrdm,0.014095464461114078,,,
Predictive Coding,789,3,NATIVE,160,FC1,IT,all,persub,0.00661922456012769,0.008725523091103832,0.008273622466442568,0.0028585281228366705
Predictive Coding,789,3,NATIVE,160,FC1,IT,all,meanrdm,0.010802146885445896,,,
STDP,789,3,NATIVE,160,Conv1,V1,cr,persub,0.03057844564293613,0.03002782026036033,0.05353263059534805,0.008174886073100008
STDP,789,3,NATIVE,160,Conv1,V1,cr,meanrdm,0.0451753237320136,,,
STDP,789,3,NATIVE,160,Conv1,V1,all,persub,0.028912003112401056,0.028553980974958273,0.05030980950472668,0.007872218857518218
STDP,789,3,NATIVE,160,Conv1,V1,all,meanrdm,0.04261254564778086,,,
STDP,789,3,NATIVE,160,Conv1,V2,cr,persub,0.016355997710698632,0.0157448014866031,0.030031733830559033,0.0032914578149337613
STDP,789,3,NATIVE,160,Conv1,V2,cr,meanrdm,0.024719355519015,,,
STDP,789,3,NATIVE,160,Conv1,V2,all,persub,0.015256173382372598,0.015154772949453874,0.02893229232118338,0.0016814548764805385
STDP,789,3,NATIVE,160,Conv1,V2,all,meanrdm,0.023019086814726652,,,
STDP,789,3,NATIVE,160,Conv2,V1,cr,persub,0.03584194190441867,0.034918043742575934,0.06196699554833191,0.010640786422348152
STDP,789,3,NATIVE,160,Conv2,V1,cr,meanrdm,0.05321351062451032,,,
STDP,789,3,NATIVE,160,Conv2,V1,all,persub,0.03412681905288704,0.033600859168651735,0.058437675132186555,0.010341922857822825
STDP,789,3,NATIVE,160,Conv2,V1,all,meanrdm,0.0502349820374511,,,
STDP,789,3,NATIVE,160,Conv2,V2,cr,persub,0.019550616168399666,0.019225823086375313,0.03574305264440483,0.0036829727744188585
STDP,789,3,NATIVE,160,Conv2,V2,cr,meanrdm,0.029442315476237012,,,
STDP,789,3,NATIVE,160,Conv2,V2,all,persub,0.018379684644292297,0.018726150470940076,0.03431784991358895,0.0020950535483478657
STDP,789,3,NATIVE,160,Conv2,V2,all,meanrdm,0.027605767771253398,,,
STDP,789,3,NATIVE,160,Conv3,LOC,cr,persub,0.0061787084457648744,0.00870811634183314,0.00999880667330364,-0.00017079767784215858
STDP,789,3,NATIVE,160,Conv3,LOC,cr,meanrdm,0.00990265591015565,,,
STDP,789,3,NATIVE,160,Conv3,LOC,all,persub,0.00572672194286889,0.008230022973665959,0.009045452257792063,-9.530940285135085e-05
STDP,789,3,NATIVE,160,Conv3,LOC,all,meanrdm,0.009323189530762046,,,
STDP,789,3,NATIVE,160,FC1,IT,cr,persub,0.00888023227783063,0.011167075037535498,0.009684584171617534,0.005789037624338862
STDP,789,3,NATIVE,160,FC1,IT,cr,meanrdm,0.014550580149842045,,,
STDP,789,3,NATIVE,160,FC1,IT,all,persub,0.007937088848877819,0.011154516250136061,0.007471298389893883,0.005185451906603513
STDP,789,3,NATIVE,160,FC1,IT,all,meanrdm,0.012599551738838075,,,
Random Weights (BN-calibrated),789,3,NATIVE,160,Conv1,V1,cr,persub,0.005044108169862096,-0.0004152919218897406,0.010362546961519494,0.005185069469956533
Random Weights (BN-calibrated),789,3,NATIVE,160,Conv1,V1,cr,meanrdm,0.008494874636868622,,,
Random Weights (BN-calibrated),789,3,NATIVE,160,Conv1,V1,all,persub,0.0038410682509609894,-0.0007785193116637799,0.008683323178990258,0.00361840088555649
Random Weights (BN-calibrated),789,3,NATIVE,160,Conv1,V1,all,meanrdm,0.006489289228319078,,,
Random Weights (BN-calibrated),789,3,NATIVE,160,Conv1,V2,cr,persub,0.0011062397799678095,-0.00222183028869276,0.0031182439886665017,0.002422305639929687
Random Weights (BN-calibrated),789,3,NATIVE,160,Conv1,V2,cr,meanrdm,0.0015342400624531558,,,
Random Weights (BN-calibrated),789,3,NATIVE,160,Conv1,V2,all,persub,0.00045878391803339533,-0.00217091930815946,0.003041626961148644,0.0005056441011110018
Random Weights (BN-calibrated),789,3,NATIVE,160,Conv1,V2,all,meanrdm,0.0005475543992489716,,,
Random Weights (BN-calibrated),789,3,NATIVE,160,Conv2,V1,cr,persub,0.008745367572478286,0.00348497159102112,0.017358957891110055,0.005392173235303683
Random Weights (BN-calibrated),789,3,NATIVE,160,Conv2,V1,cr,meanrdm,0.013732880353803859,,,
Random Weights (BN-calibrated),789,3,NATIVE,160,Conv2,V1,all,persub,0.007547598947981145,0.003635792749745719,0.015099899798745157,0.00390710429545256
Random Weights (BN-calibrated),789,3,NATIVE,160,Conv2,V1,all,meanrdm,0.01168927099488364,,,
Random Weights (BN-calibrated),789,3,NATIVE,160,Conv2,V2,cr,persub,0.004511297114647383,0.0019475458572717642,0.0076845959059032055,0.003901749580767179
Random Weights (BN-calibrated),789,3,NATIVE,160,Conv2,V2,cr,meanrdm,0.006719779478506097,,,
Random Weights (BN-calibrated),789,3,NATIVE,160,Conv2,V2,all,persub,0.0037423767301721137,0.0024439977080786537,0.0072082519880338975,0.0015748804944037901
Random Weights (BN-calibrated),789,3,NATIVE,160,Conv2,V2,all,meanrdm,0.005441436858927477,,,
Random Weights (BN-calibrated),789,3,NATIVE,160,Conv3,LOC,cr,persub,0.003997500494528802,0.003386053572653264,0.009607384395354785,-0.0010009364844216439
Random Weights (BN-calibrated),789,3,NATIVE,160,Conv3,LOC,cr,meanrdm,0.006934960141631792,,,
Random Weights (BN-calibrated),789,3,NATIVE,160,Conv3,LOC,all,persub,0.0031071128907024267,0.004142985490904556,0.00603200479818577,-0.0008536516169830459
Random Weights (BN-calibrated),789,3,NATIVE,160,Conv3,LOC,all,meanrdm,0.00526467851479353,,,
Random Weights (BN-calibrated),789,3,NATIVE,160,FC1,IT,cr,persub,0.004463062225123628,0.003352601820081488,0.00638422759247792,0.003652357262811475
Random Weights (BN-calibrated),789,3,NATIVE,160,FC1,IT,cr,meanrdm,0.008408029207453831,,,
Random Weights (BN-calibrated),789,3,NATIVE,160,FC1,IT,all,persub,0.0037114895538672052,0.004164549219836292,0.004349143806247879,0.002620775635517443
Random Weights (BN-calibrated),789,3,NATIVE,160,FC1,IT,all,meanrdm,0.006888600422284565,,,
Random Weights,789,3,NATIVE,224,Conv1,V1,cr,persub,0.05702400315487586,0.05944896974850333,0.09369117532028992,0.017931864395834326
Random Weights,789,3,NATIVE,224,Conv1,V1,cr,meanrdm,0.08192077587055473,,,
Random Weights,789,3,NATIVE,224,Conv1,V1,all,persub,0.056562527314174556,0.05836292985898075,0.09385964770633956,0.017465004377203358
Random Weights,789,3,NATIVE,224,Conv1,V1,all,meanrdm,0.08087665970305474,,,
Random Weights,789,3,NATIVE,224,Conv1,V2,cr,persub,0.030529037714753363,0.03603339589152154,0.05239707073995889,0.0031566465127796524
Random Weights,789,3,NATIVE,224,Conv1,V2,cr,meanrdm,0.04581566459787817,,,
Random Weights,789,3,NATIVE,224,Conv1,V2,all,persub,0.030777822495903592,0.03630545035914839,0.05387194996607744,0.0021560671624849385
Random Weights,789,3,NATIVE,224,Conv1,V2,all,meanrdm,0.04601537935204752,,,
Random Weights,789,3,NATIVE,224,Conv2,V1,cr,persub,0.06411207367279771,0.06749389005551483,0.10637659355862261,0.018465737404255732
Random Weights,789,3,NATIVE,224,Conv2,V1,cr,meanrdm,0.09143107532233041,,,
Random Weights,789,3,NATIVE,224,Conv2,V1,all,persub,0.063843322927678,0.06623876000868865,0.10680546271103829,0.018485746063307048
Random Weights,789,3,NATIVE,224,Conv2,V1,all,meanrdm,0.090630502384838,,,
Random Weights,789,3,NATIVE,224,Conv2,V2,cr,persub,0.03608172457218831,0.04064831704804313,0.06402437767956963,0.0035724789889521793
Random Weights,789,3,NATIVE,224,Conv2,V2,cr,meanrdm,0.05406685888207786,,,
Random Weights,789,3,NATIVE,224,Conv2,V2,all,persub,0.036271991737510084,0.04078263297637847,0.06526262708946977,0.0027707151466820064
Random Weights,789,3,NATIVE,224,Conv2,V2,all,meanrdm,0.05403296245605713,,,
Random Weights,789,3,NATIVE,224,Conv3,LOC,cr,persub,-0.004573820664302998,0.0037357684461360374,-0.01252775587353209,-0.004929474565512942
Random Weights,789,3,NATIVE,224,Conv3,LOC,cr,meanrdm,-0.009484708919907176,,,
Random Weights,789,3,NATIVE,224,Conv3,LOC,all,persub,-0.003316715852859135,0.005397279330493184,-0.01225932564179767,-0.003088101247272917
Random Weights,789,3,NATIVE,224,Conv3,LOC,all,meanrdm,-0.0069328283033638855,,,
Random Weights,789,3,NATIVE,224,FC1,IT,cr,persub,0.0019519166634313207,0.00032667379901226643,0.0014418801579215504,0.004087196033360145
Random Weights,789,3,NATIVE,224,FC1,IT,cr,meanrdm,0.0031243995771577243,,,
Random Weights,789,3,NATIVE,224,FC1,IT,all,persub,0.002834277163633933,0.0015626585350971267,0.003369013748475394,0.0035711592073292774
Random Weights,789,3,NATIVE,224,FC1,IT,all,meanrdm,0.004829919587884208,,,
Backprop,789,3,NATIVE,224,Conv1,V1,cr,persub,0.02306729111923314,0.01998223780935318,0.038793134070265925,0.01042650147808032
Backprop,789,3,NATIVE,224,Conv1,V1,cr,meanrdm,0.03536534955759908,,,
Backprop,789,3,NATIVE,224,Conv1,V1,all,persub,0.021392047095666195,0.01866995610832861,0.03620917758388486,0.009297007594785113
Backprop,789,3,NATIVE,224,Conv1,V1,all,meanrdm,0.03270170071151988,,,
Backprop,789,3,NATIVE,224,Conv1,V2,cr,persub,0.013303735909657203,0.01185788203257712,0.023413871775549076,0.004639453920845417
Backprop,789,3,NATIVE,224,Conv1,V2,cr,meanrdm,0.020157394824729703,,,
Backprop,789,3,NATIVE,224,Conv1,V2,all,persub,0.012291338621532475,0.01180472290117513,0.022176992073004588,0.0028923008904177035
Backprop,789,3,NATIVE,224,Conv1,V2,all,meanrdm,0.018525659545821135,,,
Backprop,789,3,NATIVE,224,Conv2,V1,cr,persub,-0.026793459602497776,-0.030691383984045844,-0.05362394260154593,0.00393494777809845
Backprop,789,3,NATIVE,224,Conv2,V1,cr,meanrdm,-0.03582590858005669,,,
Backprop,789,3,NATIVE,224,Conv2,V1,all,persub,-0.027521613897197882,-0.028652804998168767,-0.05553646426894601,0.001624427575521142
Backprop,789,3,NATIVE,224,Conv2,V1,all,meanrdm,-0.037537729605166485,,,
Backprop,789,3,NATIVE,224,Conv2,V2,cr,persub,-0.0160728410392323,-0.012761141428846443,-0.04053381058920093,0.005076428900350472
Backprop,789,3,NATIVE,224,Conv2,V2,cr,meanrdm,-0.02395043161308158,,,
Backprop,789,3,NATIVE,224,Conv2,V2,all,persub,-0.016672190505743822,-0.01154113066856492,-0.0414943448642455,0.0030189040155789476
Backprop,789,3,NATIVE,224,Conv2,V2,all,meanrdm,-0.024970991874551984,,,
Backprop,789,3,NATIVE,224,Conv3,LOC,cr,persub,0.008354829823162909,0.0069505837938280595,0.015199388352254027,0.00291451732340664
Backprop,789,3,NATIVE,224,Conv3,LOC,cr,meanrdm,0.0139522414252101,,,
Backprop,789,3,NATIVE,224,Conv3,LOC,all,persub,0.008008101804892647,0.007637337747393306,0.012486134699383825,0.0039008329679008063
Backprop,789,3,NATIVE,224,Conv3,LOC,all,meanrdm,0.013525394651426296,,,
Backprop,789,3,NATIVE,224,FC1,IT,cr,persub,0.00995511901123966,0.01182690616738173,0.013998883215884304,0.00403956765045295
Backprop,789,3,NATIVE,224,FC1,IT,cr,meanrdm,0.016060615334244643,,,
Backprop,789,3,NATIVE,224,FC1,IT,all,persub,0.008827118132584216,0.011573087612149856,0.01190673061928453,0.003001536166318264
Backprop,789,3,NATIVE,224,FC1,IT,all,meanrdm,0.013788318182537262,,,
Feedback Alignment,789,3,NATIVE,224,Conv1,V1,cr,persub,0.0025652628427125404,-0.006570405465325552,0.01182885119154444,0.002437342801918733
Feedback Alignment,789,3,NATIVE,224,Conv1,V1,cr,meanrdm,0.004347946068443091,,,
Feedback Alignment,789,3,NATIVE,224,Conv1,V1,all,persub,0.001216300702955069,-0.00694081939483012,0.00927681566574973,0.0013129058379455964
Feedback Alignment,789,3,NATIVE,224,Conv1,V1,all,meanrdm,0.002176862542010347,,,
Feedback Alignment,789,3,NATIVE,224,Conv1,V2,cr,persub,0.0021726308455224334,-0.004441780516128338,0.009153766118290768,0.0018059069344048694
Feedback Alignment,789,3,NATIVE,224,Conv1,V2,cr,meanrdm,0.0031237507047493307,,,
Feedback Alignment,789,3,NATIVE,224,Conv1,V2,all,persub,0.0012712817332730085,-0.004503542620382004,0.008352505650512043,-3.5117830311014425e-05
Feedback Alignment,789,3,NATIVE,224,Conv1,V2,all,meanrdm,0.0016873353172912765,,,
Feedback Alignment,789,3,NATIVE,224,Conv2,V1,cr,persub,0.011706915806091915,0.0032793081113630922,0.026287273792660493,0.0055541655142521615
Feedback Alignment,789,3,NATIVE,224,Conv2,V1,cr,meanrdm,0.017521588873855045,,,
Feedback Alignment,789,3,NATIVE,224,Conv2,V1,all,persub,0.010894476950308596,0.003662877461981517,0.023988883763729735,0.0050316696252145346
Feedback Alignment,789,3,NATIVE,224,Conv2,V1,all,meanrdm,0.016151632633673745,,,
Feedback Alignment,789,3,NATIVE,224,Conv2,V2,cr,persub,0.009911417842921452,0.0057099422591154305,0.02015496584939657,0.0038693454202523548
Feedback Alignment,789,3,NATIVE,224,Conv2,V2,cr,meanrdm,0.014840416349691195,,,
Feedback Alignment,789,3,NATIVE,224,Conv2,V2,all,persub,0.009310462185680865,0.00623966740350947,0.019414240039779634,0.002277479113753491
Feedback Alignment,789,3,NATIVE,224,Conv2,V2,all,meanrdm,0.013749450231712904,,,
Feedback Alignment,789,3,NATIVE,224,Conv3,LOC,cr,persub,0.0030258835053034636,0.003534449455818709,0.007133034459089098,-0.0015898333989974175
Feedback Alignment,789,3,NATIVE,224,Conv3,LOC,cr,meanrdm,0.005219066424122061,,,
Feedback Alignment,789,3,NATIVE,224,Conv3,LOC,all,persub,0.0026220446155633035,0.004633133566325379,0.00432243575059292,-0.0010894354702283883
Feedback Alignment,789,3,NATIVE,224,Conv3,LOC,all,meanrdm,0.004438515365612662,,,
Feedback Alignment,789,3,NATIVE,224,FC1,IT,cr,persub,0.007574726127719557,0.0067623365934235515,0.012368187467129818,0.0035936543226052966
Feedback Alignment,789,3,NATIVE,224,FC1,IT,cr,meanrdm,0.013737990220722534,,,
Feedback Alignment,789,3,NATIVE,224,FC1,IT,all,persub,0.006151377078933031,0.006241445572282245,0.009946938777805052,0.002265746886711797
Feedback Alignment,789,3,NATIVE,224,FC1,IT,all,meanrdm,0.010632719926768003,,,
Predictive Coding,789,3,NATIVE,224,Conv1,V1,cr,persub,0.01051450418624974,0.0068471250431854916,0.0188182315572965,0.005878155958267235
Predictive Coding,789,3,NATIVE,224,Conv1,V1,cr,meanrdm,0.016226081449165486,,,
Predictive Coding,789,3,NATIVE,224,Conv1,V1,all,persub,0.009282877513655865,0.006347364165650811,0.017165084193902728,0.004336184181414053
Predictive Coding,789,3,NATIVE,224,Conv1,V1,all,meanrdm,0.014214436138739683,,,
Predictive Coding,789,3,NATIVE,224,Conv1,V2,cr,persub,0.004162014211700273,0.0025404000497245387,0.007592339763662815,0.002353302821713465
Predictive Coding,789,3,NATIVE,224,Conv1,V2,cr,meanrdm,0.006146246916810947,,,
Predictive Coding,789,3,NATIVE,224,Conv1,V2,all,persub,0.0036268624132543077,0.002602675653162893,0.0077302079592343085,0.0005477036273657222
Predictive Coding,789,3,NATIVE,224,Conv1,V2,all,meanrdm,0.005359879286737406,,,
Predictive Coding,789,3,NATIVE,224,Conv2,V1,cr,persub,0.012245258767914885,0.007392091507329584,0.02238754594519558,0.006956138851219485
Predictive Coding,789,3,NATIVE,224,Conv2,V1,cr,meanrdm,0.018947514478409356,,,
Predictive Coding,789,3,NATIVE,224,Conv2,V1,all,persub,0.010808393596060546,0.006705627801181127,0.020007401177076545,0.005712151809923963
Predictive Coding,789,3,NATIVE,224,Conv2,V1,all,meanrdm,0.016551696098223313,,,
Predictive Coding,789,3,NATIVE,224,Conv2,V2,cr,persub,0.00598797297966095,0.004066811368503486,0.010334493475624082,0.003562614094855282
Predictive Coding,789,3,NATIVE,224,Conv2,V2,cr,meanrdm,0.008833913296767672,,,
Predictive Coding,789,3,NATIVE,224,Conv2,V2,all,persub,0.0050822333822138,0.004000918613381832,0.009622435779016754,0.0016233457542428119
Predictive Coding,789,3,NATIVE,224,Conv2,V2,all,meanrdm,0.007429464385440267,,,
Predictive Coding,789,3,NATIVE,224,Conv3,LOC,cr,persub,0.0025216000967309034,0.0037040756945991116,0.004542785980745008,-0.0006820613851514104
Predictive Coding,789,3,NATIVE,224,Conv3,LOC,cr,meanrdm,0.003572997471082762,,,
Predictive Coding,789,3,NATIVE,224,Conv3,LOC,all,persub,0.0019482356766284952,0.004494897431571103,0.0017400727196162408,-0.0003902631213018578
Predictive Coding,789,3,NATIVE,224,Conv3,LOC,all,meanrdm,0.002676193184338242,,,
Predictive Coding,789,3,NATIVE,224,FC1,IT,cr,persub,0.0076788886758312426,0.008570622512394743,0.01036185079443699,0.004104192720661996
Predictive Coding,789,3,NATIVE,224,FC1,IT,cr,meanrdm,0.01300702274960017,,,
Predictive Coding,789,3,NATIVE,224,FC1,IT,all,persub,0.006161951874037785,0.008564709517945844,0.007153058440405268,0.002768087663762239
Predictive Coding,789,3,NATIVE,224,FC1,IT,all,meanrdm,0.009994982613414914,,,
STDP,789,3,NATIVE,224,Conv1,V1,cr,persub,0.029562741954545946,0.028844155562767725,0.05199126325710505,0.00785280704376506
STDP,789,3,NATIVE,224,Conv1,V1,cr,meanrdm,0.043620412901377206,,,
STDP,789,3,NATIVE,224,Conv1,V1,all,persub,0.027893226046655274,0.02734773040104767,0.048796829427015076,0.007535118311903086
STDP,789,3,NATIVE,224,Conv1,V1,all,meanrdm,0.04104479937525158,,,
STDP,789,3,NATIVE,224,Conv1,V2,cr,persub,0.015858863100327098,0.015372166527767345,0.029156054993605185,0.0030483677796087714
STDP,789,3,NATIVE,224,Conv1,V2,cr,meanrdm,0.023911884431822326,,,
STDP,789,3,NATIVE,224,Conv1,V2,all,persub,0.014789644952167051,0.014797335894903755,0.028112858819100153,0.0014587401424972432
STDP,789,3,NATIVE,224,Conv1,V2,all,meanrdm,0.022269264272063074,,,
STDP,789,3,NATIVE,224,Conv2,V1,cr,persub,0.0342112039110767,0.033276194897091646,0.05921518469692744,0.010142232139211012
STDP,789,3,NATIVE,224,Conv2,V1,cr,meanrdm,0.05074455669690401,,,
STDP,789,3,NATIVE,224,Conv2,V1,all,persub,0.03252907032780918,0.03195513880914287,0.05584788477107477,0.009784187403209917
STDP,789,3,NATIVE,224,Conv2,V1,all,meanrdm,0.047811734895135974,,,
STDP,789,3,NATIVE,224,Conv2,V2,cr,persub,0.0185983927409293,0.018788804045321638,0.03378665681689528,0.00321971736057099
STDP,789,3,NATIVE,224,Conv2,V2,cr,meanrdm,0.027920904677381213,,,
STDP,789,3,NATIVE,224,Conv2,V2,all,persub,0.017523362314042015,0.01832389992530014,0.03258847329968693,0.0016577137171389761
STDP,789,3,NATIVE,224,Conv2,V2,all,meanrdm,0.026238126933530767,,,
STDP,789,3,NATIVE,224,Conv3,LOC,cr,persub,0.005815497600691874,0.00853571287179415,0.009123526753356967,-0.00021274682307549533
STDP,789,3,NATIVE,224,Conv3,LOC,cr,meanrdm,0.009261002530439577,,,
STDP,789,3,NATIVE,224,Conv3,LOC,all,persub,0.005502624340920419,0.008298879000552936,0.008363082869824902,-0.0001540888476165816
STDP,789,3,NATIVE,224,Conv3,LOC,all,meanrdm,0.008902369935375444,,,
STDP,789,3,NATIVE,224,FC1,IT,cr,persub,0.007936751803667475,0.010804232623501038,0.007486198213033576,0.0055198245744678106
STDP,789,3,NATIVE,224,FC1,IT,cr,meanrdm,0.013321215406876773,,,
STDP,789,3,NATIVE,224,FC1,IT,all,persub,0.007159188316150242,0.010740049222773107,0.005719491027494333,0.005018024698183286
STDP,789,3,NATIVE,224,FC1,IT,all,meanrdm,0.011700351730793878,,,
Random Weights (BN-calibrated),789,3,NATIVE,224,Conv1,V1,cr,persub,0.005737495546462769,0.0001786144662404318,0.011642245947468575,0.005391626225679297
Random Weights (BN-calibrated),789,3,NATIVE,224,Conv1,V1,cr,meanrdm,0.009436711069248404,,,
Random Weights (BN-calibrated),789,3,NATIVE,224,Conv1,V1,all,persub,0.0045452975873710175,-0.00020598928223956013,0.010021466862752971,0.0038204151815996405
Random Weights (BN-calibrated),789,3,NATIVE,224,Conv1,V1,all,meanrdm,0.007445653445060217,,,
Random Weights (BN-calibrated),789,3,NATIVE,224,Conv1,V2,cr,persub,0.0015733209309508618,-0.001472693919256559,0.003831042331438643,0.002361614380670501
Random Weights (BN-calibrated),789,3,NATIVE,224,Conv1,V2,cr,meanrdm,0.0022218207970080743,,,
Random Weights (BN-calibrated),789,3,NATIVE,224,Conv1,V2,all,persub,0.0009715751284102812,-0.001409676562268193,0.003856547749114008,0.00046785419838502886
Random Weights (BN-calibrated),789,3,NATIVE,224,Conv1,V2,all,meanrdm,0.0013221505558625789,,,
Random Weights (BN-calibrated),789,3,NATIVE,224,Conv2,V1,cr,persub,0.01002898185896327,0.004923410664467857,0.01938979314645813,0.005773741765963824
Random Weights (BN-calibrated),789,3,NATIVE,224,Conv2,V1,cr,meanrdm,0.015458985925109818,,,
Random Weights (BN-calibrated),789,3,NATIVE,224,Conv2,V1,all,persub,0.008855585872511394,0.005006876663764263,0.01724364493273066,0.00431623602103926
Random Weights (BN-calibrated),789,3,NATIVE,224,Conv2,V1,all,meanrdm,0.01344993287825053,,,
Random Weights (BN-calibrated),789,3,NATIVE,224,Conv2,V2,cr,persub,0.00546263577969256,0.003669694143137537,0.008839702645366735,0.0038785105505734076
Random Weights (BN-calibrated),789,3,NATIVE,224,Conv2,V2,cr,meanrdm,0.00815890732107052,,,
Random Weights (BN-calibrated),789,3,NATIVE,224,Conv2,V2,all,persub,0.004765702129692074,0.004149068181959831,0.00850837744218563,0.0016396607649307598
Random Weights (BN-calibrated),789,3,NATIVE,224,Conv2,V2,all,meanrdm,0.007016247278503074,,,
Random Weights (BN-calibrated),789,3,NATIVE,224,Conv3,LOC,cr,persub,0.003680396191161057,0.0033333610956704607,0.008769479087168842,-0.0010616516093561318
Random Weights (BN-calibrated),789,3,NATIVE,224,Conv3,LOC,cr,meanrdm,0.006307248365821349,,,
Random Weights (BN-calibrated),789,3,NATIVE,224,Conv3,LOC,all,persub,0.002908971160831266,0.004219156344789304,0.005288895891261849,-0.0007811387535573569
Random Weights (BN-calibrated),789,3,NATIVE,224,Conv3,LOC,all,meanrdm,0.004909955774503834,,,
Random Weights (BN-calibrated),789,3,NATIVE,224,FC1,IT,cr,persub,0.004576951883548169,0.003580753692444748,0.006216852892211721,0.003933249065988037
Random Weights (BN-calibrated),789,3,NATIVE,224,FC1,IT,cr,meanrdm,0.00846990038445751,,,
Random Weights (BN-calibrated),789,3,NATIVE,224,FC1,IT,all,persub,0.003820346310022092,0.004383255428563584,0.004134754449194487,0.0029430290523082044
Random Weights (BN-calibrated),789,3,NATIVE,224,FC1,IT,all,meanrdm,0.0069360555000646746,,,
Random Weights,789,3,UPSAMPLED,32,Conv1,V1,cr,persub,0.04732263537616486,0.04767928452635101,0.07835814506547602,0.015930476536667557
Random Weights,789,3,UPSAMPLED,32,Conv1,V1,cr,meanrdm,0.0682194869375457,,,
Random Weights,789,3,UPSAMPLED,32,Conv1,V1,all,persub,0.04695607093493238,0.046791860457448375,0.07879901254577358,0.01527733980157517
Random Weights,789,3,UPSAMPLED,32,Conv1,V1,all,meanrdm,0.06732236142852391,,,
Random Weights,789,3,UPSAMPLED,32,Conv1,V2,cr,persub,0.023435481036872482,0.02835535222505334,0.03904056522091432,0.0029105256646497777
Random Weights,789,3,UPSAMPLED,32,Conv1,V2,cr,meanrdm,0.03512180636504713,,,
Random Weights,789,3,UPSAMPLED,32,Conv1,V2,all,persub,0.023625310011419865,0.02844987976623973,0.040842145532208704,0.0015839047358111548
Random Weights,789,3,UPSAMPLED,32,Conv1,V2,all,meanrdm,0.035307539583205566,,,
Random Weights,789,3,UPSAMPLED,32,Conv2,V1,cr,persub,0.05580562514077989,0.055751465857524926,0.09451723968287598,0.0171481698819388
Random Weights,789,3,UPSAMPLED,32,Conv2,V1,cr,meanrdm,0.0795606457098979,,,
Random Weights,789,3,UPSAMPLED,32,Conv2,V1,all,persub,0.05534239236644528,0.05455038754080326,0.09478541969723944,0.016691369861293118
Random Weights,789,3,UPSAMPLED,32,Conv2,V1,all,meanrdm,0.07841643686515928,,,
Random Weights,789,3,UPSAMPLED,32,Conv2,V2,cr,persub,0.03058294417698181,0.03381872306332505,0.05389916414763552,0.004030945319984849
Random Weights,789,3,UPSAMPLED,32,Conv2,V2,cr,meanrdm,0.04572887173461165,,,
Random Weights,789,3,UPSAMPLED,32,Conv2,V2,all,persub,0.030459676555957438,0.03371828522215485,0.054960303657519284,0.002700440788198169
Random Weights,789,3,UPSAMPLED,32,Conv2,V2,all,meanrdm,0.04527772926187539,,,
Random Weights,789,3,UPSAMPLED,32,Conv3,LOC,cr,persub,-0.002509254309301202,0.003366447822572336,-0.007001050439124808,-0.003893160311351135
Random Weights,789,3,UPSAMPLED,32,Conv3,LOC,cr,meanrdm,-0.00591502897603269,,,
Random Weights,789,3,UPSAMPLED,32,Conv3,LOC,all,persub,-0.0013065354317344546,0.004759446552607737,-0.006301369883404845,-0.0023776829644062553
Random Weights,789,3,UPSAMPLED,32,Conv3,LOC,all,meanrdm,-0.0033315003927091354,,,
Random Weights,789,3,UPSAMPLED,32,FC1,IT,cr,persub,4.546016438544253e-05,0.0015510578159483052,-0.004456854582754194,0.0030421772599622168
Random Weights,789,3,UPSAMPLED,32,FC1,IT,cr,meanrdm,0.0008476986573684937,,,
Random Weights,789,3,UPSAMPLED,32,FC1,IT,all,persub,0.001441976611825386,0.003372042817059468,-0.0019872570734279513,0.0029411440918446414
Random Weights,789,3,UPSAMPLED,32,FC1,IT,all,meanrdm,0.00300018451469439,,,
Backprop,789,3,UPSAMPLED,32,Conv1,V1,cr,persub,0.04036721153665485,0.0396662014156719,0.06792416369356385,0.013511269500728795
Backprop,789,3,UPSAMPLED,32,Conv1,V1,cr,meanrdm,0.059788454340681134,,,
Backprop,789,3,UPSAMPLED,32,Conv1,V1,all,persub,0.03885322850554057,0.03820702271033842,0.06498425107435078,0.013368411731932504
Backprop,789,3,UPSAMPLED,32,Conv1,V1,all,meanrdm,0.05741584418368495,,,
Backprop,789,3,UPSAMPLED,32,Conv1,V2,cr,persub,0.025963741434379115,0.024883994124186314,0.04769660831609364,0.005310621862857401
Backprop,789,3,UPSAMPLED,32,Conv1,V2,cr,meanrdm,0.03932714890891077,,,
Backprop,789,3,UPSAMPLED,32,Conv1,V2,all,persub,0.025191925536786803,0.024857677075643663,0.046381624173621114,0.004336475361095628
Backprop,789,3,UPSAMPLED,32,Conv1,V2,all,meanrdm,0.038052585485371535,,,
Backprop,789,3,UPSAMPLED,32,Conv2,V1,cr,persub,0.02627395648104498,0.03164187990891921,0.03192400763914167,0.015255981895074051
Backprop,789,3,UPSAMPLED,32,Conv2,V1,cr,meanrdm,0.04139423442497374,,,
Backprop,789,3,UPSAMPLED,32,Conv2,V1,all,persub,0.02562268627373263,0.03259064484779388,0.02989551242394194,0.014381901549462076
Backprop,789,3,UPSAMPLED,32,Conv2,V1,all,meanrdm,0.039951893351045376,,,
Backprop,789,3,UPSAMPLED,32,Conv2,V2,cr,persub,0.014675624290796453,0.01791292810478987,0.016190502036343504,0.009923442731255984
Backprop,789,3,UPSAMPLED,32,Conv2,V2,cr,meanrdm,0.023737268268820746,,,
Backprop,789,3,UPSAMPLED,32,Conv2,V2,all,persub,0.014429980101977444,0.019325963518067254,0.014939034634821524,0.009024942153043558
Backprop,789,3,UPSAMPLED,32,Conv2,V2,all,meanrdm,0.023061089097150645,,,
Backprop,789,3,UPSAMPLED,32,Conv3,LOC,cr,persub,0.010167606394459966,0.011039646503006206,0.014235061734193692,0.005228110946179997
Backprop,789,3,UPSAMPLED,32,Conv3,LOC,cr,meanrdm,0.016165791350373857,,,
Backprop,789,3,UPSAMPLED,32,Conv3,LOC,all,persub,0.010456685624892825,0.011130550408196245,0.013586056369565173,0.006653450096917053
Backprop,789,3,UPSAMPLED,32,Conv3,LOC,all,meanrdm,0.016898460406696614,,,
Backprop,789,3,UPSAMPLED,32,FC1,IT,cr,persub,0.013370075389764022,0.018000062313691428,0.01834001623573903,0.003770147619861605
Backprop,789,3,UPSAMPLED,32,FC1,IT,cr,meanrdm,0.02127582746640829,,,
Backprop,789,3,UPSAMPLED,32,FC1,IT,all,persub,0.01300241590013334,0.017193525120984186,0.017605865686573078,0.004207856892842755
Backprop,789,3,UPSAMPLED,32,FC1,IT,all,meanrdm,0.02052676781205128,,,
Feedback Alignment,789,3,UPSAMPLED,32,Conv1,V1,cr,persub,0.007948399754708367,0.0020533261254376124,0.01774636254214085,0.004045510596546636
Feedback Alignment,789,3,UPSAMPLED,32,Conv1,V1,cr,meanrdm,0.012327472458198317,,,
Feedback Alignment,789,3,UPSAMPLED,32,Conv1,V1,all,persub,0.006604259389832703,0.0015770553462183157,0.015126090338437271,0.0031096324848425222
Feedback Alignment,789,3,UPSAMPLED,32,Conv1,V1,all,meanrdm,0.01025620524609871,,,
Feedback Alignment,789,3,UPSAMPLED,32,Conv1,V2,cr,persub,0.004170185268735265,-0.0011317383984553735,0.011006931681339026,0.0026353625233221417
Feedback Alignment,789,3,UPSAMPLED,32,Conv1,V2,cr,meanrdm,0.0062060253518969495,,,
Feedback Alignment,789,3,UPSAMPLED,32,Conv1,V2,all,persub,0.0033373535648218316,-0.0012370273293010158,0.010120870483405698,0.0011282175403608125
Feedback Alignment,789,3,UPSAMPLED,32,Conv1,V2,all,meanrdm,0.0048980575385773086,,,
Feedback Alignment,789,3,UPSAMPLED,32,Conv2,V1,cr,persub,0.02246375108726949,0.017689923278325262,0.043471155497628165,0.0062301744858550496
Feedback Alignment,789,3,UPSAMPLED,32,Conv2,V1,cr,meanrdm,0.033560219303738086,,,
Feedback Alignment,789,3,UPSAMPLED,32,Conv2,V1,all,persub,0.021203606954228852,0.017547715869919565,0.04009018120601277,0.005972923786754224
Feedback Alignment,789,3,UPSAMPLED,32,Conv2,V1,all,meanrdm,0.03171340655828164,,,
Feedback Alignment,789,3,UPSAMPLED,32,Conv2,V2,cr,persub,0.014632848443728787,0.010083535083947246,0.029924023290402398,0.0038909869568367122
Feedback Alignment,789,3,UPSAMPLED,32,Conv2,V2,cr,meanrdm,0.022195037801364722,,,
Feedback Alignment,789,3,UPSAMPLED,32,Conv2,V2,all,persub,0.013911687045926964,0.010581092067320512,0.028371266802167366,0.00278270226829302
Feedback Alignment,789,3,UPSAMPLED,32,Conv2,V2,all,meanrdm,0.020925162141423835,,,
Feedback Alignment,789,3,UPSAMPLED,32,Conv3,LOC,cr,persub,0.003391649154040284,0.004635697408756731,0.0044475041875580625,0.0010917458658060595
Feedback Alignment,789,3,UPSAMPLED,32,Conv3,LOC,cr,meanrdm,0.0055400649554786146,,,
Feedback Alignment,789,3,UPSAMPLED,32,Conv3,LOC,all,persub,0.0026640660363574753,0.004998198821829484,0.0024890952424330677,0.0005049040448098726
Feedback Alignment,789,3,UPSAMPLED,32,Conv3,LOC,all,meanrdm,0.004116277508303605,,,
Feedback Alignment,789,3,UPSAMPLED,32,FC1,IT,cr,persub,0.005867273778833781,0.007031211204318677,0.012065612899348783,-0.0014950027671661193
Feedback Alignment,789,3,UPSAMPLED,32,FC1,IT,cr,meanrdm,0.009281723086023352,,,
Feedback Alignment,789,3,UPSAMPLED,32,FC1,IT,all,persub,0.005228711573232805,0.006124481228001537,0.010278671932972171,-0.0007170184412752963
Feedback Alignment,789,3,UPSAMPLED,32,FC1,IT,all,meanrdm,0.008105734487775832,,,
Predictive Coding,789,3,UPSAMPLED,32,Conv1,V1,cr,persub,0.011928269347345062,0.01015618339868632,0.019370896972923057,0.006257727670425815
Predictive Coding,789,3,UPSAMPLED,32,Conv1,V1,cr,meanrdm,0.01837790469751165,,,
Predictive Coding,789,3,UPSAMPLED,32,Conv1,V1,all,persub,0.010726805407914132,0.009466987987505619,0.017747708313798682,0.0049657199224380924
Predictive Coding,789,3,UPSAMPLED,32,Conv1,V1,all,meanrdm,0.01649549670380478,,,
Predictive Coding,789,3,UPSAMPLED,32,Conv1,V2,cr,persub,0.004799171086932643,0.003217392618017696,0.008621579591571282,0.002558541051208951
Predictive Coding,789,3,UPSAMPLED,32,Conv1,V2,cr,meanrdm,0.007021419353785377,,,
Predictive Coding,789,3,UPSAMPLED,32,Conv1,V2,all,persub,0.004253271184379111,0.003123930732638146,0.008446409155417028,0.0011894736650821594
Predictive Coding,789,3,UPSAMPLED,32,Conv1,V2,all,meanrdm,0.006183513577559932,,,
Predictive Coding,789,3,UPSAMPLED,32,Conv2,V1,cr,persub,0.01418768866140172,0.011900683322619678,0.024419633838887907,0.006242748822697576
Predictive Coding,789,3,UPSAMPLED,32,Conv2,V1,cr,meanrdm,0.021848544446564363,,,
Predictive Coding,789,3,UPSAMPLED,32,Conv2,V1,all,persub,0.013040630823615935,0.011121495453974303,0.022460434479203473,0.005539962537670029
Predictive Coding,789,3,UPSAMPLED,32,Conv2,V1,all,meanrdm,0.020121694646260933,,,
Predictive Coding,789,3,UPSAMPLED,32,Conv2,V2,cr,persub,0.0064156336220672,0.004493780829820148,0.012245069520761738,0.0025080505156197157
Predictive Coding,789,3,UPSAMPLED,32,Conv2,V2,cr,meanrdm,0.00935108006529704,,,
Predictive Coding,789,3,UPSAMPLED,32,Conv2,V2,all,persub,0.005893748705591367,0.004790969077236336,0.011495185212255343,0.0013950918272824238
Predictive Coding,789,3,UPSAMPLED,32,Conv2,V2,all,meanrdm,0.008575267207286724,,,
Predictive Coding,789,3,UPSAMPLED,32,Conv3,LOC,cr,persub,0.0033795354369164916,0.004675796276547745,0.006098200185421947,-0.0006353901512202186
Predictive Coding,789,3,UPSAMPLED,32,Conv3,LOC,cr,meanrdm,0.004844511790497488,,,
Predictive Coding,789,3,UPSAMPLED,32,Conv3,LOC,all,persub,0.0026177976767307177,0.005140362242484715,0.0037305172603238406,-0.0010174864726164039
Predictive Coding,789,3,UPSAMPLED,32,Conv3,LOC,all,meanrdm,0.0035729913107261243,,,
Predictive Coding,789,3,UPSAMPLED,32,FC1,IT,cr,persub,0.008268055764881868,0.008581310194945598,0.013833626438666877,0.0023892306610331297
Predictive Coding,789,3,UPSAMPLED,32,FC1,IT,cr,meanrdm,0.014011122295749306,,,
Predictive Coding,789,3,UPSAMPLED,32,FC1,IT,all,persub,0.007326083646024045,0.008560966611167401,0.011044242561105097,0.0023730417657996357
Predictive Coding,789,3,UPSAMPLED,32,FC1,IT,all,meanrdm,0.012157424046587581,,,
STDP,789,3,UPSAMPLED,32,Conv1,V1,cr,persub,0.040927192374383636,0.041948303432584655,0.07006842527435261,0.010764848416213633
STDP,789,3,UPSAMPLED,32,Conv1,V1,cr,meanrdm,0.05998808074626458,,,
STDP,789,3,UPSAMPLED,32,Conv1,V1,all,persub,0.03911561312206019,0.04021957766942985,0.06653573910212297,0.010591522594627738
STDP,789,3,UPSAMPLED,32,Conv1,V1,all,meanrdm,0.05731530292078375,,,
STDP,789,3,UPSAMPLED,32,Conv1,V2,cr,persub,0.022426887426449254,0.022417794471604857,0.040606029935166155,0.00425683787257674
STDP,789,3,UPSAMPLED,32,Conv1,V2,cr,meanrdm,0.034017126330742796,,,
STDP,789,3,UPSAMPLED,32,Conv1,V2,all,persub,0.021334341527900622,0.02183755209824254,0.03924925210569218,0.0029162203797671515
STDP,789,3,UPSAMPLED,32,Conv1,V2,all,meanrdm,0.03233821911915671,,,
STDP,789,3,UPSAMPLED,32,Conv2,V1,cr,persub,0.045649345425422316,0.045156223344950557,0.07973431544446714,0.012057497486849264
STDP,789,3,UPSAMPLED,32,Conv2,V1,cr,meanrdm,0.06702487786637705,,,
STDP,789,3,UPSAMPLED,32,Conv2,V1,all,persub,0.04354406880768075,0.04349311575674582,0.07525511264485918,0.011883978021437237
STDP,789,3,UPSAMPLED,32,Conv2,V1,all,meanrdm,0.06366885391539452,,,
STDP,789,3,UPSAMPLED,32,Conv2,V2,cr,persub,0.026233006766324576,0.025134125316785674,0.04874621076312992,0.00481868421905814
STDP,789,3,UPSAMPLED,32,Conv2,V2,cr,meanrdm,0.03971575684667421,,,
STDP,789,3,UPSAMPLED,32,Conv2,V2,all,persub,0.02483328328700044,0.024673321075957926,0.046347551025375196,0.0034789777596681932
STDP,789,3,UPSAMPLED,32,Conv2,V2,all,meanrdm,0.03747983640940414,,,
STDP,789,3,UPSAMPLED,32,Conv3,LOC,cr,persub,0.006056285733846437,0.008416995303904712,0.008548838479136315,0.0012030234184982845
STDP,789,3,UPSAMPLED,32,Conv3,LOC,cr,meanrdm,0.009105216408561632,,,
STDP,789,3,UPSAMPLED,32,Conv3,LOC,all,persub,0.005269655416945434,0.007811776654145191,0.007413692782509085,0.0005834968141820236
STDP,789,3,UPSAMPLED,32,Conv3,LOC,all,meanrdm,0.007955906030115015,,,
STDP,789,3,UPSAMPLED,32,FC1,IT,cr,persub,0.009004509976997907,0.010642241305019165,0.015036301456036596,0.001334987169937964
STDP,789,3,UPSAMPLED,32,FC1,IT,cr,meanrdm,0.014241757100963268,,,
STDP,789,3,UPSAMPLED,32,FC1,IT,all,persub,0.008463219787485954,0.011742445444038862,0.011597520107683926,0.002049693810735075
STDP,789,3,UPSAMPLED,32,FC1,IT,all,meanrdm,0.013071162144714958,,,
Random Weights (BN-calibrated),789,3,UPSAMPLED,32,Conv1,V1,cr,persub,0.00608989736028527,0.00330591718103055,0.009629864529380232,0.005333910370445025
Random Weights (BN-calibrated),789,3,UPSAMPLED,32,Conv1,V1,cr,meanrdm,0.01001159192566941,,,
Random Weights (BN-calibrated),789,3,UPSAMPLED,32,Conv1,V1,all,persub,0.0049086111243713875,0.002714156711024294,0.007977856028493366,0.004033820633596503
Random Weights (BN-calibrated),789,3,UPSAMPLED,32,Conv1,V1,all,meanrdm,0.008158138090871087,,,
Random Weights (BN-calibrated),789,3,UPSAMPLED,32,Conv1,V2,cr,persub,0.0015404717902463335,-0.0011676519275573031,0.00334861821226095,0.002440449086035354
Random Weights (BN-calibrated),789,3,UPSAMPLED,32,Conv1,V2,cr,meanrdm,0.0020106427201343866,,,
Random Weights (BN-calibrated),789,3,UPSAMPLED,32,Conv1,V2,all,persub,0.0009004264794563666,-0.001287747800948989,0.002894100466986207,0.001094926772331882
Random Weights (BN-calibrated),789,3,UPSAMPLED,32,Conv1,V2,all,meanrdm,0.0010628396489808824,,,
Random Weights (BN-calibrated),789,3,UPSAMPLED,32,Conv2,V1,cr,persub,0.008920130132093952,0.0064105994771375815,0.016255938898894876,0.004093852020249397
Random Weights (BN-calibrated),789,3,UPSAMPLED,32,Conv2,V1,cr,meanrdm,0.014005301343197706,,,
Random Weights (BN-calibrated),789,3,UPSAMPLED,32,Conv2,V1,all,persub,0.0078064928812062945,0.006166176821086825,0.014073174817256508,0.003180127005275553
Random Weights (BN-calibrated),789,3,UPSAMPLED,32,Conv2,V1,all,meanrdm,0.01239677235513996,,,
Random Weights (BN-calibrated),789,3,UPSAMPLED,32,Conv2,V2,cr,persub,0.003185729256697688,0.0004624014440703114,0.006497463215586226,0.0025973231104365257
Random Weights (BN-calibrated),789,3,UPSAMPLED,32,Conv2,V2,cr,meanrdm,0.004507676927980531,,,
Random Weights (BN-calibrated),789,3,UPSAMPLED,32,Conv2,V2,all,persub,0.0026777757548253466,0.0010966461180447976,0.005819987087399304,0.0011166940590319376
Random Weights (BN-calibrated),789,3,UPSAMPLED,32,Conv2,V2,all,meanrdm,0.0036855294848407837,,,
Random Weights (BN-calibrated),789,3,UPSAMPLED,32,Conv3,LOC,cr,persub,0.002244493794623877,0.005314917048447469,0.00248486200013144,-0.0010662976647072785
Random Weights (BN-calibrated),789,3,UPSAMPLED,32,Conv3,LOC,cr,meanrdm,0.0035544350138572616,,,
Random Weights (BN-calibrated),789,3,UPSAMPLED,32,Conv3,LOC,all,persub,0.0017072618946117214,0.0057412543898425926,0.0005271630198493547,-0.0011466317258567828
Random Weights (BN-calibrated),789,3,UPSAMPLED,32,Conv3,LOC,all,meanrdm,0.0022652573570922287,,,
Random Weights (BN-calibrated),789,3,UPSAMPLED,32,FC1,IT,cr,persub,0.00294202159088212,0.003954083825073928,0.003980414412870902,0.0008915665347015294
Random Weights (BN-calibrated),789,3,UPSAMPLED,32,FC1,IT,cr,meanrdm,0.005666473131783182,,,
Random Weights (BN-calibrated),789,3,UPSAMPLED,32,FC1,IT,all,persub,0.003636666551835359,0.006016873002591978,0.0037619512939896,0.0011311753589244992
Random Weights (BN-calibrated),789,3,UPSAMPLED,32,FC1,IT,all,meanrdm,0.006529397962923874,,,
Random Weights,789,3,UPSAMPLED,64,Conv1,V1,cr,persub,0.05103154355358278,0.05194935082558909,0.084436042122582,0.016709237712577273
Random Weights,789,3,UPSAMPLED,64,Conv1,V1,cr,meanrdm,0.0733947748927978,,,
Random Weights,789,3,UPSAMPLED,64,Conv1,V1,all,persub,0.05057830926429158,0.05092266424217914,0.08469147749938033,0.016120786051315245
Random Weights,789,3,UPSAMPLED,64,Conv1,V1,all,meanrdm,0.0723691455490845,,,
Random Weights,789,3,UPSAMPLED,64,Conv1,V2,cr,persub,0.02647135016813348,0.03130610375084546,0.04509865264646813,0.0030092941070868472
Random Weights,789,3,UPSAMPLED,64,Conv1,V2,cr,meanrdm,0.03970637363904092,,,
Random Weights,789,3,UPSAMPLED,64,Conv1,V2,all,persub,0.026626133469884322,0.031412074865199896,0.046680848418797945,0.0017854771256551316
Random Weights,789,3,UPSAMPLED,64,Conv1,V2,all,meanrdm,0.03979062180850793,,,
Random Weights,789,3,UPSAMPLED,64,Conv2,V1,cr,persub,0.05590330805562104,0.05698173424223088,0.09306064488421947,0.017667545040412756
Random Weights,789,3,UPSAMPLED,64,Conv2,V1,cr,meanrdm,0.07971485571490466,,,
Random Weights,789,3,UPSAMPLED,64,Conv2,V1,all,persub,0.05552613485952639,0.055792463354433997,0.09353738866163129,0.017248552562513866
Random Weights,789,3,UPSAMPLED,64,Conv2,V1,all,meanrdm,0.07872880580154151,,,
Random Weights,789,3,UPSAMPLED,64,Conv2,V2,cr,persub,0.03037593842195938,0.03449257718511738,0.05306041762033061,0.003574820460430141
Random Weights,789,3,UPSAMPLED,64,Conv2,V2,cr,meanrdm,0.04536685223614153,,,
Random Weights,789,3,UPSAMPLED,64,Conv2,V2,all,persub,0.03037080167575079,0.03446878798920249,0.05425454033442313,0.002389076703626753
Random Weights,789,3,UPSAMPLED,64,Conv2,V2,all,meanrdm,0.045121245423984005,,,
Random Weights,789,3,UPSAMPLED,64,Conv3,LOC,cr,persub,-0.003494901013408592,0.0037417661836526084,-0.009689556137646797,-0.004536913086231587
Random Weights,789,3,UPSAMPLED,64,Conv3,LOC,cr,meanrdm,-0.007594491544446032,,,
Random Weights,789,3,UPSAMPLED,64,Conv3,LOC,all,persub,-0.0022301893549023723,0.005027078035686542,-0.009041013408392713,-0.0026766326920009465
Random Weights,789,3,UPSAMPLED,64,Conv3,LOC,all,meanrdm,-0.004954245136869493,,,
Random Weights,789,3,UPSAMPLED,64,FC1,IT,cr,persub,-0.0002240997341630293,0.0017116946051189052,-0.0054615016885964695,0.0030775078809884763
Random Weights,789,3,UPSAMPLED,64,FC1,IT,cr,meanrdm,0.0004571562688811244,,,
Random Weights,789,3,UPSAMPLED,64,FC1,IT,all,persub,0.000982203568406085,0.0033247672045873785,-0.003164864591862206,0.002786708092493083
Random Weights,789,3,UPSAMPLED,64,FC1,IT,all,meanrdm,0.0024708623910310694,,,
Backprop,789,3,UPSAMPLED,64,Conv1,V1,cr,persub,0.013186247577761372,0.009440995947416143,0.023755529468596773,0.006362217317271197
Backprop,789,3,UPSAMPLED,64,Conv1,V1,cr,meanrdm,0.02030927785851325,,,
Backprop,789,3,UPSAMPLED,64,Conv1,V1,all,persub,0.011759197219527756,0.008264722772711175,0.021513323180188323,0.005499545705683771
Backprop,789,3,UPSAMPLED,64,Conv1,V1,all,meanrdm,0.018119579475205372,,,
Backprop,789,3,UPSAMPLED,64,Conv1,V2,cr,persub,0.006635719695731326,0.004780850355113308,0.011918257452483505,0.0032080512795971657
Backprop,789,3,UPSAMPLED,64,Conv1,V2,cr,meanrdm,0.009544406140708337,,,
Backprop,789,3,UPSAMPLED,64,Conv1,V2,all,persub,0.005780635522674615,0.004597521872002519,0.011014105429010981,0.0017302792670103452
Backprop,789,3,UPSAMPLED,64,Conv1,V2,all,meanrdm,0.00836167832641889,,,
Backprop,789,3,UPSAMPLED,64,Conv2,V1,cr,persub,-0.009594012610775141,-0.009983484942812405,-0.020909342360103455,0.0021107894705904356
Backprop,789,3,UPSAMPLED,64,Conv2,V1,cr,meanrdm,-0.012816700151676054,,,
Backprop,789,3,UPSAMPLED,64,Conv2,V1,all,persub,-0.009999739446701622,-0.008990310090849848,-0.02257437056939342,0.0015654623201384029
Backprop,789,3,UPSAMPLED,64,Conv2,V1,all,meanrdm,-0.013649611339946622,,,
Backprop,789,3,UPSAMPLED,64,Conv2,V2,cr,persub,-0.004379637832020733,-0.0003444970158001993,-0.015486111903869601,0.002691695423607603
Backprop,789,3,UPSAMPLED,64,Conv2,V2,cr,meanrdm,-0.006770835697521666,,,
Backprop,789,3,UPSAMPLED,64,Conv2,V2,all,persub,-0.00456659820104193,0.00013279999373715264,-0.015551004254968172,0.0017184096581052296
Backprop,789,3,UPSAMPLED,64,Conv2,V2,all,meanrdm,-0.007017718276215538,,,
Backprop,789,3,UPSAMPLED,64,Conv3,LOC,cr,persub,9.376558553263169e-05,0.006060721965132405,-0.005515331173073341,-0.00026409403546116887
Backprop,789,3,UPSAMPLED,64,Conv3,LOC,cr,meanrdm,-0.0005733359290657877,,,
Backprop,789,3,UPSAMPLED,64,Conv3,LOC,all,persub,5.553375789363837e-05,0.005796673103258074,-0.006836049648685264,0.0012059778191081045
Backprop,789,3,UPSAMPLED,64,Conv3,LOC,all,meanrdm,-6.694654530589486e-05,,,
Backprop,789,3,UPSAMPLED,64,FC1,IT,cr,persub,0.00579112776429627,0.007966690311296164,0.008779937122876036,0.0006267558587166127
Backprop,789,3,UPSAMPLED,64,FC1,IT,cr,meanrdm,0.00958029428175999,,,
Backprop,789,3,UPSAMPLED,64,FC1,IT,all,persub,0.004958928723642027,0.006733612370263949,0.006666577388333514,0.0014765964123286172
Backprop,789,3,UPSAMPLED,64,FC1,IT,all,meanrdm,0.008446161027723807,,,
Feedback Alignment,789,3,UPSAMPLED,64,Conv1,V1,cr,persub,0.001204346861788052,-0.007195683104377343,0.009092809288978633,0.0017159144007628658
Feedback Alignment,789,3,UPSAMPLED,64,Conv1,V1,cr,meanrdm,0.002306499445748141,,,
Feedback Alignment,789,3,UPSAMPLED,64,Conv1,V1,all,persub,-0.00010065497440444357,-0.007622840551166804,0.006623114139402821,0.0006977614885506518
Feedback Alignment,789,3,UPSAMPLED,64,Conv1,V1,all,meanrdm,0.00026955559343129726,,,
Feedback Alignment,789,3,UPSAMPLED,64,Conv1,V2,cr,persub,0.0010722450476622243,-0.00523771426108025,0.00657741610109396,0.0018770333029729637
Feedback Alignment,789,3,UPSAMPLED,64,Conv1,V2,cr,meanrdm,0.0013713341796630404,,,
Feedback Alignment,789,3,UPSAMPLED,64,Conv1,V2,all,persub,0.00014441363295271666,-0.005467832940059502,0.0058415247837205935,5.9549055197058724e-05
Feedback Alignment,789,3,UPSAMPLED,64,Conv1,V2,all,meanrdm,-6.532071288360675e-05,,,
Feedback Alignment,789,3,UPSAMPLED,64,Conv2,V1,cr,persub,0.035400753379374206,0.031977474610381494,0.063996355345966,0.010228430181775128
Feedback Alignment,789,3,UPSAMPLED,64,Conv2,V1,cr,meanrdm,0.05151223553591387,,,
Feedback Alignment,789,3,UPSAMPLED,64,Conv2,V1,all,persub,0.03464499006995154,0.03181968184713981,0.06133125266473641,0.010784035697978384
Feedback Alignment,789,3,UPSAMPLED,64,Conv2,V1,all,meanrdm,0.050446690373138925,,,
Feedback Alignment,789,3,UPSAMPLED,64,Conv2,V2,cr,persub,0.024975805157054737,0.024554118401861592,0.045413508479995014,0.004959788589307604
Feedback Alignment,789,3,UPSAMPLED,64,Conv2,V2,cr,meanrdm,0.03786024590160564,,,
Feedback Alignment,789,3,UPSAMPLED,64,Conv2,V2,all,persub,0.024518302285365782,0.024810313195753008,0.0445981907442133,0.004146402916131036
Feedback Alignment,789,3,UPSAMPLED,64,Conv2,V2,all,meanrdm,0.03686455115761848,,,
Feedback Alignment,789,3,UPSAMPLED,64,Conv3,LOC,cr,persub,0.0009955093198745232,0.0069792268344477685,-0.0012128126855985835,-0.0027798861892256153
Feedback Alignment,789,3,UPSAMPLED,64,Conv3,LOC,cr,meanrdm,0.0003841955413444783,,,
Feedback Alignment,789,3,UPSAMPLED,64,Conv3,LOC,all,persub,0.00095700386126983,0.007602274978619821,-0.0030441244788267947,-0.001687138915983536
Feedback Alignment,789,3,UPSAMPLED,64,Conv3,LOC,all,meanrdm,0.00041638257911046376,,,
Feedback Alignment,789,3,UPSAMPLED,64,FC1,IT,cr,persub,0.006477666126723988,0.00837097711852597,0.011126054347027337,-6.40330853813464e-05
Feedback Alignment,789,3,UPSAMPLED,64,FC1,IT,cr,meanrdm,0.011180646251283056,,,
Feedback Alignment,789,3,UPSAMPLED,64,FC1,IT,all,persub,0.005487683996723981,0.007225538277331998,0.009203054110314019,3.44596025259248e-05
Feedback Alignment,789,3,UPSAMPLED,64,FC1,IT,all,meanrdm,0.009452042875209683,,,
Predictive Coding,789,3,UPSAMPLED,64,Conv1,V1,cr,persub,0.009907140979737558,0.006841085985416417,0.01780365215953841,0.005076684794257852
Predictive Coding,789,3,UPSAMPLED,64,Conv1,V1,cr,meanrdm,0.01516196138650832,,,
Predictive Coding,789,3,UPSAMPLED,64,Conv1,V1,all,persub,0.008847849959232318,0.006452572376779062,0.01643897067861033,0.0036520068223075664
Predictive Coding,789,3,UPSAMPLED,64,Conv1,V1,all,meanrdm,0.013478597631578318,,,
Predictive Coding,789,3,UPSAMPLED,64,Conv1,V2,cr,persub,0.003647767261525456,0.0022778590415683357,0.00639514663355575,0.002270296109452282
Predictive Coding,789,3,UPSAMPLED,64,Conv1,V2,cr,meanrdm,0.005304638658899968,,,
Predictive Coding,789,3,UPSAMPLED,64,Conv1,V2,all,persub,0.003164186715190618,0.002229353215790963,0.006749894730849847,0.0005133121989310433
Predictive Coding,789,3,UPSAMPLED,64,Conv1,V2,all,meanrdm,0.004630700621627867,,,
Predictive Coding,789,3,UPSAMPLED,64,Conv2,V1,cr,persub,0.020136883956115955,0.019174244539415755,0.03375409934181027,0.007482307987121843
Predictive Coding,789,3,UPSAMPLED,64,Conv2,V1,cr,meanrdm,0.029803990330407586,,,
Predictive Coding,789,3,UPSAMPLED,64,Conv2,V1,all,persub,0.019096008298451417,0.01849538146478683,0.031602919543679026,0.007189723886888397
Predictive Coding,789,3,UPSAMPLED,64,Conv2,V1,all,meanrdm,0.028307108574769937,,,
Predictive Coding,789,3,UPSAMPLED,64,Conv2,V2,cr,persub,0.012414771274907014,0.01389241440728576,0.019238066953167918,0.004113832464267366
Predictive Coding,789,3,UPSAMPLED,64,Conv2,V2,cr,meanrdm,0.018577511304238705,,,
Predictive Coding,789,3,UPSAMPLED,64,Conv2,V2,all,persub,0.011890447624255151,0.013844810812092517,0.019208813658679526,0.0026177184019934062
Predictive Coding,789,3,UPSAMPLED,64,Conv2,V2,all,meanrdm,0.017670837370836263,,,
Predictive Coding,789,3,UPSAMPLED,64,Conv3,LOC,cr,persub,0.0012012482970075306,0.0056944501355767636,-0.00031674524168422147,-0.0017739600028699506
Predictive Coding,789,3,UPSAMPLED,64,Conv3,LOC,cr,meanrdm,0.0007678266752668287,,,
Predictive Coding,789,3,UPSAMPLED,64,Conv3,LOC,all,persub,0.00102077875914061,0.006405513404722769,-0.0024761139427710264,-0.0008670631845299126
Predictive Coding,789,3,UPSAMPLED,64,Conv3,LOC,all,meanrdm,0.0005164036600390462,,,
Predictive Coding,789,3,UPSAMPLED,64,FC1,IT,cr,persub,0.0066372835800782145,0.008807223637053501,0.009688135423583826,0.001416491679597315
Predictive Coding,789,3,UPSAMPLED,64,FC1,IT,cr,meanrdm,0.01159466796442245,,,
Predictive Coding,789,3,UPSAMPLED,64,FC1,IT,all,persub,0.005584550623700705,0.008831774410911734,0.006863875358805415,0.0010580021013849646
Predictive Coding,789,3,UPSAMPLED,64,FC1,IT,all,meanrdm,0.009604697468003456,,,
STDP,789,3,UPSAMPLED,64,Conv1,V1,cr,persub,0.02825866766110799,0.026808503105323782,0.05058965034945966,0.007377849528540518
STDP,789,3,UPSAMPLED,64,Conv1,V1,cr,meanrdm,0.04161121206280057,,,
STDP,789,3,UPSAMPLED,64,Conv1,V1,all,persub,0.02651758795006694,0.02527799538225559,0.047224851748825764,0.0070499167191194765
STDP,789,3,UPSAMPLED,64,Conv1,V1,all,meanrdm,0.039019851419422144,,,
STDP,789,3,UPSAMPLED,64,Conv1,V2,cr,persub,0.01475082740366239,0.01398072440040853,0.027119423378747776,0.003152334431830866
STDP,789,3,UPSAMPLED,64,Conv1,V2,cr,meanrdm,0.02204799952984904,,,
STDP,789,3,UPSAMPLED,64,Conv1,V2,all,persub,0.013609593943139939,0.013279296412809805,0.02595335070628339,0.0015961347103266206
STDP,789,3,UPSAMPLED,64,Conv1,V2,all,meanrdm,0.020411097993219312,,,
STDP,789,3,UPSAMPLED,64,Conv2,V1,cr,persub,0.03343026662411206,0.03233374698167803,0.058884598834605895,0.009072454056052266
STDP,789,3,UPSAMPLED,64,Conv2,V1,cr,meanrdm,0.04904944228344124,,,
STDP,789,3,UPSAMPLED,64,Conv2,V1,all,persub,0.031646844571098974,0.03093743932842152,0.0550182125856935,0.008984881799181919
STDP,789,3,UPSAMPLED,64,Conv2,V1,all,meanrdm,0.04621681792731588,,,
STDP,789,3,UPSAMPLED,64,Conv2,V2,cr,persub,0.018605630205193076,0.019135587988526978,0.03355499208799273,0.0031263105390595203
STDP,789,3,UPSAMPLED,64,Conv2,V2,cr,meanrdm,0.027816056311163385,,,
STDP,789,3,UPSAMPLED,64,Conv2,V2,all,persub,0.017493652174075423,0.018696627326065727,0.03195515191264148,0.0018291772835190717
STDP,789,3,UPSAMPLED,64,Conv2,V2,all,meanrdm,0.026198844793496448,,,
STDP,789,3,UPSAMPLED,64,Conv3,LOC,cr,persub,0.004205026041468866,0.008387763159770576,0.005780874870280967,-0.0015535599056449446
STDP,789,3,UPSAMPLED,64,Conv3,LOC,cr,meanrdm,0.006007057803574435,,,
STDP,789,3,UPSAMPLED,64,Conv3,LOC,all,persub,0.004312457311458358,0.008683937444608813,0.005338491566817121,-0.0010850570770508583
STDP,789,3,UPSAMPLED,64,Conv3,LOC,all,meanrdm,0.006442566977546252,,,
STDP,789,3,UPSAMPLED,64,FC1,IT,cr,persub,0.005945093167796689,0.00993000048277629,0.005675710522548531,0.002229568498065245
STDP,789,3,UPSAMPLED,64,FC1,IT,cr,meanrdm,0.010153397447985258,,,
STDP,789,3,UPSAMPLED,64,FC1,IT,all,persub,0.005640316599038343,0.010232306483737456,0.004295880323242224,0.002392762990135347
STDP,789,3,UPSAMPLED,64,FC1,IT,all,meanrdm,0.00938116730152697,,,
Random Weights (BN-calibrated),789,3,UPSAMPLED,64,Conv1,V1,cr,persub,0.005217138030347274,0.0008342270413557553,0.010410845888436824,0.004406341161249244
Random Weights (BN-calibrated),789,3,UPSAMPLED,64,Conv1,V1,cr,meanrdm,0.008526794931501066,,,
Random Weights (BN-calibrated),789,3,UPSAMPLED,64,Conv1,V1,all,persub,0.004185849420319643,0.000488810938079208,0.009114391840777687,0.0029543454821020342
Random Weights (BN-calibrated),789,3,UPSAMPLED,64,Conv1,V1,all,meanrdm,0.0068570817004563606,,,
Random Weights (BN-calibrated),789,3,UPSAMPLED,64,Conv1,V2,cr,persub,0.0009319256706523676,-0.0015122812341683434,0.0020814868729909734,0.002226571373134473
Random Weights (BN-calibrated),789,3,UPSAMPLED,64,Conv1,V2,cr,meanrdm,0.001192459768077189,,,
Random Weights (BN-calibrated),789,3,UPSAMPLED,64,Conv1,V2,all,persub,0.00038540886965977053,-0.0016256525939021393,0.0023504349855940476,0.00043144421728740336
Random Weights (BN-calibrated),789,3,UPSAMPLED,64,Conv1,V2,all,meanrdm,0.00043553277560153783,,,
Random Weights (BN-calibrated),789,3,UPSAMPLED,64,Conv2,V1,cr,persub,0.021892702589760584,0.021567182847809674,0.0373500525167612,0.00676087240471088
Random Weights (BN-calibrated),789,3,UPSAMPLED,64,Conv2,V1,cr,meanrdm,0.03200251871959431,,,
Random Weights (BN-calibrated),789,3,UPSAMPLED,64,Conv2,V1,all,persub,0.02095985155055291,0.021189387798883814,0.035290455685934516,0.006399711166840407
Random Weights (BN-calibrated),789,3,UPSAMPLED,64,Conv2,V1,all,meanrdm,0.030709782703702188,,,
Random Weights (BN-calibrated),789,3,UPSAMPLED,64,Conv2,V2,cr,persub,0.013526290133640975,0.015297459764238627,0.021401078107322342,0.0038803325293619542
Random Weights (BN-calibrated),789,3,UPSAMPLED,64,Conv2,V2,cr,meanrdm,0.020175951870777847,,,
Random Weights (BN-calibrated),789,3,UPSAMPLED,64,Conv2,V2,all,persub,0.01306906385570196,0.015446424815936685,0.021483374837205305,0.0022773919139638843
Random Weights (BN-calibrated),789,3,UPSAMPLED,64,Conv2,V2,all,meanrdm,0.019367912304133802,,,
Random Weights (BN-calibrated),789,3,UPSAMPLED,64,Conv3,LOC,cr,persub,0.0010379887909153695,0.0058672110685133805,-9.367608885563618e-05,-0.0026595686069116357
Random Weights (BN-calibrated),789,3,UPSAMPLED,64,Conv3,LOC,cr,meanrdm,0.0006258258414814542,,,
Random Weights (BN-calibrated),789,3,UPSAMPLED,64,Conv3,LOC,all,persub,0.0008656913378282683,0.006379891578843525,-0.0023769628575740246,-0.0014058547077846952
Random Weights (BN-calibrated),789,3,UPSAMPLED,64,Conv3,LOC,all,meanrdm,0.0004309218540007498,,,
Random Weights (BN-calibrated),789,3,UPSAMPLED,64,FC1,IT,cr,persub,0.0032816047148927067,0.004847575307738657,0.0040040742129484625,0.0009931646239910005
Random Weights (BN-calibrated),789,3,UPSAMPLED,64,FC1,IT,cr,meanrdm,0.006474414659161294,,,
Random Weights (BN-calibrated),789,3,UPSAMPLED,64,FC1,IT,all,persub,0.0030126153090137254,0.005596687900825162,0.0025623002816208655,0.0008788577445951475
Random Weights (BN-calibrated),789,3,UPSAMPLED,64,FC1,IT,all,meanrdm,0.005793891830791954,,,
Random Weights,789,3,UPSAMPLED,96,Conv1,V1,cr,persub,0.052707318748552216,0.05401825136279177,0.08704127760826207,0.017062427274602807
Random Weights,789,3,UPSAMPLED,96,Conv1,V1,cr,meanrdm,0.07576827160443206,,,
Random Weights,789,3,UPSAMPLED,96,Conv1,V1,all,persub,0.05223602948399197,0.052949079531737366,0.08724158832839343,0.016517420591845116
Random Weights,789,3,UPSAMPLED,96,Conv1,V1,all,meanrdm,0.07471820686901395,,,
Random Weights,789,3,UPSAMPLED,96,Conv1,V2,cr,persub,0.027691062249122125,0.03267764843792325,0.04729913146859832,0.003096406840844789
Random Weights,789,3,UPSAMPLED,96,Conv1,V2,cr,meanrdm,0.04155052652212986,,,
Random Weights,789,3,UPSAMPLED,96,Conv1,V2,all,persub,0.027853204961866492,0.032811224936617985,0.048828105490699915,0.0019202844582815735
Random Weights,789,3,UPSAMPLED,96,Conv1,V2,all,meanrdm,0.041633010133889405,,,
Random Weights,789,3,UPSAMPLED,96,Conv2,V1,cr,persub,0.05695295118752502,0.05847550704961258,0.09446103697499424,0.017922309537968216
Random Weights,789,3,UPSAMPLED,96,Conv2,V1,cr,meanrdm,0.08127154151138097,,,
Random Weights,789,3,UPSAMPLED,96,Conv2,V1,all,persub,0.05658379145141213,0.05729761376110835,0.09489991921877607,0.017553841374351984
Random Weights,789,3,UPSAMPLED,96,Conv2,V1,all,meanrdm,0.08029935494403753,,,
Random Weights,789,3,UPSAMPLED,96,Conv2,V2,cr,persub,0.031106145815348693,0.03539277582792063,0.054360032393167626,0.003565629224957834
Random Weights,789,3,UPSAMPLED,96,Conv2,V2,cr,meanrdm,0.04650351636607341,,,
Random Weights,789,3,UPSAMPLED,96,Conv2,V2,all,persub,0.0311298659749714,0.035414109290026446,0.055511994944799005,0.0024634936900887424
Random Weights,789,3,UPSAMPLED,96,Conv2,V2,all,meanrdm,0.04629714426771596,,,
Random Weights,789,3,UPSAMPLED,96,Conv3,LOC,cr,persub,-0.003870106869799892,0.003503524888597992,-0.010536325464223964,-0.004577520033773706
Random Weights,789,3,UPSAMPLED,96,Conv3,LOC,cr,meanrdm,-0.008173007229053408,,,
Random Weights,789,3,UPSAMPLED,96,Conv3,LOC,all,persub,-0.0026328840635837978,0.004845196632449335,-0.010017907990413789,-0.002725940832786939
Random Weights,789,3,UPSAMPLED,96,Conv3,LOC,all,meanrdm,-0.005620611494709776,,,
Random Weights,789,3,UPSAMPLED,96,FC1,IT,cr,persub,0.0003048447843839591,0.0015862602803833911,-0.004079357409866609,0.0034076314826350955
Random Weights,789,3,UPSAMPLED,96,FC1,IT,cr,meanrdm,0.0011959322688602338,,,
Random Weights,789,3,UPSAMPLED,96,FC1,IT,all,persub,0.0013385844629088788,0.0031526648554195923,-0.0020277517105340703,0.0028908402438411144
Random Weights,789,3,UPSAMPLED,96,FC1,IT,all,meanrdm,0.00291899692093064,,,
Backprop,789,3,UPSAMPLED,96,Conv1,V1,cr,persub,0.012468801415037442,0.008580495802307485,0.02260214433641764,0.006223764106387197
Backprop,789,3,UPSAMPLED,96,Conv1,V1,cr,meanrdm,0.019238429251443288,,,
Backprop,789,3,UPSAMPLED,96,Conv1,V1,all,persub,0.011090959478292023,0.007471615791453461,0.020552292575434634,0.0052489700679879785
Backprop,789,3,UPSAMPLED,96,Conv1,V1,all,meanrdm,0.01712089549418104,,,
Backprop,789,3,UPSAMPLED,96,Conv1,V2,cr,persub,0.005956140013097068,0.004861489363540573,0.010095362889511003,0.002911567786239628
Backprop,789,3,UPSAMPLED,96,Conv1,V2,cr,meanrdm,0.00852938969862807,,,
Backprop,789,3,UPSAMPLED,96,Conv1,V2,all,persub,0.0051116208147183205,0.004656079202057942,0.009401009730305773,0.0012777735117912475
Backprop,789,3,UPSAMPLED,96,Conv1,V2,all,meanrdm,0.007386655522271346,,,
Backprop,789,3,UPSAMPLED,96,Conv2,V1,cr,persub,-0.00455568368512659,-0.00402424139353383,-0.012281002666965841,0.002638193005119901
Backprop,789,3,UPSAMPLED,96,Conv2,V1,cr,meanrdm,-0.0057925282366653764,,,
Backprop,789,3,UPSAMPLED,96,Conv2,V1,all,persub,-0.004962275013376724,-0.0032389713819931465,-0.013919033372678389,0.002271179714541364
Backprop,789,3,UPSAMPLED,96,Conv2,V1,all,meanrdm,-0.006615966354845549,,,
Backprop,789,3,UPSAMPLED,96,Conv2,V2,cr,persub,-0.0006917057638048084,0.004297548603803794,-0.008452828450851954,0.0020801625556337343
Backprop,789,3,UPSAMPLED,96,Conv2,V2,cr,meanrdm,-0.0012488695346444144,,,
Backprop,789,3,UPSAMPLED,96,Conv2,V2,all,persub,-0.0008731372072153539,0.00462000574964925,-0.008480635083916818,0.0012412177126215067
Backprop,789,3,UPSAMPLED,96,Conv2,V2,all,meanrdm,-0.0014917055991558598,,,
Backprop,789,3,UPSAMPLED,96,Conv3,LOC,cr,persub,-0.001439922498409767,0.005527478506132687,-0.00836064673165577,-0.0014865992697062178
Backprop,789,3,UPSAMPLED,96,Conv3,LOC,cr,meanrdm,-0.0034085444878480292,,,
Backprop,789,3,UPSAMPLED,96,Conv3,LOC,all,persub,-0.0013664061699827461,0.005453719962206021,-0.00963112921868396,7.819074652970145e-05
Backprop,789,3,UPSAMPLED,96,Conv3,LOC,all,meanrdm,-0.0026407188468184333,,,
Backprop,789,3,UPSAMPLED,96,FC1,IT,cr,persub,0.00289424509963144,0.005518711139459925,0.0022370869042447248,0.0009269372551896687
Backprop,789,3,UPSAMPLED,96,FC1,IT,cr,meanrdm,0.00517821903840435,,,
Backprop,789,3,UPSAMPLED,96,FC1,IT,all,persub,0.0020582126016161634,0.004457577446636176,0.0002375802804438805,0.0014794800777684343
Backprop,789,3,UPSAMPLED,96,FC1,IT,all,meanrdm,0.0040514226736774375,,,
Feedback Alignment,789,3,UPSAMPLED,96,Conv1,V1,cr,persub,0.0026802721995021123,-0.005945897908725097,0.011778907686182625,0.002207806821048811
Feedback Alignment,789,3,UPSAMPLED,96,Conv1,V1,cr,meanrdm,0.004419897559284543,,,
Feedback Alignment,789,3,UPSAMPLED,96,Conv1,V1,all,persub,0.0014032799337608745,-0.0063814583341984055,0.009381947163767952,0.0012093509717130766
Feedback Alignment,789,3,UPSAMPLED,96,Conv1,V1,all,meanrdm,0.002411776129885655,,,
Feedback Alignment,789,3,UPSAMPLED,96,Conv1,V2,cr,persub,0.0021270410386362393,-0.0040257809644743845,0.008578599328044357,0.0018283047523387462
Feedback Alignment,789,3,UPSAMPLED,96,Conv1,V2,cr,meanrdm,0.0029960925644144923,,,
Feedback Alignment,789,3,UPSAMPLED,96,Conv1,V2,all,persub,0.0012057104900159575,-0.0042762091585349105,0.007884673160482551,8.66746810023215e-06
Feedback Alignment,789,3,UPSAMPLED,96,Conv1,V2,all,meanrdm,0.0015613189426539643,,,
Feedback Alignment,789,3,UPSAMPLED,96,Conv2,V1,cr,persub,0.039310449425533404,0.03680697663334493,0.06968313313689735,0.011441238506357925
Feedback Alignment,789,3,UPSAMPLED,96,Conv2,V1,cr,meanrdm,0.056987429385624164,,,
Feedback Alignment,789,3,UPSAMPLED,96,Conv2,V1,all,persub,0.03859849126701744,0.03650171124710814,0.06721888430221315,0.012074878251731055
Feedback Alignment,789,3,UPSAMPLED,96,Conv2,V1,all,meanrdm,0.05595455594204189,,,
Feedback Alignment,789,3,UPSAMPLED,96,Conv2,V2,cr,persub,0.027564882732788037,0.02804131425179281,0.04957058847191344,0.005082745474657871
Feedback Alignment,789,3,UPSAMPLED,96,Conv2,V2,cr,meanrdm,0.041760155799996826,,,
Feedback Alignment,789,3,UPSAMPLED,96,Conv2,V2,all,persub,0.027126894724358724,0.02817919251670259,0.04887884544556348,0.004322646210810109
Feedback Alignment,789,3,UPSAMPLED,96,Conv2,V2,all,meanrdm,0.04076577367412793,,,
Feedback Alignment,789,3,UPSAMPLED,96,Conv3,LOC,cr,persub,0.0002083568637443574,0.006467863050140006,-0.0026724850105004526,-0.003170307448406481
Feedback Alignment,789,3,UPSAMPLED,96,Conv3,LOC,cr,meanrdm,-0.0010456613303190885,,,
Feedback Alignment,789,3,UPSAMPLED,96,Conv3,LOC,all,persub,0.0003186131377824147,0.007228402516469367,-0.00433133054128518,-0.001941232561836943
Feedback Alignment,789,3,UPSAMPLED,96,Conv3,LOC,all,meanrdm,-0.0006700685898873953,,,
Feedback Alignment,789,3,UPSAMPLED,96,FC1,IT,cr,persub,0.006763020585458436,0.0077452791066770854,0.01202027826065673,0.0005235043890414895
Feedback Alignment,789,3,UPSAMPLED,96,FC1,IT,cr,meanrdm,0.011711951424065684,,,
Feedback Alignment,789,3,UPSAMPLED,96,FC1,IT,all,persub,0.005742402637782715,0.0068430800614520965,0.010035077395901246,0.0003490504559948038
Feedback Alignment,789,3,UPSAMPLED,96,FC1,IT,all,meanrdm,0.009905211892837953,,,
Predictive Coding,789,3,UPSAMPLED,96,Conv1,V1,cr,persub,0.012318533924103293,0.009216538702559092,0.02196558795990142,0.005773475109849365
Predictive Coding,789,3,UPSAMPLED,96,Conv1,V1,cr,meanrdm,0.018657690442912905,,,
Predictive Coding,789,3,UPSAMPLED,96,Conv1,V1,all,persub,0.011270210403374831,0.008836471371440622,0.02063916173010332,0.004334998108580552
Predictive Coding,789,3,UPSAMPLED,96,Conv1,V1,all,meanrdm,0.01697000292736173,,,
Predictive Coding,789,3,UPSAMPLED,96,Conv1,V2,cr,persub,0.005074345495591093,0.004084838197987869,0.008904484457540971,0.002233713831244439
Predictive Coding,789,3,UPSAMPLED,96,Conv1,V2,cr,meanrdm,0.007506591115213771,,,
Predictive Coding,789,3,UPSAMPLED,96,Conv1,V2,all,persub,0.004620823262060554,0.004054248204385245,0.00935522636389475,0.00045299521790166826
Predictive Coding,789,3,UPSAMPLED,96,Conv1,V2,all,meanrdm,0.006875937088508983,,,
Predictive Coding,789,3,UPSAMPLED,96,Conv2,V1,cr,persub,0.024100864079331222,0.023844372511966857,0.04004677573055645,0.008411443995470358
Predictive Coding,789,3,UPSAMPLED,96,Conv2,V1,cr,meanrdm,0.0354620520675828,,,
Predictive Coding,789,3,UPSAMPLED,96,Conv2,V1,all,persub,0.023026533771235036,0.023016453462948984,0.03783489514181078,0.008228252708945342
Predictive Coding,789,3,UPSAMPLED,96,Conv2,V1,all,meanrdm,0.03387397847316975,,,
Predictive Coding,789,3,UPSAMPLED,96,Conv2,V2,cr,persub,0.015328732618204298,0.01760641719542099,0.024023360212845887,0.004356420446346015
Predictive Coding,789,3,UPSAMPLED,96,Conv2,V2,cr,meanrdm,0.023046011054749547,,,
Predictive Coding,789,3,UPSAMPLED,96,Conv2,V2,all,persub,0.014798458801229755,0.01751896793058205,0.023978943000438496,0.002897465472668719
Predictive Coding,789,3,UPSAMPLED,96,Conv2,V2,all,meanrdm,0.022094233142616188,,,
Predictive Coding,789,3,UPSAMPLED,96,Conv3,LOC,cr,persub,0.0005560092824651383,0.005423229810467656,-0.001448722617426331,-0.0023064793456459105
Predictive Coding,789,3,UPSAMPLED,96,Conv3,LOC,cr,meanrdm,-0.0003936131281212173,,,
Predictive Coding,789,3,UPSAMPLED,96,Conv3,LOC,all,persub,0.0004913312404136122,0.006134527502122747,-0.0035186787678814224,-0.0011418550130004878
Predictive Coding,789,3,UPSAMPLED,96,Conv3,LOC,all,meanrdm,-0.0003499228504400174,,,
Predictive Coding,789,3,UPSAMPLED,96,FC1,IT,cr,persub,0.006412330246948251,0.008262923688430748,0.008964562644949268,0.002009504407464735
Predictive Coding,789,3,UPSAMPLED,96,FC1,IT,cr,meanrdm,0.011320016643565385,,,
Predictive Coding,789,3,UPSAMPLED,96,FC1,IT,all,persub,0.005261909730908521,0.008166047135053693,0.006193180595832425,0.0014265014618394462
Predictive Coding,789,3,UPSAMPLED,96,FC1,IT,all,meanrdm,0.009198715930440977,,,
STDP,789,3,UPSAMPLED,96,Conv1,V1,cr,persub,0.028713854594478175,0.027005599261816872,0.05161389084412632,0.007522073677491342
STDP,789,3,UPSAMPLED,96,Conv1,V1,cr,meanrdm,0.04226555010666722,,,
STDP,789,3,UPSAMPLED,96,Conv1,V1,all,persub,0.027000937240958964,0.025481621128799446,0.04830831247167801,0.007212878122399447
STDP,789,3,UPSAMPLED,96,Conv1,V1,all,meanrdm,0.03970005432412476,,,
STDP,789,3,UPSAMPLED,96,Conv1,V2,cr,persub,0.015302883835452169,0.014507033964520494,0.028308593654321177,0.0030930238875148427
STDP,789,3,UPSAMPLED,96,Conv1,V2,cr,meanrdm,0.022905077096176413,,,
STDP,789,3,UPSAMPLED,96,Conv1,V2,all,persub,0.014174714597480523,0.013840783208705533,0.0271778642026668,0.0015054963810692433
STDP,789,3,UPSAMPLED,96,Conv1,V2,all,meanrdm,0.02128315703121991,,,
STDP,789,3,UPSAMPLED,96,Conv2,V1,cr,persub,0.032850020285778735,0.03198725118796433,0.057463509339152424,0.009099300330219452
STDP,789,3,UPSAMPLED,96,Conv2,V1,cr,meanrdm,0.04819524984750992,,,
STDP,789,3,UPSAMPLED,96,Conv2,V1,all,persub,0.031160164651751015,0.030619101779259555,0.05390330844253256,0.008958083733460917
STDP,789,3,UPSAMPLED,96,Conv2,V1,all,meanrdm,0.04546668440978337,,,
STDP,789,3,UPSAMPLED,96,Conv2,V2,cr,persub,0.018197360924740506,0.019289656836229806,0.03250817622464228,0.002794249713349436
STDP,789,3,UPSAMPLED,96,Conv2,V2,cr,meanrdm,0.027195780389572526,,,
STDP,789,3,UPSAMPLED,96,Conv2,V2,all,persub,0.01718821809497906,0.018848465663657936,0.031249349560881177,0.0014668390603980695
STDP,789,3,UPSAMPLED,96,Conv2,V2,all,meanrdm,0.02573236335846762,,,
STDP,789,3,UPSAMPLED,96,Conv3,LOC,cr,persub,0.003404930310718929,0.008098525427862883,0.003611136509100715,-0.0014948710048068117
STDP,789,3,UPSAMPLED,96,Conv3,LOC,cr,meanrdm,0.004645131513986049,,,
STDP,789,3,UPSAMPLED,96,Conv3,LOC,all,persub,0.003747812649763783,0.008458917589539334,0.0036986287196043217,-0.0009141083598523067
STDP,789,3,UPSAMPLED,96,Conv3,LOC,all,meanrdm,0.005453331723259353,,,
STDP,789,3,UPSAMPLED,96,FC1,IT,cr,persub,0.0054710015792354336,0.009330465735948432,0.004479365776972104,0.002603173224785766
STDP,789,3,UPSAMPLED,96,FC1,IT,cr,meanrdm,0.009220552501809448,,,
STDP,789,3,UPSAMPLED,96,FC1,IT,all,persub,0.005279621166423794,0.009448617317144399,0.0038045506838001357,0.0025856954983268466
STDP,789,3,UPSAMPLED,96,FC1,IT,all,meanrdm,0.008757555611037218,,,
Random Weights (BN-calibrated),789,3,UPSAMPLED,96,Conv1,V1,cr,persub,0.008236369693882776,0.0037234117824997805,0.01565769776285406,0.00532799953629449
Random Weights (BN-calibrated),789,3,UPSAMPLED,96,Conv1,V1,cr,meanrdm,0.012901712380163263,,,
Random Weights (BN-calibrated),789,3,UPSAMPLED,96,Conv1,V1,all,persub,0.007222603161095163,0.003403806221982745,0.01440349505198479,0.003860508209317959
Random Weights (BN-calibrated),789,3,UPSAMPLED,96,Conv1,V1,all,meanrdm,0.01123209791697739,,,
Random Weights (BN-calibrated),789,3,UPSAMPLED,96,Conv1,V2,cr,persub,0.0027117989745336396,0.0006498583227542309,0.005253275704057104,0.002232262896789584
Random Weights (BN-calibrated),789,3,UPSAMPLED,96,Conv1,V2,cr,meanrdm,0.003943742921938465,,,
Random Weights (BN-calibrated),789,3,UPSAMPLED,96,Conv1,V2,all,persub,0.0022090848894962736,0.0005674543186024364,0.005656675671619044,0.00040312467826734055
Random Weights (BN-calibrated),789,3,UPSAMPLED,96,Conv1,V2,all,meanrdm,0.003237562568722419,,,
Random Weights (BN-calibrated),789,3,UPSAMPLED,96,Conv2,V1,cr,persub,0.0257222914951355,0.025797761550253893,0.04368955525973192,0.007679557675420675
Random Weights (BN-calibrated),789,3,UPSAMPLED,96,Conv2,V1,cr,meanrdm,0.03745583752467067,,,
Random Weights (BN-calibrated),789,3,UPSAMPLED,96,Conv2,V1,all,persub,0.024757787566704322,0.02527323329189938,0.04161616889827692,0.007383960509936661
Random Weights (BN-calibrated),789,3,UPSAMPLED,96,Conv2,V1,all,meanrdm,0.036082719800357974,,,
Random Weights (BN-calibrated),789,3,UPSAMPLED,96,Conv2,V2,cr,persub,0.01634815729662295,0.01863934291774613,0.026342256562782933,0.0040628724093397925
Random Weights (BN-calibrated),789,3,UPSAMPLED,96,Conv2,V2,cr,meanrdm,0.024456862288255193,,,
Random Weights (BN-calibrated),789,3,UPSAMPLED,96,Conv2,V2,all,persub,0.015887321625923302,0.018743548918180204,0.026434236034958394,0.002484179924631314
Random Weights (BN-calibrated),789,3,UPSAMPLED,96,Conv2,V2,all,meanrdm,0.02363800901154979,,,
Random Weights (BN-calibrated),789,3,UPSAMPLED,96,Conv3,LOC,cr,persub,0.0006706659669792903,0.0053004222942904895,-0.0003039948527526462,-0.002984429540599972
Random Weights (BN-calibrated),789,3,UPSAMPLED,96,Conv3,LOC,cr,meanrdm,-4.7201852965292335e-05,,,
Random Weights (BN-calibrated),789,3,UPSAMPLED,96,Conv3,LOC,all,persub,0.0005436411617974333,0.005814067841227889,-0.002645015585594714,-0.0015381287702408747
Random Weights (BN-calibrated),789,3,UPSAMPLED,96,Conv3,LOC,all,meanrdm,-1.299694691387623e-05,,,
Random Weights (BN-calibrated),789,3,UPSAMPLED,96,FC1,IT,cr,persub,0.004040066099167151,0.00490007284649922,0.005817401178651892,0.0014027242723503417
Random Weights (BN-calibrated),789,3,UPSAMPLED,96,FC1,IT,cr,meanrdm,0.007613685794402441,,,
Random Weights (BN-calibrated),789,3,UPSAMPLED,96,FC1,IT,all,persub,0.003473209527066703,0.005362425003723568,0.0038143523676090253,0.0012428512098675145
Random Weights (BN-calibrated),789,3,UPSAMPLED,96,FC1,IT,all,meanrdm,0.0064860120692884346,,,
Random Weights,789,3,UPSAMPLED,128,Conv1,V1,cr,persub,0.052770728741604496,0.05408536510867988,0.08714174250276027,0.01708507861337335
Random Weights,789,3,UPSAMPLED,128,Conv1,V1,cr,meanrdm,0.07586281220129527,,,
Random Weights,789,3,UPSAMPLED,128,Conv1,V1,all,persub,0.05228890613105111,0.053014210758926816,0.08731730667924617,0.016535200954980334
Random Weights,789,3,UPSAMPLED,128,Conv1,V1,all,meanrdm,0.07479654254071122,,,
Random Weights,789,3,UPSAMPLED,128,Conv1,V2,cr,persub,0.027825134372544826,0.032795882209165635,0.04758128600552158,0.003098234902947258
Random Weights,789,3,UPSAMPLED,128,Conv1,V2,cr,meanrdm,0.04176684412934107,,,
Random Weights,789,3,UPSAMPLED,128,Conv1,V2,all,persub,0.027982994020802215,0.0329269036337055,0.04909442454315543,0.0019276538855457284
Random Weights,789,3,UPSAMPLED,128,Conv1,V2,all,meanrdm,0.04184020404073355,,,
Random Weights,789,3,UPSAMPLED,128,Conv2,V1,cr,persub,0.05677874185208586,0.05837516946273328,0.09397037915607503,0.01799067693744928
Random Weights,789,3,UPSAMPLED,128,Conv2,V1,cr,meanrdm,0.0810688988137096,,,
Random Weights,789,3,UPSAMPLED,128,Conv2,V1,all,persub,0.05639771024778124,0.057208725997203363,0.09435908056515155,0.01762532418098881
Random Weights,789,3,UPSAMPLED,128,Conv2,V1,all,meanrdm,0.08008963996235302,,,
Random Weights,789,3,UPSAMPLED,128,Conv2,V2,cr,persub,0.031042321456408315,0.035404158635415545,0.054179747941840974,0.0035430577919684345
Random Weights,789,3,UPSAMPLED,128,Conv2,V2,cr,meanrdm,0.04643691158110062,,,
Random Weights,789,3,UPSAMPLED,128,Conv2,V2,all,persub,0.03106588940132449,0.03543544743942744,0.05529582126608006,0.00246639949846597
Random Weights,789,3,UPSAMPLED,128,Conv2,V2,all,meanrdm,0.04623547661433547,,,
Random Weights,789,3,UPSAMPLED,128,Conv3,LOC,cr,persub,-0.004009766792332235,0.0034262024820810883,-0.01090108313858398,-0.004554419720493812
Random Weights,789,3,UPSAMPLED,128,Conv3,LOC,cr,meanrdm,-0.008373931998337844,,,
Random Weights,789,3,UPSAMPLED,128,Conv3,LOC,all,persub,-0.002772011171864578,0.004796647923205795,-0.010416220899870793,-0.002696460538928738
Random Weights,789,3,UPSAMPLED,128,Conv3,LOC,all,meanrdm,-0.005843806479064118,,,
Random Weights,789,3,UPSAMPLED,128,FC1,IT,cr,persub,0.0005494099271477407,0.0016834651617453362,-0.0036131898199541295,0.0035779544396520153
Random Weights,789,3,UPSAMPLED,128,FC1,IT,cr,meanrdm,0.0016171464075382706,,,
Random Weights,789,3,UPSAMPLED,128,FC1,IT,all,persub,0.001448633740818362,0.0030987576569043874,-0.00173031544727881,0.0029774590128295083
Random Weights,789,3,UPSAMPLED,128,FC1,IT,all,meanrdm,0.003078192359588353,,,
Backprop,789,3,UPSAMPLED,128,Conv1,V1,cr,persub,0.013265766089460793,0.009435291818224141,0.023898758454705682,0.006463247995452556
Backprop,789,3,UPSAMPLED,128,Conv1,V1,cr,meanrdm,0.02037693430104797,,,
Backprop,789,3,UPSAMPLED,128,Conv1,V1,all,persub,0.011898669085348907,0.008361897397657763,0.021910261522634835,0.0054238483357541235
Backprop,789,3,UPSAMPLED,128,Conv1,V1,all,meanrdm,0.018261266955733473,,,
Backprop,789,3,UPSAMPLED,128,Conv1,V2,cr,persub,0.006473322393130934,0.005726583964489174,0.010809918503441159,0.0028834647114624723
Backprop,789,3,UPSAMPLED,128,Conv1,V2,cr,meanrdm,0.009375083088838908,,,
Backprop,789,3,UPSAMPLED,128,Conv1,V2,all,persub,0.005626468394616356,0.00553099176318926,0.010167424437494512,0.0011809889831652966
Backprop,789,3,UPSAMPLED,128,Conv1,V2,all,meanrdm,0.008227524285839371,,,
Backprop,789,3,UPSAMPLED,128,Conv2,V1,cr,persub,-0.000779066149234096,0.00039246880176830603,-0.0057084155922806435,0.0029787483428100493
Backprop,789,3,UPSAMPLED,128,Conv2,V1,cr,meanrdm,-0.0005460455868459565,,,
Backprop,789,3,UPSAMPLED,128,Conv2,V1,all,persub,-0.0011650135629430217,0.0010680854378401787,-0.007343646336663993,0.002780520209994749
Backprop,789,3,UPSAMPLED,128,Conv2,V1,all,meanrdm,-0.0013143840613771866,,,
Backprop,789,3,UPSAMPLED,128,Conv2,V2,cr,persub,0.0020693282656762874,0.007563141226037156,-0.0031328365245304065,0.0017776800955221122
Backprop,789,3,UPSAMPLED,128,Conv2,V2,cr,meanrdm,0.0029285938720123514,,,
Backprop,789,3,UPSAMPLED,128,Conv2,V2,all,persub,0.0019080656202942583,0.007809093998071792,-0.003176798760314057,0.0010919016231250396
Backprop,789,3,UPSAMPLED,128,Conv2,V2,all,meanrdm,0.0027166425120827243,,,
Backprop,789,3,UPSAMPLED,128,Conv3,LOC,cr,persub,-0.0018532942734622237,0.005008578740443555,-0.008661033157443527,-0.001907428403386699
Backprop,789,3,UPSAMPLED,128,Conv3,LOC,cr,meanrdm,-0.004265619382902713,,,
Backprop,789,3,UPSAMPLED,128,Conv3,LOC,all,persub,-0.001669758506753983,0.0051687464521147225,-0.009967919814208906,-0.00021010215816776652
Backprop,789,3,UPSAMPLED,128,Conv3,LOC,all,meanrdm,-0.003303323801701337,,,
Backprop,789,3,UPSAMPLED,128,FC1,IT,cr,persub,0.0019035468100613636,0.004736489221252938,0.0003560065384635307,0.0006181446704676228
Backprop,789,3,UPSAMPLED,128,FC1,IT,cr,meanrdm,0.00362366081648066,,,
Backprop,789,3,UPSAMPLED,128,FC1,IT,all,persub,0.0010804340250922184,0.0038206968453347815,-0.0016672812970348642,0.0010878865269767376
Backprop,789,3,UPSAMPLED,128,FC1,IT,all,meanrdm,0.0025497337124032477,,,
Feedback Alignment,789,3,UPSAMPLED,128,Conv1,V1,cr,persub,0.003525527134130751,-0.00518288233236972,0.013315301101317725,0.002444162633444249
Feedback Alignment,789,3,UPSAMPLED,128,Conv1,V1,cr,meanrdm,0.005622665969033183,,,
Feedback Alignment,789,3,UPSAMPLED,128,Conv1,V1,all,persub,0.0022437120606357713,-0.0056395839615590165,0.010918310007995617,0.001452410135470714
Feedback Alignment,789,3,UPSAMPLED,128,Conv1,V1,all,meanrdm,0.0035963035307743506,,,
Feedback Alignment,789,3,UPSAMPLED,128,Conv1,V2,cr,persub,0.0028044753813575244,-0.0032724628482492333,0.009883031116986659,0.0018028578753351478
Feedback Alignment,789,3,UPSAMPLED,128,Conv1,V2,cr,meanrdm,0.004038682139515139,,,
Feedback Alignment,789,3,UPSAMPLED,128,Conv1,V2,all,persub,0.0018734238403044752,-0.0035434483146411853,0.009171861511907483,-8.141676352872176e-06
Feedback Alignment,789,3,UPSAMPLED,128,Conv1,V2,all,meanrdm,0.00257613382145832,,,
Feedback Alignment,789,3,UPSAMPLED,128,Conv2,V1,cr,persub,0.04260365707664072,0.04083737961686351,0.07450644567889665,0.012467145934162004
Feedback Alignment,789,3,UPSAMPLED,128,Conv2,V1,cr,meanrdm,0.06165721287244813,,,
Feedback Alignment,789,3,UPSAMPLED,128,Conv2,V1,all,persub,0.04189254630325081,0.04040096500692945,0.07213232792448296,0.013144345978340017
Feedback Alignment,789,3,UPSAMPLED,128,Conv2,V1,all,meanrdm,0.06061238354836583,,,
Feedback Alignment,789,3,UPSAMPLED,128,Conv2,V2,cr,persub,0.02976005374416024,0.030803800598337653,0.05319053717524401,0.005285823458899051
Feedback Alignment,789,3,UPSAMPLED,128,Conv2,V2,cr,meanrdm,0.045098446928555885,,,
Feedback Alignment,789,3,UPSAMPLED,128,Conv2,V2,all,persub,0.029337987296232503,0.030891259267803135,0.05253878259997184,0.004583920020922532
Feedback Alignment,789,3,UPSAMPLED,128,Conv2,V2,all,meanrdm,0.0441128426634977,,,
Feedback Alignment,789,3,UPSAMPLED,128,Conv3,LOC,cr,persub,-0.00043893273203429815,0.0059703770187939645,-0.00381207623481351,-0.003475098980083349
Feedback Alignment,789,3,UPSAMPLED,128,Conv3,LOC,cr,meanrdm,-0.0021971052865067736,,,
Feedback Alignment,789,3,UPSAMPLED,128,Conv3,LOC,all,persub,-0.0002255583770127672,0.006862478209377876,-0.00537365050556877,-0.002165502834847408
Feedback Alignment,789,3,UPSAMPLED,128,Conv3,LOC,all,meanrdm,-0.0016181357592443444,,,
Feedback Alignment,789,3,UPSAMPLED,128,FC1,IT,cr,persub,0.006515972824513361,0.007064504613485667,0.01160971300469683,0.0008737008553575838
Feedback Alignment,789,3,UPSAMPLED,128,FC1,IT,cr,meanrdm,0.011315046495186745,,,
Feedback Alignment,789,3,UPSAMPLED,128,FC1,IT,all,persub,0.005600035471427814,0.006504985535015302,0.009651783383909167,0.0006433374953589734
Feedback Alignment,789,3,UPSAMPLED,128,FC1,IT,all,meanrdm,0.009685924615879225,,,
Predictive Coding,789,3,UPSAMPLED,128,Conv1,V1,cr,persub,0.013774234270481677,0.010689541227819871,0.024464377610756417,0.006168783972868745
Predictive Coding,789,3,UPSAMPLED,128,Conv1,V1,cr,meanrdm,0.02075260563178867,,,
Predictive Coding,789,3,UPSAMPLED,128,Conv1,V1,all,persub,0.012722723789598017,0.010298914520849177,0.02313151034106708,0.004737746506877799
Predictive Coding,789,3,UPSAMPLED,128,Conv1,V1,all,meanrdm,0.019051554708396656,,,
Predictive Coding,789,3,UPSAMPLED,128,Conv1,V2,cr,persub,0.006010075374502443,0.005243727532058631,0.010576487264366292,0.0022100113270824063
Predictive Coding,789,3,UPSAMPLED,128,Conv1,V2,cr,meanrdm,0.008939753761793538,,,
Predictive Coding,789,3,UPSAMPLED,128,Conv1,V2,all,persub,0.005567916447530405,0.005211795299488662,0.011048559117143258,0.00044339492595929573
Predictive Coding,789,3,UPSAMPLED,128,Conv1,V2,all,meanrdm,0.00832219267145333,,,
Predictive Coding,789,3,UPSAMPLED,128,Conv2,V1,cr,persub,0.027773979865862275,0.028062371121392825,0.045961176209234664,0.00929839226695933
Predictive Coding,789,3,UPSAMPLED,128,Conv2,V1,cr,meanrdm,0.04068846852073245,,,
Predictive Coding,789,3,UPSAMPLED,128,Conv2,V1,all,persub,0.026679431250579925,0.027119505616444807,0.04366899063637123,0.009249797498923734
Predictive Coding,789,3,UPSAMPLED,128,Conv2,V1,all,meanrdm,0.039061744212263105,,,
Predictive Coding,789,3,UPSAMPLED,128,Conv2,V2,cr,persub,0.017955119896887122,0.02080044804271732,0.02847972709194293,0.0045851845560011106
Predictive Coding,789,3,UPSAMPLED,128,Conv2,V2,cr,meanrdm,0.027070081741549727,,,
Predictive Coding,789,3,UPSAMPLED,128,Conv2,V2,all,persub,0.017409626498395576,0.02065298887397289,0.028361109115441978,0.003214781505771852
Predictive Coding,789,3,UPSAMPLED,128,Conv2,V2,all,meanrdm,0.02606819435760158,,,
Predictive Coding,789,3,UPSAMPLED,128,Conv3,LOC,cr,persub,0.00016410882205282603,0.0052367811697816595,-0.0021267356243421486,-0.002617719079281033
Predictive Coding,789,3,UPSAMPLED,128,Conv3,LOC,cr,meanrdm,-0.0011221476783311942,,,
Predictive Coding,789,3,UPSAMPLED,128,Conv3,LOC,all,persub,0.00017055302486803565,0.005993713571806394,-0.004215028399934008,-0.0012670260972682795
Predictive Coding,789,3,UPSAMPLED,128,Conv3,LOC,all,meanrdm,-0.0009103052257134127,,,
Predictive Coding,789,3,UPSAMPLED,128,FC1,IT,cr,persub,0.006431864367484823,0.008007205520458853,0.009150713310256232,0.0021376742717393823
Predictive Coding,789,3,UPSAMPLED,128,FC1,IT,cr,meanrdm,0.011264869896041358,,,
Predictive Coding,789,3,UPSAMPLED,128,FC1,IT,all,persub,0.005218045369181609,0.00789843418234543,0.006218844999076621,0.0015368569261227762
Predictive Coding,789,3,UPSAMPLED,128,FC1,IT,all,meanrdm,0.009122414226944812,,,
STDP,789,3,UPSAMPLED,128,Conv1,V1,cr,persub,0.029361851731618496,0.027610037991359228,0.05278559634742685,0.007689920856069414
STDP,789,3,UPSAMPLED,128,Conv1,V1,cr,meanrdm,0.04319176756591314,,,
STDP,789,3,UPSAMPLED,128,Conv1,V1,all,persub,0.02764566106499308,0.02605841044943604,0.04947997021619703,0.007398602529346168
STDP,789,3,UPSAMPLED,128,Conv1,V1,all,meanrdm,0.0406170612317938,,,
STDP,789,3,UPSAMPLED,128,Conv1,V2,cr,persub,0.015877042555314254,0.015111216627264164,0.0294892922468208,0.003030618791857795
STDP,789,3,UPSAMPLED,128,Conv1,V2,cr,meanrdm,0.023789161395619568,,,
STDP,789,3,UPSAMPLED,128,Conv1,V2,all,persub,0.01474787502807347,0.014457913048780247,0.02834203870743996,0.0014436733280002
STDP,789,3,UPSAMPLED,128,Conv1,V2,all,meanrdm,0.022159405166868915,,,
STDP,789,3,UPSAMPLED,128,Conv2,V1,cr,persub,0.032504082172769615,0.03180256365846691,0.05670498660355186,0.009004696256290069
STDP,789,3,UPSAMPLED,128,Conv2,V1,cr,meanrdm,0.04765311279115227,,,
STDP,789,3,UPSAMPLED,128,Conv2,V1,all,persub,0.030835943218788537,0.030410193372977283,0.05329850862966608,0.008799127653722254
STDP,789,3,UPSAMPLED,128,Conv2,V1,all,meanrdm,0.044942994826939184,,,
STDP,789,3,UPSAMPLED,128,Conv2,V2,cr,persub,0.01805900444145834,0.019364922696159314,0.03225247716200551,0.002559613466210192
STDP,789,3,UPSAMPLED,128,Conv2,V2,cr,meanrdm,0.027011670697513236,,,
STDP,789,3,UPSAMPLED,128,Conv2,V2,all,persub,0.01709894806557122,0.018932283822689314,0.031174685208616423,0.001189875165407921
STDP,789,3,UPSAMPLED,128,Conv2,V2,all,meanrdm,0.02560337183169295,,,
STDP,789,3,UPSAMPLED,128,Conv3,LOC,cr,persub,0.002951805114573929,0.0075774986832744355,0.0027860036022178455,-0.001508086941770493
STDP,789,3,UPSAMPLED,128,Conv3,LOC,cr,meanrdm,0.0038549658159519225,,,
STDP,789,3,UPSAMPLED,128,Conv3,LOC,all,persub,0.0034211340107816834,0.008232129270265471,0.0029505228143555575,-0.000919250052275979
STDP,789,3,UPSAMPLED,128,Conv3,LOC,all,meanrdm,0.0048207870231485195,,,
STDP,789,3,UPSAMPLED,128,FC1,IT,cr,persub,0.005746835553740861,0.009417452569740737,0.005681664011564677,0.0021413900799171688
STDP,789,3,UPSAMPLED,128,FC1,IT,cr,meanrdm,0.009587730759423124,,,
STDP,789,3,UPSAMPLED,128,FC1,IT,all,persub,0.005583423364981983,0.009299725393355813,0.0052339389034919605,0.0022166057980981735
STDP,789,3,UPSAMPLED,128,FC1,IT,all,meanrdm,0.009194807631638241,,,
Random Weights (BN-calibrated),789,3,UPSAMPLED,128,Conv1,V1,cr,persub,0.010012808183188485,0.005494268978921219,0.018718848226537483,0.0058253073441067536
Random Weights (BN-calibrated),789,3,UPSAMPLED,128,Conv1,V1,cr,meanrdm,0.015457625365295139,,,
Random Weights (BN-calibrated),789,3,UPSAMPLED,128,Conv1,V1,all,persub,0.0089962072599084,0.005177977231082121,0.017449881918802243,0.004360762629840838
Random Weights (BN-calibrated),789,3,UPSAMPLED,128,Conv1,V1,all,meanrdm,0.013770126105537215,,,
Random Weights (BN-calibrated),789,3,UPSAMPLED,128,Conv1,V2,cr,persub,0.0038444175167289666,0.002017002067065206,0.0072851072342371296,0.0022311432488845632
Random Weights (BN-calibrated),789,3,UPSAMPLED,128,Conv1,V2,cr,meanrdm,0.005685486286748981,,,
Random Weights (BN-calibrated),789,3,UPSAMPLED,128,Conv1,V2,all,persub,0.003354620494684581,0.0019401867122521895,0.0077174138199638505,0.0004062609518377024
Random Weights (BN-calibrated),789,3,UPSAMPLED,128,Conv1,V2,all,meanrdm,0.004985122497160391,,,
Random Weights (BN-calibrated),789,3,UPSAMPLED,128,Conv2,V1,cr,persub,0.0288324737186355,0.029271469744124316,0.048839982765098225,0.00838596864668396
Random Weights (BN-calibrated),789,3,UPSAMPLED,128,Conv2,V1,cr,meanrdm,0.041859420245762426,,,
Random Weights (BN-calibrated),789,3,UPSAMPLED,128,Conv2,V1,all,persub,0.027842895579525018,0.02862597740680821,0.04670643667719285,0.00819627265457399
Random Weights (BN-calibrated),789,3,UPSAMPLED,128,Conv2,V1,all,meanrdm,0.040446780616890936,,,
Random Weights (BN-calibrated),789,3,UPSAMPLED,128,Conv2,V2,cr,persub,0.018595801716401586,0.021233249502439294,0.03036434194204027,0.004189813704725193
Random Weights (BN-calibrated),789,3,UPSAMPLED,128,Conv2,V2,cr,meanrdm,0.02787335275786814,,,
Random Weights (BN-calibrated),789,3,UPSAMPLED,128,Conv2,V2,all,persub,0.01812533179963517,0.021291323059587444,0.03039823753211426,0.0026864348072038018
Random Weights (BN-calibrated),789,3,UPSAMPLED,128,Conv2,V2,all,meanrdm,0.02703403577694909,,,
Random Weights (BN-calibrated),789,3,UPSAMPLED,128,Conv3,LOC,cr,persub,0.0003276525567094423,0.004934675004169437,-0.0007269395799621606,-0.003224777754078949
Random Weights (BN-calibrated),789,3,UPSAMPLED,128,Conv3,LOC,cr,meanrdm,-0.0006998541303150228,,,
Random Weights (BN-calibrated),789,3,UPSAMPLED,128,Conv3,LOC,all,persub,0.00025059734503088854,0.005483627796381674,-0.0031254106526680038,-0.0016064251086210044
Random Weights (BN-calibrated),789,3,UPSAMPLED,128,Conv3,LOC,all,meanrdm,-0.0005021057276868015,,,
Random Weights (BN-calibrated),789,3,UPSAMPLED,128,FC1,IT,cr,persub,0.0040706187687456425,0.004641261834018277,0.0063172754166059535,0.0012533190556126964
Random Weights (BN-calibrated),789,3,UPSAMPLED,128,FC1,IT,cr,meanrdm,0.007578618679335404,,,
Random Weights (BN-calibrated),789,3,UPSAMPLED,128,FC1,IT,all,persub,0.003365119166961286,0.004934492757282093,0.004011079440068479,0.001149785303533286
Random Weights (BN-calibrated),789,3,UPSAMPLED,128,FC1,IT,all,meanrdm,0.006240904397525517,,,
Random Weights,789,3,UPSAMPLED,160,Conv1,V1,cr,persub,0.05308338141773907,0.05446764516218951,0.08763198748535397,0.01715051160567372
Random Weights,789,3,UPSAMPLED,160,Conv1,V1,cr,meanrdm,0.07630577916609975,,,
Random Weights,789,3,UPSAMPLED,160,Conv1,V1,all,persub,0.05259809164291812,0.053386871565154835,0.08779870666996505,0.0166086966936345
Random Weights,789,3,UPSAMPLED,160,Conv1,V1,all,meanrdm,0.07523394347714514,,,
Random Weights,789,3,UPSAMPLED,160,Conv1,V2,cr,persub,0.02804409496987439,0.03305443240333316,0.047956982065718384,0.003120870440571619
Random Weights,789,3,UPSAMPLED,160,Conv1,V2,cr,meanrdm,0.042101004110661214,,,
Random Weights,789,3,UPSAMPLED,160,Conv1,V2,all,persub,0.0282020719833104,0.0331854706042231,0.04946328386995513,0.0019574614757529737
Random Weights,789,3,UPSAMPLED,160,Conv1,V2,all,meanrdm,0.04217123605472668,,,
Random Weights,789,3,UPSAMPLED,160,Conv2,V1,cr,persub,0.05709073438872498,0.05874336958904115,0.09446827490414378,0.01806055867299003
Random Weights,789,3,UPSAMPLED,160,Conv2,V1,cr,meanrdm,0.08154218541293898,,,
Random Weights,789,3,UPSAMPLED,160,Conv2,V1,all,persub,0.056699869287572015,0.05757770979981659,0.09482117028160962,0.017700727781289824
Random Weights,789,3,UPSAMPLED,160,Conv2,V1,all,meanrdm,0.08055250416513816,,,
Random Weights,789,3,UPSAMPLED,160,Conv2,V2,cr,persub,0.031272062050861416,0.035666313244304415,0.05460800565490605,0.003541867253373781
Random Weights,789,3,UPSAMPLED,160,Conv2,V2,cr,meanrdm,0.04680589194125234,,,
Random Weights,789,3,UPSAMPLED,160,Conv2,V2,all,persub,0.03129758129150233,0.03571841998325581,0.055694126225582403,0.00248019766566877
Random Weights,789,3,UPSAMPLED,160,Conv2,V2,all,meanrdm,0.04660545979790253,,,
Random Weights,789,3,UPSAMPLED,160,Conv3,LOC,cr,persub,-0.004133967456237673,0.003343269788817577,-0.011194869234657715,-0.004550302922872881
Random Weights,789,3,UPSAMPLED,160,Conv3,LOC,cr,meanrdm,-0.008577554803010897,,,
Random Weights,789,3,UPSAMPLED,160,Conv3,LOC,all,persub,-0.0029076443235772943,0.004730612852103598,-0.010756000082740516,-0.002697545740094965
Random Weights,789,3,UPSAMPLED,160,Conv3,LOC,all,meanrdm,-0.006081072925349052,,,
Random Weights,789,3,UPSAMPLED,160,FC1,IT,cr,persub,0.0007356780470734176,0.0015895283011504726,-0.0029711757624032815,0.0035886816024730613
Random Weights,789,3,UPSAMPLED,160,FC1,IT,cr,meanrdm,0.0018945692581917983,,,
Random Weights,789,3,UPSAMPLED,160,FC1,IT,all,persub,0.0015562208461702594,0.0029487397881437566,-0.0012557350782553347,0.0029756578286223565
Random Weights,789,3,UPSAMPLED,160,FC1,IT,all,meanrdm,0.0032261785336758753,,,
Backprop,789,3,UPSAMPLED,160,Conv1,V1,cr,persub,0.014309632418255747,0.010642937354665557,0.02551912503545557,0.006766834864646115
Backprop,789,3,UPSAMPLED,160,Conv1,V1,cr,meanrdm,0.021902090913860587,,,
Backprop,789,3,UPSAMPLED,160,Conv1,V1,all,persub,0.012951322167042067,0.009573284797554659,0.023567655036608865,0.005713026666962678
Backprop,789,3,UPSAMPLED,160,Conv1,V1,all,meanrdm,0.019787657986371325,,,
Backprop,789,3,UPSAMPLED,160,Conv1,V2,cr,persub,0.007114031927274026,0.006605796893817083,0.0118470508584081,0.0028892480295968966
Backprop,789,3,UPSAMPLED,160,Conv1,V2,cr,meanrdm,0.010383837247045231,,,
Backprop,789,3,UPSAMPLED,160,Conv1,V2,all,persub,0.006277825848172813,0.0064226620006333736,0.011239806856985418,0.0011710086868996444
Backprop,789,3,UPSAMPLED,160,Conv1,V2,all,meanrdm,0.009244120999476784,,,
Backprop,789,3,UPSAMPLED,160,Conv2,V1,cr,persub,0.00034064448048260615,0.001732626361453933,-0.0038419714044690373,0.0031312784844629224
Backprop,789,3,UPSAMPLED,160,Conv2,V1,cr,meanrdm,0.0010228569072847774,,,
Backprop,789,3,UPSAMPLED,160,Conv2,V1,all,persub,-4.152458861985262e-05,0.002393279699587445,-0.005488623721467061,0.002970770256020058
Backprop,789,3,UPSAMPLED,160,Conv2,V1,all,meanrdm,0.000264155252459137,,,
Backprop,789,3,UPSAMPLED,160,Conv2,V2,cr,persub,0.0028884030821742924,0.00859658455330918,-0.0016511531351695351,0.001719777828383231
Backprop,789,3,UPSAMPLED,160,Conv2,V2,cr,meanrdm,0.004160365539592318,,,
Backprop,789,3,UPSAMPLED,160,Conv2,V2,all,persub,0.0027258751681989725,0.008815765059890821,-0.0017048499903044687,0.0010667104350105643
Backprop,789,3,UPSAMPLED,160,Conv2,V2,all,meanrdm,0.003943413584172273,,,
Backprop,789,3,UPSAMPLED,160,Conv3,LOC,cr,persub,-0.0018155086695331392,0.0049051882011095305,-0.00830904667013074,-0.0020426675395782082
Backprop,789,3,UPSAMPLED,160,Conv3,LOC,cr,meanrdm,-0.004279779184492047,,,
Backprop,789,3,UPSAMPLED,160,Conv3,LOC,all,persub,-0.0015797472987513583,0.005166237552953001,-0.009611073814714422,-0.0002944056344926536
Backprop,789,3,UPSAMPLED,160,Conv3,LOC,all,meanrdm,-0.0032147282732479143,,,
Backprop,789,3,UPSAMPLED,160,FC1,IT,cr,persub,0.001591538133733663,0.004646789487823055,-0.00031768428828198166,0.00044550920165991605
Backprop,789,3,UPSAMPLED,160,FC1,IT,cr,meanrdm,0.0030786260006672025,,,
Backprop,789,3,UPSAMPLED,160,FC1,IT,all,persub,0.0009014043206616234,0.00396593353948013,-0.0021906954716301844,0.0009289748941349247
Backprop,789,3,UPSAMPLED,160,FC1,IT,all,meanrdm,0.00217129605720128,,,
Feedback Alignment,789,3,UPSAMPLED,160,Conv1,V1,cr,persub,0.004056354175977088,-0.004660376253537309,0.01421830522978468,0.002611133551683891
Feedback Alignment,789,3,UPSAMPLED,160,Conv1,V1,cr,meanrdm,0.006389146322301121,,,
Feedback Alignment,789,3,UPSAMPLED,160,Conv1,V1,all,persub,0.00278005580593745,-0.0051192475095123875,0.011833430061012253,0.0016259848663124849
Feedback Alignment,789,3,UPSAMPLED,160,Conv1,V1,all,meanrdm,0.00436768867451444,,,
Feedback Alignment,789,3,UPSAMPLED,160,Conv1,V2,cr,persub,0.0031377031985141864,-0.0028713015213379474,0.010488157365390138,0.0017962537514903693
Feedback Alignment,789,3,UPSAMPLED,160,Conv1,V2,cr,meanrdm,0.004552227787712076,,,
Feedback Alignment,789,3,UPSAMPLED,160,Conv1,V2,all,persub,0.0022115285473022247,-0.0031430134963949296,0.009783954095450945,-6.3549571493410955e-06
Feedback Alignment,789,3,UPSAMPLED,160,Conv1,V2,all,meanrdm,0.0030945645201154,,,
Feedback Alignment,789,3,UPSAMPLED,160,Conv2,V1,cr,persub,0.043429033976131785,0.04201890322249999,0.07554026323340643,0.012727935472488941
Feedback Alignment,789,3,UPSAMPLED,160,Conv2,V1,cr,meanrdm,0.06280954159107266,,,
Feedback Alignment,789,3,UPSAMPLED,160,Conv2,V1,all,persub,0.042717397409691764,0.04153275869494479,0.0732071077850185,0.013412325749111997
Feedback Alignment,789,3,UPSAMPLED,160,Conv2,V1,all,meanrdm,0.06176072177154193,,,
Feedback Alignment,789,3,UPSAMPLED,160,Conv2,V2,cr,persub,0.030313379782256903,0.03161104203888821,0.05396765130819036,0.005361445999692137
Feedback Alignment,789,3,UPSAMPLED,160,Conv2,V2,cr,meanrdm,0.045932612278575445,,,
Feedback Alignment,789,3,UPSAMPLED,160,Conv2,V2,all,persub,0.02989470492745078,0.03166638938856142,0.05334740144661526,0.004670323947175662
Feedback Alignment,789,3,UPSAMPLED,160,Conv2,V2,all,meanrdm,0.04494757383909943,,,
Feedback Alignment,789,3,UPSAMPLED,160,Conv3,LOC,cr,persub,-0.0006114418127739063,0.005837993629323252,-0.004191589232593633,-0.0034807298350513385
Feedback Alignment,789,3,UPSAMPLED,160,Conv3,LOC,cr,meanrdm,-0.002497494645025574,,,
Feedback Alignment,789,3,UPSAMPLED,160,Conv3,LOC,all,persub,-0.0003648871215356111,0.006793746169779361,-0.00572475471814443,-0.002163652816241765
Feedback Alignment,789,3,UPSAMPLED,160,Conv3,LOC,all,meanrdm,-0.0018611028176461766,,,
Feedback Alignment,789,3,UPSAMPLED,160,FC1,IT,cr,persub,0.006509625167464336,0.006836011125252651,0.011650365426859365,0.0010424989502809915
Feedback Alignment,789,3,UPSAMPLED,160,FC1,IT,cr,meanrdm,0.011306501662427044,,,
Feedback Alignment,789,3,UPSAMPLED,160,FC1,IT,all,persub,0.0055945455248957105,0.006370716091047956,0.009664488577155371,0.0007484319064838048
Feedback Alignment,789,3,UPSAMPLED,160,FC1,IT,all,meanrdm,0.00967819376628396,,,
Predictive Coding,789,3,UPSAMPLED,160,Conv1,V1,cr,persub,0.0144585560820199,0.011419212640634752,0.025580924085505066,0.006375531519919879
Predictive Coding,789,3,UPSAMPLED,160,Conv1,V1,cr,meanrdm,0.021748362478141024,,,
Predictive Coding,789,3,UPSAMPLED,160,Conv1,V1,all,persub,0.013415387986350525,0.011030468118013278,0.024271641316576636,0.0049440545244616545
Predictive Coding,789,3,UPSAMPLED,160,Conv1,V1,all,meanrdm,0.020055537571267837,,,
Predictive Coding,789,3,UPSAMPLED,160,Conv1,V2,cr,persub,0.006387044592004697,0.005737054143801337,0.0112061464414411,0.0022179331907716546
Predictive Coding,789,3,UPSAMPLED,160,Conv1,V2,cr,meanrdm,0.009519047267373652,,,
Predictive Coding,789,3,UPSAMPLED,160,Conv1,V2,all,persub,0.005957388242690189,0.005710070364827046,0.011710259618277074,0.00045183474496644663
Predictive Coding,789,3,UPSAMPLED,160,Conv1,V2,all,meanrdm,0.008917692183129143,,,
Predictive Coding,789,3,UPSAMPLED,160,Conv2,V1,cr,persub,0.028917151573799482,0.029365787341331252,0.04779171609049506,0.00959395128957214
Predictive Coding,789,3,UPSAMPLED,160,Conv2,V1,cr,meanrdm,0.04233076751922024,,,
Predictive Coding,789,3,UPSAMPLED,160,Conv2,V1,all,persub,0.02780668764029771,0.02837110123828549,0.04548139633699482,0.009567565345612823
Predictive Coding,789,3,UPSAMPLED,160,Conv2,V1,all,meanrdm,0.040670435644652364,,,
Predictive Coding,789,3,UPSAMPLED,160,Conv2,V2,cr,persub,0.018702142875929296,0.021696337442477467,0.029757208878657543,0.004652882306652879
Predictive Coding,789,3,UPSAMPLED,160,Conv2,V2,cr,meanrdm,0.028222994827561274,,,
Predictive Coding,789,3,UPSAMPLED,160,Conv2,V2,all,persub,0.018151775311369307,0.021527127845959435,0.02962306688668382,0.003305131201464666
Predictive Coding,789,3,UPSAMPLED,160,Conv2,V2,all,meanrdm,0.0272060445904182,,,
Predictive Coding,789,3,UPSAMPLED,160,Conv3,LOC,cr,persub,-2.75278708461767e-05,0.005049626248402994,-0.0023674865177386317,-0.0027647233432028925
Predictive Coding,789,3,UPSAMPLED,160,Conv3,LOC,cr,meanrdm,-0.001472770560851977,,,
Predictive Coding,789,3,UPSAMPLED,160,Conv3,LOC,all,persub,2.973313111836663e-05,0.005858441341889192,-0.004418692345117422,-0.0013505496034166705
Predictive Coding,789,3,UPSAMPLED,160,Conv3,LOC,all,meanrdm,-0.0011565581574648066,,,
Predictive Coding,789,3,UPSAMPLED,160,FC1,IT,cr,persub,0.0064359228804133735,0.00763823026186279,0.009409490941470585,0.002260047437906742
Predictive Coding,789,3,UPSAMPLED,160,FC1,IT,cr,meanrdm,0.01120728297342466,,,
Predictive Coding,789,3,UPSAMPLED,160,FC1,IT,all,persub,0.005173496488671682,0.007549022265896834,0.006332690081508939,0.0016387771186092742
Predictive Coding,789,3,UPSAMPLED,160,FC1,IT,all,meanrdm,0.009029315933099268,,,
STDP,789,3,UPSAMPLED,160,Conv1,V1,cr,persub,0.029792633208344507,0.028043011127340752,0.05352985079756704,0.007805037700125738
STDP,789,3,UPSAMPLED,160,Conv1,V1,cr,meanrdm,0.04381573833877409,,,
STDP,789,3,UPSAMPLED,160,Conv1,V1,all,persub,0.02808326233904863,0.026493129631000603,0.05023535668305245,0.007521300703092839
STDP,789,3,UPSAMPLED,160,Conv1,V1,all,meanrdm,0.041246087767978404,,,
STDP,789,3,UPSAMPLED,160,Conv1,V2,cr,persub,0.016178048676588536,0.01543898294743666,0.030085052405293716,0.003010110677035229
STDP,789,3,UPSAMPLED,160,Conv1,V2,cr,meanrdm,0.024252860430417404,,,
STDP,789,3,UPSAMPLED,160,Conv1,V2,all,persub,0.015056965883002031,0.014802545411171283,0.028944734015627478,0.001423618222207333
STDP,789,3,UPSAMPLED,160,Conv1,V2,all,meanrdm,0.02263092825077441,,,
STDP,789,3,UPSAMPLED,160,Conv2,V1,cr,persub,0.032065878988613704,0.03139756901807561,0.0559139668740732,0.008886101073692296
STDP,789,3,UPSAMPLED,160,Conv2,V1,cr,meanrdm,0.04700510377933122,,,
STDP,789,3,UPSAMPLED,160,Conv2,V1,all,persub,0.030420375065893717,0.030010451863076593,0.05259240797894732,0.008658265355657245
STDP,789,3,UPSAMPLED,160,Conv2,V1,all,meanrdm,0.044327145395553734,,,
STDP,789,3,UPSAMPLED,160,Conv2,V2,cr,persub,0.01775692335366834,0.019155878808076537,0.03167021621053336,0.0024446750423951125
STDP,789,3,UPSAMPLED,160,Conv2,V2,cr,meanrdm,0.02655114486567408,,,
STDP,789,3,UPSAMPLED,160,Conv2,V2,all,persub,0.01682311268661126,0.01872589649741424,0.030689699966071807,0.0010537415963477264
STDP,789,3,UPSAMPLED,160,Conv2,V2,all,meanrdm,0.025185780587539886,,,
STDP,789,3,UPSAMPLED,160,Conv3,LOC,cr,persub,0.0028355683649896415,0.007482521266934287,0.0023149291122704146,-0.0012907452842357767
STDP,789,3,UPSAMPLED,160,Conv3,LOC,cr,meanrdm,0.0036401430682528315,,,
STDP,789,3,UPSAMPLED,160,Conv3,LOC,all,persub,0.003291004547393958,0.00817929112068594,0.002473843655591354,-0.000780121134095421
STDP,789,3,UPSAMPLED,160,Conv3,LOC,all,meanrdm,0.004561434840011784,,,
STDP,789,3,UPSAMPLED,160,FC1,IT,cr,persub,0.005541007006777422,0.00926507518819918,0.005588720356184006,0.0017692254759490793
STDP,789,3,UPSAMPLED,160,FC1,IT,cr,meanrdm,0.009196731192955037,,,
STDP,789,3,UPSAMPLED,160,FC1,IT,all,persub,0.00539440008226242,0.009135579889623076,0.005303901073897169,0.0017437192832670133
STDP,789,3,UPSAMPLED,160,FC1,IT,all,meanrdm,0.008836269703300365,,,
Random Weights (BN-calibrated),789,3,UPSAMPLED,160,Conv1,V1,cr,persub,0.010818159563067966,0.00632599585359879,0.020055065045174354,0.00607341779043075
Random Weights (BN-calibrated),789,3,UPSAMPLED,160,Conv1,V1,cr,meanrdm,0.016624304865198686,,,
Random Weights (BN-calibrated),789,3,UPSAMPLED,160,Conv1,V1,all,persub,0.009805030041125777,0.0060086779531961865,0.018796865153417785,0.0046095470167633636
Random Weights (BN-calibrated),789,3,UPSAMPLED,160,Conv1,V1,all,meanrdm,0.014937084166631448,,,
Random Weights (BN-calibrated),789,3,UPSAMPLED,160,Conv1,V2,cr,persub,0.004308190708565757,0.0026070762077862334,0.008077893816237951,0.002239602101673087
Random Weights (BN-calibrated),789,3,UPSAMPLED,160,Conv1,V2,cr,meanrdm,0.006396755150520546,,,
Random Weights (BN-calibrated),789,3,UPSAMPLED,160,Conv1,V2,all,persub,0.003826796626657264,0.0025319283145858293,0.008536502144932026,0.0004119594204539373
Random Weights (BN-calibrated),789,3,UPSAMPLED,160,Conv1,V2,all,meanrdm,0.005703778575834619,,,
Random Weights (BN-calibrated),789,3,UPSAMPLED,160,Conv2,V1,cr,persub,0.030070208326005664,0.03067380804729867,0.05084396924896101,0.008692847681757317
Random Weights (BN-calibrated),789,3,UPSAMPLED,160,Conv2,V1,cr,meanrdm,0.0436253743065631,,,
Random Weights (BN-calibrated),789,3,UPSAMPLED,160,Conv2,V1,all,persub,0.02907442006308993,0.02997717163960774,0.04870395740607674,0.008542131143585312
Random Weights (BN-calibrated),789,3,UPSAMPLED,160,Conv2,V1,all,meanrdm,0.042199590254040825,,,
Random Weights (BN-calibrated),789,3,UPSAMPLED,160,Conv2,V2,cr,persub,0.01941500543911448,0.022182523125509612,0.03181900794745633,0.004243485244377497
Random Weights (BN-calibrated),789,3,UPSAMPLED,160,Conv2,V2,cr,meanrdm,0.02912845008721638,,,
Random Weights (BN-calibrated),789,3,UPSAMPLED,160,Conv2,V2,all,persub,0.01894770263379211,0.02222753385718766,0.03184332602259324,0.002772248021595428
Random Weights (BN-calibrated),789,3,UPSAMPLED,160,Conv2,V2,all,meanrdm,0.028289438063444527,,,
Random Weights (BN-calibrated),789,3,UPSAMPLED,160,Conv3,LOC,cr,persub,8.140204145603979e-05,0.0047798918989268675,-0.0012343984837867707,-0.0033012872907719776
Random Weights (BN-calibrated),789,3,UPSAMPLED,160,Conv3,LOC,cr,meanrdm,-0.0011565949662260284,,,
Random Weights (BN-calibrated),789,3,UPSAMPLED,160,Conv3,LOC,all,persub,3.975419055714384e-05,0.0053561192205167,-0.0036150890062975082,-0.00162176764254776
Random Weights (BN-calibrated),789,3,UPSAMPLED,160,Conv3,LOC,all,meanrdm,-0.0008641370081120055,,,
Random Weights (BN-calibrated),789,3,UPSAMPLED,160,FC1,IT,cr,persub,0.004009801111450381,0.004458525616042047,0.006293909167641979,0.0012769685506671174
Random Weights (BN-calibrated),789,3,UPSAMPLED,160,FC1,IT,cr,meanrdm,0.00745662343645674,,,
Random Weights (BN-calibrated),789,3,UPSAMPLED,160,FC1,IT,all,persub,0.003263806123792382,0.004716133848034997,0.0038621111101719095,0.0012131734131702388
Random Weights (BN-calibrated),789,3,UPSAMPLED,160,FC1,IT,all,meanrdm,0.00606653905748432,,,
Random Weights,789,3,UPSAMPLED,224,Conv1,V1,cr,persub,0.053110101821991405,0.05448947771921487,0.08767017071621434,0.017170657030545
Random Weights,789,3,UPSAMPLED,224,Conv1,V1,cr,meanrdm,0.07634699776342888,,,
Random Weights,789,3,UPSAMPLED,224,Conv1,V1,all,persub,0.05261865422020442,0.05340748340629608,0.08782613679537027,0.0166223424589469
Random Weights,789,3,UPSAMPLED,224,Conv1,V1,all,meanrdm,0.07526498457139782,,,
Random Weights,789,3,UPSAMPLED,224,Conv1,V2,cr,persub,0.02809200769427146,0.03310278143076232,0.04804464232701494,0.0031285993250371224
Random Weights,789,3,UPSAMPLED,224,Conv1,V2,cr,meanrdm,0.0421814726070339,,,
Random Weights,789,3,UPSAMPLED,224,Conv1,V2,all,persub,0.028246793683302674,0.033230473236168116,0.049547106013487774,0.00196280180025213
Random Weights,789,3,UPSAMPLED,224,Conv1,V2,all,meanrdm,0.04224543157420403,,,
Random Weights,789,3,UPSAMPLED,224,Conv2,V1,cr,persub,0.057016272601588536,0.05867194948231722,0.09428866519021653,0.018088203132231848
Random Weights,789,3,UPSAMPLED,224,Conv2,V1,cr,meanrdm,0.08146777943521737,,,
Random Weights,789,3,UPSAMPLED,224,Conv2,V1,all,persub,0.056612556219875106,0.057510372141070035,0.09460444624982377,0.01772285026873152
Random Weights,789,3,UPSAMPLED,224,Conv2,V1,all,meanrdm,0.08046364262235,,,
Random Weights,789,3,UPSAMPLED,224,Conv2,V2,cr,persub,0.03126012323202205,0.03565918648135782,0.05457475619350524,0.0035464270212030836
Random Weights,789,3,UPSAMPLED,224,Conv2,V2,cr,meanrdm,0.046813177519390785,,,
Random Weights,789,3,UPSAMPLED,224,Conv2,V2,all,persub,0.03128070501303432,0.03572131139624295,0.05563539132914293,0.002485412313717082
Random Weights,789,3,UPSAMPLED,224,Conv2,V2,all,meanrdm,0.046607025787505765,,,
Random Weights,789,3,UPSAMPLED,224,Conv3,LOC,cr,persub,-0.004205708732088656,0.0032690545013510206,-0.011378577460778885,-0.004507603236838104
Random Weights,789,3,UPSAMPLED,224,Conv3,LOC,cr,meanrdm,-0.00866868033272509,,,
Random Weights,789,3,UPSAMPLED,224,Conv3,LOC,all,persub,-0.00297435662556436,0.004701704081792208,-0.010971507450981919,-0.0026532665075033684
Random Weights,789,3,UPSAMPLED,224,Conv3,LOC,all,meanrdm,-0.006182362696663591,,,
Random Weights,789,3,UPSAMPLED,224,FC1,IT,cr,persub,0.001005196043631025,0.0016250430270728852,-0.002328115695677242,0.003718660799497432
Random Weights,789,3,UPSAMPLED,224,FC1,IT,cr,meanrdm,0.0023386092657032903,,,
Random Weights,789,3,UPSAMPLED,224,FC1,IT,all,persub,0.0016978492458493324,0.002878509708085673,-0.0007914459908331556,0.0030064840202954795
Random Weights,789,3,UPSAMPLED,224,FC1,IT,all,meanrdm,0.0034116015008150867,,,
Backprop,789,3,UPSAMPLED,224,Conv1,V1,cr,persub,0.015484294324585902,0.011967965283968495,0.027392462923589905,0.007092454766199301
Backprop,789,3,UPSAMPLED,224,Conv1,V1,cr,meanrdm,0.02360223645588801,,,
Backprop,789,3,UPSAMPLED,224,Conv1,V1,all,persub,0.014131998837471552,0.010910801971567758,0.025465106979300375,0.006020087561546524
Backprop,789,3,UPSAMPLED,224,Conv1,V1,all,meanrdm,0.021483727791747592,,,
Backprop,789,3,UPSAMPLED,224,Conv1,V2,cr,persub,0.00787384092009318,0.007597637541227074,0.013131947860348128,0.002891937358704337
Backprop,789,3,UPSAMPLED,224,Conv1,V2,cr,meanrdm,0.011575799625319867,,,
Backprop,789,3,UPSAMPLED,224,Conv1,V2,all,persub,0.0070479887936130865,0.007429189060301817,0.012551045277350112,0.001163732043187334
Backprop,789,3,UPSAMPLED,224,Conv1,V2,all,meanrdm,0.01044185928382981,,,
Backprop,789,3,UPSAMPLED,224,Conv2,V1,cr,persub,0.0021588403203001297,0.0039029530605458242,-0.000794000321038487,0.003367568221393052
Backprop,789,3,UPSAMPLED,224,Conv2,V1,cr,meanrdm,0.0035708799750724138,,,
Backprop,789,3,UPSAMPLED,224,Conv2,V1,all,persub,0.0017774687485188952,0.00453424750631321,-0.002467323177154317,0.0032654819163977925
Backprop,789,3,UPSAMPLED,224,Conv2,V1,all,meanrdm,0.0028182043781575733,,,
Backprop,789,3,UPSAMPLED,224,Conv2,V2,cr,persub,0.004197714925459533,0.01015472764520876,0.0007487562816471107,0.0016896608495227255
Backprop,789,3,UPSAMPLED,224,Conv2,V2,cr,meanrdm,0.006145305924662793,,,
Backprop,789,3,UPSAMPLED,224,Conv2,V2,all,persub,0.004029089259896218,0.010335937984617563,0.0006671494557516089,0.0010841803393194832
Backprop,789,3,UPSAMPLED,224,Conv2,V2,all,meanrdm,0.005910227516701817,,,
Backprop,789,3,UPSAMPLED,224,Conv3,LOC,cr,persub,-0.0015818352419651692,0.004710624282314645,-0.007409103181308674,-0.002047026826901478
Backprop,789,3,UPSAMPLED,224,Conv3,LOC,cr,meanrdm,-0.00394527970894147,,,
Backprop,789,3,UPSAMPLED,224,Conv3,LOC,all,persub,-0.0013202894885676452,0.005129152189437898,-0.008821397306357826,-0.00026862334878300764
Backprop,789,3,UPSAMPLED,224,Conv3,LOC,all,meanrdm,-0.0028500411350761198,,,
Backprop,789,3,UPSAMPLED,224,FC1,IT,cr,persub,0.0012496984467363743,0.0044158012723988374,-0.0007931233657072566,0.00012641743351754232
Backprop,789,3,UPSAMPLED,224,FC1,IT,cr,meanrdm,0.0024398895735662537,,,
Backprop,789,3,UPSAMPLED,224,FC1,IT,all,persub,0.0007641440519783,0.00412691836168071,-0.002618681312363579,0.0007841951066177692
Backprop,789,3,UPSAMPLED,224,FC1,IT,all,meanrdm,0.001810299899715846,,,
Feedback Alignment,789,3,UPSAMPLED,224,Conv1,V1,cr,persub,0.004554783585062481,-0.004163819541004736,0.015072314004624178,0.0027558562915680008
Feedback Alignment,789,3,UPSAMPLED,224,Conv1,V1,cr,meanrdm,0.007102434992346231,,,
Feedback Alignment,789,3,UPSAMPLED,224,Conv1,V1,all,persub,0.0032807149540616896,-0.004632860933063191,0.012700439409986018,0.0017745663852622429
Feedback Alignment,789,3,UPSAMPLED,224,Conv1,V1,all,meanrdm,0.005078533497294436,,,
Feedback Alignment,789,3,UPSAMPLED,224,Conv1,V2,cr,persub,0.0034964635252583954,-0.00245547630668151,0.011155799536239139,0.001789067346217556
Feedback Alignment,789,3,UPSAMPLED,224,Conv1,V2,cr,meanrdm,0.005106193022785166,,,
Feedback Alignment,789,3,UPSAMPLED,224,Conv1,V2,all,persub,0.0025697675216972593,-0.0027375721079081123,0.010454662456599898,-7.78778360000865e-06
Feedback Alignment,789,3,UPSAMPLED,224,Conv1,V2,all,meanrdm,0.0036422272668438314,,,
Feedback Alignment,789,3,UPSAMPLED,224,Conv2,V1,cr,persub,0.044977055787303676,0.044018054421335405,0.0777137728239874,0.013199340116588219
Feedback Alignment,789,3,UPSAMPLED,224,Conv2,V1,cr,meanrdm,0.06500013255120314,,,
Feedback Alignment,789,3,UPSAMPLED,224,Conv2,V1,all,persub,0.04426592664137636,0.0434627465549144,0.07543191132869277,0.013903122040521914
Feedback Alignment,789,3,UPSAMPLED,224,Conv2,V1,all,meanrdm,0.06394681777974867,,,
Feedback Alignment,789,3,UPSAMPLED,224,Conv2,V2,cr,persub,0.03132950217712922,0.03291920048952528,0.055568548830611665,0.005500757211250718
Feedback Alignment,789,3,UPSAMPLED,224,Conv2,V2,cr,meanrdm,0.0474798599267163,,,
Feedback Alignment,789,3,UPSAMPLED,224,Conv2,V2,all,persub,0.03091642376830456,0.03294297334958678,0.054976963463809626,0.004829334491517281
Feedback Alignment,789,3,UPSAMPLED,224,Conv2,V2,all,meanrdm,0.046495051782987795,,,
Feedback Alignment,789,3,UPSAMPLED,224,Conv3,LOC,cr,persub,-0.0008912151759775332,0.0056172777603890715,-0.004775591186470075,-0.0035153321018515965
Feedback Alignment,789,3,UPSAMPLED,224,Conv3,LOC,cr,meanrdm,-0.0030181456248309963,,,
Feedback Alignment,789,3,UPSAMPLED,224,Conv3,LOC,all,persub,-0.0005820485179842782,0.006654017254312946,-0.006236895590212284,-0.0021632672180534967
Feedback Alignment,789,3,UPSAMPLED,224,Conv3,LOC,all,meanrdm,-0.0022652308587301283,,,
Feedback Alignment,789,3,UPSAMPLED,224,FC1,IT,cr,persub,0.006387936770281154,0.006422865881454819,0.011461903982094469,0.0012790404472941737
Feedback Alignment,789,3,UPSAMPLED,224,FC1,IT,cr,meanrdm,0.011099329187775401,,,
Feedback Alignment,789,3,UPSAMPLED,224,FC1,IT,all,persub,0.005504267203915998,0.006117488325223959,0.009479169826441407,0.0009161434600826271
Feedback Alignment,789,3,UPSAMPLED,224,FC1,IT,all,meanrdm,0.009518597033832692,,,
Predictive Coding,789,3,UPSAMPLED,224,Conv1,V1,cr,persub,0.015234141323650975,0.012243686737929043,0.026858119257083438,0.006600617975940449
Predictive Coding,789,3,UPSAMPLED,224,Conv1,V1,cr,meanrdm,0.022869316692497813,,,
Predictive Coding,789,3,UPSAMPLED,224,Conv1,V1,all,persub,0.014190863532008054,0.011847916177657403,0.025556445116874254,0.005168229301492504
Predictive Coding,789,3,UPSAMPLED,224,Conv1,V1,all,meanrdm,0.021172589638008176,,,
Predictive Coding,789,3,UPSAMPLED,224,Conv1,V2,cr,persub,0.006843428111611774,0.006334369149749185,0.011982685539214775,0.0022132296458713613
Predictive Coding,789,3,UPSAMPLED,224,Conv1,V2,cr,meanrdm,0.010216067587330265,,,
Predictive Coding,789,3,UPSAMPLED,224,Conv1,V2,all,persub,0.006421354641759954,0.006302903261983624,0.012508301390905356,0.0004528592723908817
Predictive Coding,789,3,UPSAMPLED,224,Conv1,V2,all,meanrdm,0.009623920046465924,,,
Predictive Coding,789,3,UPSAMPLED,224,Conv2,V1,cr,persub,0.030793753715583502,0.03157508911980405,0.05073732973544663,0.010068842291499833
Predictive Coding,789,3,UPSAMPLED,224,Conv2,V1,cr,meanrdm,0.04501124884772625,,,
Predictive Coding,789,3,UPSAMPLED,224,Conv2,V1,all,persub,0.029670916204397584,0.03051413754726833,0.04840289464816147,0.010095716417762933
Predictive Coding,789,3,UPSAMPLED,224,Conv2,V1,all,meanrdm,0.043327803726566465,,,
Predictive Coding,789,3,UPSAMPLED,224,Conv2,V2,cr,persub,0.019968086266031932,0.023264198112672527,0.03186256706322821,0.004777493622195059
Predictive Coding,789,3,UPSAMPLED,224,Conv2,V2,cr,meanrdm,0.03016528586063609,,,
Predictive Coding,789,3,UPSAMPLED,224,Conv2,V2,all,persub,0.019410636162239623,0.023060374550523247,0.031704573766910535,0.0034669601692850897
Predictive Coding,789,3,UPSAMPLED,224,Conv2,V2,all,meanrdm,0.029125241078854853,,,
Predictive Coding,789,3,UPSAMPLED,224,Conv3,LOC,cr,persub,-0.0002228107098545842,0.004915811977356895,-0.0026629135972559962,-0.0029213305096646514
Predictive Coding,789,3,UPSAMPLED,224,Conv3,LOC,cr,meanrdm,-0.0018337641006775656,,,
Predictive Coding,789,3,UPSAMPLED,224,Conv3,LOC,all,persub,-0.00010657571507562468,0.005773283898738369,-0.004672210761265497,-0.0014208002826997458
Predictive Coding,789,3,UPSAMPLED,224,Conv3,LOC,all,meanrdm,-0.0013984633634316682,,,
Predictive Coding,789,3,UPSAMPLED,224,FC1,IT,cr,persub,0.006436147826113588,0.007342670654897533,0.00958263921167123,0.0023831336117720045
Predictive Coding,789,3,UPSAMPLED,224,FC1,IT,cr,meanrdm,0.011162230867335707,,,
Predictive Coding,789,3,UPSAMPLED,224,FC1,IT,all,persub,0.005169314334412993,0.0073053658504707505,0.006387116031884997,0.001815461120883233
Predictive Coding,789,3,UPSAMPLED,224,FC1,IT,all,meanrdm,0.009006127250417354,,,
STDP,789,3,UPSAMPLED,224,Conv1,V1,cr,persub,0.030273688836471704,0.02853247893979375,0.05434843053837462,0.00794015703124675
STDP,789,3,UPSAMPLED,224,Conv1,V1,cr,meanrdm,0.04451219612079429,,,
STDP,789,3,UPSAMPLED,224,Conv1,V1,all,persub,0.028562189791968954,0.026966191869019607,0.05105167647914513,0.0076687010277421315
STDP,789,3,UPSAMPLED,224,Conv1,V1,all,meanrdm,0.04193676802769679,,,
STDP,789,3,UPSAMPLED,224,Conv1,V2,cr,persub,0.016535278432655336,0.01581989865190644,0.03079105881008558,0.0029948778359739853
STDP,789,3,UPSAMPLED,224,Conv1,V2,cr,meanrdm,0.024803390124893757,,,
STDP,789,3,UPSAMPLED,224,Conv1,V2,all,persub,0.015415889071151309,0.015188740168862664,0.029644047646679682,0.0014148793979115767
STDP,789,3,UPSAMPLED,224,Conv1,V2,all,meanrdm,0.023180127677805324,,,
STDP,789,3,UPSAMPLED,224,Conv2,V1,cr,persub,0.03176083251181452,0.031134132518145792,0.055384972978975724,0.008763392038322026
STDP,789,3,UPSAMPLED,224,Conv2,V1,cr,meanrdm,0.04653855011649502,,,
STDP,789,3,UPSAMPLED,224,Conv2,V1,all,persub,0.03011566164016639,0.02973155925228123,0.05212425878608294,0.008491166882134993
STDP,789,3,UPSAMPLED,224,Conv2,V1,all,meanrdm,0.043855301066479335,,,
STDP,789,3,UPSAMPLED,224,Conv2,V2,cr,persub,0.01761358768638104,0.01908850950258318,0.031456076084567984,0.002296177471991955
STDP,789,3,UPSAMPLED,224,Conv2,V2,cr,meanrdm,0.026350339444641838,,,
STDP,789,3,UPSAMPLED,224,Conv2,V2,all,persub,0.016697776667745044,0.01865637143113715,0.03055345471400643,0.0008835038580915596
STDP,789,3,UPSAMPLED,224,Conv2,V2,all,meanrdm,0.025006354667995452,,,
STDP,789,3,UPSAMPLED,224,Conv3,LOC,cr,persub,0.0026065658012315515,0.00719067566246757,0.0018048362791998722,-0.0011758145379727894
STDP,789,3,UPSAMPLED,224,Conv3,LOC,cr,meanrdm,0.0032093426658498887,,,
STDP,789,3,UPSAMPLED,224,Conv3,LOC,all,persub,0.003106931230166222,0.008082310210548808,0.0019742342472365087,-0.0007357507672866518
STDP,789,3,UPSAMPLED,224,Conv3,LOC,all,meanrdm,0.004182897734580463,,,
STDP,789,3,UPSAMPLED,224,FC1,IT,cr,persub,0.005445030925401806,0.00892686608467338,0.005936289621765821,0.0014719370697662162
STDP,789,3,UPSAMPLED,224,FC1,IT,cr,meanrdm,0.009069842811753687,,,
STDP,789,3,UPSAMPLED,224,FC1,IT,all,persub,0.0053505040570563005,0.008862792437858627,0.005797874069073608,0.0013908456642366671
STDP,789,3,UPSAMPLED,224,FC1,IT,all,meanrdm,0.00879625749876923,,,
Random Weights (BN-calibrated),789,3,UPSAMPLED,224,Conv1,V1,cr,persub,0.011713714627073634,0.007245902597411659,0.021565464307419572,0.006329776976389673
Random Weights (BN-calibrated),789,3,UPSAMPLED,224,Conv1,V1,cr,meanrdm,0.01791606248107776,,,
Random Weights (BN-calibrated),789,3,UPSAMPLED,224,Conv1,V1,all,persub,0.010697065222292778,0.006925387190051247,0.0203003474008747,0.004865461075952388
Random Weights (BN-calibrated),789,3,UPSAMPLED,224,Conv1,V1,all,meanrdm,0.016217921686635165,,,
Random Weights (BN-calibrated),789,3,UPSAMPLED,224,Conv1,V2,cr,persub,0.004858380379877822,0.0032872231386793472,0.009045228489812004,0.0022426895111421134
Random Weights (BN-calibrated),789,3,UPSAMPLED,224,Conv1,V2,cr,meanrdm,0.007239937114653792,,,
Random Weights (BN-calibrated),789,3,UPSAMPLED,224,Conv1,V2,all,persub,0.004381244214276354,0.003210717184241436,0.009518375921856158,0.00041463953673146706
Random Weights (BN-calibrated),789,3,UPSAMPLED,224,Conv1,V2,all,meanrdm,0.006546462722574613,,,
Random Weights (BN-calibrated),789,3,UPSAMPLED,224,Conv2,V1,cr,persub,0.031809400012562945,0.03268643826475237,0.05362428353885027,0.009117478234086188
Random Weights (BN-calibrated),789,3,UPSAMPLED,224,Conv2,V1,cr,meanrdm,0.04610083822403471,,,
Random Weights (BN-calibrated),789,3,UPSAMPLED,224,Conv2,V1,all,persub,0.03079749563981814,0.031916519363616835,0.05146294180347991,0.009013025752357677
Random Weights (BN-calibrated),789,3,UPSAMPLED,224,Conv2,V1,all,meanrdm,0.044650639291358644,,,
Random Weights (BN-calibrated),789,3,UPSAMPLED,224,Conv2,V2,cr,persub,0.020604605116112448,0.023560258396766523,0.03390882696984372,0.004344729981727099
Random Weights (BN-calibrated),789,3,UPSAMPLED,224,Conv2,V2,cr,meanrdm,0.030946265478589925,,,
Random Weights (BN-calibrated),789,3,UPSAMPLED,224,Conv2,V2,all,persub,0.02012981305906977,0.023574424018515328,0.033909062290875175,0.0029059528678188123
Random Weights (BN-calibrated),789,3,UPSAMPLED,224,Conv2,V2,all,meanrdm,0.030089873138696908,,,
Random Weights (BN-calibrated),789,3,UPSAMPLED,224,Conv3,LOC,cr,persub,-0.00016821192169777467,0.0045725409835356045,-0.001666989043349607,-0.0034101877052793218
Random Weights (BN-calibrated),789,3,UPSAMPLED,224,Conv3,LOC,cr,meanrdm,-0.0016181827357863263,,,
Random Weights (BN-calibrated),789,3,UPSAMPLED,224,Conv3,LOC,all,persub,-0.00016714270726290613,0.005181815204470219,-0.004049578723228034,-0.0016336646030309034
Random Weights (BN-calibrated),789,3,UPSAMPLED,224,Conv3,LOC,all,meanrdm,-0.0012184481338628924,,,
Random Weights (BN-calibrated),789,3,UPSAMPLED,224,FC1,IT,cr,persub,0.004007199195409286,0.0042585314471010535,0.006361315689907988,0.0014017504492188169
Random Weights (BN-calibrated),789,3,UPSAMPLED,224,FC1,IT,cr,meanrdm,0.007397283501399694,,,
Random Weights (BN-calibrated),789,3,UPSAMPLED,224,FC1,IT,all,persub,0.0032086424357148833,0.004449569423060468,0.003828572730419037,0.0013477851536651438
Random Weights (BN-calibrated),789,3,UPSAMPLED,224,FC1,IT,all,meanrdm,0.005933408623572228,,,
