rule,seed,seed_idx,arm,res,layer,roi,variant,convention,rho,rho_sub-01,rho_sub-02,rho_sub-03
Random Weights,123,1,NATIVE,32,Conv1,V1,cr,persub,0.03984683125733787,0.03725797262366228,0.06842639935732783,0.013856121791023501
Random Weights,123,1,NATIVE,32,Conv1,V1,cr,meanrdm,0.058166786484797325,,,
Random Weights,123,1,NATIVE,32,Conv1,V1,all,persub,0.03923495726478996,0.0369547576131425,0.0680929091758425,0.012657205005384874
Random Weights,123,1,NATIVE,32,Conv1,V1,all,meanrdm,0.05700999936400498,,,
Random Weights,123,1,NATIVE,32,Conv1,V2,cr,persub,0.02035771727047304,0.022422036983606525,0.03605215604484395,0.0025989587829686554
Random Weights,123,1,NATIVE,32,Conv1,V2,cr,meanrdm,0.03082867082832475,,,
Random Weights,123,1,NATIVE,32,Conv1,V2,all,persub,0.02038022537803608,0.02298783205903958,0.03721641564566629,0.0009364284294023701
Random Weights,123,1,NATIVE,32,Conv1,V2,all,meanrdm,0.030798091801385218,,,
Random Weights,123,1,NATIVE,32,Conv2,V1,cr,persub,0.05726738666470973,0.056526775220442145,0.09779784215707486,0.01747754261661216
Random Weights,123,1,NATIVE,32,Conv2,V1,cr,meanrdm,0.08257161065356902,,,
Random Weights,123,1,NATIVE,32,Conv2,V1,all,persub,0.05619827995698842,0.05554156593652523,0.0964150844618572,0.016638189472582828
Random Weights,123,1,NATIVE,32,Conv2,V1,all,meanrdm,0.08057507539208633,,,
Random Weights,123,1,NATIVE,32,Conv2,V2,cr,persub,0.03328984066174142,0.03586498301154068,0.059452823024107156,0.004551715949576418
Random Weights,123,1,NATIVE,32,Conv2,V2,cr,meanrdm,0.05021006654136071,,,
Random Weights,123,1,NATIVE,32,Conv2,V2,all,persub,0.0328417205753092,0.03611096968680636,0.059522727979513856,0.002891464059607393
Random Weights,123,1,NATIVE,32,Conv2,V2,all,meanrdm,0.04916569837220109,,,
Random Weights,123,1,NATIVE,32,Conv3,LOC,cr,persub,0.0007407514615616868,0.0035974920146628294,0.0014695247796297738,-0.0028447624096075426
Random Weights,123,1,NATIVE,32,Conv3,LOC,cr,meanrdm,-0.0002876559450079732,,,
Random Weights,123,1,NATIVE,32,Conv3,LOC,all,persub,0.0015843035356885218,0.005274931854664234,0.0004745881785961891,-0.0009966094261948577
Random Weights,123,1,NATIVE,32,Conv3,LOC,all,meanrdm,0.0017174147441561967,,,
Random Weights,123,1,NATIVE,32,FC1,IT,cr,persub,0.0035745046235282105,0.0010068643377209128,0.005462146316693934,0.004254503216169784
Random Weights,123,1,NATIVE,32,FC1,IT,cr,meanrdm,0.005952032459813776,,,
Random Weights,123,1,NATIVE,32,FC1,IT,all,persub,0.00445514507178792,0.0031861300014708,0.005891170641021693,0.004288134572871266
Random Weights,123,1,NATIVE,32,FC1,IT,all,meanrdm,0.007471887111189716,,,
Backprop,123,1,NATIVE,32,Conv1,V1,cr,persub,0.049857460508307506,0.05124754912860405,0.083231038413886,0.01509379398243249
Backprop,123,1,NATIVE,32,Conv1,V1,cr,meanrdm,0.07345557121442826,,,
Backprop,123,1,NATIVE,32,Conv1,V1,all,persub,0.04813237571889321,0.04965865819312128,0.07978037021348502,0.014958098750073312
Backprop,123,1,NATIVE,32,Conv1,V1,all,meanrdm,0.07078191762571144,,,
Backprop,123,1,NATIVE,32,Conv1,V2,cr,persub,0.031114288816385394,0.029380307514053537,0.057024058711004896,0.006938500224097752
Backprop,123,1,NATIVE,32,Conv1,V2,cr,meanrdm,0.04758388740643565,,,
Backprop,123,1,NATIVE,32,Conv1,V2,all,persub,0.030217758675336968,0.02940986426918709,0.055562381547066775,0.005681030209757029
Backprop,123,1,NATIVE,32,Conv1,V2,all,meanrdm,0.04601557360874188,,,
Backprop,123,1,NATIVE,32,Conv2,V1,cr,persub,0.023305794522315768,0.030317525508244226,0.025105529694290304,0.014494328364412775
Backprop,123,1,NATIVE,32,Conv2,V1,cr,meanrdm,0.036848417317490854,,,
Backprop,123,1,NATIVE,32,Conv2,V1,all,persub,0.022162873748181596,0.030592495530049564,0.022592915324266907,0.013303210390228316
Backprop,123,1,NATIVE,32,Conv2,V1,all,meanrdm,0.034820393735520455,,,
Backprop,123,1,NATIVE,32,Conv2,V2,cr,persub,0.012741095220136852,0.016539220838617696,0.011954796607917173,0.009729268213875684
Backprop,123,1,NATIVE,32,Conv2,V2,cr,meanrdm,0.02030946572700318,,,
Backprop,123,1,NATIVE,32,Conv2,V2,all,persub,0.012010173246496008,0.016975388274307675,0.01073626588764745,0.008318865577532902
Backprop,123,1,NATIVE,32,Conv2,V2,all,meanrdm,0.019016783441176525,,,
Backprop,123,1,NATIVE,32,Conv3,LOC,cr,persub,0.011633280946453294,0.011458982984387469,0.017238254663520598,0.006202605191451815
Backprop,123,1,NATIVE,32,Conv3,LOC,cr,meanrdm,0.018727923449194113,,,
Backprop,123,1,NATIVE,32,Conv3,LOC,all,persub,0.011427418739774271,0.011465095657864558,0.01565647641410862,0.007160684147349636
Backprop,123,1,NATIVE,32,Conv3,LOC,all,meanrdm,0.018451771690607584,,,
Backprop,123,1,NATIVE,32,FC1,IT,cr,persub,0.012781680785859437,0.014378217859074597,0.01805755351034495,0.005909270988158767
Backprop,123,1,NATIVE,32,FC1,IT,cr,meanrdm,0.02038345178269311,,,
Backprop,123,1,NATIVE,32,FC1,IT,all,persub,0.012644924085843884,0.013840167910866109,0.017713762424401994,0.006380841922263554
Backprop,123,1,NATIVE,32,FC1,IT,all,meanrdm,0.01982027066415868,,,
Feedback Alignment,123,1,NATIVE,32,Conv1,V1,cr,persub,0.016902930059928444,0.011413976526147453,0.032083474940085066,0.0072113387135528196
Feedback Alignment,123,1,NATIVE,32,Conv1,V1,cr,meanrdm,0.025940436532086292,,,
Feedback Alignment,123,1,NATIVE,32,Conv1,V1,all,persub,0.015310170392041163,0.010333727067185647,0.029302799297748882,0.006293984811188959
Feedback Alignment,123,1,NATIVE,32,Conv1,V1,all,meanrdm,0.023542209810798066,,,
Feedback Alignment,123,1,NATIVE,32,Conv1,V2,cr,persub,0.008453188686043918,0.0036202993021230826,0.018714037921999674,0.003025228834008996
Feedback Alignment,123,1,NATIVE,32,Conv1,V2,cr,meanrdm,0.01264608857861937,,,
Feedback Alignment,123,1,NATIVE,32,Conv1,V2,all,persub,0.007528118837213024,0.003300263474928853,0.017848026054619895,0.001436066982090321
Feedback Alignment,123,1,NATIVE,32,Conv1,V2,all,meanrdm,0.011225850228938478,,,
Feedback Alignment,123,1,NATIVE,32,Conv2,V1,cr,persub,0.01847855850291341,0.015388977134302715,0.03225717434516477,0.0077895240292727526
Feedback Alignment,123,1,NATIVE,32,Conv2,V1,cr,meanrdm,0.028251565804340795,,,
Feedback Alignment,123,1,NATIVE,32,Conv2,V1,all,persub,0.017150498211453372,0.014991168046399054,0.02932874270088918,0.007131583887071877
Feedback Alignment,123,1,NATIVE,32,Conv2,V1,all,meanrdm,0.026273850783663715,,,
Feedback Alignment,123,1,NATIVE,32,Conv2,V2,cr,persub,0.008505788604282674,0.006379783805166344,0.016192005644050853,0.002945576363630824
Feedback Alignment,123,1,NATIVE,32,Conv2,V2,cr,meanrdm,0.012884675448023299,,,
Feedback Alignment,123,1,NATIVE,32,Conv2,V2,all,persub,0.007959711135720542,0.007225551996922344,0.014945272264952956,0.001708309145286326
Feedback Alignment,123,1,NATIVE,32,Conv2,V2,all,meanrdm,0.011839346193839036,,,
Feedback Alignment,123,1,NATIVE,32,Conv3,LOC,cr,persub,0.003636592345037794,0.0064533764747222245,0.004701499541961178,-0.0002450989815700204
Feedback Alignment,123,1,NATIVE,32,Conv3,LOC,cr,meanrdm,0.005934885162363766,,,
Feedback Alignment,123,1,NATIVE,32,Conv3,LOC,all,persub,0.0028637384559836495,0.006212884079604181,0.003272707169698753,-0.0008943758813519855
Feedback Alignment,123,1,NATIVE,32,Conv3,LOC,all,meanrdm,0.00445118813429672,,,
Feedback Alignment,123,1,NATIVE,32,FC1,IT,cr,persub,0.0056342324583500214,0.00740197075151826,0.00966046237608819,-0.00015973575255638224
Feedback Alignment,123,1,NATIVE,32,FC1,IT,cr,meanrdm,0.009380262474626696,,,
Feedback Alignment,123,1,NATIVE,32,FC1,IT,all,persub,0.0050952011005744825,0.006866261776006838,0.008447841755663496,-2.8500229946887637e-05
Feedback Alignment,123,1,NATIVE,32,FC1,IT,all,meanrdm,0.008365609018179433,,,
Predictive Coding,123,1,NATIVE,32,Conv1,V1,cr,persub,0.015998308175870845,0.011864677278064126,0.029466265045089216,0.0066639822044592
Predictive Coding,123,1,NATIVE,32,Conv1,V1,cr,meanrdm,0.024143355566547106,,,
Predictive Coding,123,1,NATIVE,32,Conv1,V1,all,persub,0.014683519144545604,0.011260504493695925,0.02721649140619721,0.005573561533743676
Predictive Coding,123,1,NATIVE,32,Conv1,V1,all,meanrdm,0.022207361041599316,,,
Predictive Coding,123,1,NATIVE,32,Conv1,V2,cr,persub,0.007713272287444323,0.00455968633781682,0.016236172491396934,0.002343958033119216
Predictive Coding,123,1,NATIVE,32,Conv1,V2,cr,meanrdm,0.011703453249885568,,,
Predictive Coding,123,1,NATIVE,32,Conv1,V2,all,persub,0.007087987313735923,0.004503475538089531,0.015782373745827256,0.0009781126572909827
Predictive Coding,123,1,NATIVE,32,Conv1,V2,all,meanrdm,0.010729992777545785,,,
Predictive Coding,123,1,NATIVE,32,Conv2,V1,cr,persub,0.01652780869972748,0.01470187876583625,0.02887147466208492,0.006010072671261273
Predictive Coding,123,1,NATIVE,32,Conv2,V1,cr,meanrdm,0.0250395688123206,,,
Predictive Coding,123,1,NATIVE,32,Conv2,V1,all,persub,0.015238872765289619,0.01394508213777484,0.026666282157714948,0.005105254000379068
Predictive Coding,123,1,NATIVE,32,Conv2,V1,all,meanrdm,0.022990802292798925,,,
Predictive Coding,123,1,NATIVE,32,Conv2,V2,cr,persub,0.007927368666345734,0.006276025703447034,0.01595583949658183,0.001550240799008337
Predictive Coding,123,1,NATIVE,32,Conv2,V2,cr,meanrdm,0.011303523223016395,,,
Predictive Coding,123,1,NATIVE,32,Conv2,V2,all,persub,0.007177782559949888,0.006184192845183098,0.0149035547594136,0.00044560007525296536
Predictive Coding,123,1,NATIVE,32,Conv2,V2,all,meanrdm,0.01008685096151968,,,
Predictive Coding,123,1,NATIVE,32,Conv3,LOC,cr,persub,0.004255296498431924,0.00530646851875674,0.006499090168144888,0.0009603308083941462
Predictive Coding,123,1,NATIVE,32,Conv3,LOC,cr,meanrdm,0.006923071219121895,,,
Predictive Coding,123,1,NATIVE,32,Conv3,LOC,all,persub,0.0034937447581123507,0.004986986871392776,0.004472532049934426,0.0010217153530098497
Predictive Coding,123,1,NATIVE,32,Conv3,LOC,all,meanrdm,0.005433072463712287,,,
Predictive Coding,123,1,NATIVE,32,FC1,IT,cr,persub,0.010166105437604005,0.010721448736997109,0.02076491232532058,-0.0009880447495056734
Predictive Coding,123,1,NATIVE,32,FC1,IT,cr,meanrdm,0.016732449727731188,,,
Predictive Coding,123,1,NATIVE,32,FC1,IT,all,persub,0.008739825700009142,0.009377519943921933,0.017032269449764582,-0.00019031229365909166
Predictive Coding,123,1,NATIVE,32,FC1,IT,all,meanrdm,0.01426158254536675,,,
STDP,123,1,NATIVE,32,Conv1,V1,cr,persub,0.04322938733139104,0.03853622915876551,0.07918262426904556,0.011969308566362065
STDP,123,1,NATIVE,32,Conv1,V1,cr,meanrdm,0.06373403718968032,,,
STDP,123,1,NATIVE,32,Conv1,V1,all,persub,0.04116814105693789,0.03705206963381198,0.07505117717755912,0.011401176359442565
STDP,123,1,NATIVE,32,Conv1,V1,all,meanrdm,0.06060127200955072,,,
STDP,123,1,NATIVE,32,Conv1,V2,cr,persub,0.027357757664238105,0.023832843883945142,0.05439053394035435,0.0038498951684148353
STDP,123,1,NATIVE,32,Conv1,V2,cr,meanrdm,0.04170198330598126,,,
STDP,123,1,NATIVE,32,Conv1,V2,all,persub,0.02616736859782584,0.02378483289863226,0.05209107897595591,0.002626193918889346
STDP,123,1,NATIVE,32,Conv1,V2,all,meanrdm,0.039664541910150605,,,
STDP,123,1,NATIVE,32,Conv2,V1,cr,persub,0.04628745101245634,0.041788326176407105,0.08056052653329425,0.01651350032766766
STDP,123,1,NATIVE,32,Conv2,V1,cr,meanrdm,0.06909445194709377,,,
STDP,123,1,NATIVE,32,Conv2,V1,all,persub,0.04434784972723154,0.04095572598672914,0.07594574238952238,0.016142080805443083
STDP,123,1,NATIVE,32,Conv2,V1,all,meanrdm,0.06607440319729936,,,
STDP,123,1,NATIVE,32,Conv2,V2,cr,persub,0.029004040588430254,0.02667892994009116,0.054721038791231476,0.00561215303396813
STDP,123,1,NATIVE,32,Conv2,V2,cr,meanrdm,0.04410130657208786,,,
STDP,123,1,NATIVE,32,Conv2,V2,all,persub,0.02785138685944601,0.027228627253851837,0.051568853534102746,0.004756679790383454
STDP,123,1,NATIVE,32,Conv2,V2,all,meanrdm,0.042104875111358755,,,
STDP,123,1,NATIVE,32,Conv3,LOC,cr,persub,0.0036933231624798626,0.005685857928279877,0.00405665850143926,0.0013374530577204495
STDP,123,1,NATIVE,32,Conv3,LOC,cr,meanrdm,0.005551332912933913,,,
STDP,123,1,NATIVE,32,Conv3,LOC,all,persub,0.0032001205279499644,0.005753039827084588,0.0027518357857407695,0.0010954859710245346
STDP,123,1,NATIVE,32,Conv3,LOC,all,meanrdm,0.0045311819766683595,,,
STDP,123,1,NATIVE,32,FC1,IT,cr,persub,0.008850597783094155,0.00632513191561183,0.018782152223315637,0.0014445092103549995
STDP,123,1,NATIVE,32,FC1,IT,cr,meanrdm,0.014080571796295639,,,
STDP,123,1,NATIVE,32,FC1,IT,all,persub,0.008722321034489751,0.007540193358266514,0.017166160103215523,0.001460609641987215
STDP,123,1,NATIVE,32,FC1,IT,all,meanrdm,0.013539399600739526,,,
Random Weights (BN-calibrated),123,1,NATIVE,32,Conv1,V1,cr,persub,0.008408728229958537,0.0038652822960876234,0.016754410847442024,0.0046064915463459675
Random Weights (BN-calibrated),123,1,NATIVE,32,Conv1,V1,cr,meanrdm,0.013068409354116451,,,
Random Weights (BN-calibrated),123,1,NATIVE,32,Conv1,V1,all,persub,0.007085687872916843,0.0033250788702697113,0.014386684689385464,0.0035453000590953553
Random Weights (BN-calibrated),123,1,NATIVE,32,Conv1,V1,all,meanrdm,0.011127350598500936,,,
Random Weights (BN-calibrated),123,1,NATIVE,32,Conv1,V2,cr,persub,0.0034763814673443565,-0.0005353024643618821,0.008979146075349715,0.0019853007910452364
Random Weights (BN-calibrated),123,1,NATIVE,32,Conv1,V2,cr,meanrdm,0.005083148936415624,,,
Random Weights (BN-calibrated),123,1,NATIVE,32,Conv1,V2,all,persub,0.0027601384644841014,-0.0006796287452411996,0.00830612409347676,0.0006539200452167441
Random Weights (BN-calibrated),123,1,NATIVE,32,Conv1,V2,all,meanrdm,0.0040193025998707865,,,
Random Weights (BN-calibrated),123,1,NATIVE,32,Conv2,V1,cr,persub,0.01419432461694303,0.010960565412386087,0.026589792278509484,0.00503261615993352
Random Weights (BN-calibrated),123,1,NATIVE,32,Conv2,V1,cr,meanrdm,0.021684690688819726,,,
Random Weights (BN-calibrated),123,1,NATIVE,32,Conv2,V1,all,persub,0.012781535318339525,0.010522744553786465,0.02323192347310717,0.00458993792812494
Random Weights (BN-calibrated),123,1,NATIVE,32,Conv2,V1,all,meanrdm,0.019623392370029566,,,
Random Weights (BN-calibrated),123,1,NATIVE,32,Conv2,V2,cr,persub,0.008030458018325633,0.004066240541708195,0.016782784301023677,0.0032423492122450287
Random Weights (BN-calibrated),123,1,NATIVE,32,Conv2,V2,cr,meanrdm,0.011854015541474553,,,
Random Weights (BN-calibrated),123,1,NATIVE,32,Conv2,V2,all,persub,0.007171586838576926,0.004145708878120033,0.015228385829078137,0.0021406658085326093
Random Weights (BN-calibrated),123,1,NATIVE,32,Conv2,V2,all,meanrdm,0.010407582086609834,,,
Random Weights (BN-calibrated),123,1,NATIVE,32,Conv3,LOC,cr,persub,0.004947550916892188,0.006487853057504309,0.0076946307183096176,0.000660168974862637
Random Weights (BN-calibrated),123,1,NATIVE,32,Conv3,LOC,cr,meanrdm,0.008074298067896625,,,
Random Weights (BN-calibrated),123,1,NATIVE,32,Conv3,LOC,all,persub,0.004200734583560491,0.006149472026318488,0.005765291697290458,0.0006874400270725281
Random Weights (BN-calibrated),123,1,NATIVE,32,Conv3,LOC,all,meanrdm,0.0065905499620617595,,,
Random Weights (BN-calibrated),123,1,NATIVE,32,FC1,IT,cr,persub,0.006619051378070998,0.00679396887717842,0.010255575653866452,0.0028076096031681218
Random Weights (BN-calibrated),123,1,NATIVE,32,FC1,IT,cr,meanrdm,0.010990869179047017,,,
Random Weights (BN-calibrated),123,1,NATIVE,32,FC1,IT,all,persub,0.006276911555192516,0.006718891638605918,0.00930189363559556,0.0028099493913760713
Random Weights (BN-calibrated),123,1,NATIVE,32,FC1,IT,all,meanrdm,0.010125219188752917,,,
Random Weights,123,1,NATIVE,64,Conv1,V1,cr,persub,0.041584350323340596,0.03923841491544663,0.07125487364235572,0.014259762412219427
Random Weights,123,1,NATIVE,64,Conv1,V1,cr,meanrdm,0.06065490289796695,,,
Random Weights,123,1,NATIVE,64,Conv1,V1,all,persub,0.0409292406538745,0.038985937215386124,0.07081088006171149,0.012990904684525892
Random Weights,123,1,NATIVE,64,Conv1,V1,all,meanrdm,0.05938876298583875,,,
Random Weights,123,1,NATIVE,64,Conv1,V2,cr,persub,0.021882228227121447,0.02410090744894599,0.03890738778071264,0.002638389451705707
Random Weights,123,1,NATIVE,64,Conv1,V2,cr,meanrdm,0.03321124890667406,,,
Random Weights,123,1,NATIVE,64,Conv1,V2,all,persub,0.021853958126832634,0.024728939266015208,0.03992664750828747,0.0009062876061952188
Random Weights,123,1,NATIVE,64,Conv1,V2,all,meanrdm,0.033042225881920725,,,
Random Weights,123,1,NATIVE,64,Conv2,V1,cr,persub,0.0603537454785335,0.06130953986704503,0.10217494771221283,0.017576748856342618
Random Weights,123,1,NATIVE,64,Conv2,V1,cr,meanrdm,0.08700211405442543,,,
Random Weights,123,1,NATIVE,64,Conv2,V1,all,persub,0.05930020466754019,0.06029240026081957,0.1008366022258871,0.0167716115159139
Random Weights,123,1,NATIVE,64,Conv2,V1,all,meanrdm,0.08503362199953379,,,
Random Weights,123,1,NATIVE,64,Conv2,V2,cr,persub,0.03521731534136722,0.038740376963961425,0.06289820773923663,0.004013361320903589
Random Weights,123,1,NATIVE,64,Conv2,V2,cr,meanrdm,0.05311391510077425,,,
Random Weights,123,1,NATIVE,64,Conv2,V2,all,persub,0.034755784547908015,0.038904333541904174,0.06296939255641032,0.0023936275454095484
Random Weights,123,1,NATIVE,64,Conv2,V2,all,meanrdm,0.052038486605721676,,,
Random Weights,123,1,NATIVE,64,Conv3,LOC,cr,persub,-0.0004923124343566367,0.0038820430441770843,-0.0017855023476266128,-0.0035734779996203815
Random Weights,123,1,NATIVE,64,Conv3,LOC,cr,meanrdm,-0.0025565066723420046,,,
Random Weights,123,1,NATIVE,64,Conv3,LOC,all,persub,0.0003254004416745999,0.00551172049227066,-0.0026385861604856726,-0.0018969330067611881
Random Weights,123,1,NATIVE,64,Conv3,LOC,all,meanrdm,-0.0007290374050487048,,,
Random Weights,123,1,NATIVE,64,FC1,IT,cr,persub,0.0036381657476434524,0.0008750318401938638,0.005158448470937806,0.004881016931798687
Random Weights,123,1,NATIVE,64,FC1,IT,cr,meanrdm,0.00558320229701834,,,
Random Weights,123,1,NATIVE,64,FC1,IT,all,persub,0.004347416266638829,0.002989941137648305,0.005672282369793002,0.00438002529247518
Random Weights,123,1,NATIVE,64,FC1,IT,all,meanrdm,0.006687612116221981,,,
Backprop,123,1,NATIVE,64,Conv1,V1,cr,persub,0.04170908392069849,0.042988800028208096,0.06806071060428316,0.014077741129604197
Backprop,123,1,NATIVE,64,Conv1,V1,cr,meanrdm,0.062216605294853074,,,
Backprop,123,1,NATIVE,64,Conv1,V1,all,persub,0.04004871871981871,0.0415243976907845,0.06501547740655933,0.013606281062112285
Backprop,123,1,NATIVE,64,Conv1,V1,all,meanrdm,0.05959917885155509,,,
Backprop,123,1,NATIVE,64,Conv1,V2,cr,persub,0.024699219893242128,0.02316866127831267,0.04432030172493533,0.00660869667647838
Backprop,123,1,NATIVE,64,Conv1,V2,cr,meanrdm,0.03774973688173181,,,
Backprop,123,1,NATIVE,64,Conv1,V2,all,persub,0.02378321126148013,0.02318335861197282,0.04304282370784354,0.005123451464624038
Backprop,123,1,NATIVE,64,Conv1,V2,all,meanrdm,0.036140359297839285,,,
Backprop,123,1,NATIVE,64,Conv2,V1,cr,persub,-0.007462079239026036,-0.0062577125259423005,-0.026120717419038198,0.009992192227902387
Backprop,123,1,NATIVE,64,Conv2,V1,cr,meanrdm,-0.0070540305236699175,,,
Backprop,123,1,NATIVE,64,Conv2,V1,all,persub,-0.00853935103985415,-0.004628612549607787,-0.028421127364889272,0.007431686794934608
Backprop,123,1,NATIVE,64,Conv2,V1,all,meanrdm,-0.009176045417335016,,,
Backprop,123,1,NATIVE,64,Conv2,V2,cr,persub,-0.005716094532837329,-0.0029097824786290813,-0.023168648713080057,0.00893014759319715
Backprop,123,1,NATIVE,64,Conv2,V2,cr,meanrdm,-0.008137899653660739,,,
Backprop,123,1,NATIVE,64,Conv2,V2,all,persub,-0.006801318158027188,-0.0020058390875541,-0.02439439892008837,0.0059962835335609045
Backprop,123,1,NATIVE,64,Conv2,V2,all,meanrdm,-0.01004180287593735,,,
Backprop,123,1,NATIVE,64,Conv3,LOC,cr,persub,0.012701399377291868,0.010674675224955188,0.019953924411694517,0.007475598495225901
Backprop,123,1,NATIVE,64,Conv3,LOC,cr,meanrdm,0.021657597345577435,,,
Backprop,123,1,NATIVE,64,Conv3,LOC,all,persub,0.011915813118266979,0.010308607613849533,0.0173162069929359,0.008122624748015507
Backprop,123,1,NATIVE,64,Conv3,LOC,all,meanrdm,0.020300066305065378,,,
Backprop,123,1,NATIVE,64,FC1,IT,cr,persub,0.013673498226569353,0.014982406883120018,0.017696264909201138,0.008341822887386899
Backprop,123,1,NATIVE,64,FC1,IT,cr,meanrdm,0.022086152361683386,,,
Backprop,123,1,NATIVE,64,FC1,IT,all,persub,0.01286094219376678,0.015139786963187771,0.016512868591968696,0.006930171026143875
Backprop,123,1,NATIVE,64,FC1,IT,all,meanrdm,0.020077345896358356,,,
Feedback Alignment,123,1,NATIVE,64,Conv1,V1,cr,persub,0.012618942980924525,0.006804017566960624,0.024691420218280496,0.006361391157532454
Feedback Alignment,123,1,NATIVE,64,Conv1,V1,cr,meanrdm,0.019781666924998834,,,
Feedback Alignment,123,1,NATIVE,64,Conv1,V1,all,persub,0.011068889044781953,0.005979470911315867,0.022091009501809936,0.005136186721220056
Feedback Alignment,123,1,NATIVE,64,Conv1,V1,all,meanrdm,0.017386644541977057,,,
Feedback Alignment,123,1,NATIVE,64,Conv1,V2,cr,persub,0.00580801750292572,0.0011128956559320472,0.013398298944831322,0.0029128579080137888
Feedback Alignment,123,1,NATIVE,64,Conv1,V2,cr,meanrdm,0.008593351328392085,,,
Feedback Alignment,123,1,NATIVE,64,Conv1,V2,all,persub,0.004826079344430492,0.00077033599822619,0.012724344599347924,0.0009835574357173649
Feedback Alignment,123,1,NATIVE,64,Conv1,V2,all,meanrdm,0.007065109064518455,,,
Feedback Alignment,123,1,NATIVE,64,Conv2,V1,cr,persub,0.012544665983583295,0.00898700853572056,0.020922993939020185,0.007723995476009137
Feedback Alignment,123,1,NATIVE,64,Conv2,V1,cr,meanrdm,0.01990173841834869,,,
Feedback Alignment,123,1,NATIVE,64,Conv2,V1,all,persub,0.011237206962789537,0.009103466117477848,0.018183184680330606,0.006424970090560157
Feedback Alignment,123,1,NATIVE,64,Conv2,V1,all,meanrdm,0.01778192315412356,,,
Feedback Alignment,123,1,NATIVE,64,Conv2,V2,cr,persub,0.005504258005027847,0.004234624336718357,0.008287959239668805,0.003990190438696377
Feedback Alignment,123,1,NATIVE,64,Conv2,V2,cr,meanrdm,0.008313528258495073,,,
Feedback Alignment,123,1,NATIVE,64,Conv2,V2,all,persub,0.004811170059105673,0.0049073699712609,0.007490244375889242,0.002035895830166878
Feedback Alignment,123,1,NATIVE,64,Conv2,V2,all,meanrdm,0.006990740809264974,,,
Feedback Alignment,123,1,NATIVE,64,Conv3,LOC,cr,persub,0.003698598693712094,0.006673821624726829,0.005059862664285918,-0.000637888207876466
Feedback Alignment,123,1,NATIVE,64,Conv3,LOC,cr,meanrdm,0.006452515023419161,,,
Feedback Alignment,123,1,NATIVE,64,Conv3,LOC,all,persub,0.0032150058395597186,0.006518864411598411,0.0038563295267081115,-0.000730176419627366
Feedback Alignment,123,1,NATIVE,64,Conv3,LOC,all,meanrdm,0.005507117906984448,,,
Feedback Alignment,123,1,NATIVE,64,FC1,IT,cr,persub,0.007553889375289451,0.008968450286672201,0.010968499388281571,0.0027247184509145814
Feedback Alignment,123,1,NATIVE,64,FC1,IT,cr,meanrdm,0.012962517845330214,,,
Feedback Alignment,123,1,NATIVE,64,FC1,IT,all,persub,0.006569050184889332,0.008111526498310168,0.00953701910796651,0.0020586049483913185
Feedback Alignment,123,1,NATIVE,64,FC1,IT,all,meanrdm,0.011058584347740272,,,
Predictive Coding,123,1,NATIVE,64,Conv1,V1,cr,persub,0.013416795481513663,0.0083828994160054,0.025910539315038315,0.005956947713497275
Predictive Coding,123,1,NATIVE,64,Conv1,V1,cr,meanrdm,0.020530622476020128,,,
Predictive Coding,123,1,NATIVE,64,Conv1,V1,all,persub,0.012104603915773567,0.007923940548252396,0.02372753106093215,0.004662340138136152
Predictive Coding,123,1,NATIVE,64,Conv1,V1,all,meanrdm,0.018533688795049526,,,
Predictive Coding,123,1,NATIVE,64,Conv1,V2,cr,persub,0.006454692617803153,0.002627678024553849,0.014430415469505341,0.00230598435935027
Predictive Coding,123,1,NATIVE,64,Conv1,V2,cr,meanrdm,0.009903651437507259,,,
Predictive Coding,123,1,NATIVE,64,Conv1,V2,all,persub,0.005765057180707034,0.0026863189717348662,0.01398090941480114,0.0006279431555850981
Predictive Coding,123,1,NATIVE,64,Conv1,V2,all,meanrdm,0.008807079196958225,,,
Predictive Coding,123,1,NATIVE,64,Conv2,V1,cr,persub,0.016194088968715038,0.013254108563896737,0.02943631261999709,0.005891845722251278
Predictive Coding,123,1,NATIVE,64,Conv2,V1,cr,meanrdm,0.02483864114481103,,,
Predictive Coding,123,1,NATIVE,64,Conv2,V1,all,persub,0.014910818798605742,0.012838256590918369,0.02697467486606085,0.004919524938838009
Predictive Coding,123,1,NATIVE,64,Conv2,V1,all,meanrdm,0.022687752403249647,,,
Predictive Coding,123,1,NATIVE,64,Conv2,V2,cr,persub,0.00794936097986232,0.005774405716488571,0.016168212565527015,0.001905464657571372
Predictive Coding,123,1,NATIVE,64,Conv2,V2,cr,meanrdm,0.011557218767130442,,,
Predictive Coding,123,1,NATIVE,64,Conv2,V2,all,persub,0.007200081688204817,0.006009105341777826,0.015001545948800935,0.0005895937740356885
Predictive Coding,123,1,NATIVE,64,Conv2,V2,all,meanrdm,0.010375029459615796,,,
Predictive Coding,123,1,NATIVE,64,Conv3,LOC,cr,persub,0.004636230220163746,0.0051910099867995205,0.008130346342188564,0.0005873343315031538
Predictive Coding,123,1,NATIVE,64,Conv3,LOC,cr,meanrdm,0.00801324902033673,,,
Predictive Coding,123,1,NATIVE,64,Conv3,LOC,all,persub,0.0037352079625503644,0.004467681025561018,0.00559710328389734,0.0011408395781927344
Predictive Coding,123,1,NATIVE,64,Conv3,LOC,all,meanrdm,0.0063054154809972715,,,
Predictive Coding,123,1,NATIVE,64,FC1,IT,cr,persub,0.011136271643207138,0.010922593803978288,0.021925183211956814,0.0005610379136863152
Predictive Coding,123,1,NATIVE,64,FC1,IT,cr,meanrdm,0.018454087385843816,,,
Predictive Coding,123,1,NATIVE,64,FC1,IT,all,persub,0.009371924492835096,0.009568975277098967,0.01780898003840378,0.0007378181630025418
Predictive Coding,123,1,NATIVE,64,FC1,IT,all,meanrdm,0.015243305586628213,,,
STDP,123,1,NATIVE,64,Conv1,V1,cr,persub,0.03740184195461088,0.03387992818581295,0.06788689270884327,0.01043870496917643
STDP,123,1,NATIVE,64,Conv1,V1,cr,meanrdm,0.055434049964213424,,,
STDP,123,1,NATIVE,64,Conv1,V1,all,persub,0.03569000047173213,0.0327277842336893,0.06441989599303184,0.009922321188475254
STDP,123,1,NATIVE,64,Conv1,V1,all,meanrdm,0.05284813374952071,,,
STDP,123,1,NATIVE,64,Conv1,V2,cr,persub,0.023081243558081565,0.019947224483332242,0.0458030354153423,0.0034934707755701466
STDP,123,1,NATIVE,64,Conv1,V2,cr,meanrdm,0.03516945029501928,,,
STDP,123,1,NATIVE,64,Conv1,V2,all,persub,0.022071708165485676,0.020058129820869273,0.0440304817907011,0.002126512884886668
STDP,123,1,NATIVE,64,Conv1,V2,all,meanrdm,0.0334724813820263,,,
STDP,123,1,NATIVE,64,Conv2,V1,cr,persub,0.03791981562287664,0.03648581423990537,0.062282957726904696,0.014990674901819868
STDP,123,1,NATIVE,64,Conv2,V1,cr,meanrdm,0.05708562785209606,,,
STDP,123,1,NATIVE,64,Conv2,V1,all,persub,0.036151005463373846,0.03551257514283884,0.05849458764857831,0.014445853598704391
STDP,123,1,NATIVE,64,Conv2,V1,all,meanrdm,0.054299714805759826,,,
STDP,123,1,NATIVE,64,Conv2,V2,cr,persub,0.022819170665105207,0.023214923091739954,0.04049232382410316,0.004750265079472497
STDP,123,1,NATIVE,64,Conv2,V2,cr,meanrdm,0.03411336666552439,,,
STDP,123,1,NATIVE,64,Conv2,V2,all,persub,0.021601756291521557,0.023159671764131085,0.037866169260643526,0.0037794278497900596
STDP,123,1,NATIVE,64,Conv2,V2,all,meanrdm,0.032151080831319276,,,
STDP,123,1,NATIVE,64,Conv3,LOC,cr,persub,0.0037926835902118896,0.006199971524545373,0.004393115078684926,0.0007849641674053694
STDP,123,1,NATIVE,64,Conv3,LOC,cr,meanrdm,0.006013726644965601,,,
STDP,123,1,NATIVE,64,Conv3,LOC,all,persub,0.0036427508262886696,0.006634435937370878,0.00326717726931551,0.001026639272179621
STDP,123,1,NATIVE,64,Conv3,LOC,all,meanrdm,0.005470325165771413,,,
STDP,123,1,NATIVE,64,FC1,IT,cr,persub,0.011399447685457332,0.007005948247972556,0.02326917124896092,0.0039232235594385215
STDP,123,1,NATIVE,64,FC1,IT,cr,meanrdm,0.019117059045559492,,,
STDP,123,1,NATIVE,64,FC1,IT,all,persub,0.011076902196091342,0.00857466225871484,0.021474857985998064,0.003181186343561123
STDP,123,1,NATIVE,64,FC1,IT,all,meanrdm,0.017703324524410265,,,
Random Weights (BN-calibrated),123,1,NATIVE,64,Conv1,V1,cr,persub,0.006108327512720828,0.00020084057675247454,0.014163813442342084,0.003960328519067927
Random Weights (BN-calibrated),123,1,NATIVE,64,Conv1,V1,cr,meanrdm,0.009831993818394445,,,
Random Weights (BN-calibrated),123,1,NATIVE,64,Conv1,V1,all,persub,0.004846007218826438,-0.00013661312023047537,0.01197731059147409,0.0026973241852357006
Random Weights (BN-calibrated),123,1,NATIVE,64,Conv1,V1,all,meanrdm,0.007917701691103694,,,
Random Weights (BN-calibrated),123,1,NATIVE,64,Conv1,V2,cr,persub,0.002285245863042441,-0.002439575247640246,0.007359274271136539,0.0019360385656310287
Random Weights (BN-calibrated),123,1,NATIVE,64,Conv1,V2,cr,meanrdm,0.0033743490851389163,,,
Random Weights (BN-calibrated),123,1,NATIVE,64,Conv1,V2,all,persub,0.001560570542827714,-0.0024795566035993406,0.006902844115946728,0.0002584241161357544
Random Weights (BN-calibrated),123,1,NATIVE,64,Conv1,V2,all,meanrdm,0.0022760884724995004,,,
Random Weights (BN-calibrated),123,1,NATIVE,64,Conv2,V1,cr,persub,0.009087637197628026,0.003567780462593378,0.019107275727551748,0.00458785540273895
Random Weights (BN-calibrated),123,1,NATIVE,64,Conv2,V1,cr,meanrdm,0.014752479605147356,,,
Random Weights (BN-calibrated),123,1,NATIVE,64,Conv2,V1,all,persub,0.007588194863519218,0.0036280898732466713,0.015468623814209067,0.0036678709031019168
Random Weights (BN-calibrated),123,1,NATIVE,64,Conv2,V1,all,meanrdm,0.012343611735300027,,,
Random Weights (BN-calibrated),123,1,NATIVE,64,Conv2,V2,cr,persub,0.005637348910142285,0.0008423195161031648,0.012252683805001467,0.0038170434093222215
Random Weights (BN-calibrated),123,1,NATIVE,64,Conv2,V2,cr,meanrdm,0.008377553310262815,,,
Random Weights (BN-calibrated),123,1,NATIVE,64,Conv2,V2,all,persub,0.004571552548920585,0.0011342446611189076,0.010458648494295456,0.00212176449134739
Random Weights (BN-calibrated),123,1,NATIVE,64,Conv2,V2,all,meanrdm,0.006611728993486123,,,
Random Weights (BN-calibrated),123,1,NATIVE,64,Conv3,LOC,cr,persub,0.005098058125826068,0.006062717007437462,0.008745530677296876,0.00048592669274386533
Random Weights (BN-calibrated),123,1,NATIVE,64,Conv3,LOC,cr,meanrdm,0.008921774895951936,,,
Random Weights (BN-calibrated),123,1,NATIVE,64,Conv3,LOC,all,persub,0.0043029145419625344,0.005545571401529697,0.006408482800196112,0.0009546894241617945
Random Weights (BN-calibrated),123,1,NATIVE,64,Conv3,LOC,all,meanrdm,0.007366027202154241,,,
Random Weights (BN-calibrated),123,1,NATIVE,64,FC1,IT,cr,persub,0.007133536283609117,0.006983361723724896,0.01011348707452045,0.004303760052582006
Random Weights (BN-calibrated),123,1,NATIVE,64,FC1,IT,cr,meanrdm,0.012181400952164339,,,
Random Weights (BN-calibrated),123,1,NATIVE,64,FC1,IT,all,persub,0.006276691723627941,0.006894891931885234,0.00874159662826733,0.003193586610731259
Random Weights (BN-calibrated),123,1,NATIVE,64,FC1,IT,all,meanrdm,0.010422425712716144,,,
Random Weights,123,1,NATIVE,96,Conv1,V1,cr,persub,0.04273441817069476,0.040657971699013064,0.07312922944437647,0.014416053368694766
Random Weights,123,1,NATIVE,96,Conv1,V1,cr,meanrdm,0.06222014300939939,,,
Random Weights,123,1,NATIVE,96,Conv1,V1,all,persub,0.04207005879590975,0.0403572446530035,0.07267560344077753,0.013177328293948213
Random Weights,123,1,NATIVE,96,Conv1,V1,all,meanrdm,0.06094210857434438,,,
Random Weights,123,1,NATIVE,96,Conv1,V2,cr,persub,0.022700207876421286,0.02505875629745197,0.040487741849333105,0.00255412548247878
Random Weights,123,1,NATIVE,96,Conv1,V2,cr,meanrdm,0.03442843380629047,,,
Random Weights,123,1,NATIVE,96,Conv1,V2,all,persub,0.022683453022934192,0.025698961556662313,0.041489657417036335,0.0008617400951039238
Random Weights,123,1,NATIVE,96,Conv1,V2,all,meanrdm,0.0342722089752933,,,
Random Weights,123,1,NATIVE,96,Conv2,V1,cr,persub,0.06137805504517027,0.06253310674380275,0.10378377186853031,0.01781728652317775
Random Weights,123,1,NATIVE,96,Conv2,V1,cr,meanrdm,0.08851619505432409,,,
Random Weights,123,1,NATIVE,96,Conv2,V1,all,persub,0.06030238588275153,0.061403172749326225,0.10244368206992772,0.017060302829000656
Random Weights,123,1,NATIVE,96,Conv2,V1,all,meanrdm,0.08650659570454004,,,
Random Weights,123,1,NATIVE,96,Conv2,V2,cr,persub,0.035815056435428934,0.03920602861519634,0.06433018966382242,0.00390895102726804
Random Weights,123,1,NATIVE,96,Conv2,V2,cr,meanrdm,0.054057839472367884,,,
Random Weights,123,1,NATIVE,96,Conv2,V2,all,persub,0.03537002965545067,0.03937800042288177,0.06439735257968018,0.0023347359637900566
Random Weights,123,1,NATIVE,96,Conv2,V2,all,meanrdm,0.05299328915005572,,,
Random Weights,123,1,NATIVE,96,Conv3,LOC,cr,persub,-0.001109769622039222,0.0038087186975876634,-0.0033361369338091194,-0.00380189062989621
Random Weights,123,1,NATIVE,96,Conv3,LOC,cr,meanrdm,-0.003619560056060284,,,
Random Weights,123,1,NATIVE,96,Conv3,LOC,all,persub,-0.00030722207045203175,0.005454982578298665,-0.004141304982074306,-0.002235343807580454
Random Weights,123,1,NATIVE,96,Conv3,LOC,all,meanrdm,-0.0018611717541683124,,,
Random Weights,123,1,NATIVE,96,FC1,IT,cr,persub,0.0037506346205031516,0.00033387900120910316,0.006104795074731686,0.004813229785568665
Random Weights,123,1,NATIVE,96,FC1,IT,cr,meanrdm,0.005815240387256421,,,
Random Weights,123,1,NATIVE,96,FC1,IT,all,persub,0.004558306504931533,0.0024493062916837983,0.006972380546242777,0.0042532326768680235
Random Weights,123,1,NATIVE,96,FC1,IT,all,meanrdm,0.0071495848733028845,,,
Backprop,123,1,NATIVE,96,Conv1,V1,cr,persub,0.03494007580092912,0.03567849804535206,0.05647163040248943,0.012670098954945891
Backprop,123,1,NATIVE,96,Conv1,V1,cr,meanrdm,0.05251224251426534,,,
Backprop,123,1,NATIVE,96,Conv1,V1,all,persub,0.03327321930912151,0.034251526869180295,0.053609378111955576,0.011958752946228671
Backprop,123,1,NATIVE,96,Conv1,V1,all,meanrdm,0.0498620388896545,,,
Backprop,123,1,NATIVE,96,Conv1,V2,cr,persub,0.019910212845210357,0.01869743915291212,0.035156299343733356,0.005876900038985593
Backprop,123,1,NATIVE,96,Conv1,V2,cr,meanrdm,0.030278477159817525,,,
Backprop,123,1,NATIVE,96,Conv1,V2,all,persub,0.018926129577034198,0.01858798509225261,0.033927614843944,0.004262788794905981
Backprop,123,1,NATIVE,96,Conv1,V2,all,meanrdm,0.028609456935649792,,,
Backprop,123,1,NATIVE,96,Conv2,V1,cr,persub,-0.01784052279384055,-0.02009300063344158,-0.04106535847194725,0.007636790723867183
Backprop,123,1,NATIVE,96,Conv2,V1,cr,meanrdm,-0.022252338526032315,,,
Backprop,123,1,NATIVE,96,Conv2,V1,all,persub,-0.01880978250941517,-0.018103354501517004,-0.043288527423671536,0.004962534396943031
Backprop,123,1,NATIVE,96,Conv2,V1,all,meanrdm,-0.024261556587937223,,,
Backprop,123,1,NATIVE,96,Conv2,V2,cr,persub,-0.011427662503756425,-0.009708819160988067,-0.03208847777096623,0.007514309420685027
Backprop,123,1,NATIVE,96,Conv2,V2,cr,meanrdm,-0.016955721311272466,,,
Backprop,123,1,NATIVE,96,Conv2,V2,all,persub,-0.012404635149598787,-0.0084948154560456,-0.033229981536076265,0.004510891543325503
Backprop,123,1,NATIVE,96,Conv2,V2,all,meanrdm,-0.01864251673353337,,,
Backprop,123,1,NATIVE,96,Conv3,LOC,cr,persub,0.01136223726491778,0.008878403465622532,0.01855771758858284,0.0066505907405479655
Backprop,123,1,NATIVE,96,Conv3,LOC,cr,meanrdm,0.019457422041312906,,,
Backprop,123,1,NATIVE,96,Conv3,LOC,all,persub,0.010503920008540233,0.008638017353771316,0.015895791322797337,0.006977951349052045
Backprop,123,1,NATIVE,96,Conv3,LOC,all,meanrdm,0.01796296066020924,,,
Backprop,123,1,NATIVE,96,FC1,IT,cr,persub,0.013039850732907948,0.013606285490955645,0.01617573319628346,0.009337533511484739
Backprop,123,1,NATIVE,96,FC1,IT,cr,meanrdm,0.021409244046622766,,,
Backprop,123,1,NATIVE,96,FC1,IT,all,persub,0.011955445700955325,0.013759882197804347,0.014359649089167092,0.007746805815894538
Backprop,123,1,NATIVE,96,FC1,IT,all,meanrdm,0.01886871902286733,,,
Feedback Alignment,123,1,NATIVE,96,Conv1,V1,cr,persub,0.011026935527425561,0.004881869831529992,0.02227415848160729,0.005924778269139401
Feedback Alignment,123,1,NATIVE,96,Conv1,V1,cr,meanrdm,0.017400116592273317,,,
Feedback Alignment,123,1,NATIVE,96,Conv1,V1,all,persub,0.0094711173607792,0.004090348542540041,0.019724533742781398,0.004598469797016157
Feedback Alignment,123,1,NATIVE,96,Conv1,V1,all,meanrdm,0.014981446025048015,,,
Feedback Alignment,123,1,NATIVE,96,Conv1,V2,cr,persub,0.00490925721998568,0.00037845809411097826,0.011644368935483146,0.002704944630362916
Feedback Alignment,123,1,NATIVE,96,Conv1,V2,cr,meanrdm,0.007185985698542114,,,
Feedback Alignment,123,1,NATIVE,96,Conv1,V2,all,persub,0.003905540148980496,2.7379194176648945e-05,0.011035642287848969,0.0006535989649158687
Feedback Alignment,123,1,NATIVE,96,Conv1,V2,all,meanrdm,0.005618716580388822,,,
Feedback Alignment,123,1,NATIVE,96,Conv2,V1,cr,persub,0.010444926200675171,0.0060121797083852934,0.017320312324936436,0.008002286568703785
Feedback Alignment,123,1,NATIVE,96,Conv2,V1,cr,meanrdm,0.016870287955643583,,,
Feedback Alignment,123,1,NATIVE,96,Conv2,V1,all,persub,0.009177858230977413,0.006355214198960521,0.014670506300239076,0.0065078541937326415
Feedback Alignment,123,1,NATIVE,96,Conv2,V1,all,meanrdm,0.01473119183213707,,,
Feedback Alignment,123,1,NATIVE,96,Conv2,V2,cr,persub,0.004854797395130723,0.0034320655436297226,0.006819507882083664,0.004312818759678782
Feedback Alignment,123,1,NATIVE,96,Conv2,V2,cr,meanrdm,0.0074212832150240115,,,
Feedback Alignment,123,1,NATIVE,96,Conv2,V2,all,persub,0.0040855352463692275,0.004126181702357057,0.006070811015767937,0.00205961302098269
Feedback Alignment,123,1,NATIVE,96,Conv2,V2,all,meanrdm,0.005951753233573637,,,
Feedback Alignment,123,1,NATIVE,96,Conv3,LOC,cr,persub,0.004064158088226514,0.006780870872481729,0.006517752222747349,-0.0011061488305495353
Feedback Alignment,123,1,NATIVE,96,Conv3,LOC,cr,meanrdm,0.00720459558489953,,,
Feedback Alignment,123,1,NATIVE,96,Conv3,LOC,all,persub,0.003560571873366047,0.006848782141837353,0.004753315677522452,-0.0009203821992616638
Feedback Alignment,123,1,NATIVE,96,Conv3,LOC,all,meanrdm,0.0062078661964238,,,
Feedback Alignment,123,1,NATIVE,96,FC1,IT,cr,persub,0.008292934926189181,0.009460324124848523,0.011924087425666571,0.003494393228052446
Feedback Alignment,123,1,NATIVE,96,FC1,IT,cr,meanrdm,0.014508125889124332,,,
Feedback Alignment,123,1,NATIVE,96,FC1,IT,all,persub,0.007078688750870453,0.008438180311746606,0.010186223876826953,0.002611662064037805
Feedback Alignment,123,1,NATIVE,96,FC1,IT,all,meanrdm,0.01215873574547784,,,
Predictive Coding,123,1,NATIVE,96,Conv1,V1,cr,persub,0.012368303890239128,0.006816520335484777,0.024650018240880908,0.0056383730943516935
Predictive Coding,123,1,NATIVE,96,Conv1,V1,cr,meanrdm,0.018986309994298494,,,
Predictive Coding,123,1,NATIVE,96,Conv1,V1,all,persub,0.011035769986633819,0.006357539560071596,0.022489849497801,0.004259920902028863
Predictive Coding,123,1,NATIVE,96,Conv1,V1,all,meanrdm,0.016922456667213037,,,
Predictive Coding,123,1,NATIVE,96,Conv1,V2,cr,persub,0.005887595423698397,0.0019920193202545527,0.01361587746589704,0.0020548894849435986
Predictive Coding,123,1,NATIVE,96,Conv1,V2,cr,meanrdm,0.009014756708887446,,,
Predictive Coding,123,1,NATIVE,96,Conv1,V2,all,persub,0.005180600186381919,0.00205764855842041,0.013200587966928684,0.00028356403379666207
Predictive Coding,123,1,NATIVE,96,Conv1,V2,all,meanrdm,0.007902035858800427,,,
Predictive Coding,123,1,NATIVE,96,Conv2,V1,cr,persub,0.016178791517721103,0.012737683498343222,0.029812080837042947,0.005986610217777141
Predictive Coding,123,1,NATIVE,96,Conv2,V1,cr,meanrdm,0.02490421177068208,,,
Predictive Coding,123,1,NATIVE,96,Conv2,V1,all,persub,0.014867019105033208,0.012400921713684492,0.02711744755227236,0.005082688049142778
Predictive Coding,123,1,NATIVE,96,Conv2,V1,all,meanrdm,0.022651629765068564,,,
Predictive Coding,123,1,NATIVE,96,Conv2,V2,cr,persub,0.008159826729522084,0.00570662561805453,0.016580749933889857,0.002192104636621864
Predictive Coding,123,1,NATIVE,96,Conv2,V2,cr,meanrdm,0.012010000430328996,,,
Predictive Coding,123,1,NATIVE,96,Conv2,V2,all,persub,0.007393527186450202,0.006069887131467013,0.015301486089034753,0.0008092083388488415
Predictive Coding,123,1,NATIVE,96,Conv2,V2,all,meanrdm,0.010807707337306134,,,
Predictive Coding,123,1,NATIVE,96,Conv3,LOC,cr,persub,0.005015562905167318,0.005121063518106695,0.009379346552540347,0.0005462786448549109
Predictive Coding,123,1,NATIVE,96,Conv3,LOC,cr,meanrdm,0.008760327788097703,,,
Predictive Coding,123,1,NATIVE,96,Conv3,LOC,all,persub,0.004070151200719832,0.004526036399748276,0.006541713492077922,0.0011427037103332988
Predictive Coding,123,1,NATIVE,96,Conv3,LOC,all,meanrdm,0.006943511905792627,,,
Predictive Coding,123,1,NATIVE,96,FC1,IT,cr,persub,0.010794269601998597,0.009389837258781265,0.02093606172792957,0.002056909819284955
Predictive Coding,123,1,NATIVE,96,FC1,IT,cr,meanrdm,0.01818082675706682,,,
Predictive Coding,123,1,NATIVE,96,FC1,IT,all,persub,0.009110362297035263,0.00838336367341236,0.01673791472806158,0.0022098084896318452
Predictive Coding,123,1,NATIVE,96,FC1,IT,all,meanrdm,0.014966237116665268,,,
STDP,123,1,NATIVE,96,Conv1,V1,cr,persub,0.033992987489801146,0.03022031606510612,0.061961650302870194,0.009796996101427126
STDP,123,1,NATIVE,96,Conv1,V1,cr,meanrdm,0.050586495961224456,,,
STDP,123,1,NATIVE,96,Conv1,V1,all,persub,0.032372874787591745,0.0292038014252128,0.05871925667811561,0.009195566259446829
STDP,123,1,NATIVE,96,Conv1,V1,all,meanrdm,0.04811477832660271,,,
STDP,123,1,NATIVE,96,Conv1,V2,cr,persub,0.02071688915075952,0.017656599879133518,0.04121057048956549,0.0032834970835795545
STDP,123,1,NATIVE,96,Conv1,V2,cr,meanrdm,0.031540052586754935,,,
STDP,123,1,NATIVE,96,Conv1,V2,all,persub,0.01973493753015022,0.017753106675614357,0.03965041420231063,0.001801291712525681
STDP,123,1,NATIVE,96,Conv1,V2,all,meanrdm,0.02990185069188049,,,
STDP,123,1,NATIVE,96,Conv2,V1,cr,persub,0.033569030210116806,0.031980406257599694,0.05436499265548413,0.014361691717266586
STDP,123,1,NATIVE,96,Conv2,V1,cr,meanrdm,0.050854309370217475,,,
STDP,123,1,NATIVE,96,Conv2,V1,all,persub,0.03181481115418852,0.030941275870638454,0.05091309457338383,0.013590063018543281
STDP,123,1,NATIVE,96,Conv2,V1,all,meanrdm,0.04805495754406048,,,
STDP,123,1,NATIVE,96,Conv2,V2,cr,persub,0.01999089579104783,0.020696025160601466,0.03503815178612381,0.004238510426418214
STDP,123,1,NATIVE,96,Conv2,V2,cr,meanrdm,0.029619010334340015,,,
STDP,123,1,NATIVE,96,Conv2,V2,all,persub,0.018604590761426412,0.020328278676696634,0.03245666179411323,0.0030288318134693718
STDP,123,1,NATIVE,96,Conv2,V2,all,meanrdm,0.027403478317115343,,,
STDP,123,1,NATIVE,96,Conv3,LOC,cr,persub,0.004439455279591533,0.007469196459073435,0.005046088353010705,0.0008030810266904608
STDP,123,1,NATIVE,96,Conv3,LOC,cr,meanrdm,0.006919483107142107,,,
STDP,123,1,NATIVE,96,Conv3,LOC,all,persub,0.0041467110061677035,0.007863854414029148,0.0037564356475384662,0.0008198429569354956
STDP,123,1,NATIVE,96,Conv3,LOC,all,meanrdm,0.0062517022304292595,,,
STDP,123,1,NATIVE,96,FC1,IT,cr,persub,0.010658904987848513,0.007541441730722502,0.01974619498744249,0.004689078245380544
STDP,123,1,NATIVE,96,FC1,IT,cr,meanrdm,0.017985938558516146,,,
STDP,123,1,NATIVE,96,FC1,IT,all,persub,0.010139667915829056,0.008757466648187714,0.018006660621852025,0.0036548764774474306
STDP,123,1,NATIVE,96,FC1,IT,all,meanrdm,0.016129509456341718,,,
Random Weights (BN-calibrated),123,1,NATIVE,96,Conv1,V1,cr,persub,0.005573689768162132,-0.0010022906277881638,0.013865088442066324,0.003858271490208234
Random Weights (BN-calibrated),123,1,NATIVE,96,Conv1,V1,cr,meanrdm,0.009044817032106706,,,
Random Weights (BN-calibrated),123,1,NATIVE,96,Conv1,V1,all,persub,0.004289396385874502,-0.0013401172656212564,0.011703353938426505,0.0025049524848182562
Random Weights (BN-calibrated),123,1,NATIVE,96,Conv1,V1,all,meanrdm,0.007052487785408472,,,
Random Weights (BN-calibrated),123,1,NATIVE,96,Conv1,V2,cr,persub,0.0019994202591053635,-0.0028748469094131745,0.007112665382034475,0.0017604423046947899
Random Weights (BN-calibrated),123,1,NATIVE,96,Conv1,V2,cr,meanrdm,0.002937588704488595,,,
Random Weights (BN-calibrated),123,1,NATIVE,96,Conv1,V2,all,persub,0.0012530883962951038,-0.0029200169453270125,0.00671540037466653,-3.6118240454206265e-05
Random Weights (BN-calibrated),123,1,NATIVE,96,Conv1,V2,all,meanrdm,0.0018103672944360888,,,
Random Weights (BN-calibrated),123,1,NATIVE,96,Conv2,V1,cr,persub,0.008013316583091014,0.0013572983701911848,0.018033793700868557,0.004648857678213302
Random Weights (BN-calibrated),123,1,NATIVE,96,Conv2,V1,cr,meanrdm,0.013162823654468676,,,
Random Weights (BN-calibrated),123,1,NATIVE,96,Conv2,V1,all,persub,0.006512738851685711,0.0015288896432860768,0.0143713589700046,0.0036379679417664562
Random Weights (BN-calibrated),123,1,NATIVE,96,Conv2,V1,all,meanrdm,0.01064970202417125,,,
Random Weights (BN-calibrated),123,1,NATIVE,96,Conv2,V2,cr,persub,0.005489327346207107,0.00020724287152355716,0.01237794277848948,0.0038827963886082814
Random Weights (BN-calibrated),123,1,NATIVE,96,Conv2,V2,cr,meanrdm,0.00822484904014271,,,
Random Weights (BN-calibrated),123,1,NATIVE,96,Conv2,V2,all,persub,0.004373840247487362,0.0006281516284681035,0.010528452113196037,0.001964917000797946
Random Weights (BN-calibrated),123,1,NATIVE,96,Conv2,V2,all,meanrdm,0.006363194572418259,,,
Random Weights (BN-calibrated),123,1,NATIVE,96,Conv3,LOC,cr,persub,0.005815666353335209,0.0057063550180946375,0.01160466240195923,0.00013598163995175914
Random Weights (BN-calibrated),123,1,NATIVE,96,Conv3,LOC,cr,meanrdm,0.010260671972087566,,,
Random Weights (BN-calibrated),123,1,NATIVE,96,Conv3,LOC,all,persub,0.004777535325184065,0.0052027138462687065,0.00855825773590085,0.0005716343933826392
Random Weights (BN-calibrated),123,1,NATIVE,96,Conv3,LOC,all,meanrdm,0.008287891918718017,,,
Random Weights (BN-calibrated),123,1,NATIVE,96,FC1,IT,cr,persub,0.00761056637344388,0.006669881846639479,0.011414498916210603,0.004747318357481558
Random Weights (BN-calibrated),123,1,NATIVE,96,FC1,IT,cr,meanrdm,0.013243436386566547,,,
Random Weights (BN-calibrated),123,1,NATIVE,96,FC1,IT,all,persub,0.006418755936615036,0.006250754739136687,0.009390901272123412,0.0036146117985850056
Random Weights (BN-calibrated),123,1,NATIVE,96,FC1,IT,all,meanrdm,0.011011304492812393,,,
Random Weights,123,1,NATIVE,128,Conv1,V1,cr,persub,0.04345182080680643,0.04159574414100031,0.07424469791343132,0.01451502036598767
Random Weights,123,1,NATIVE,128,Conv1,V1,cr,meanrdm,0.06318718154912065,,,
Random Weights,123,1,NATIVE,128,Conv1,V1,all,persub,0.04277620530827216,0.041222391007931014,0.07379445865660895,0.013311766260276497
Random Weights,123,1,NATIVE,128,Conv1,V1,all,meanrdm,0.06190509441471783,,,
Random Weights,123,1,NATIVE,128,Conv1,V2,cr,persub,0.023142623580430104,0.02566660703476317,0.04126677673512603,0.002494486971401118
Random Weights,123,1,NATIVE,128,Conv1,V2,cr,meanrdm,0.03507455143283581,,,
Random Weights,123,1,NATIVE,128,Conv1,V2,all,persub,0.023149003288088516,0.026293703106086763,0.04229083349829779,0.0008624732598809933
Random Weights,123,1,NATIVE,128,Conv1,V2,all,meanrdm,0.034960489212947775,,,
Random Weights,123,1,NATIVE,128,Conv2,V1,cr,persub,0.061995704551968685,0.06327039209549723,0.10490279659934112,0.017813924961067703
Random Weights,123,1,NATIVE,128,Conv2,V1,cr,meanrdm,0.08934404187706607,,,
Random Weights,123,1,NATIVE,128,Conv2,V1,all,persub,0.06088535363899423,0.062062306321043356,0.10351743259346267,0.01707632200247667
Random Weights,123,1,NATIVE,128,Conv2,V1,all,meanrdm,0.08730320753737718,,,
Random Weights,123,1,NATIVE,128,Conv2,V2,cr,persub,0.03622794532081731,0.03953670973781666,0.06534653332357936,0.003800592901055914
Random Weights,123,1,NATIVE,128,Conv2,V2,cr,meanrdm,0.05468943359882405,,,
Random Weights,123,1,NATIVE,128,Conv2,V2,all,persub,0.03577726830513528,0.03968588276330069,0.06539661230579097,0.002249309846314173
Random Weights,123,1,NATIVE,128,Conv2,V2,all,meanrdm,0.05362204212271694,,,
Random Weights,123,1,NATIVE,128,Conv3,LOC,cr,persub,-0.0012872922476736205,0.0038955407400598236,-0.003910591738482164,-0.003846825744598521
Random Weights,123,1,NATIVE,128,Conv3,LOC,cr,meanrdm,-0.003924557442492185,,,
Random Weights,123,1,NATIVE,128,Conv3,LOC,all,persub,-0.0005160363304217358,0.005465840936122288,-0.004725197740402455,-0.00228875218698504
Random Weights,123,1,NATIVE,128,Conv3,LOC,all,meanrdm,-0.00223559072068488,,,
Random Weights,123,1,NATIVE,128,FC1,IT,cr,persub,0.0036692848118195487,3.072250848918622e-05,0.006024566893660578,0.0049525650333088825
Random Weights,123,1,NATIVE,128,FC1,IT,cr,meanrdm,0.005834519092867213,,,
Random Weights,123,1,NATIVE,128,FC1,IT,all,persub,0.004504903144932315,0.0021419407726264886,0.0069781839308171705,0.004394584731353284
Random Weights,123,1,NATIVE,128,FC1,IT,all,meanrdm,0.007202074180855082,,,
Backprop,123,1,NATIVE,128,Conv1,V1,cr,persub,0.030325198122536937,0.030355492086236054,0.048967486826274276,0.011652615455100481
Backprop,123,1,NATIVE,128,Conv1,V1,cr,meanrdm,0.04586161658300416,,,
Backprop,123,1,NATIVE,128,Conv1,V1,all,persub,0.02864198006226649,0.028966396105431752,0.04619868294996912,0.010760861131398597
Backprop,123,1,NATIVE,128,Conv1,V1,all,meanrdm,0.043168218202400827,,,
Backprop,123,1,NATIVE,128,Conv1,V2,cr,persub,0.016873009455566617,0.015810418668449438,0.02949361447437537,0.005314995223875037
Backprop,123,1,NATIVE,128,Conv1,V2,cr,meanrdm,0.025571860066588535,,,
Backprop,123,1,NATIVE,128,Conv1,V2,all,persub,0.015849397159041875,0.01562516801541635,0.028318283017105775,0.0036047404446034955
Backprop,123,1,NATIVE,128,Conv1,V2,all,meanrdm,0.023882141976214175,,,
Backprop,123,1,NATIVE,128,Conv2,V1,cr,persub,-0.02158729522820485,-0.02500423251019235,-0.04600532705269361,0.00624767387827141
Backprop,123,1,NATIVE,128,Conv2,V1,cr,meanrdm,-0.02795286385090842,,,
Backprop,123,1,NATIVE,128,Conv2,V1,all,persub,-0.022447623100344743,-0.0229343049869201,-0.04811182156350593,0.0037032572493917947
Backprop,123,1,NATIVE,128,Conv2,V1,all,meanrdm,-0.029788839090242915,,,
Backprop,123,1,NATIVE,128,Conv2,V2,cr,persub,-0.01333776468795738,-0.011505297858940921,-0.03490461834989263,0.006396622144961407
Backprop,123,1,NATIVE,128,Conv2,V2,cr,meanrdm,-0.01990924360099856,,,
Backprop,123,1,NATIVE,128,Conv2,V2,all,persub,-0.014141464881611105,-0.01021253622094071,-0.035834676574987255,0.0036228181510946497
Backprop,123,1,NATIVE,128,Conv2,V2,all,meanrdm,-0.021266618046584012,,,
Backprop,123,1,NATIVE,128,Conv3,LOC,cr,persub,0.010126289463687687,0.00755414462152197,0.016976536122775665,0.005848187646765424
Backprop,123,1,NATIVE,128,Conv3,LOC,cr,meanrdm,0.017274288409386725,,,
Backprop,123,1,NATIVE,128,Conv3,LOC,all,persub,0.009401004297148427,0.007467527881438117,0.014634924220677992,0.006100560789329174
Backprop,123,1,NATIVE,128,Conv3,LOC,all,meanrdm,0.01609758622768118,,,
Backprop,123,1,NATIVE,128,FC1,IT,cr,persub,0.012058843573436312,0.012738005440920488,0.014328359507890914,0.009110165771497538
Backprop,123,1,NATIVE,128,FC1,IT,cr,meanrdm,0.01990449213864855,,,
Backprop,123,1,NATIVE,128,FC1,IT,all,persub,0.010929991152994178,0.012620927420064798,0.012448544648890407,0.007720501390027326
Backprop,123,1,NATIVE,128,FC1,IT,all,meanrdm,0.017395871571912865,,,
Feedback Alignment,123,1,NATIVE,128,Conv1,V1,cr,persub,0.01022767781175476,0.003995231559225879,0.021006575899557893,0.005681225976480507
Feedback Alignment,123,1,NATIVE,128,Conv1,V1,cr,meanrdm,0.016172224752817266,,,
Feedback Alignment,123,1,NATIVE,128,Conv1,V1,all,persub,0.008697642417263445,0.0032218304226545166,0.018558223462250854,0.004312873366884962
Feedback Alignment,123,1,NATIVE,128,Conv1,V1,all,meanrdm,0.013784299898100557,,,
Feedback Alignment,123,1,NATIVE,128,Conv1,V2,cr,persub,0.004492712303111814,0.0002137517442037882,0.010709894711933008,0.0025544904531986453
Feedback Alignment,123,1,NATIVE,128,Conv1,V2,cr,meanrdm,0.006526159187928479,,,
Feedback Alignment,123,1,NATIVE,128,Conv1,V2,all,persub,0.0035149659834409035,-0.00011714181655549962,0.010206566814088408,0.00045547295278980295
Feedback Alignment,123,1,NATIVE,128,Conv1,V2,all,meanrdm,0.005009453932797605,,,
Feedback Alignment,123,1,NATIVE,128,Conv2,V1,cr,persub,0.009338811973423145,0.004609407787872936,0.015336837836373135,0.008070190296023363
Feedback Alignment,123,1,NATIVE,128,Conv2,V1,cr,meanrdm,0.015172007962297077,,,
Feedback Alignment,123,1,NATIVE,128,Conv2,V1,all,persub,0.008118647046220496,0.005029544157340761,0.012819973911449399,0.006506423069871328
Feedback Alignment,123,1,NATIVE,128,Conv2,V1,all,meanrdm,0.013086519959301152,,,
Feedback Alignment,123,1,NATIVE,128,Conv2,V2,cr,persub,0.004491105777617876,0.003366462450414211,0.005765750612625331,0.004341104269814084
Feedback Alignment,123,1,NATIVE,128,Conv2,V2,cr,meanrdm,0.006860695619808846,,,
Feedback Alignment,123,1,NATIVE,128,Conv2,V2,all,persub,0.0037575857759256075,0.004103550802634473,0.005149236668198953,0.002019969856943396
Feedback Alignment,123,1,NATIVE,128,Conv2,V2,all,meanrdm,0.0054610508082198065,,,
Feedback Alignment,123,1,NATIVE,128,Conv3,LOC,cr,persub,0.003879633542626272,0.006535781687167776,0.006753027496047466,-0.0016499085553364269
Feedback Alignment,123,1,NATIVE,128,Conv3,LOC,cr,meanrdm,0.006956985150860859,,,
Feedback Alignment,123,1,NATIVE,128,Conv3,LOC,all,persub,0.003426155048166363,0.0068227625101941625,0.00484571576573841,-0.0013900131314334829
Feedback Alignment,123,1,NATIVE,128,Conv3,LOC,all,meanrdm,0.006049129827701205,,,
Feedback Alignment,123,1,NATIVE,128,FC1,IT,cr,persub,0.008722551607154573,0.009525852820811411,0.012731490498228441,0.003910311502423867
Feedback Alignment,123,1,NATIVE,128,FC1,IT,cr,meanrdm,0.015444156799313909,,,
Feedback Alignment,123,1,NATIVE,128,FC1,IT,all,persub,0.0073313545033917875,0.008485706872821156,0.010687327069921206,0.0028210295674329987
Feedback Alignment,123,1,NATIVE,128,FC1,IT,all,meanrdm,0.01271541007423641,,,
Predictive Coding,123,1,NATIVE,128,Conv1,V1,cr,persub,0.011773211448912685,0.005953290919678969,0.0238614711614284,0.0055048722656306885
Predictive Coding,123,1,NATIVE,128,Conv1,V1,cr,meanrdm,0.018101631103352122,,,
Predictive Coding,123,1,NATIVE,128,Conv1,V1,all,persub,0.010432288812158215,0.005478407848959589,0.021733854956847636,0.004084603630667422
Predictive Coding,123,1,NATIVE,128,Conv1,V1,all,meanrdm,0.0160063565674231,,,
Predictive Coding,123,1,NATIVE,128,Conv1,V2,cr,persub,0.005563917077873084,0.0017764757241646438,0.013008570432955406,0.0019067050764991983
Predictive Coding,123,1,NATIVE,128,Conv1,V2,cr,meanrdm,0.008506171592538896,,,
Predictive Coding,123,1,NATIVE,128,Conv1,V2,all,persub,0.0048718419297519005,0.0018398225923506278,0.012652390836948899,0.00012331235995617445
Predictive Coding,123,1,NATIVE,128,Conv1,V2,all,meanrdm,0.00743280897858292,,,
Predictive Coding,123,1,NATIVE,128,Conv2,V1,cr,persub,0.01620730052572439,0.012218604993141443,0.030261908448960362,0.006141388135071361
Predictive Coding,123,1,NATIVE,128,Conv2,V1,cr,meanrdm,0.02498639254162223,,,
Predictive Coding,123,1,NATIVE,128,Conv2,V1,all,persub,0.014909191563545204,0.011947321979341861,0.027459392459037706,0.0053208602522560435
Predictive Coding,123,1,NATIVE,128,Conv2,V1,all,meanrdm,0.022730258612278984,,,
Predictive Coding,123,1,NATIVE,128,Conv2,V2,cr,persub,0.008403350948595107,0.005898497925932074,0.017025176751443806,0.002286378168409446
Predictive Coding,123,1,NATIVE,128,Conv2,V2,cr,meanrdm,0.012456994072608878,,,
Predictive Coding,123,1,NATIVE,128,Conv2,V2,all,persub,0.007644035312810166,0.0063411524747415925,0.015675013409038853,0.0009159400546500517
Predictive Coding,123,1,NATIVE,128,Conv2,V2,all,meanrdm,0.011276225417235374,,,
Predictive Coding,123,1,NATIVE,128,Conv3,LOC,cr,persub,0.005109912945170877,0.005246010935372637,0.009742545461835386,0.00034118243830460744
Predictive Coding,123,1,NATIVE,128,Conv3,LOC,cr,meanrdm,0.00889884363307937,,,
Predictive Coding,123,1,NATIVE,128,Conv3,LOC,all,persub,0.004153565803556736,0.004644258384065859,0.00682565493634809,0.0009907840902562567
Predictive Coding,123,1,NATIVE,128,Conv3,LOC,all,meanrdm,0.007097603334995891,,,
Predictive Coding,123,1,NATIVE,128,FC1,IT,cr,persub,0.00981365800006182,0.009323642393613224,0.017662863063677873,0.0024544685428943675
Predictive Coding,123,1,NATIVE,128,FC1,IT,cr,meanrdm,0.01668250972390919,,,
Predictive Coding,123,1,NATIVE,128,FC1,IT,all,persub,0.008423692131723727,0.008505681419452033,0.014192229062281654,0.0025731659134374937
Predictive Coding,123,1,NATIVE,128,FC1,IT,all,meanrdm,0.013970787281943495,,,
STDP,123,1,NATIVE,128,Conv1,V1,cr,persub,0.031768846593337216,0.027563587147370092,0.058348813010285105,0.009394139622356454
STDP,123,1,NATIVE,128,Conv1,V1,cr,meanrdm,0.04738801980631907,,,
STDP,123,1,NATIVE,128,Conv1,V1,all,persub,0.03016729470396315,0.026591436659957408,0.05520495511645328,0.008705492335478762
STDP,123,1,NATIVE,128,Conv1,V1,all,meanrdm,0.04492326634989685,,,
STDP,123,1,NATIVE,128,Conv1,V2,cr,persub,0.019283556528570115,0.01617980459955012,0.038507538965941,0.003163326020219225
STDP,123,1,NATIVE,128,Conv1,V2,cr,meanrdm,0.0293499932797028,,,
STDP,123,1,NATIVE,128,Conv1,V2,all,persub,0.018305448169057898,0.01625553544628402,0.037075535584241086,0.0015852734766485914
STDP,123,1,NATIVE,128,Conv1,V2,all,meanrdm,0.027721369309786456,,,
STDP,123,1,NATIVE,128,Conv2,V1,cr,persub,0.030355565948037257,0.028591214192168566,0.04900075610856598,0.01347472754337723
STDP,123,1,NATIVE,128,Conv2,V1,cr,meanrdm,0.04621732417636123,,,
STDP,123,1,NATIVE,128,Conv2,V1,all,persub,0.02861154441508226,0.027445714773443,0.045712916539551604,0.012676001932252174
STDP,123,1,NATIVE,128,Conv2,V1,all,meanrdm,0.0434094378746455,,,
STDP,123,1,NATIVE,128,Conv2,V2,cr,persub,0.018189130074633627,0.019073391752954347,0.03167634327067679,0.003817655200269745
STDP,123,1,NATIVE,128,Conv2,V2,cr,meanrdm,0.026913372728898002,,,
STDP,123,1,NATIVE,128,Conv2,V2,all,persub,0.016737059124350653,0.01850691145407197,0.02918567233770447,0.0025185935812755207
STDP,123,1,NATIVE,128,Conv2,V2,all,meanrdm,0.02456927054360513,,,
STDP,123,1,NATIVE,128,Conv3,LOC,cr,persub,0.00451667621920356,0.007687383028102396,0.005595809517109553,0.00026683611239872797
STDP,123,1,NATIVE,128,Conv3,LOC,cr,meanrdm,0.007066117536778183,,,
STDP,123,1,NATIVE,128,Conv3,LOC,all,persub,0.00412286832608347,0.008062490685211166,0.004115312008656193,0.00019080228438305146
STDP,123,1,NATIVE,128,Conv3,LOC,all,meanrdm,0.006224263733252253,,,
STDP,123,1,NATIVE,128,FC1,IT,cr,persub,0.010141678517099392,0.007877333262464481,0.018032963197155097,0.004514739091678599
STDP,123,1,NATIVE,128,FC1,IT,cr,meanrdm,0.017174528810890155,,,
STDP,123,1,NATIVE,128,FC1,IT,all,persub,0.00971361548718638,0.009118685847362164,0.01641326072288301,0.003608899891313965
STDP,123,1,NATIVE,128,FC1,IT,all,meanrdm,0.015437785705909991,,,
Random Weights (BN-calibrated),123,1,NATIVE,128,Conv1,V1,cr,persub,0.005445888993110634,-0.001416033162526822,0.01387899872368548,0.003874701418173243
Random Weights (BN-calibrated),123,1,NATIVE,128,Conv1,V1,cr,meanrdm,0.008835617167683489,,,
Random Weights (BN-calibrated),123,1,NATIVE,128,Conv1,V1,all,persub,0.004154902806577575,-0.0017596098957397242,0.011733753403184936,0.0024905649122875144
Random Weights (BN-calibrated),123,1,NATIVE,128,Conv1,V1,all,meanrdm,0.006810128616178456,,,
Random Weights (BN-calibrated),123,1,NATIVE,128,Conv1,V2,cr,persub,0.001961054923233898,-0.0028620483462258946,0.007097320323709484,0.0016478927922181042
Random Weights (BN-calibrated),123,1,NATIVE,128,Conv1,V2,cr,meanrdm,0.0028947706716352796,,,
Random Weights (BN-calibrated),123,1,NATIVE,128,Conv1,V2,all,persub,0.0012251474930197374,-0.002892359651966999,0.006737936137909891,-0.0001701340068836793
Random Weights (BN-calibrated),123,1,NATIVE,128,Conv1,V2,all,meanrdm,0.0017936076595335242,,,
Random Weights (BN-calibrated),123,1,NATIVE,128,Conv2,V1,cr,persub,0.0076154182759097825,0.0004975026802345249,0.01752635708390591,0.004822395063588912
Random Weights (BN-calibrated),123,1,NATIVE,128,Conv2,V1,cr,meanrdm,0.012548781303954723,,,
Random Weights (BN-calibrated),123,1,NATIVE,128,Conv2,V1,all,persub,0.006167785567443778,0.0007044718011107128,0.013964732163598998,0.0038341527376216226
Random Weights (BN-calibrated),123,1,NATIVE,128,Conv2,V1,all,meanrdm,0.010078990786891076,,,
Random Weights (BN-calibrated),123,1,NATIVE,128,Conv2,V2,cr,persub,0.005473751938330873,0.00041096919738443374,0.012158321157817202,0.0038519654597909824
Random Weights (BN-calibrated),123,1,NATIVE,128,Conv2,V2,cr,meanrdm,0.008205660078191183,,,
Random Weights (BN-calibrated),123,1,NATIVE,128,Conv2,V2,all,persub,0.004408708532437792,0.0008927162538288537,0.010401661411595046,0.0019317479318894755
Random Weights (BN-calibrated),123,1,NATIVE,128,Conv2,V2,all,meanrdm,0.006436036035055661,,,
Random Weights (BN-calibrated),123,1,NATIVE,128,Conv3,LOC,cr,persub,0.00577921323608884,0.005515214063250609,0.012060973198683213,-0.00023854755366730008
Random Weights (BN-calibrated),123,1,NATIVE,128,Conv3,LOC,cr,meanrdm,0.010179684886933531,,,
Random Weights (BN-calibrated),123,1,NATIVE,128,Conv3,LOC,all,persub,0.004709146150458267,0.0051095357200673765,0.008850502797487744,0.00016739993381968042
Random Weights (BN-calibrated),123,1,NATIVE,128,Conv3,LOC,all,meanrdm,0.008173896009958385,,,
Random Weights (BN-calibrated),123,1,NATIVE,128,FC1,IT,cr,persub,0.007867761165295523,0.006526024990805632,0.011440538576757846,0.00563671992832309
Random Weights (BN-calibrated),123,1,NATIVE,128,FC1,IT,cr,meanrdm,0.013969046798199668,,,
Random Weights (BN-calibrated),123,1,NATIVE,128,FC1,IT,all,persub,0.006622267990470741,0.006144616645269989,0.009467042143964096,0.00425514518217814
Random Weights (BN-calibrated),123,1,NATIVE,128,FC1,IT,all,meanrdm,0.011482159401234633,,,
Random Weights,123,1,NATIVE,160,Conv1,V1,cr,persub,0.04396099868506031,0.042295027042390805,0.07499283980556118,0.01459512920722893
Random Weights,123,1,NATIVE,160,Conv1,V1,cr,meanrdm,0.06387013939313363,,,
Random Weights,123,1,NATIVE,160,Conv1,V1,all,persub,0.04328355145319963,0.041866125897857875,0.07456511737632968,0.013419411085411326
Random Weights,123,1,NATIVE,160,Conv1,V1,all,meanrdm,0.06259559581036198,,,
Random Weights,123,1,NATIVE,160,Conv1,V2,cr,persub,0.02345185186700389,0.026151906335361044,0.04175420845752746,0.002449440808123169
Random Weights,123,1,NATIVE,160,Conv1,V2,cr,meanrdm,0.03551433549278063,,,
Random Weights,123,1,NATIVE,160,Conv1,V2,all,persub,0.02348017320107777,0.026758741676500025,0.042821000045182585,0.000860777881550699
Random Weights,123,1,NATIVE,160,Conv1,V2,all,meanrdm,0.03543619777642745,,,
Random Weights,123,1,NATIVE,160,Conv2,V1,cr,persub,0.06251058996932836,0.06373707791123301,0.10592041315160927,0.017874278845142796
Random Weights,123,1,NATIVE,160,Conv2,V1,cr,meanrdm,0.09005921813011027,,,
Random Weights,123,1,NATIVE,160,Conv2,V1,all,persub,0.061386577100751655,0.06246819450694204,0.10453945788842996,0.017152078906882983
Random Weights,123,1,NATIVE,160,Conv2,V1,all,meanrdm,0.08800744194431921,,,
Random Weights,123,1,NATIVE,160,Conv2,V2,cr,persub,0.036629190743597155,0.03993905753948683,0.0662309424391845,0.0037175722521201452
Random Weights,123,1,NATIVE,160,Conv2,V2,cr,meanrdm,0.055303540677296384,,,
Random Weights,123,1,NATIVE,160,Conv2,V2,all,persub,0.036196824787118685,0.04007329645142095,0.06630140681067687,0.002215771099258248
Random Weights,123,1,NATIVE,160,Conv2,V2,all,meanrdm,0.054268555055262485,,,
Random Weights,123,1,NATIVE,160,Conv3,LOC,cr,persub,-0.0014400247735175322,0.003936248010619786,-0.0043728639136172654,-0.003883458417555117
Random Weights,123,1,NATIVE,160,Conv3,LOC,cr,meanrdm,-0.004231542299031962,,,
Random Weights,123,1,NATIVE,160,Conv3,LOC,all,persub,-0.0006713891126619052,0.00552115982374879,-0.00518108048345193,-0.002354246678282576
Random Weights,123,1,NATIVE,160,Conv3,LOC,all,meanrdm,-0.0025539185105775647,,,
Random Weights,123,1,NATIVE,160,FC1,IT,cr,persub,0.0037438727358282773,-0.00025707860724198705,0.006595176261852964,0.0048935205528738545
Random Weights,123,1,NATIVE,160,FC1,IT,cr,meanrdm,0.006041910901926039,,,
Random Weights,123,1,NATIVE,160,FC1,IT,all,persub,0.004588077626044464,0.0019436354500884296,0.007667312245141568,0.0041532851829033934
Random Weights,123,1,NATIVE,160,FC1,IT,all,meanrdm,0.007390147394212667,,,
Backprop,123,1,NATIVE,160,Conv1,V1,cr,persub,0.02754299769155799,0.02707658061177951,0.04461829850275431,0.010934113960140157
Backprop,123,1,NATIVE,160,Conv1,V1,cr,meanrdm,0.04180354763770652,,,
Backprop,123,1,NATIVE,160,Conv1,V1,all,persub,0.025856869576366102,0.025680997855416252,0.04194788787522519,0.00994172299845687
Backprop,123,1,NATIVE,160,Conv1,V1,all,meanrdm,0.03909315004666442,,,
Backprop,123,1,NATIVE,160,Conv1,V2,cr,persub,0.015089878092950747,0.014119581591417997,0.026232799351283892,0.004917253336150356
Backprop,123,1,NATIVE,160,Conv1,V2,cr,meanrdm,0.022805275816036454,,,
Backprop,123,1,NATIVE,160,Conv1,V2,all,persub,0.014052407561199706,0.013877565924470692,0.02512680827284428,0.0031528484862841442
Backprop,123,1,NATIVE,160,Conv1,V2,all,meanrdm,0.021111495186812695,,,
Backprop,123,1,NATIVE,160,Conv2,V1,cr,persub,-0.022779098931144146,-0.026436724483239495,-0.04731675528172352,0.005416182971530583
Backprop,123,1,NATIVE,160,Conv2,V1,cr,meanrdm,-0.029899281219524548,,,
Backprop,123,1,NATIVE,160,Conv2,V1,all,persub,-0.023627923282554465,-0.024471660402835438,-0.049395626407271374,0.002983516962443422
Backprop,123,1,NATIVE,160,Conv2,V1,all,meanrdm,-0.03169337536529989,,,
Backprop,123,1,NATIVE,160,Conv2,V2,cr,persub,-0.013766458142743486,-0.011626059464371565,-0.035387760684307996,0.005714445720449099
Backprop,123,1,NATIVE,160,Conv2,V2,cr,meanrdm,-0.020535286621474517,,,
Backprop,123,1,NATIVE,160,Conv2,V2,all,persub,-0.01449526311942645,-0.01036392488705263,-0.03626288597664502,0.003141021505418307
Backprop,123,1,NATIVE,160,Conv2,V2,all,meanrdm,-0.02175651605759709,,,
Backprop,123,1,NATIVE,160,Conv3,LOC,cr,persub,0.009660463963694249,0.0065875669943472595,0.01697570676055823,0.005418118136177256
Backprop,123,1,NATIVE,160,Conv3,LOC,cr,meanrdm,0.01647262351928824,,,
Backprop,123,1,NATIVE,160,Conv3,LOC,all,persub,0.009030443634555881,0.006766208635849116,0.014687451565248479,0.005637670702570047
Backprop,123,1,NATIVE,160,Conv3,LOC,all,meanrdm,0.015492913773230721,,,
Backprop,123,1,NATIVE,160,FC1,IT,cr,persub,0.011097234703805385,0.01130564070430217,0.01350673414130775,0.008479329265806232
Backprop,123,1,NATIVE,160,FC1,IT,cr,meanrdm,0.018183822037386152,,,
Backprop,123,1,NATIVE,160,FC1,IT,all,persub,0.010005671881500052,0.011399526322835947,0.011780557747662884,0.006836931574001321
Backprop,123,1,NATIVE,160,FC1,IT,all,meanrdm,0.01577098568078868,,,
Feedback Alignment,123,1,NATIVE,160,Conv1,V1,cr,persub,0.009853379170061844,0.003566374543221047,0.02040824602510794,0.005585516941856541
Feedback Alignment,123,1,NATIVE,160,Conv1,V1,cr,meanrdm,0.015580129256840908,,,
Feedback Alignment,123,1,NATIVE,160,Conv1,V1,all,persub,0.0083419127404107,0.002813314531689579,0.018025934880951784,0.004186488808590735
Feedback Alignment,123,1,NATIVE,160,Conv1,V1,all,meanrdm,0.01321112958110852,,,
Feedback Alignment,123,1,NATIVE,160,Conv1,V2,cr,persub,0.0042919763488396935,0.00022794242971836231,0.010195522510021683,0.0024524641067790354
Feedback Alignment,123,1,NATIVE,160,Conv1,V2,cr,meanrdm,0.006193725015147484,,,
Feedback Alignment,123,1,NATIVE,160,Conv1,V2,all,persub,0.0033434391503344304,-7.840743003236449e-05,0.009775324248455773,0.00033340063257988124
Feedback Alignment,123,1,NATIVE,160,Conv1,V2,all,meanrdm,0.004726209011122048,,,
Feedback Alignment,123,1,NATIVE,160,Conv2,V1,cr,persub,0.008833691231843693,0.00393689339956818,0.014391295454370366,0.008172884841592534
Feedback Alignment,123,1,NATIVE,160,Conv2,V1,cr,meanrdm,0.01433780204040199,,,
Feedback Alignment,123,1,NATIVE,160,Conv2,V1,all,persub,0.007647815610879002,0.00434931163095251,0.012003260734881485,0.006590874466803011
Feedback Alignment,123,1,NATIVE,160,Conv2,V1,all,meanrdm,0.012306704926116243,,,
Feedback Alignment,123,1,NATIVE,160,Conv2,V2,cr,persub,0.00427382121906919,0.0034351178480094982,0.005097978839638422,0.004288366969559648
Feedback Alignment,123,1,NATIVE,160,Conv2,V2,cr,meanrdm,0.006514181050364581,,,
Feedback Alignment,123,1,NATIVE,160,Conv2,V2,all,persub,0.003601565089066113,0.004200525627264224,0.0046015453079259186,0.002002624332008196
Feedback Alignment,123,1,NATIVE,160,Conv2,V2,all,meanrdm,0.005220678234057347,,,
Feedback Alignment,123,1,NATIVE,160,Conv3,LOC,cr,persub,0.0037016011655723164,0.006253753921806076,0.0066238731330801135,-0.0017728235581692398
Feedback Alignment,123,1,NATIVE,160,Conv3,LOC,cr,meanrdm,0.006726687761425951,,,
Feedback Alignment,123,1,NATIVE,160,Conv3,LOC,all,persub,0.003369441592589444,0.006758959938749257,0.004735558246251732,-0.001386193407232657
Feedback Alignment,123,1,NATIVE,160,Conv3,LOC,all,meanrdm,0.006022440615210614,,,
Feedback Alignment,123,1,NATIVE,160,FC1,IT,cr,persub,0.008690082159087799,0.009353988857131335,0.012727247731447884,0.003989009888684177
Feedback Alignment,123,1,NATIVE,160,FC1,IT,cr,meanrdm,0.015471780414272857,,,
Feedback Alignment,123,1,NATIVE,160,FC1,IT,all,persub,0.0072569358924933465,0.008379873303630672,0.01052751967340746,0.0028634147004419058
Feedback Alignment,123,1,NATIVE,160,FC1,IT,all,meanrdm,0.012620234363196928,,,
Predictive Coding,123,1,NATIVE,160,Conv1,V1,cr,persub,0.011532708432721861,0.005607961750395729,0.02355830183431737,0.005431861713452487
Predictive Coding,123,1,NATIVE,160,Conv1,V1,cr,meanrdm,0.017712505996433314,,,
Predictive Coding,123,1,NATIVE,160,Conv1,V1,all,persub,0.010188312350921323,0.005103307394785959,0.021466247508381837,0.0039953821495961744
Predictive Coding,123,1,NATIVE,160,Conv1,V1,all,meanrdm,0.015604607255683262,,,
Predictive Coding,123,1,NATIVE,160,Conv1,V2,cr,persub,0.005425243809475411,0.0017715463854187435,0.012700191614655102,0.0018039934283523894
Predictive Coding,123,1,NATIVE,160,Conv1,V2,cr,meanrdm,0.008267396502698443,,,
Predictive Coding,123,1,NATIVE,160,Conv1,V2,all,persub,0.0047539532884541625,0.0018359818400170902,0.012401778089224403,2.4099936120996564e-05
Predictive Coding,123,1,NATIVE,160,Conv1,V2,all,meanrdm,0.007236138587366219,,,
Predictive Coding,123,1,NATIVE,160,Conv2,V1,cr,persub,0.016633949943760832,0.012466281460704248,0.031224816753872967,0.006210751616705278
Predictive Coding,123,1,NATIVE,160,Conv2,V1,cr,meanrdm,0.025563781224850007,,,
Predictive Coding,123,1,NATIVE,160,Conv2,V1,all,persub,0.015343906563684305,0.01216017598295711,0.028381592663974182,0.005489951044121625
Predictive Coding,123,1,NATIVE,160,Conv2,V1,all,meanrdm,0.023327399265950493,,,
Predictive Coding,123,1,NATIVE,160,Conv2,V2,cr,persub,0.00881523401193156,0.006451231087536101,0.017781872974797046,0.0022125979734615325
Predictive Coding,123,1,NATIVE,160,Conv2,V2,cr,meanrdm,0.01312238469917375,,,
Predictive Coding,123,1,NATIVE,160,Conv2,V2,all,persub,0.008097282644099044,0.006958631972863432,0.016394202023139647,0.0009390139362940563
Predictive Coding,123,1,NATIVE,160,Conv2,V2,all,meanrdm,0.012015179303233696,,,
Predictive Coding,123,1,NATIVE,160,Conv3,LOC,cr,persub,0.005336416751620228,0.005493032955208886,0.010176071876504187,0.0003401454231476101
Predictive Coding,123,1,NATIVE,160,Conv3,LOC,cr,meanrdm,0.00921934599947818,,,
Predictive Coding,123,1,NATIVE,160,Conv3,LOC,all,persub,0.004403914338663492,0.004948220418852294,0.007270574135065321,0.0009929484620728624
Predictive Coding,123,1,NATIVE,160,Conv3,LOC,all,meanrdm,0.007480317421735463,,,
Predictive Coding,123,1,NATIVE,160,FC1,IT,cr,persub,0.009192700705524833,0.00911192232990981,0.01596665068718165,0.002499529099483042
Predictive Coding,123,1,NATIVE,160,FC1,IT,cr,meanrdm,0.015689073986541412,,,
Predictive Coding,123,1,NATIVE,160,FC1,IT,all,persub,0.007995482933084322,0.008610500914220196,0.01283209595540822,0.0025438519296245464
Predictive Coding,123,1,NATIVE,160,FC1,IT,all,meanrdm,0.013283051527013775,,,
STDP,123,1,NATIVE,160,Conv1,V1,cr,persub,0.03051598985306826,0.02612026478595019,0.056319600985048526,0.00910810378820607
STDP,123,1,NATIVE,160,Conv1,V1,cr,meanrdm,0.045549209840440835,,,
STDP,123,1,NATIVE,160,Conv1,V1,all,persub,0.02893457802991882,0.025168292007476906,0.05326158233570356,0.008373859746575996
STDP,123,1,NATIVE,160,Conv1,V1,all,meanrdm,0.04309711281462555,,,
STDP,123,1,NATIVE,160,Conv1,V2,cr,persub,0.018469287855538405,0.015469704285025894,0.03690659030749336,0.0030315689740959624
STDP,123,1,NATIVE,160,Conv1,V2,cr,meanrdm,0.028077714859448145,,,
STDP,123,1,NATIVE,160,Conv1,V2,all,persub,0.017503991084642328,0.015517935145963467,0.03558513462052117,0.0014089034874423547
STDP,123,1,NATIVE,160,Conv1,V2,all,meanrdm,0.026471021947123235,,,
STDP,123,1,NATIVE,160,Conv2,V1,cr,persub,0.028544105350751473,0.026372373983331483,0.04637744486359329,0.012882497205329652
STDP,123,1,NATIVE,160,Conv2,V1,cr,meanrdm,0.04358423865864236,,,
STDP,123,1,NATIVE,160,Conv2,V1,all,persub,0.026782076857670385,0.025110460778311756,0.04318450227972754,0.012051267514971866
STDP,123,1,NATIVE,160,Conv2,V1,all,meanrdm,0.04073680822264436,,,
STDP,123,1,NATIVE,160,Conv2,V2,cr,persub,0.01708875567645958,0.018165286447073672,0.029723592113369925,0.0033773884689351453
STDP,123,1,NATIVE,160,Conv2,V2,cr,meanrdm,0.025219430389955878,,,
STDP,123,1,NATIVE,160,Conv2,V2,all,persub,0.015571561434977349,0.017392486316272222,0.027273351157878743,0.002048846830781078
STDP,123,1,NATIVE,160,Conv2,V2,all,meanrdm,0.022765119696239206,,,
STDP,123,1,NATIVE,160,Conv3,LOC,cr,persub,0.004339355306021117,0.007622809048247297,0.005447602257176532,-5.2345387360477097e-05
STDP,123,1,NATIVE,160,Conv3,LOC,cr,meanrdm,0.006690908422471517,,,
STDP,123,1,NATIVE,160,Conv3,LOC,all,persub,0.003940843739217859,0.008046732056399618,0.003910315926854952,-0.00013451676560099243
STDP,123,1,NATIVE,160,Conv3,LOC,all,meanrdm,0.005880255379313378,,,
STDP,123,1,NATIVE,160,FC1,IT,cr,persub,0.00985566102266757,0.007413195396719203,0.017037304925913054,0.005116482745370452
STDP,123,1,NATIVE,160,FC1,IT,cr,meanrdm,0.01678982739974386,,,
STDP,123,1,NATIVE,160,FC1,IT,all,persub,0.009454047293688863,0.008631654572077117,0.015347177210204137,0.004383310098785336
STDP,123,1,NATIVE,160,FC1,IT,all,meanrdm,0.01519952830236497,,,
Random Weights (BN-calibrated),123,1,NATIVE,160,Conv1,V1,cr,persub,0.005579208805021089,-0.0013471171527944218,0.014176742421618135,0.003908001146239554
Random Weights (BN-calibrated),123,1,NATIVE,160,Conv1,V1,cr,meanrdm,0.008980296418627428,,,
Random Weights (BN-calibrated),123,1,NATIVE,160,Conv1,V1,all,persub,0.004292300801099454,-0.0017182985335659493,0.012072626081071456,0.0025225748557928572
Random Weights (BN-calibrated),123,1,NATIVE,160,Conv1,V1,all,meanrdm,0.006952086513072918,,,
Random Weights (BN-calibrated),123,1,NATIVE,160,Conv1,V2,cr,persub,0.002031479503942115,-0.002652127936144769,0.007198248955829387,0.0015483174921417284
Random Weights (BN-calibrated),123,1,NATIVE,160,Conv1,V2,cr,meanrdm,0.002992936271284579,,,
Random Weights (BN-calibrated),123,1,NATIVE,160,Conv1,V2,all,persub,0.0013192103647919938,-0.002673635701175574,0.006899536696637926,-0.0002682699010863699
Random Weights (BN-calibrated),123,1,NATIVE,160,Conv1,V2,all,meanrdm,0.0019315136505423023,,,
Random Weights (BN-calibrated),123,1,NATIVE,160,Conv2,V1,cr,persub,0.0076416545385188306,0.0003934526819165977,0.01770174673872569,0.004829764194914204
Random Weights (BN-calibrated),123,1,NATIVE,160,Conv2,V1,cr,meanrdm,0.012503234470817944,,,
Random Weights (BN-calibrated),123,1,NATIVE,160,Conv2,V1,all,persub,0.006188702656927271,0.000510363359817927,0.01416487859377776,0.003890866017186126
Random Weights (BN-calibrated),123,1,NATIVE,160,Conv2,V1,all,meanrdm,0.010029007509942336,,,
Random Weights (BN-calibrated),123,1,NATIVE,160,Conv2,V2,cr,persub,0.005691750810568719,0.0009675993983161876,0.012486144386331043,0.0036215086470589263
Random Weights (BN-calibrated),123,1,NATIVE,160,Conv2,V2,cr,meanrdm,0.008518690139214765,,,
Random Weights (BN-calibrated),123,1,NATIVE,160,Conv2,V2,all,persub,0.0046616445130463,0.001459663653288843,0.010741700421174696,0.0017835694646753612
Random Weights (BN-calibrated),123,1,NATIVE,160,Conv2,V2,all,meanrdm,0.006822009491839271,,,
Random Weights (BN-calibrated),123,1,NATIVE,160,Conv3,LOC,cr,persub,0.005807248185490186,0.005622792882452947,0.012184502120827575,-0.00038555044680996546
Random Weights (BN-calibrated),123,1,NATIVE,160,Conv3,LOC,cr,meanrdm,0.010164745201843595,,,
Random Weights (BN-calibrated),123,1,NATIVE,160,Conv3,LOC,all,persub,0.004736760014347076,0.005282624193495231,0.008940309724257118,-1.2653874711120785e-05
Random Weights (BN-calibrated),123,1,NATIVE,160,Conv3,LOC,all,meanrdm,0.008183259389413574,,,
Random Weights (BN-calibrated),123,1,NATIVE,160,FC1,IT,cr,persub,0.007984504103465526,0.0064548431284963915,0.011385164061466167,0.00611350512043402
Random Weights (BN-calibrated),123,1,NATIVE,160,FC1,IT,cr,meanrdm,0.014151980922225537,,,
Random Weights (BN-calibrated),123,1,NATIVE,160,FC1,IT,all,persub,0.006734711439495312,0.006080015855188578,0.00951160870731363,0.004612509755983725
Random Weights (BN-calibrated),123,1,NATIVE,160,FC1,IT,all,meanrdm,0.011676620468285163,,,
Random Weights,123,1,NATIVE,224,Conv1,V1,cr,persub,0.04461147224375197,0.043185562359737015,0.07593497786158875,0.014713876509930134
Random Weights,123,1,NATIVE,224,Conv1,V1,cr,meanrdm,0.06474906722849745,,,
Random Weights,123,1,NATIVE,224,Conv1,V1,all,persub,0.043931960228909724,0.042679589465484745,0.07554422023088005,0.013572070990364381
Random Weights,123,1,NATIVE,224,Conv1,V1,all,meanrdm,0.06348765010017005,,,
Random Weights,123,1,NATIVE,224,Conv1,V2,cr,persub,0.02387350310447611,0.026742309273741334,0.042453856675277,0.0024243433644099894
Random Weights,123,1,NATIVE,224,Conv1,V2,cr,meanrdm,0.03612758054006766,,,
Random Weights,123,1,NATIVE,224,Conv1,V2,all,persub,0.023920901488740366,0.027308711455301032,0.04357054056114941,0.0008834524497706533
Random Weights,123,1,NATIVE,224,Conv1,V2,all,meanrdm,0.03608120140217293,,,
Random Weights,123,1,NATIVE,224,Conv2,V1,cr,persub,0.0626140657852322,0.0636753344657433,0.10634476435688635,0.017822098533066936
Random Weights,123,1,NATIVE,224,Conv2,V1,cr,meanrdm,0.09018592344631622,,,
Random Weights,123,1,NATIVE,224,Conv2,V1,all,persub,0.06149275477396212,0.06234356320321445,0.10498839869733834,0.01714630242133358
Random Weights,123,1,NATIVE,224,Conv2,V1,all,meanrdm,0.08815312327601828,,,
Random Weights,123,1,NATIVE,224,Conv2,V2,cr,persub,0.036749303535689525,0.039952385658309136,0.06672823257584806,0.0035672923729113746
Random Weights,123,1,NATIVE,224,Conv2,V2,cr,meanrdm,0.05547483834636865,,,
Random Weights,123,1,NATIVE,224,Conv2,V2,all,persub,0.03635626601283024,0.040085149440802145,0.06684748197513628,0.002136166622552308
Random Weights,123,1,NATIVE,224,Conv2,V2,all,meanrdm,0.054510158221745,,,
Random Weights,123,1,NATIVE,224,Conv3,LOC,cr,persub,-0.0017043546431242949,0.003822849212511829,-0.004897101074561143,-0.0040388120673235705
Random Weights,123,1,NATIVE,224,Conv3,LOC,cr,meanrdm,-0.004741299044016769,,,
Random Weights,123,1,NATIVE,224,Conv3,LOC,all,persub,-0.0009307076553867049,0.005451216524904313,-0.0057430855027650945,-0.002500253988299333
Random Weights,123,1,NATIVE,224,Conv3,LOC,all,meanrdm,-0.0030586028718653994,,,
Random Weights,123,1,NATIVE,224,FC1,IT,cr,persub,0.004142028965965096,-0.0003201537456884721,0.008090229630075916,0.004656011013507844
Random Weights,123,1,NATIVE,224,FC1,IT,cr,meanrdm,0.006713008843382784,,,
Random Weights,123,1,NATIVE,224,FC1,IT,all,persub,0.004942396821721418,0.0018396163261105271,0.009109268669264644,0.0038783054697890842
Random Weights,123,1,NATIVE,224,FC1,IT,all,meanrdm,0.007980078742340186,,,
Backprop,123,1,NATIVE,224,Conv1,V1,cr,persub,0.023405020420478918,0.02213964081310422,0.03834141299417437,0.009734007454158155
Backprop,123,1,NATIVE,224,Conv1,V1,cr,meanrdm,0.03569942583074389,,,
Backprop,123,1,NATIVE,224,Conv1,V1,all,persub,0.021711119591866584,0.020751464577227794,0.035796272239329296,0.008585621959042668
Backprop,123,1,NATIVE,224,Conv1,V1,all,meanrdm,0.03297446260102161,,,
Backprop,123,1,NATIVE,224,Conv1,V2,cr,persub,0.012558250936443568,0.011761930033165356,0.021709267524790198,0.004203555251375156
Backprop,123,1,NATIVE,224,Conv1,V2,cr,meanrdm,0.018861617207772727,,,
Backprop,123,1,NATIVE,224,Conv1,V2,all,persub,0.011500182421161553,0.011436488441220832,0.020690138143227156,0.002373920679036667
Backprop,123,1,NATIVE,224,Conv1,V2,all,meanrdm,0.017190565486438766,,,
Backprop,123,1,NATIVE,224,Conv2,V1,cr,persub,-0.023373861071447257,-0.026987974884683855,-0.047437452587301386,0.004303844257643475
Backprop,123,1,NATIVE,224,Conv2,V1,cr,meanrdm,-0.03116268116325399,,,
Backprop,123,1,NATIVE,224,Conv2,V1,all,persub,-0.024238969577265124,-0.025318379450438112,-0.049465256634582934,0.00206672735322567
Backprop,123,1,NATIVE,224,Conv2,V1,all,meanrdm,-0.032949556797385454,,,
Backprop,123,1,NATIVE,224,Conv2,V2,cr,persub,-0.013852733471547361,-0.010815763251492189,-0.03544951002382782,0.004707072860677923
Backprop,123,1,NATIVE,224,Conv2,V2,cr,meanrdm,-0.020775222414095584,,,
Backprop,123,1,NATIVE,224,Conv2,V2,all,persub,-0.014484984251165622,-0.009846780037258486,-0.03610328676759271,0.002495114051354331
Backprop,123,1,NATIVE,224,Conv2,V2,all,meanrdm,-0.02177270713429415,,,
Backprop,123,1,NATIVE,224,Conv3,LOC,cr,persub,0.008511276658485402,0.005474520246969814,0.015365011928238425,0.0046942978002479634
Backprop,123,1,NATIVE,224,Conv3,LOC,cr,meanrdm,0.014335494196925702,,,
Backprop,123,1,NATIVE,224,Conv3,LOC,all,persub,0.007969471374737554,0.0058308959917128915,0.01319785191264958,0.004879666219850188
Backprop,123,1,NATIVE,224,Conv3,LOC,all,meanrdm,0.01357301552721278,,,
Backprop,123,1,NATIVE,224,FC1,IT,cr,persub,0.009515602055921961,0.009873265065060408,0.010291254359146487,0.008382286743558993
Backprop,123,1,NATIVE,224,FC1,IT,cr,meanrdm,0.015496334273756691,,,
Backprop,123,1,NATIVE,224,FC1,IT,all,persub,0.008679964412625465,0.0099547631093281,0.009484613141872258,0.006600516986676032
Backprop,123,1,NATIVE,224,FC1,IT,all,meanrdm,0.013576076314936715,,,
Feedback Alignment,123,1,NATIVE,224,Conv1,V1,cr,persub,0.009526943481988785,0.003287031038736168,0.019865871436326843,0.005427927970903345
Feedback Alignment,123,1,NATIVE,224,Conv1,V1,cr,meanrdm,0.015007675628552196,,,
Feedback Alignment,123,1,NATIVE,224,Conv1,V1,all,persub,0.008040871683352534,0.002539653431230882,0.017586541402511244,0.003996420216315482
Feedback Alignment,123,1,NATIVE,224,Conv1,V1,all,meanrdm,0.0126777893653809,,,
Feedback Alignment,123,1,NATIVE,224,Conv1,V2,cr,persub,0.00411396777624023,0.0004675742691926024,0.009598779105209499,0.002275549954318588
Feedback Alignment,123,1,NATIVE,224,Conv1,V2,cr,meanrdm,0.005877426350078005,,,
Feedback Alignment,123,1,NATIVE,224,Conv1,V2,all,persub,0.00321171909286183,0.00018352073836993762,0.009296431739065176,0.00015520480115037576
Feedback Alignment,123,1,NATIVE,224,Conv1,V2,all,meanrdm,0.004498132215096104,,,
Feedback Alignment,123,1,NATIVE,224,Conv2,V1,cr,persub,0.008489960902991221,0.0036878878467383226,0.013841443796871324,0.007940551065364019
Feedback Alignment,123,1,NATIVE,224,Conv2,V1,cr,meanrdm,0.013583506216605907,,,
Feedback Alignment,123,1,NATIVE,224,Conv2,V1,all,persub,0.007333052745634714,0.004033191279980176,0.011555932806554441,0.006410034150369527
Feedback Alignment,123,1,NATIVE,224,Conv2,V1,all,meanrdm,0.011623016209966353,,,
Feedback Alignment,123,1,NATIVE,224,Conv2,V2,cr,persub,0.004367581448898605,0.004246966512293463,0.004770575421685158,0.0040852024127171925
Feedback Alignment,123,1,NATIVE,224,Conv2,V2,cr,meanrdm,0.00661937714088197,,,
Feedback Alignment,123,1,NATIVE,224,Conv2,V2,all,persub,0.0037905006542308987,0.005013004831125783,0.004406971065096447,0.0019515260664704649
Feedback Alignment,123,1,NATIVE,224,Conv2,V2,all,meanrdm,0.005494617845638657,,,
Feedback Alignment,123,1,NATIVE,224,Conv3,LOC,cr,persub,0.003447090116742693,0.006054382376753703,0.006216459771393858,-0.0019295717979194824
Feedback Alignment,123,1,NATIVE,224,Conv3,LOC,cr,meanrdm,0.00627252599552512,,,
Feedback Alignment,123,1,NATIVE,224,Conv3,LOC,all,persub,0.0032865158722111478,0.006855720734411162,0.004388706098647582,-0.0013848792164253016
Feedback Alignment,123,1,NATIVE,224,Conv3,LOC,all,meanrdm,0.005852660317307179,,,
Feedback Alignment,123,1,NATIVE,224,FC1,IT,cr,persub,0.008619281071770303,0.009216113647808156,0.012574112066285097,0.0040676175012176515
Feedback Alignment,123,1,NATIVE,224,FC1,IT,cr,meanrdm,0.015375166296870451,,,
Feedback Alignment,123,1,NATIVE,224,FC1,IT,all,persub,0.007174076984466683,0.008409943196823666,0.010232883576919254,0.002879404179657131
Feedback Alignment,123,1,NATIVE,224,FC1,IT,all,meanrdm,0.012473540997807647,,,
Predictive Coding,123,1,NATIVE,224,Conv1,V1,cr,persub,0.01127016199416984,0.005249714097949577,0.023253275547017765,0.005307496337542175
Predictive Coding,123,1,NATIVE,224,Conv1,V1,cr,meanrdm,0.017276282970006947,,,
Predictive Coding,123,1,NATIVE,224,Conv1,V1,all,persub,0.009941215504611679,0.004717631669283409,0.021235884376696133,0.003870130467855493
Predictive Coding,123,1,NATIVE,224,Conv1,V1,all,meanrdm,0.015187277125858024,,,
Predictive Coding,123,1,NATIVE,224,Conv1,V2,cr,persub,0.005281803627414917,0.0018705248556128325,0.012341752293298947,0.0016331337333329709
Predictive Coding,123,1,NATIVE,224,Conv1,V2,cr,meanrdm,0.00802888071257157,,,
Predictive Coding,123,1,NATIVE,224,Conv1,V2,all,persub,0.0046475797767564254,0.0019207583016803377,0.01213705599676688,-0.00011507496817794061
Predictive Coding,123,1,NATIVE,224,Conv1,V2,all,meanrdm,0.007071979589282038,,,
Predictive Coding,123,1,NATIVE,224,Conv2,V1,cr,persub,0.017393387562865664,0.01311555940443424,0.032698294235457816,0.006366309048704938
Predictive Coding,123,1,NATIVE,224,Conv2,V1,cr,meanrdm,0.026564725760104616,,,
Predictive Coding,123,1,NATIVE,224,Conv2,V1,all,persub,0.016133150623811713,0.012771657167556766,0.02981849659550471,0.005809298108373662
Predictive Coding,123,1,NATIVE,224,Conv2,V1,all,meanrdm,0.024400625396947824,,,
Predictive Coding,123,1,NATIVE,224,Conv2,V2,cr,persub,0.00961389578189591,0.007592883049575208,0.01894702911148887,0.0023017751846236534
Predictive Coding,123,1,NATIVE,224,Conv2,V2,cr,meanrdm,0.014397674704121032,,,
Predictive Coding,123,1,NATIVE,224,Conv2,V2,all,persub,0.008941222003813441,0.008085635870507358,0.017585217529672265,0.0011528126112607011
Predictive Coding,123,1,NATIVE,224,Conv2,V2,all,meanrdm,0.013383779725096698,,,
Predictive Coding,123,1,NATIVE,224,Conv3,LOC,cr,persub,0.0052734582232451905,0.005824187070166488,0.009540396783925962,0.0004557908156431207
Predictive Coding,123,1,NATIVE,224,Conv3,LOC,cr,meanrdm,0.008969350957914974,,,
Predictive Coding,123,1,NATIVE,224,Conv3,LOC,all,persub,0.004393778154858659,0.0052935005835874705,0.006818350792334782,0.0010694830886537263
Predictive Coding,123,1,NATIVE,224,Conv3,LOC,all,meanrdm,0.007364281193337156,,,
Predictive Coding,123,1,NATIVE,224,FC1,IT,cr,persub,0.008710353905216437,0.009211314336126212,0.014116003676528967,0.0028037437029941334
Predictive Coding,123,1,NATIVE,224,FC1,IT,cr,meanrdm,0.014832927574423331,,,
Predictive Coding,123,1,NATIVE,224,FC1,IT,all,persub,0.007627300026838386,0.008906926942535531,0.011295940703734185,0.0026790324342454395
Predictive Coding,123,1,NATIVE,224,FC1,IT,all,meanrdm,0.012629973993955986,,,
STDP,123,1,NATIVE,224,Conv1,V1,cr,persub,0.028319652859344957,0.023753014830080705,0.05268571889405092,0.008520224853903241
STDP,123,1,NATIVE,224,Conv1,V1,cr,meanrdm,0.04227637690256104,,,
STDP,123,1,NATIVE,224,Conv1,V1,all,persub,0.02681419525016115,0.02287164474418665,0.049831068701454435,0.007739872304842369
STDP,123,1,NATIVE,224,Conv1,V1,all,meanrdm,0.0399270777252468,,,
STDP,123,1,NATIVE,224,Conv1,V2,cr,persub,0.017006191191996124,0.014287204348312047,0.034047881835564134,0.002683487392112193
STDP,123,1,NATIVE,224,Conv1,V2,cr,meanrdm,0.025763589354352034,,,
STDP,123,1,NATIVE,224,Conv1,V2,all,persub,0.016116804032062296,0.0143431750756276,0.03298001161839824,0.0010272254021610498
STDP,123,1,NATIVE,224,Conv1,V2,all,meanrdm,0.024297914073909792,,,
STDP,123,1,NATIVE,224,Conv2,V1,cr,persub,0.025144227417984753,0.02291738520336796,0.04090463742117085,0.011610659629415447
STDP,123,1,NATIVE,224,Conv2,V1,cr,meanrdm,0.0385190200119366,,,
STDP,123,1,NATIVE,224,Conv2,V1,all,persub,0.023477309392968326,0.02159166233380512,0.03800241408381503,0.010837851761284828
STDP,123,1,NATIVE,224,Conv2,V1,all,meanrdm,0.03581293075989498,,,
STDP,123,1,NATIVE,224,Conv2,V2,cr,persub,0.014914831275434318,0.016673955855453653,0.0255535905155683,0.002516947455280996
STDP,123,1,NATIVE,224,Conv2,V2,cr,meanrdm,0.021853146175769035,,,
STDP,123,1,NATIVE,224,Conv2,V2,all,persub,0.013479067351734287,0.01577240730212016,0.023409631129905857,0.0012551636231768436
STDP,123,1,NATIVE,224,Conv2,V2,all,meanrdm,0.019527891986170772,,,
STDP,123,1,NATIVE,224,Conv3,LOC,cr,persub,0.0038410444973376433,0.007464037617972527,0.004363886341015894,-0.0003047904669754909
STDP,123,1,NATIVE,224,Conv3,LOC,cr,meanrdm,0.005758424872088032,,,
STDP,123,1,NATIVE,224,Conv3,LOC,all,persub,0.0035056546633806863,0.008056687663322293,0.002724729840548547,-0.00026445351372877995
STDP,123,1,NATIVE,224,Conv3,LOC,all,meanrdm,0.0051202597314322015,,,
STDP,123,1,NATIVE,224,FC1,IT,cr,persub,0.009536374905810786,0.007659328792570344,0.015591920002247083,0.005357875922614925
STDP,123,1,NATIVE,224,FC1,IT,cr,meanrdm,0.016244713324890903,,,
STDP,123,1,NATIVE,224,FC1,IT,all,persub,0.009008057880761535,0.008789568964711045,0.01397537241290387,0.004259232264669691
STDP,123,1,NATIVE,224,FC1,IT,all,meanrdm,0.0145041187211711,,,
Random Weights (BN-calibrated),123,1,NATIVE,224,Conv1,V1,cr,persub,0.005880012336347058,-0.0010444906879436091,0.014738199113885346,0.003946328583099436
Random Weights (BN-calibrated),123,1,NATIVE,224,Conv1,V1,cr,meanrdm,0.009354139025343378,,,
Random Weights (BN-calibrated),123,1,NATIVE,224,Conv1,V1,all,persub,0.0046158656715127415,-0.0014544252631618583,0.012725034815312777,0.0025769874623873053
Random Weights (BN-calibrated),123,1,NATIVE,224,Conv1,V1,all,meanrdm,0.0073540669124416294,,,
Random Weights (BN-calibrated),123,1,NATIVE,224,Conv1,V2,cr,persub,0.002215671436159234,-0.002163640338973392,0.007418944514402418,0.0013917101330486762
Random Weights (BN-calibrated),123,1,NATIVE,224,Conv1,V2,cr,meanrdm,0.003269074960342874,,,
Random Weights (BN-calibrated),123,1,NATIVE,224,Conv1,V2,all,persub,0.0015486375980825135,-0.002187438845642477,0.007225402937444845,-0.00039205129755482814
Random Weights (BN-calibrated),123,1,NATIVE,224,Conv1,V2,all,meanrdm,0.002290071357878887,,,
Random Weights (BN-calibrated),123,1,NATIVE,224,Conv2,V1,cr,persub,0.008415107995718634,0.0013019486004987755,0.01902100205957498,0.004922373327082147
Random Weights (BN-calibrated),123,1,NATIVE,224,Conv2,V1,cr,meanrdm,0.013458728240923227,,,
Random Weights (BN-calibrated),123,1,NATIVE,224,Conv2,V1,all,persub,0.006995604255747731,0.0013104829518579165,0.015571184626306425,0.004105145189078849
Random Weights (BN-calibrated),123,1,NATIVE,224,Conv2,V1,all,meanrdm,0.011060695132256614,,,
Random Weights (BN-calibrated),123,1,NATIVE,224,Conv2,V2,cr,persub,0.006388494062314921,0.0023776697139165272,0.013341048614970607,0.0034467638580576295
Random Weights (BN-calibrated),123,1,NATIVE,224,Conv2,V2,cr,meanrdm,0.009567894951527055,,,
Random Weights (BN-calibrated),123,1,NATIVE,224,Conv2,V2,all,persub,0.005407853996807158,0.00278543991582057,0.011663640264343297,0.0017744818102576078
Random Weights (BN-calibrated),123,1,NATIVE,224,Conv2,V2,all,meanrdm,0.007980893453527637,,,
Random Weights (BN-calibrated),123,1,NATIVE,224,Conv3,LOC,cr,persub,0.005475146013090892,0.005682941110644518,0.011291728738786071,-0.0005492318101579135
Random Weights (BN-calibrated),123,1,NATIVE,224,Conv3,LOC,cr,meanrdm,0.00945889632373052,,,
Random Weights (BN-calibrated),123,1,NATIVE,224,Conv3,LOC,all,persub,0.0045057135333807135,0.005486853531005869,0.008203705788941194,-0.00017341871980492394
Random Weights (BN-calibrated),123,1,NATIVE,224,Conv3,LOC,all,meanrdm,0.007697491178235561,,,
Random Weights (BN-calibrated),123,1,NATIVE,224,FC1,IT,cr,persub,0.007869778075215989,0.006397258759351924,0.011235843190446666,0.0059762322758493795
Random Weights (BN-calibrated),123,1,NATIVE,224,FC1,IT,cr,meanrdm,0.013970400835297858,,,
Random Weights (BN-calibrated),123,1,NATIVE,224,FC1,IT,all,persub,0.006609705400288522,0.0060357820548808125,0.009289733458687237,0.004503600687297519
Random Weights (BN-calibrated),123,1,NATIVE,224,FC1,IT,all,meanrdm,0.011484447127872489,,,
Random Weights,123,1,UPSAMPLED,32,Conv1,V1,cr,persub,0.03984683125733787,0.03725797262366228,0.06842639935732783,0.013856121791023501
Random Weights,123,1,UPSAMPLED,32,Conv1,V1,cr,meanrdm,0.058166786484797325,,,
Random Weights,123,1,UPSAMPLED,32,Conv1,V1,all,persub,0.03923495726478996,0.0369547576131425,0.0680929091758425,0.012657205005384874
Random Weights,123,1,UPSAMPLED,32,Conv1,V1,all,meanrdm,0.05700999936400498,,,
Random Weights,123,1,UPSAMPLED,32,Conv1,V2,cr,persub,0.02035771727047304,0.022422036983606525,0.03605215604484395,0.0025989587829686554
Random Weights,123,1,UPSAMPLED,32,Conv1,V2,cr,meanrdm,0.03082867082832475,,,
Random Weights,123,1,UPSAMPLED,32,Conv1,V2,all,persub,0.02038022537803608,0.02298783205903958,0.03721641564566629,0.0009364284294023701
Random Weights,123,1,UPSAMPLED,32,Conv1,V2,all,meanrdm,0.030798091801385218,,,
Random Weights,123,1,UPSAMPLED,32,Conv2,V1,cr,persub,0.05726738666470973,0.056526775220442145,0.09779784215707486,0.01747754261661216
Random Weights,123,1,UPSAMPLED,32,Conv2,V1,cr,meanrdm,0.08257161065356902,,,
Random Weights,123,1,UPSAMPLED,32,Conv2,V1,all,persub,0.05619827995698842,0.05554156593652523,0.0964150844618572,0.016638189472582828
Random Weights,123,1,UPSAMPLED,32,Conv2,V1,all,meanrdm,0.08057507539208633,,,
Random Weights,123,1,UPSAMPLED,32,Conv2,V2,cr,persub,0.03328984066174142,0.03586498301154068,0.059452823024107156,0.004551715949576418
Random Weights,123,1,UPSAMPLED,32,Conv2,V2,cr,meanrdm,0.05021006654136071,,,
Random Weights,123,1,UPSAMPLED,32,Conv2,V2,all,persub,0.0328417205753092,0.03611096968680636,0.059522727979513856,0.002891464059607393
Random Weights,123,1,UPSAMPLED,32,Conv2,V2,all,meanrdm,0.04916569837220109,,,
Random Weights,123,1,UPSAMPLED,32,Conv3,LOC,cr,persub,0.0007407514615616868,0.0035974920146628294,0.0014695247796297738,-0.0028447624096075426
Random Weights,123,1,UPSAMPLED,32,Conv3,LOC,cr,meanrdm,-0.0002876559450079732,,,
Random Weights,123,1,UPSAMPLED,32,Conv3,LOC,all,persub,0.0015843035356885218,0.005274931854664234,0.0004745881785961891,-0.0009966094261948577
Random Weights,123,1,UPSAMPLED,32,Conv3,LOC,all,meanrdm,0.0017174147441561967,,,
Random Weights,123,1,UPSAMPLED,32,FC1,IT,cr,persub,0.0035745046235282105,0.0010068643377209128,0.005462146316693934,0.004254503216169784
Random Weights,123,1,UPSAMPLED,32,FC1,IT,cr,meanrdm,0.005952032459813776,,,
Random Weights,123,1,UPSAMPLED,32,FC1,IT,all,persub,0.00445514507178792,0.0031861300014708,0.005891170641021693,0.004288134572871266
Random Weights,123,1,UPSAMPLED,32,FC1,IT,all,meanrdm,0.007471887111189716,,,
Backprop,123,1,UPSAMPLED,32,Conv1,V1,cr,persub,0.049857460508307506,0.05124754912860405,0.083231038413886,0.01509379398243249
Backprop,123,1,UPSAMPLED,32,Conv1,V1,cr,meanrdm,0.07345557121442826,,,
Backprop,123,1,UPSAMPLED,32,Conv1,V1,all,persub,0.04813237571889321,0.04965865819312128,0.07978037021348502,0.014958098750073312
Backprop,123,1,UPSAMPLED,32,Conv1,V1,all,meanrdm,0.07078191762571144,,,
Backprop,123,1,UPSAMPLED,32,Conv1,V2,cr,persub,0.031114288816385394,0.029380307514053537,0.057024058711004896,0.006938500224097752
Backprop,123,1,UPSAMPLED,32,Conv1,V2,cr,meanrdm,0.04758388740643565,,,
Backprop,123,1,UPSAMPLED,32,Conv1,V2,all,persub,0.030217758675336968,0.02940986426918709,0.055562381547066775,0.005681030209757029
Backprop,123,1,UPSAMPLED,32,Conv1,V2,all,meanrdm,0.04601557360874188,,,
Backprop,123,1,UPSAMPLED,32,Conv2,V1,cr,persub,0.023305794522315768,0.030317525508244226,0.025105529694290304,0.014494328364412775
Backprop,123,1,UPSAMPLED,32,Conv2,V1,cr,meanrdm,0.036848417317490854,,,
Backprop,123,1,UPSAMPLED,32,Conv2,V1,all,persub,0.022162873748181596,0.030592495530049564,0.022592915324266907,0.013303210390228316
Backprop,123,1,UPSAMPLED,32,Conv2,V1,all,meanrdm,0.034820393735520455,,,
Backprop,123,1,UPSAMPLED,32,Conv2,V2,cr,persub,0.012741095220136852,0.016539220838617696,0.011954796607917173,0.009729268213875684
Backprop,123,1,UPSAMPLED,32,Conv2,V2,cr,meanrdm,0.02030946572700318,,,
Backprop,123,1,UPSAMPLED,32,Conv2,V2,all,persub,0.012010173246496008,0.016975388274307675,0.01073626588764745,0.008318865577532902
Backprop,123,1,UPSAMPLED,32,Conv2,V2,all,meanrdm,0.019016783441176525,,,
Backprop,123,1,UPSAMPLED,32,Conv3,LOC,cr,persub,0.011633280946453294,0.011458982984387469,0.017238254663520598,0.006202605191451815
Backprop,123,1,UPSAMPLED,32,Conv3,LOC,cr,meanrdm,0.018727923449194113,,,
Backprop,123,1,UPSAMPLED,32,Conv3,LOC,all,persub,0.011427418739774271,0.011465095657864558,0.01565647641410862,0.007160684147349636
Backprop,123,1,UPSAMPLED,32,Conv3,LOC,all,meanrdm,0.018451771690607584,,,
Backprop,123,1,UPSAMPLED,32,FC1,IT,cr,persub,0.012781680785859437,0.014378217859074597,0.01805755351034495,0.005909270988158767
Backprop,123,1,UPSAMPLED,32,FC1,IT,cr,meanrdm,0.02038345178269311,,,
Backprop,123,1,UPSAMPLED,32,FC1,IT,all,persub,0.012644924085843884,0.013840167910866109,0.017713762424401994,0.006380841922263554
Backprop,123,1,UPSAMPLED,32,FC1,IT,all,meanrdm,0.01982027066415868,,,
Feedback Alignment,123,1,UPSAMPLED,32,Conv1,V1,cr,persub,0.016902930059928444,0.011413976526147453,0.032083474940085066,0.0072113387135528196
Feedback Alignment,123,1,UPSAMPLED,32,Conv1,V1,cr,meanrdm,0.025940436532086292,,,
Feedback Alignment,123,1,UPSAMPLED,32,Conv1,V1,all,persub,0.015310170392041163,0.010333727067185647,0.029302799297748882,0.006293984811188959
Feedback Alignment,123,1,UPSAMPLED,32,Conv1,V1,all,meanrdm,0.023542209810798066,,,
Feedback Alignment,123,1,UPSAMPLED,32,Conv1,V2,cr,persub,0.008453188686043918,0.0036202993021230826,0.018714037921999674,0.003025228834008996
Feedback Alignment,123,1,UPSAMPLED,32,Conv1,V2,cr,meanrdm,0.01264608857861937,,,
Feedback Alignment,123,1,UPSAMPLED,32,Conv1,V2,all,persub,0.007528118837213024,0.003300263474928853,0.017848026054619895,0.001436066982090321
Feedback Alignment,123,1,UPSAMPLED,32,Conv1,V2,all,meanrdm,0.011225850228938478,,,
Feedback Alignment,123,1,UPSAMPLED,32,Conv2,V1,cr,persub,0.01847855850291341,0.015388977134302715,0.03225717434516477,0.0077895240292727526
Feedback Alignment,123,1,UPSAMPLED,32,Conv2,V1,cr,meanrdm,0.028251565804340795,,,
Feedback Alignment,123,1,UPSAMPLED,32,Conv2,V1,all,persub,0.017150498211453372,0.014991168046399054,0.02932874270088918,0.007131583887071877
Feedback Alignment,123,1,UPSAMPLED,32,Conv2,V1,all,meanrdm,0.026273850783663715,,,
Feedback Alignment,123,1,UPSAMPLED,32,Conv2,V2,cr,persub,0.008505788604282674,0.006379783805166344,0.016192005644050853,0.002945576363630824
Feedback Alignment,123,1,UPSAMPLED,32,Conv2,V2,cr,meanrdm,0.012884675448023299,,,
Feedback Alignment,123,1,UPSAMPLED,32,Conv2,V2,all,persub,0.007959711135720542,0.007225551996922344,0.014945272264952956,0.001708309145286326
Feedback Alignment,123,1,UPSAMPLED,32,Conv2,V2,all,meanrdm,0.011839346193839036,,,
Feedback Alignment,123,1,UPSAMPLED,32,Conv3,LOC,cr,persub,0.003636592345037794,0.0064533764747222245,0.004701499541961178,-0.0002450989815700204
Feedback Alignment,123,1,UPSAMPLED,32,Conv3,LOC,cr,meanrdm,0.005934885162363766,,,
Feedback Alignment,123,1,UPSAMPLED,32,Conv3,LOC,all,persub,0.0028637384559836495,0.006212884079604181,0.003272707169698753,-0.0008943758813519855
Feedback Alignment,123,1,UPSAMPLED,32,Conv3,LOC,all,meanrdm,0.00445118813429672,,,
Feedback Alignment,123,1,UPSAMPLED,32,FC1,IT,cr,persub,0.0056342324583500214,0.00740197075151826,0.00966046237608819,-0.00015973575255638224
Feedback Alignment,123,1,UPSAMPLED,32,FC1,IT,cr,meanrdm,0.009380262474626696,,,
Feedback Alignment,123,1,UPSAMPLED,32,FC1,IT,all,persub,0.0050952011005744825,0.006866261776006838,0.008447841755663496,-2.8500229946887637e-05
Feedback Alignment,123,1,UPSAMPLED,32,FC1,IT,all,meanrdm,0.008365609018179433,,,
Predictive Coding,123,1,UPSAMPLED,32,Conv1,V1,cr,persub,0.015998308175870845,0.011864677278064126,0.029466265045089216,0.0066639822044592
Predictive Coding,123,1,UPSAMPLED,32,Conv1,V1,cr,meanrdm,0.024143355566547106,,,
Predictive Coding,123,1,UPSAMPLED,32,Conv1,V1,all,persub,0.014683519144545604,0.011260504493695925,0.02721649140619721,0.005573561533743676
Predictive Coding,123,1,UPSAMPLED,32,Conv1,V1,all,meanrdm,0.022207361041599316,,,
Predictive Coding,123,1,UPSAMPLED,32,Conv1,V2,cr,persub,0.007713272287444323,0.00455968633781682,0.016236172491396934,0.002343958033119216
Predictive Coding,123,1,UPSAMPLED,32,Conv1,V2,cr,meanrdm,0.011703453249885568,,,
Predictive Coding,123,1,UPSAMPLED,32,Conv1,V2,all,persub,0.007087987313735923,0.004503475538089531,0.015782373745827256,0.0009781126572909827
Predictive Coding,123,1,UPSAMPLED,32,Conv1,V2,all,meanrdm,0.010729992777545785,,,
Predictive Coding,123,1,UPSAMPLED,32,Conv2,V1,cr,persub,0.01652780869972748,0.01470187876583625,0.02887147466208492,0.006010072671261273
Predictive Coding,123,1,UPSAMPLED,32,Conv2,V1,cr,meanrdm,0.0250395688123206,,,
Predictive Coding,123,1,UPSAMPLED,32,Conv2,V1,all,persub,0.015238872765289619,0.01394508213777484,0.026666282157714948,0.005105254000379068
Predictive Coding,123,1,UPSAMPLED,32,Conv2,V1,all,meanrdm,0.022990802292798925,,,
Predictive Coding,123,1,UPSAMPLED,32,Conv2,V2,cr,persub,0.007927368666345734,0.006276025703447034,0.01595583949658183,0.001550240799008337
Predictive Coding,123,1,UPSAMPLED,32,Conv2,V2,cr,meanrdm,0.011303523223016395,,,
Predictive Coding,123,1,UPSAMPLED,32,Conv2,V2,all,persub,0.007177782559949888,0.006184192845183098,0.0149035547594136,0.00044560007525296536
Predictive Coding,123,1,UPSAMPLED,32,Conv2,V2,all,meanrdm,0.01008685096151968,,,
Predictive Coding,123,1,UPSAMPLED,32,Conv3,LOC,cr,persub,0.004255296498431924,0.00530646851875674,0.006499090168144888,0.0009603308083941462
Predictive Coding,123,1,UPSAMPLED,32,Conv3,LOC,cr,meanrdm,0.006923071219121895,,,
Predictive Coding,123,1,UPSAMPLED,32,Conv3,LOC,all,persub,0.0034937447581123507,0.004986986871392776,0.004472532049934426,0.0010217153530098497
Predictive Coding,123,1,UPSAMPLED,32,Conv3,LOC,all,meanrdm,0.005433072463712287,,,
Predictive Coding,123,1,UPSAMPLED,32,FC1,IT,cr,persub,0.010166105437604005,0.010721448736997109,0.02076491232532058,-0.0009880447495056734
Predictive Coding,123,1,UPSAMPLED,32,FC1,IT,cr,meanrdm,0.016732449727731188,,,
Predictive Coding,123,1,UPSAMPLED,32,FC1,IT,all,persub,0.008739825700009142,0.009377519943921933,0.017032269449764582,-0.00019031229365909166
Predictive Coding,123,1,UPSAMPLED,32,FC1,IT,all,meanrdm,0.01426158254536675,,,
STDP,123,1,UPSAMPLED,32,Conv1,V1,cr,persub,0.04322938733139104,0.03853622915876551,0.07918262426904556,0.011969308566362065
STDP,123,1,UPSAMPLED,32,Conv1,V1,cr,meanrdm,0.06373403718968032,,,
STDP,123,1,UPSAMPLED,32,Conv1,V1,all,persub,0.04116814105693789,0.03705206963381198,0.07505117717755912,0.011401176359442565
STDP,123,1,UPSAMPLED,32,Conv1,V1,all,meanrdm,0.06060127200955072,,,
STDP,123,1,UPSAMPLED,32,Conv1,V2,cr,persub,0.027357757664238105,0.023832843883945142,0.05439053394035435,0.0038498951684148353
STDP,123,1,UPSAMPLED,32,Conv1,V2,cr,meanrdm,0.04170198330598126,,,
STDP,123,1,UPSAMPLED,32,Conv1,V2,all,persub,0.02616736859782584,0.02378483289863226,0.05209107897595591,0.002626193918889346
STDP,123,1,UPSAMPLED,32,Conv1,V2,all,meanrdm,0.039664541910150605,,,
STDP,123,1,UPSAMPLED,32,Conv2,V1,cr,persub,0.04628745101245634,0.041788326176407105,0.08056052653329425,0.01651350032766766
STDP,123,1,UPSAMPLED,32,Conv2,V1,cr,meanrdm,0.06909445194709377,,,
STDP,123,1,UPSAMPLED,32,Conv2,V1,all,persub,0.04434784972723154,0.04095572598672914,0.07594574238952238,0.016142080805443083
STDP,123,1,UPSAMPLED,32,Conv2,V1,all,meanrdm,0.06607440319729936,,,
STDP,123,1,UPSAMPLED,32,Conv2,V2,cr,persub,0.029004040588430254,0.02667892994009116,0.054721038791231476,0.00561215303396813
STDP,123,1,UPSAMPLED,32,Conv2,V2,cr,meanrdm,0.04410130657208786,,,
STDP,123,1,UPSAMPLED,32,Conv2,V2,all,persub,0.02785138685944601,0.027228627253851837,0.051568853534102746,0.004756679790383454
STDP,123,1,UPSAMPLED,32,Conv2,V2,all,meanrdm,0.042104875111358755,,,
STDP,123,1,UPSAMPLED,32,Conv3,LOC,cr,persub,0.0036933231624798626,0.005685857928279877,0.00405665850143926,0.0013374530577204495
STDP,123,1,UPSAMPLED,32,Conv3,LOC,cr,meanrdm,0.005551332912933913,,,
STDP,123,1,UPSAMPLED,32,Conv3,LOC,all,persub,0.0032001205279499644,0.005753039827084588,0.0027518357857407695,0.0010954859710245346
STDP,123,1,UPSAMPLED,32,Conv3,LOC,all,meanrdm,0.0045311819766683595,,,
STDP,123,1,UPSAMPLED,32,FC1,IT,cr,persub,0.008850597783094155,0.00632513191561183,0.018782152223315637,0.0014445092103549995
STDP,123,1,UPSAMPLED,32,FC1,IT,cr,meanrdm,0.014080571796295639,,,
STDP,123,1,UPSAMPLED,32,FC1,IT,all,persub,0.008722321034489751,0.007540193358266514,0.017166160103215523,0.001460609641987215
STDP,123,1,UPSAMPLED,32,FC1,IT,all,meanrdm,0.013539399600739526,,,
Random Weights (BN-calibrated),123,1,UPSAMPLED,32,Conv1,V1,cr,persub,0.008408728229958537,0.0038652822960876234,0.016754410847442024,0.0046064915463459675
Random Weights (BN-calibrated),123,1,UPSAMPLED,32,Conv1,V1,cr,meanrdm,0.013068409354116451,,,
Random Weights (BN-calibrated),123,1,UPSAMPLED,32,Conv1,V1,all,persub,0.007085687872916843,0.0033250788702697113,0.014386684689385464,0.0035453000590953553
Random Weights (BN-calibrated),123,1,UPSAMPLED,32,Conv1,V1,all,meanrdm,0.011127350598500936,,,
Random Weights (BN-calibrated),123,1,UPSAMPLED,32,Conv1,V2,cr,persub,0.0034763814673443565,-0.0005353024643618821,0.008979146075349715,0.0019853007910452364
Random Weights (BN-calibrated),123,1,UPSAMPLED,32,Conv1,V2,cr,meanrdm,0.005083148936415624,,,
Random Weights (BN-calibrated),123,1,UPSAMPLED,32,Conv1,V2,all,persub,0.0027601384644841014,-0.0006796287452411996,0.00830612409347676,0.0006539200452167441
Random Weights (BN-calibrated),123,1,UPSAMPLED,32,Conv1,V2,all,meanrdm,0.0040193025998707865,,,
Random Weights (BN-calibrated),123,1,UPSAMPLED,32,Conv2,V1,cr,persub,0.01419432461694303,0.010960565412386087,0.026589792278509484,0.00503261615993352
Random Weights (BN-calibrated),123,1,UPSAMPLED,32,Conv2,V1,cr,meanrdm,0.021684690688819726,,,
Random Weights (BN-calibrated),123,1,UPSAMPLED,32,Conv2,V1,all,persub,0.012781535318339525,0.010522744553786465,0.02323192347310717,0.00458993792812494
Random Weights (BN-calibrated),123,1,UPSAMPLED,32,Conv2,V1,all,meanrdm,0.019623392370029566,,,
Random Weights (BN-calibrated),123,1,UPSAMPLED,32,Conv2,V2,cr,persub,0.008030458018325633,0.004066240541708195,0.016782784301023677,0.0032423492122450287
Random Weights (BN-calibrated),123,1,UPSAMPLED,32,Conv2,V2,cr,meanrdm,0.011854015541474553,,,
Random Weights (BN-calibrated),123,1,UPSAMPLED,32,Conv2,V2,all,persub,0.007171586838576926,0.004145708878120033,0.015228385829078137,0.0021406658085326093
Random Weights (BN-calibrated),123,1,UPSAMPLED,32,Conv2,V2,all,meanrdm,0.010407582086609834,,,
Random Weights (BN-calibrated),123,1,UPSAMPLED,32,Conv3,LOC,cr,persub,0.004947550916892188,0.006487853057504309,0.0076946307183096176,0.000660168974862637
Random Weights (BN-calibrated),123,1,UPSAMPLED,32,Conv3,LOC,cr,meanrdm,0.008074298067896625,,,
Random Weights (BN-calibrated),123,1,UPSAMPLED,32,Conv3,LOC,all,persub,0.004200734583560491,0.006149472026318488,0.005765291697290458,0.0006874400270725281
Random Weights (BN-calibrated),123,1,UPSAMPLED,32,Conv3,LOC,all,meanrdm,0.0065905499620617595,,,
Random Weights (BN-calibrated),123,1,UPSAMPLED,32,FC1,IT,cr,persub,0.006619051378070998,0.00679396887717842,0.010255575653866452,0.0028076096031681218
Random Weights (BN-calibrated),123,1,UPSAMPLED,32,FC1,IT,cr,meanrdm,0.010990869179047017,,,
Random Weights (BN-calibrated),123,1,UPSAMPLED,32,FC1,IT,all,persub,0.006276911555192516,0.006718891638605918,0.00930189363559556,0.0028099493913760713
Random Weights (BN-calibrated),123,1,UPSAMPLED,32,FC1,IT,all,meanrdm,0.010125219188752917,,,
Random Weights,123,1,UPSAMPLED,64,Conv1,V1,cr,persub,0.04030073690480001,0.03804094364914188,0.06907349721456926,0.013787769850688886
Random Weights,123,1,UPSAMPLED,64,Conv1,V1,cr,meanrdm,0.05865826919683977,,,
Random Weights,123,1,UPSAMPLED,64,Conv1,V1,all,persub,0.0396364441497253,0.037602568317907745,0.06869970697903445,0.012607057152233713
Random Weights,123,1,UPSAMPLED,64,Conv1,V1,all,meanrdm,0.057427528980723536,,,
Random Weights,123,1,UPSAMPLED,64,Conv1,V2,cr,persub,0.020885883364952246,0.02337975700185248,0.036921493609271515,0.0023563994837327417
Random Weights,123,1,UPSAMPLED,64,Conv1,V2,cr,meanrdm,0.03164250248537964,,,
Random Weights,123,1,UPSAMPLED,64,Conv1,V2,all,persub,0.02085498374393617,0.023885695353359774,0.03799761852498081,0.0006816373534679237
Random Weights,123,1,UPSAMPLED,64,Conv1,V2,all,meanrdm,0.03149919043339578,,,
Random Weights,123,1,UPSAMPLED,64,Conv2,V1,cr,persub,0.05046614579882578,0.04863594981311243,0.08734739269756019,0.015415094885804722
Random Weights,123,1,UPSAMPLED,64,Conv2,V1,cr,meanrdm,0.07282137931166564,,,
Random Weights,123,1,UPSAMPLED,64,Conv2,V1,all,persub,0.04940500589539534,0.04776715424679389,0.08600290132790256,0.014444962111489578
Random Weights,123,1,UPSAMPLED,64,Conv2,V1,all,meanrdm,0.07087270895540608,,,
Random Weights,123,1,UPSAMPLED,64,Conv2,V2,cr,persub,0.029019203417344725,0.03181197006529258,0.052172920882615145,0.003072719304126447
Random Weights,123,1,UPSAMPLED,64,Conv2,V2,cr,meanrdm,0.043699140445933926,,,
Random Weights,123,1,UPSAMPLED,64,Conv2,V2,all,persub,0.028540328047703987,0.03199375687948712,0.05225340399694364,0.001373823266681196
Random Weights,123,1,UPSAMPLED,64,Conv2,V2,all,meanrdm,0.04270077874349112,,,
Random Weights,123,1,UPSAMPLED,64,Conv3,LOC,cr,persub,-0.0005641644441009386,0.0027962763451020805,-0.0006345804862819765,-0.0038541891911229196
Random Weights,123,1,UPSAMPLED,64,Conv3,LOC,cr,meanrdm,-0.0025105997970890025,,,
Random Weights,123,1,UPSAMPLED,64,Conv3,LOC,all,persub,0.00024671076661380263,0.004554088069015127,-0.001608149013222613,-0.0022058067559511067
Random Weights,123,1,UPSAMPLED,64,Conv3,LOC,all,meanrdm,-0.0007629945669776594,,,
Random Weights,123,1,UPSAMPLED,64,FC1,IT,cr,persub,0.0034090402757587963,0.0012922518741772693,0.004206939078651123,0.004727929874447997
Random Weights,123,1,UPSAMPLED,64,FC1,IT,cr,meanrdm,0.005504108335691142,,,
Random Weights,123,1,UPSAMPLED,64,FC1,IT,all,persub,0.003947731219697216,0.0032615207773355943,0.00447717304742213,0.004104499834333924
Random Weights,123,1,UPSAMPLED,64,FC1,IT,all,meanrdm,0.006175546253064585,,,
Backprop,123,1,UPSAMPLED,64,Conv1,V1,cr,persub,0.01656416704828654,0.014539967124106863,0.02871461307590806,0.006437920944844696
Backprop,123,1,UPSAMPLED,64,Conv1,V1,cr,meanrdm,0.025082387284650117,,,
Backprop,123,1,UPSAMPLED,64,Conv1,V1,all,persub,0.014995671475172145,0.013176826101567686,0.02625772707789282,0.005552461246055924
Backprop,123,1,UPSAMPLED,64,Conv1,V1,all,meanrdm,0.022672422566848406,,,
Backprop,123,1,UPSAMPLED,64,Conv1,V2,cr,persub,0.008196935294302063,0.006825085042370991,0.014608237471371981,0.0031574833691632156
Backprop,123,1,UPSAMPLED,64,Conv1,V2,cr,meanrdm,0.0118802748127773,,,
Backprop,123,1,UPSAMPLED,64,Conv1,V2,all,persub,0.007228895170077444,0.006375148128926699,0.013794427527779988,0.001517109853525646
Backprop,123,1,UPSAMPLED,64,Conv1,V2,all,meanrdm,0.01050037508835226,,,
Backprop,123,1,UPSAMPLED,64,Conv2,V1,cr,persub,-0.0030607515489953275,-0.00345453609014514,-0.009480146611199744,0.0037524280543589006
Backprop,123,1,UPSAMPLED,64,Conv2,V1,cr,meanrdm,-0.003578396908285693,,,
Backprop,123,1,UPSAMPLED,64,Conv2,V1,all,persub,-0.003741094045690505,-0.0027251862830152394,-0.011666152552814776,0.0031680566987584997
Backprop,123,1,UPSAMPLED,64,Conv2,V1,all,meanrdm,-0.00470651963631129,,,
Backprop,123,1,UPSAMPLED,64,Conv2,V2,cr,persub,0.0008532181273084059,0.004252950405533195,-0.004882110352168094,0.0031888143285601165
Backprop,123,1,UPSAMPLED,64,Conv2,V2,cr,meanrdm,0.0009450870817014323,,,
Backprop,123,1,UPSAMPLED,64,Conv2,V2,all,persub,0.00044659195450062874,0.004573258703116818,-0.0050362806916860875,0.0018027978520711552
Backprop,123,1,UPSAMPLED,64,Conv2,V2,all,meanrdm,0.0003492333897116493,,,
Backprop,123,1,UPSAMPLED,64,Conv3,LOC,cr,persub,0.002076209322954985,0.005953882778263197,-0.00046937115513159827,0.0007441163457333566
Backprop,123,1,UPSAMPLED,64,Conv3,LOC,cr,meanrdm,0.0028589326285334837,,,
Backprop,123,1,UPSAMPLED,64,Conv3,LOC,all,persub,0.0020949148686318564,0.006123787070964125,-0.001294326750448523,0.0014552842853799675
Backprop,123,1,UPSAMPLED,64,Conv3,LOC,all,meanrdm,0.003255382284297154,,,
Backprop,123,1,UPSAMPLED,64,FC1,IT,cr,persub,0.006107386402506079,0.007016682111255317,0.0100431470660875,0.001262330030175417
Backprop,123,1,UPSAMPLED,64,FC1,IT,cr,meanrdm,0.00978874409198383,,,
Backprop,123,1,UPSAMPLED,64,FC1,IT,all,persub,0.005829747692033035,0.007120608264273047,0.008732385294309787,0.0016362495175162694
Backprop,123,1,UPSAMPLED,64,FC1,IT,all,meanrdm,0.0093332966678767,,,
Feedback Alignment,123,1,UPSAMPLED,64,Conv1,V1,cr,persub,0.009412196998357153,0.003530868088411045,0.02013709900640062,0.0045686239002597955
Feedback Alignment,123,1,UPSAMPLED,64,Conv1,V1,cr,meanrdm,0.014697378650131454,,,
Feedback Alignment,123,1,UPSAMPLED,64,Conv1,V1,all,persub,0.007923951756670431,0.0025846565056386137,0.017872547051726778,0.003314651712645901
Feedback Alignment,123,1,UPSAMPLED,64,Conv1,V1,all,meanrdm,0.012446939321436456,,,
Feedback Alignment,123,1,UPSAMPLED,64,Conv1,V2,cr,persub,0.0040055092338648806,0.00032526405990621976,0.009549913770212014,0.0021413498714764083
Feedback Alignment,123,1,UPSAMPLED,64,Conv1,V2,cr,meanrdm,0.005699700705169665,,,
Feedback Alignment,123,1,UPSAMPLED,64,Conv1,V2,all,persub,0.0030632807908262893,-0.0001424427639710404,0.00922223860435689,0.00011004653209301866
Feedback Alignment,123,1,UPSAMPLED,64,Conv1,V2,all,meanrdm,0.004308839374662222,,,
Feedback Alignment,123,1,UPSAMPLED,64,Conv2,V1,cr,persub,0.018877464408979153,0.019615899709624726,0.03016591187608178,0.0068505816412309534
Feedback Alignment,123,1,UPSAMPLED,64,Conv2,V1,cr,meanrdm,0.027483644722632393,,,
Feedback Alignment,123,1,UPSAMPLED,64,Conv2,V1,all,persub,0.017895039922744212,0.019386545599725524,0.02784880573561443,0.006449768432892683
Feedback Alignment,123,1,UPSAMPLED,64,Conv2,V1,all,meanrdm,0.02607903844748693,,,
Feedback Alignment,123,1,UPSAMPLED,64,Conv2,V2,cr,persub,0.013288351878174958,0.016770295759466654,0.019221961040949975,0.0038727988341082428
Feedback Alignment,123,1,UPSAMPLED,64,Conv2,V2,cr,meanrdm,0.02001184503064952,,,
Feedback Alignment,123,1,UPSAMPLED,64,Conv2,V2,all,persub,0.01287045123871084,0.017335180476444993,0.01888180693886949,0.002394366300818036
Feedback Alignment,123,1,UPSAMPLED,64,Conv2,V2,all,meanrdm,0.019097822594581895,,,
Feedback Alignment,123,1,UPSAMPLED,64,Conv3,LOC,cr,persub,3.460956963782458e-05,0.006769612745771605,-0.003490130921879087,-0.0031756531149790446
Feedback Alignment,123,1,UPSAMPLED,64,Conv3,LOC,cr,meanrdm,-0.0005157581344341415,,,
Feedback Alignment,123,1,UPSAMPLED,64,Conv3,LOC,all,persub,0.0005921199466569151,0.007672035589074246,-0.0041456459465081105,-0.00175002980259539
Feedback Alignment,123,1,UPSAMPLED,64,Conv3,LOC,all,meanrdm,0.00044750131024995924,,,
Feedback Alignment,123,1,UPSAMPLED,64,FC1,IT,cr,persub,0.006019203661583639,0.00926119390244345,0.008148355081254445,0.0006480620010530208
Feedback Alignment,123,1,UPSAMPLED,64,FC1,IT,cr,meanrdm,0.010874426062951427,,,
Feedback Alignment,123,1,UPSAMPLED,64,FC1,IT,all,persub,0.005246494708820937,0.008542680519572361,0.0066955700554950336,0.0005012335513954163
Feedback Alignment,123,1,UPSAMPLED,64,FC1,IT,all,meanrdm,0.00944678720814882,,,
Predictive Coding,123,1,UPSAMPLED,64,Conv1,V1,cr,persub,0.009672700140612391,0.00372501120903964,0.021213319634726613,0.0040797695780709214
Predictive Coding,123,1,UPSAMPLED,64,Conv1,V1,cr,meanrdm,0.014803997712679706,,,
Predictive Coding,123,1,UPSAMPLED,64,Conv1,V1,all,persub,0.008335490901702143,0.003055157046438258,0.019110627276827816,0.0028406883818403537
Predictive Coding,123,1,UPSAMPLED,64,Conv1,V1,all,meanrdm,0.012794422909957226,,,
Predictive Coding,123,1,UPSAMPLED,64,Conv1,V2,cr,persub,0.004607801645638613,0.0010026907038259616,0.011379890548630289,0.001440823684459587
Predictive Coding,123,1,UPSAMPLED,64,Conv1,V2,cr,meanrdm,0.006927421610685097,,,
Predictive Coding,123,1,UPSAMPLED,64,Conv1,V2,all,persub,0.003906796765664771,0.0008459545099715922,0.011076585508848618,-0.00020214972182589714
Predictive Coding,123,1,UPSAMPLED,64,Conv1,V2,all,meanrdm,0.00587459645465243,,,
Predictive Coding,123,1,UPSAMPLED,64,Conv2,V1,cr,persub,0.03218112501067646,0.030897141136564114,0.05705466489961743,0.008591568995847836
Predictive Coding,123,1,UPSAMPLED,64,Conv2,V1,cr,meanrdm,0.047578243454318464,,,
Predictive Coding,123,1,UPSAMPLED,64,Conv2,V1,all,persub,0.031032332794730347,0.030215008460978757,0.0538246512119917,0.009057338711220579
Predictive Coding,123,1,UPSAMPLED,64,Conv2,V1,all,meanrdm,0.04591671337516433,,,
Predictive Coding,123,1,UPSAMPLED,64,Conv2,V2,cr,persub,0.02264881019660714,0.022763336527138335,0.040872857725689736,0.004310236336993339
Predictive Coding,123,1,UPSAMPLED,64,Conv2,V2,cr,meanrdm,0.03439577985954486,,,
Predictive Coding,123,1,UPSAMPLED,64,Conv2,V2,all,persub,0.022050672786803196,0.022968858388121564,0.03976428166527092,0.00341887830701711
Predictive Coding,123,1,UPSAMPLED,64,Conv2,V2,all,meanrdm,0.03322368737923413,,,
Predictive Coding,123,1,UPSAMPLED,64,Conv3,LOC,cr,persub,0.002543232189301217,0.0067570590150426305,0.0012422740555714578,-0.0003696365027104381
Predictive Coding,123,1,UPSAMPLED,64,Conv3,LOC,cr,meanrdm,0.0031655485790917995,,,
Predictive Coding,123,1,UPSAMPLED,64,Conv3,LOC,all,persub,0.0021012656161782796,0.006084203429862225,-0.0005799976337094113,0.0007995910523820255
Predictive Coding,123,1,UPSAMPLED,64,Conv3,LOC,all,meanrdm,0.0025499330103175726,,,
Predictive Coding,123,1,UPSAMPLED,64,FC1,IT,cr,persub,0.009247212348709217,0.009131625784330669,0.019051903013824388,-0.00044189175202740435
Predictive Coding,123,1,UPSAMPLED,64,FC1,IT,cr,meanrdm,0.015222180388988265,,,
Predictive Coding,123,1,UPSAMPLED,64,FC1,IT,all,persub,0.008109965258258888,0.008049837429352058,0.01610315371135542,0.0001769046340691897
Predictive Coding,123,1,UPSAMPLED,64,FC1,IT,all,meanrdm,0.013425705328342091,,,
STDP,123,1,UPSAMPLED,64,Conv1,V1,cr,persub,0.023216042391611343,0.01808155486650123,0.045224359832480236,0.006342212475852546
STDP,123,1,UPSAMPLED,64,Conv1,V1,cr,meanrdm,0.034484624924942156,,,
STDP,123,1,UPSAMPLED,64,Conv1,V1,all,persub,0.021482580736931826,0.016871752404581424,0.04207725219293698,0.00549873761327707
STDP,123,1,UPSAMPLED,64,Conv1,V1,all,meanrdm,0.031922473759760206,,,
STDP,123,1,UPSAMPLED,64,Conv1,V2,cr,persub,0.01385405684237919,0.010629972681558983,0.029041890249894706,0.0018903075956838845
STDP,123,1,UPSAMPLED,64,Conv1,V2,cr,meanrdm,0.020834872707612133,,,
STDP,123,1,UPSAMPLED,64,Conv1,V2,all,persub,0.012755128579446258,0.010537404756832958,0.027561033317204,0.0001669476643018147
STDP,123,1,UPSAMPLED,64,Conv1,V2,all,meanrdm,0.01917099566449869,,,
STDP,123,1,UPSAMPLED,64,Conv2,V1,cr,persub,0.019805322325846326,0.01792753628143686,0.032539209016455205,0.008949221679646915
STDP,123,1,UPSAMPLED,64,Conv2,V1,cr,meanrdm,0.030248103605791762,,,
STDP,123,1,UPSAMPLED,64,Conv2,V1,all,persub,0.01835825770387473,0.016951208818540307,0.02941341123859925,0.008710153054484632
STDP,123,1,UPSAMPLED,64,Conv2,V1,all,meanrdm,0.028142034253807523,,,
STDP,123,1,UPSAMPLED,64,Conv2,V2,cr,persub,0.013079658345774445,0.013432581949581373,0.02356540600299346,0.0022409870847485028
STDP,123,1,UPSAMPLED,64,Conv2,V2,cr,meanrdm,0.018928065874247127,,,
STDP,123,1,UPSAMPLED,64,Conv2,V2,all,persub,0.012027489716245022,0.013252678633618847,0.021558275908896314,0.0012715146062199014
STDP,123,1,UPSAMPLED,64,Conv2,V2,all,meanrdm,0.017305837881028425,,,
STDP,123,1,UPSAMPLED,64,Conv3,LOC,cr,persub,0.0006039297647644413,0.0056920305391122816,-0.0016096089585213747,-0.002270632286297583
STDP,123,1,UPSAMPLED,64,Conv3,LOC,cr,meanrdm,-0.0002919739768929598,,,
STDP,123,1,UPSAMPLED,64,Conv3,LOC,all,persub,0.000858378112021144,0.0060014454780386774,-0.00222891523163309,-0.0011973959103421551
STDP,123,1,UPSAMPLED,64,Conv3,LOC,all,meanrdm,0.00033933494351412235,,,
STDP,123,1,UPSAMPLED,64,FC1,IT,cr,persub,0.0066681730966709095,0.00605207857778404,0.013877736661846666,7.470405038202053e-05
STDP,123,1,UPSAMPLED,64,FC1,IT,cr,meanrdm,0.011594776346324817,,,
STDP,123,1,UPSAMPLED,64,FC1,IT,all,persub,0.006973788996983203,0.006842161241509895,0.013595589976664477,0.0004836157727752384
STDP,123,1,UPSAMPLED,64,FC1,IT,all,meanrdm,0.011739123666826728,,,
Random Weights (BN-calibrated),123,1,UPSAMPLED,64,Conv1,V1,cr,persub,0.004782745052695863,-0.0017206395176592453,0.013119538587004872,0.002949336088741963
Random Weights (BN-calibrated),123,1,UPSAMPLED,64,Conv1,V1,cr,meanrdm,0.00764680189584664,,,
Random Weights (BN-calibrated),123,1,UPSAMPLED,64,Conv1,V1,all,persub,0.0035185645662832482,-0.0022753697798609585,0.011110618044725578,0.0017204454339851247
Random Weights (BN-calibrated),123,1,UPSAMPLED,64,Conv1,V1,all,meanrdm,0.005743657949382863,,,
Random Weights (BN-calibrated),123,1,UPSAMPLED,64,Conv1,V2,cr,persub,0.001629324646734394,-0.0025978550347392415,0.006203538145066543,0.0012822908298758809
Random Weights (BN-calibrated),123,1,UPSAMPLED,64,Conv1,V2,cr,meanrdm,0.002292373922911093,,,
Random Weights (BN-calibrated),123,1,UPSAMPLED,64,Conv1,V2,all,persub,0.0009032645285998588,-0.002835717628557189,0.005980267287808657,-0.00043475607345189144
Random Weights (BN-calibrated),123,1,UPSAMPLED,64,Conv1,V2,all,meanrdm,0.0012570515523668395,,,
Random Weights (BN-calibrated),123,1,UPSAMPLED,64,Conv2,V1,cr,persub,0.0282995540088281,0.026226852555273517,0.051521825880520795,0.0071499835906899956
Random Weights (BN-calibrated),123,1,UPSAMPLED,64,Conv2,V1,cr,meanrdm,0.041520947646814715,,,
Random Weights (BN-calibrated),123,1,UPSAMPLED,64,Conv2,V1,all,persub,0.027066361647866684,0.025618081428028013,0.0478746910712181,0.007706312444353932
Random Weights (BN-calibrated),123,1,UPSAMPLED,64,Conv2,V1,all,meanrdm,0.0397645779406782,,,
Random Weights (BN-calibrated),123,1,UPSAMPLED,64,Conv2,V2,cr,persub,0.020931710990884363,0.020579610547943203,0.038183610620355135,0.004031911804354747
Random Weights (BN-calibrated),123,1,UPSAMPLED,64,Conv2,V2,cr,meanrdm,0.031657004205359746,,,
Random Weights (BN-calibrated),123,1,UPSAMPLED,64,Conv2,V2,all,persub,0.020115025065971317,0.020726078063253103,0.03649073781387371,0.0031282593207871507
Random Weights (BN-calibrated),123,1,UPSAMPLED,64,Conv2,V2,all,meanrdm,0.03015855885151898,,,
Random Weights (BN-calibrated),123,1,UPSAMPLED,64,Conv3,LOC,cr,persub,0.002980764066249856,0.007662071824607679,0.0028232750895195733,-0.0015430547153776845
Random Weights (BN-calibrated),123,1,UPSAMPLED,64,Conv3,LOC,cr,meanrdm,0.003919525638483497,,,
Random Weights (BN-calibrated),123,1,UPSAMPLED,64,Conv3,LOC,all,persub,0.002555224631351366,0.007218612242900244,0.0006727371461261854,-0.00022567549497233102
Random Weights (BN-calibrated),123,1,UPSAMPLED,64,Conv3,LOC,all,meanrdm,0.003361759493077777,,,
Random Weights (BN-calibrated),123,1,UPSAMPLED,64,FC1,IT,cr,persub,0.008148338893698407,0.00852114162488304,0.012713338189515913,0.003210536866696266
Random Weights (BN-calibrated),123,1,UPSAMPLED,64,FC1,IT,cr,meanrdm,0.013683186330549768,,,
Random Weights (BN-calibrated),123,1,UPSAMPLED,64,FC1,IT,all,persub,0.006926034250855518,0.007601073516356865,0.01050080107481371,0.0026762281613959805
Random Weights (BN-calibrated),123,1,UPSAMPLED,64,FC1,IT,all,meanrdm,0.011527263124282951,,,
Random Weights,123,1,UPSAMPLED,96,Conv1,V1,cr,persub,0.041511209174438686,0.03953997820798873,0.07092538055533892,0.01406826875998841
Random Weights,123,1,UPSAMPLED,96,Conv1,V1,cr,meanrdm,0.06035643277735501,,,
Random Weights,123,1,UPSAMPLED,96,Conv1,V1,all,persub,0.04083519703366829,0.0390617598289105,0.07052915237380139,0.012914678898292963
Random Weights,123,1,UPSAMPLED,96,Conv1,V1,all,meanrdm,0.05911151600047815,,,
Random Weights,123,1,UPSAMPLED,96,Conv1,V2,cr,persub,0.021644526197925704,0.02434469814497828,0.03818563388824149,0.002403246560557348
Random Weights,123,1,UPSAMPLED,96,Conv1,V2,cr,meanrdm,0.03279526344787051,,,
Random Weights,123,1,UPSAMPLED,96,Conv1,V2,all,persub,0.021603496831469893,0.02484896550331481,0.03922541217832242,0.0007361128127724448
Random Weights,123,1,UPSAMPLED,96,Conv1,V2,all,meanrdm,0.032627246400791225,,,
Random Weights,123,1,UPSAMPLED,96,Conv2,V1,cr,persub,0.05003769825565434,0.04832113965080878,0.0864838698712122,0.015308085244942034
Random Weights,123,1,UPSAMPLED,96,Conv2,V1,cr,meanrdm,0.07220609323054275,,,
Random Weights,123,1,UPSAMPLED,96,Conv2,V1,all,persub,0.048987013967590226,0.04746192036625423,0.08514698324979594,0.01435213828672049
Random Weights,123,1,UPSAMPLED,96,Conv2,V1,all,meanrdm,0.07027310528400728,,,
Random Weights,123,1,UPSAMPLED,96,Conv2,V2,cr,persub,0.028731629850833013,0.03159382319703935,0.05175940561510689,0.0028416607403527966
Random Weights,123,1,UPSAMPLED,96,Conv2,V2,cr,meanrdm,0.04326660371983767,,,
Random Weights,123,1,UPSAMPLED,96,Conv2,V2,all,persub,0.028255361283226168,0.03179471542212804,0.051806009015892676,0.0011653594116577837
Random Weights,123,1,UPSAMPLED,96,Conv2,V2,all,meanrdm,0.04228451233243238,,,
Random Weights,123,1,UPSAMPLED,96,Conv3,LOC,cr,persub,-0.0012771088926946388,0.00244266292592669,-0.0022808302625617048,-0.003993159341448902
Random Weights,123,1,UPSAMPLED,96,Conv3,LOC,cr,meanrdm,-0.003723053751846335,,,
Random Weights,123,1,UPSAMPLED,96,Conv3,LOC,all,persub,-0.00041482925467900626,0.0042690862178402155,-0.00311348221691518,-0.0024000917649620542
Random Weights,123,1,UPSAMPLED,96,Conv3,LOC,all,meanrdm,-0.0019245956500599576,,,
Random Weights,123,1,UPSAMPLED,96,FC1,IT,cr,persub,0.0029614467592459066,0.0012049316875760642,0.003212737731256873,0.004466670858904782
Random Weights,123,1,UPSAMPLED,96,FC1,IT,cr,meanrdm,0.004671518147607097,,,
Random Weights,123,1,UPSAMPLED,96,FC1,IT,all,persub,0.0035377690517897457,0.003205039886720927,0.0036083843037149578,0.0037998829649333525
Random Weights,123,1,UPSAMPLED,96,FC1,IT,all,meanrdm,0.005415812706932612,,,
Backprop,123,1,UPSAMPLED,96,Conv1,V1,cr,persub,0.013748779604421732,0.011472642492234718,0.024271488653859925,0.00550220766717056
Backprop,123,1,UPSAMPLED,96,Conv1,V1,cr,meanrdm,0.020893348669591052,,,
Backprop,123,1,UPSAMPLED,96,Conv1,V1,all,persub,0.01219812418841054,0.010095528558612052,0.021981214542399926,0.004517629464219638
Backprop,123,1,UPSAMPLED,96,Conv1,V1,all,meanrdm,0.01851040794843242,,,
Backprop,123,1,UPSAMPLED,96,Conv1,V2,cr,persub,0.0066679841637112955,0.005893294565172274,0.011477983648565197,0.0026326742773964172
Backprop,123,1,UPSAMPLED,96,Conv1,V2,cr,meanrdm,0.00947231650857949,,,
Backprop,123,1,UPSAMPLED,96,Conv1,V2,all,persub,0.005672664068971715,0.005350274494556995,0.010783607898880188,0.0008841098134779625
Backprop,123,1,UPSAMPLED,96,Conv1,V2,all,meanrdm,0.008077712447405619,,,
Backprop,123,1,UPSAMPLED,96,Conv2,V1,cr,persub,0.0012067225462467457,0.0016464249900216632,-0.002249413153377198,0.004223155802095772
Backprop,123,1,UPSAMPLED,96,Conv2,V1,cr,meanrdm,0.0023802584309448307,,,
Backprop,123,1,UPSAMPLED,96,Conv2,V1,all,persub,0.0005509361920368553,0.0021982617981234085,-0.004417170564884138,0.003871717342871296
Backprop,123,1,UPSAMPLED,96,Conv2,V1,all,meanrdm,0.0012789808379057089,,,
Backprop,123,1,UPSAMPLED,96,Conv2,V2,cr,persub,0.003912886756453494,0.007995731218266659,0.0008366371914087247,0.002906291859685099
Backprop,123,1,UPSAMPLED,96,Conv2,V2,cr,meanrdm,0.0055859358863327305,,,
Backprop,123,1,UPSAMPLED,96,Conv2,V2,all,persub,0.0035545718791971065,0.008243684379472413,0.0007143956471691434,0.0017056356109497618
Backprop,123,1,UPSAMPLED,96,Conv2,V2,all,meanrdm,0.005045880327467512,,,
Backprop,123,1,UPSAMPLED,96,Conv3,LOC,cr,persub,0.001194176532375436,0.005239173558502637,-0.002025586581068642,0.00036894261969231296
Backprop,123,1,UPSAMPLED,96,Conv3,LOC,cr,meanrdm,0.0011486598784903764,,,
Backprop,123,1,UPSAMPLED,96,Conv3,LOC,all,persub,0.0012986911095959044,0.0057809203499674024,-0.0028480861014049536,0.0009632390802252644
Backprop,123,1,UPSAMPLED,96,Conv3,LOC,all,meanrdm,0.001665134298036994,,,
Backprop,123,1,UPSAMPLED,96,FC1,IT,cr,persub,0.003672801611796434,0.0046564451403403265,0.004897553997402945,0.0014644056976460306
Backprop,123,1,UPSAMPLED,96,FC1,IT,cr,meanrdm,0.006040128738638781,,,
Backprop,123,1,UPSAMPLED,96,FC1,IT,all,persub,0.0034920622046161463,0.005353114241977249,0.003763940885797278,0.0013591314860739126
Backprop,123,1,UPSAMPLED,96,FC1,IT,all,meanrdm,0.005772802547141838,,,
Feedback Alignment,123,1,UPSAMPLED,96,Conv1,V1,cr,persub,0.010613806376920845,0.005053054617430519,0.02190309882772414,0.004885265685607876
Feedback Alignment,123,1,UPSAMPLED,96,Conv1,V1,cr,meanrdm,0.016385747511144903,,,
Feedback Alignment,123,1,UPSAMPLED,96,Conv1,V1,all,persub,0.009160406306007887,0.004135432139536403,0.019764959386666076,0.003580827391821186
Feedback Alignment,123,1,UPSAMPLED,96,Conv1,V1,all,meanrdm,0.014181355387412747,,,
Feedback Alignment,123,1,UPSAMPLED,96,Conv1,V2,cr,persub,0.004621915094262776,0.0015095914655976217,0.010272313676988526,0.0020838401402021793
Feedback Alignment,123,1,UPSAMPLED,96,Conv1,V2,cr,meanrdm,0.00664969349499609,,,
Feedback Alignment,123,1,UPSAMPLED,96,Conv1,V2,all,persub,0.003693465587374187,0.0010379529561138467,0.010071275223652252,-2.883141764353794e-05
Feedback Alignment,123,1,UPSAMPLED,96,Conv1,V2,all,meanrdm,0.005269297584727006,,,
Feedback Alignment,123,1,UPSAMPLED,96,Conv2,V1,cr,persub,0.021877775748443615,0.023557244325663886,0.034416346317890034,0.007659736601776923
Feedback Alignment,123,1,UPSAMPLED,96,Conv2,V1,cr,meanrdm,0.031711357318403306,,,
Feedback Alignment,123,1,UPSAMPLED,96,Conv2,V1,all,persub,0.020929068204075776,0.023314427207001182,0.03220562641054628,0.007267150994679862
Feedback Alignment,123,1,UPSAMPLED,96,Conv2,V1,all,meanrdm,0.030318894947339168,,,
Feedback Alignment,123,1,UPSAMPLED,96,Conv2,V2,cr,persub,0.015318165214762465,0.01971105096577651,0.02211129169074343,0.004132152987767453
Feedback Alignment,123,1,UPSAMPLED,96,Conv2,V2,cr,meanrdm,0.023142015466833976,,,
Feedback Alignment,123,1,UPSAMPLED,96,Conv2,V2,all,persub,0.014922672824678865,0.020212352089012398,0.02189341235629059,0.0026622540287336055
Feedback Alignment,123,1,UPSAMPLED,96,Conv2,V2,all,meanrdm,0.02222239496659356,,,
Feedback Alignment,123,1,UPSAMPLED,96,Conv3,LOC,cr,persub,-0.0008546024131804568,0.0060454256040315315,-0.0047765035743414135,-0.0038327292692314887
Feedback Alignment,123,1,UPSAMPLED,96,Conv3,LOC,cr,meanrdm,-0.0021236795954144875,,,
Feedback Alignment,123,1,UPSAMPLED,96,Conv3,LOC,all,persub,-0.00017231198369468655,0.007055945916945696,-0.005383666593493406,-0.0021892152745363494
Feedback Alignment,123,1,UPSAMPLED,96,Conv3,LOC,all,meanrdm,-0.0008428454839679029,,,
Feedback Alignment,123,1,UPSAMPLED,96,FC1,IT,cr,persub,0.006412244953668538,0.00894664508036611,0.009096368721544562,0.0011937210590949434
Feedback Alignment,123,1,UPSAMPLED,96,FC1,IT,cr,meanrdm,0.011426713010580923,,,
Feedback Alignment,123,1,UPSAMPLED,96,FC1,IT,all,persub,0.00557980387302318,0.008304435072733561,0.007428535778781818,0.001006440767554162
Feedback Alignment,123,1,UPSAMPLED,96,FC1,IT,all,meanrdm,0.009949090505222117,,,
Predictive Coding,123,1,UPSAMPLED,96,Conv1,V1,cr,persub,0.01022378182421045,0.00420177490102413,0.022289859722372275,0.0041797108492349425
Predictive Coding,123,1,UPSAMPLED,96,Conv1,V1,cr,meanrdm,0.015590753957917203,,,
Predictive Coding,123,1,UPSAMPLED,96,Conv1,V1,all,persub,0.008919293361052372,0.0035476032640759407,0.020289183739398982,0.002921093079682192
Predictive Coding,123,1,UPSAMPLED,96,Conv1,V1,all,meanrdm,0.01361364518479076,,,
Predictive Coding,123,1,UPSAMPLED,96,Conv1,V2,cr,persub,0.0048484734658625645,0.0014444882815941391,0.011779476139765079,0.0013214559762284763
Predictive Coding,123,1,UPSAMPLED,96,Conv1,V2,cr,meanrdm,0.0073162374703515005,,,
Predictive Coding,123,1,UPSAMPLED,96,Conv1,V2,all,persub,0.0041660897509846985,0.001288944850816003,0.011576899690792088,-0.00036757528865399646
Predictive Coding,123,1,UPSAMPLED,96,Conv1,V2,all,meanrdm,0.006295820893507717,,,
Predictive Coding,123,1,UPSAMPLED,96,Conv2,V1,cr,persub,0.037920020052267224,0.0377210204667915,0.0661764572211902,0.009862582468819983
Predictive Coding,123,1,UPSAMPLED,96,Conv2,V1,cr,meanrdm,0.055769601645591096,,,
Predictive Coding,123,1,UPSAMPLED,96,Conv2,V1,all,persub,0.03677876949199665,0.03693315396280816,0.06283964487223775,0.010563509640944024
Predictive Coding,123,1,UPSAMPLED,96,Conv2,V1,all,meanrdm,0.05408196080559735,,,
Predictive Coding,123,1,UPSAMPLED,96,Conv2,V2,cr,persub,0.026788388598686,0.027827624689631875,0.04772904790638764,0.004808493200038477
Predictive Coding,123,1,UPSAMPLED,96,Conv2,V2,cr,meanrdm,0.04079079452173172,,,
Predictive Coding,123,1,UPSAMPLED,96,Conv2,V2,all,persub,0.02616595427560287,0.027984465101517367,0.046503808402419,0.004009589322872233
Predictive Coding,123,1,UPSAMPLED,96,Conv2,V2,all,meanrdm,0.03953741349412633,,,
Predictive Coding,123,1,UPSAMPLED,96,Conv3,LOC,cr,persub,0.0020842853513162868,0.0067616619840117805,0.00018137336981041946,-0.0006901792998733398
Predictive Coding,123,1,UPSAMPLED,96,Conv3,LOC,cr,meanrdm,0.002277962433218172,,,
Predictive Coding,123,1,UPSAMPLED,96,Conv3,LOC,all,persub,0.001757711031193542,0.006102318731079856,-0.0014934457028835076,0.0006642600653842779
Predictive Coding,123,1,UPSAMPLED,96,Conv3,LOC,all,meanrdm,0.0019305194104534307,,,
Predictive Coding,123,1,UPSAMPLED,96,FC1,IT,cr,persub,0.0087141535028202,0.008272277523367939,0.017888572906777735,-1.8389921685080745e-05
Predictive Coding,123,1,UPSAMPLED,96,FC1,IT,cr,meanrdm,0.014172234020286953,,,
Predictive Coding,123,1,UPSAMPLED,96,FC1,IT,all,persub,0.007666545451951543,0.007314097257503246,0.015057580444852581,0.000627958653498806
Predictive Coding,123,1,UPSAMPLED,96,FC1,IT,all,meanrdm,0.01259388483308796,,,
STDP,123,1,UPSAMPLED,96,Conv1,V1,cr,persub,0.02042194651708816,0.015463240782165433,0.039957620642087056,0.005844978127011988
STDP,123,1,UPSAMPLED,96,Conv1,V1,cr,meanrdm,0.03034905732411276,,,
STDP,123,1,UPSAMPLED,96,Conv1,V1,all,persub,0.018879151649692488,0.014416028393981024,0.037317078105493,0.00490434844960344
STDP,123,1,UPSAMPLED,96,Conv1,V1,all,meanrdm,0.02805689697069544,,,
STDP,123,1,UPSAMPLED,96,Conv1,V2,cr,persub,0.011706528789290488,0.009189892890257413,0.024419728668712917,0.0015099648089011383
STDP,123,1,UPSAMPLED,96,Conv1,V2,cr,meanrdm,0.017483827855436913,,,
STDP,123,1,UPSAMPLED,96,Conv1,V2,all,persub,0.010686165060180346,0.00908777578631911,0.023345732457081207,-0.0003750130628592753
STDP,123,1,UPSAMPLED,96,Conv1,V2,all,meanrdm,0.015992259551028294,,,
STDP,123,1,UPSAMPLED,96,Conv2,V1,cr,persub,0.01648334789442502,0.014874502802522492,0.02666942514768317,0.007906115733069392
STDP,123,1,UPSAMPLED,96,Conv2,V1,cr,meanrdm,0.025366995598352444,,,
STDP,123,1,UPSAMPLED,96,Conv2,V1,all,persub,0.015073078829095156,0.01377076593924211,0.023917336954376246,0.007531133593667111
STDP,123,1,UPSAMPLED,96,Conv2,V1,all,meanrdm,0.02331125568799264,,,
STDP,123,1,UPSAMPLED,96,Conv2,V2,cr,persub,0.011041078762573854,0.012250456432904545,0.019320546839014158,0.001552233015802857
STDP,123,1,UPSAMPLED,96,Conv2,V2,cr,meanrdm,0.015767061506795802,,,
STDP,123,1,UPSAMPLED,96,Conv2,V2,all,persub,0.00997518637968482,0.011841476048470585,0.017651714848968568,0.0004323682416153082
STDP,123,1,UPSAMPLED,96,Conv2,V2,all,meanrdm,0.01414843792853635,,,
STDP,123,1,UPSAMPLED,96,Conv3,LOC,cr,persub,0.00041308393944512327,0.005859667194844319,-0.00214794749602939,-0.0024724678804795594
STDP,123,1,UPSAMPLED,96,Conv3,LOC,cr,meanrdm,-0.0009578315072952019,,,
STDP,123,1,UPSAMPLED,96,Conv3,LOC,all,persub,0.0008116585831627678,0.006273129032132739,-0.0026544870972783443,-0.0011836661853660913
STDP,123,1,UPSAMPLED,96,Conv3,LOC,all,meanrdm,0.00012262526382939584,,,
STDP,123,1,UPSAMPLED,96,FC1,IT,cr,persub,0.006809694602409023,0.006220711361546746,0.014034461219240384,0.00017391122643993712
STDP,123,1,UPSAMPLED,96,FC1,IT,cr,meanrdm,0.011969657710854755,,,
STDP,123,1,UPSAMPLED,96,FC1,IT,all,persub,0.00691595369071718,0.007106935582202533,0.013278627372165156,0.00036229811778385276
STDP,123,1,UPSAMPLED,96,FC1,IT,all,meanrdm,0.011696138395462874,,,
Random Weights (BN-calibrated),123,1,UPSAMPLED,96,Conv1,V1,cr,persub,0.006493201616169476,4.636621558298901e-05,0.015944670744560116,0.0034885678883653237
Random Weights (BN-calibrated),123,1,UPSAMPLED,96,Conv1,V1,cr,meanrdm,0.010133087233469527,,,
Random Weights (BN-calibrated),123,1,UPSAMPLED,96,Conv1,V1,all,persub,0.005257362821363672,-0.0004963536930172384,0.014037195039054606,0.0022312471180536493
Random Weights (BN-calibrated),123,1,UPSAMPLED,96,Conv1,V1,all,meanrdm,0.008246109996075961,,,
Random Weights (BN-calibrated),123,1,UPSAMPLED,96,Conv1,V2,cr,persub,0.0025005355923210077,-0.001376701873525483,0.007617858839930799,0.0012604498105577063
Random Weights (BN-calibrated),123,1,UPSAMPLED,96,Conv1,V2,cr,meanrdm,0.0036641678260362623,,,
Random Weights (BN-calibrated),123,1,UPSAMPLED,96,Conv1,V2,all,persub,0.0017949681727936608,-0.0016018471691929984,0.007504401206278418,-0.0005176495187044374
Random Weights (BN-calibrated),123,1,UPSAMPLED,96,Conv1,V2,all,meanrdm,0.0026512594574007132,,,
Random Weights (BN-calibrated),123,1,UPSAMPLED,96,Conv2,V1,cr,persub,0.03131105405443562,0.03000160765356472,0.056070547596557066,0.007861006913185092
Random Weights (BN-calibrated),123,1,UPSAMPLED,96,Conv2,V1,cr,meanrdm,0.045754901697928375,,,
Random Weights (BN-calibrated),123,1,UPSAMPLED,96,Conv2,V1,all,persub,0.030104399491567114,0.029311705127873046,0.05250239255356957,0.008499100793258737
Random Weights (BN-calibrated),123,1,UPSAMPLED,96,Conv2,V1,all,meanrdm,0.04399563305737437,,,
Random Weights (BN-calibrated),123,1,UPSAMPLED,96,Conv2,V2,cr,persub,0.023232136497426076,0.02353221939932372,0.04197245146887031,0.0041917386240842005
Random Weights (BN-calibrated),123,1,UPSAMPLED,96,Conv2,V2,cr,meanrdm,0.03515080765610489,,,
Random Weights (BN-calibrated),123,1,UPSAMPLED,96,Conv2,V2,all,persub,0.0223868866730027,0.023594125472939972,0.04025977917435603,0.0033067553717120923
Random Weights (BN-calibrated),123,1,UPSAMPLED,96,Conv2,V2,all,meanrdm,0.033594608541677076,,,
Random Weights (BN-calibrated),123,1,UPSAMPLED,96,Conv3,LOC,cr,persub,0.002470017752201797,0.007359716673231232,0.00199770482129761,-0.001947368237923451
Random Weights (BN-calibrated),123,1,UPSAMPLED,96,Conv3,LOC,cr,meanrdm,0.002968175987767956,,,
Random Weights (BN-calibrated),123,1,UPSAMPLED,96,Conv3,LOC,all,persub,0.002106646600482744,0.006937749633837662,-9.416389011679459e-05,-0.0005236459422726344
Random Weights (BN-calibrated),123,1,UPSAMPLED,96,Conv3,LOC,all,meanrdm,0.0025805956673085498,,,
Random Weights (BN-calibrated),123,1,UPSAMPLED,96,FC1,IT,cr,persub,0.008332967630606286,0.008026110390075001,0.01366831940116626,0.0033044731005775984
Random Weights (BN-calibrated),123,1,UPSAMPLED,96,FC1,IT,cr,meanrdm,0.014150914537803917,,,
Random Weights (BN-calibrated),123,1,UPSAMPLED,96,FC1,IT,all,persub,0.007050680503235704,0.00713766545642491,0.01134218890973122,0.002672187143550985
Random Weights (BN-calibrated),123,1,UPSAMPLED,96,FC1,IT,all,meanrdm,0.011892837791996657,,,
Random Weights,123,1,UPSAMPLED,128,Conv1,V1,cr,persub,0.041483421249507234,0.03952592063806384,0.07085609482055545,0.014068248289902413
Random Weights,123,1,UPSAMPLED,128,Conv1,V1,cr,meanrdm,0.06029739210900913,,,
Random Weights,123,1,UPSAMPLED,128,Conv1,V1,all,persub,0.04079060766111602,0.03902566168977172,0.07043546426700793,0.012910697026568415
Random Weights,123,1,UPSAMPLED,128,Conv1,V1,all,meanrdm,0.05903285564094792,,,
Random Weights,123,1,UPSAMPLED,128,Conv1,V2,cr,persub,0.021660684599919305,0.024364171501313318,0.038208643890659255,0.0024092384077853382
Random Weights,123,1,UPSAMPLED,128,Conv1,V2,cr,meanrdm,0.03282939809139394,,,
Random Weights,123,1,UPSAMPLED,128,Conv1,V2,all,persub,0.02160152466288241,0.024846909122302585,0.039222069334128334,0.0007355955322163064
Random Weights,123,1,UPSAMPLED,128,Conv1,V2,all,meanrdm,0.03263252244160567,,,
Random Weights,123,1,UPSAMPLED,128,Conv2,V1,cr,persub,0.048904968149746875,0.04703457811872922,0.0846240806764013,0.015056245654110099
Random Weights,123,1,UPSAMPLED,128,Conv2,V1,cr,meanrdm,0.07058021139290427,,,
Random Weights,123,1,UPSAMPLED,128,Conv2,V1,all,persub,0.04786561918381554,0.04619880998271377,0.08331058922127194,0.01408745834746088
Random Weights,123,1,UPSAMPLED,128,Conv2,V1,all,meanrdm,0.06867422290900402,,,
Random Weights,123,1,UPSAMPLED,128,Conv2,V2,cr,persub,0.027967723739679304,0.030818844069050475,0.05041974475977223,0.002664582390215201
Random Weights,123,1,UPSAMPLED,128,Conv2,V2,cr,meanrdm,0.04212799766306324,,,
Random Weights,123,1,UPSAMPLED,128,Conv2,V2,all,persub,0.027491682041795834,0.031007816800820133,0.05048076827773951,0.0009864610468278666
Random Weights,123,1,UPSAMPLED,128,Conv2,V2,all,meanrdm,0.04116896399807632,,,
Random Weights,123,1,UPSAMPLED,128,Conv3,LOC,cr,persub,-0.0016193899429801674,0.002208432611673799,-0.003034551882056862,-0.004032050558557439
Random Weights,123,1,UPSAMPLED,128,Conv3,LOC,cr,meanrdm,-0.004276384444063083,,,
Random Weights,123,1,UPSAMPLED,128,Conv3,LOC,all,persub,-0.0007204441228484026,0.004086557620642774,-0.0037820914318545343,-0.0024657985573334476
Random Weights,123,1,UPSAMPLED,128,Conv3,LOC,all,meanrdm,-0.002444816309143278,,,
Random Weights,123,1,UPSAMPLED,128,FC1,IT,cr,persub,0.002540716347230241,0.0010101396911812467,0.0023422913641403895,0.0042697179863690855
Random Weights,123,1,UPSAMPLED,128,FC1,IT,cr,meanrdm,0.004091480641368102,,,
Random Weights,123,1,UPSAMPLED,128,FC1,IT,all,persub,0.0030571542824925483,0.0029046416776542963,0.0027712496138160006,0.0034955715560073485
Random Weights,123,1,UPSAMPLED,128,FC1,IT,all,meanrdm,0.0046958174683682415,,,
Backprop,123,1,UPSAMPLED,128,Conv1,V1,cr,persub,0.013482890310197199,0.011337814911863225,0.023846976209200937,0.0052638798095274286
Backprop,123,1,UPSAMPLED,128,Conv1,V1,cr,meanrdm,0.020429322403642605,,,
Backprop,123,1,UPSAMPLED,128,Conv1,V1,all,persub,0.011922803053385606,0.009932775632885894,0.021598483216058253,0.004237150311212677
Backprop,123,1,UPSAMPLED,128,Conv1,V1,all,meanrdm,0.018034838336192356,,,
Backprop,123,1,UPSAMPLED,128,Conv1,V2,cr,persub,0.006703435372560865,0.006363028095089644,0.011325880622639454,0.0024213973999534957
Backprop,123,1,UPSAMPLED,128,Conv1,V2,cr,meanrdm,0.009530745083657083,,,
Backprop,123,1,UPSAMPLED,128,Conv1,V2,all,persub,0.005704264400084961,0.005787295342287477,0.010681298070291022,0.0006441997876763831
Backprop,123,1,UPSAMPLED,128,Conv1,V2,all,meanrdm,0.008134920373419088,,,
Backprop,123,1,UPSAMPLED,128,Conv2,V1,cr,persub,0.005055299484496761,0.0063841020657065956,0.004102680075659356,0.004679116312124331
Backprop,123,1,UPSAMPLED,128,Conv2,V1,cr,meanrdm,0.0077799336628225175,,,
Backprop,123,1,UPSAMPLED,128,Conv2,V1,all,persub,0.004425582871417166,0.006794328452454287,0.001991677656555993,0.004490742505241218
Backprop,123,1,UPSAMPLED,128,Conv2,V1,all,meanrdm,0.00672818427027578,,,
Backprop,123,1,UPSAMPLED,128,Conv2,V2,cr,persub,0.006601329609658521,0.011287584654203259,0.005755749281629907,0.0027606548931423994
Backprop,123,1,UPSAMPLED,128,Conv2,V2,cr,meanrdm,0.009666137864221016,,,
Backprop,123,1,UPSAMPLED,128,Conv2,V2,all,persub,0.006292161868921629,0.011458083189974027,0.0056861195024007615,0.0017322829143901
Backprop,123,1,UPSAMPLED,128,Conv2,V2,all,meanrdm,0.009199454216092686,,,
Backprop,123,1,UPSAMPLED,128,Conv3,LOC,cr,persub,0.00047952863648922906,0.004569536115597709,-0.003344958666323702,0.00021400846019367978
Backprop,123,1,UPSAMPLED,128,Conv3,LOC,cr,meanrdm,-0.00022808710497271195,,,
Backprop,123,1,UPSAMPLED,128,Conv3,LOC,all,persub,0.0006926447485415991,0.005293976962325126,-0.004072513304971749,0.0008564705882714201
Backprop,123,1,UPSAMPLED,128,Conv3,LOC,all,meanrdm,0.0004868270263082044,,,
Backprop,123,1,UPSAMPLED,128,FC1,IT,cr,persub,0.0028917274748709483,0.0034809622062275574,0.0039167154696631325,0.0012775047487221555
Backprop,123,1,UPSAMPLED,128,FC1,IT,cr,meanrdm,0.00474079396177217,,,
Backprop,123,1,UPSAMPLED,128,FC1,IT,all,persub,0.0028007606240718,0.004478442541016061,0.0029809833833370626,0.0009428559478622767
Backprop,123,1,UPSAMPLED,128,FC1,IT,all,meanrdm,0.004601153744942299,,,
Feedback Alignment,123,1,UPSAMPLED,128,Conv1,V1,cr,persub,0.011409137845967428,0.0060404069960735655,0.023128541676612987,0.005058464865215733
Feedback Alignment,123,1,UPSAMPLED,128,Conv1,V1,cr,meanrdm,0.01750056447710457,,,
Feedback Alignment,123,1,UPSAMPLED,128,Conv1,V1,all,persub,0.009946456521316063,0.0050991536948145795,0.02101848823989303,0.0037217276292405765
Feedback Alignment,123,1,UPSAMPLED,128,Conv1,V1,all,meanrdm,0.01527762550733916,,,
Feedback Alignment,123,1,UPSAMPLED,128,Conv1,V2,cr,persub,0.005129072010688301,0.002347093766549571,0.010998918099803611,0.002041204165711722
Feedback Alignment,123,1,UPSAMPLED,128,Conv1,V2,cr,meanrdm,0.007432170321560265,,,
Feedback Alignment,123,1,UPSAMPLED,128,Conv1,V2,all,persub,0.004191143947547253,0.0018504075270473473,0.010832005546999342,-0.00010898123140492977
Feedback Alignment,123,1,UPSAMPLED,128,Conv1,V2,all,meanrdm,0.006025233522767208,,,
Feedback Alignment,123,1,UPSAMPLED,128,Conv2,V1,cr,persub,0.024549834667423266,0.026996025198783878,0.038438787899678785,0.008214690903807135
Feedback Alignment,123,1,UPSAMPLED,128,Conv2,V1,cr,meanrdm,0.03543507023125251,,,
Feedback Alignment,123,1,UPSAMPLED,128,Conv2,V1,all,persub,0.023603617007650273,0.02668410505987516,0.03624689226675203,0.007879853696323632
Feedback Alignment,123,1,UPSAMPLED,128,Conv2,V1,all,meanrdm,0.03404178441775978,,,
Feedback Alignment,123,1,UPSAMPLED,128,Conv2,V2,cr,persub,0.017307756667930222,0.02232956634092843,0.02534810321525827,0.004245600447603967
Feedback Alignment,123,1,UPSAMPLED,128,Conv2,V2,cr,meanrdm,0.026169229016798346,,,
Feedback Alignment,123,1,UPSAMPLED,128,Conv2,V2,all,persub,0.016904043470315027,0.02275795717826882,0.025124030938231668,0.002830142294444591
Feedback Alignment,123,1,UPSAMPLED,128,Conv2,V2,all,meanrdm,0.025209585530678272,,,
Feedback Alignment,123,1,UPSAMPLED,128,Conv3,LOC,cr,persub,-0.0014775204630950575,0.005632454965509881,-0.005855612141057467,-0.004209404213737586
Feedback Alignment,123,1,UPSAMPLED,128,Conv3,LOC,cr,meanrdm,-0.003315091392562207,,,
Feedback Alignment,123,1,UPSAMPLED,128,Conv3,LOC,all,persub,-0.000680765093122748,0.006795685752098769,-0.006404379202518599,-0.0024336018289484135
Feedback Alignment,123,1,UPSAMPLED,128,Conv3,LOC,all,meanrdm,-0.0017778212656899776,,,
Feedback Alignment,123,1,UPSAMPLED,128,FC1,IT,cr,persub,0.006739275308527421,0.008616931100658165,0.01000745176685738,0.0015934430580667152
Feedback Alignment,123,1,UPSAMPLED,128,FC1,IT,cr,meanrdm,0.01180534079892359,,,
Feedback Alignment,123,1,UPSAMPLED,128,FC1,IT,all,persub,0.005852706795890466,0.008103813705686842,0.008165436204890976,0.0012888704770935794
Feedback Alignment,123,1,UPSAMPLED,128,FC1,IT,all,meanrdm,0.010269091944057158,,,
Predictive Coding,123,1,UPSAMPLED,128,Conv1,V1,cr,persub,0.010447936493909916,0.004350337977744052,0.022821361231118442,0.004172110272867251
Predictive Coding,123,1,UPSAMPLED,128,Conv1,V1,cr,meanrdm,0.015885744921673824,,,
Predictive Coding,123,1,UPSAMPLED,128,Conv1,V1,all,persub,0.009128759401004058,0.0036687280496725243,0.020811776103153542,0.0029057740501861086
Predictive Coding,123,1,UPSAMPLED,128,Conv1,V1,all,meanrdm,0.013878500259206512,,,
Predictive Coding,123,1,UPSAMPLED,128,Conv1,V2,cr,persub,0.0050713080033452625,0.001756771367444208,0.012213063984459016,0.0012440886581325647
Predictive Coding,123,1,UPSAMPLED,128,Conv1,V2,cr,meanrdm,0.007664741548101131,,,
Predictive Coding,123,1,UPSAMPLED,128,Conv1,V2,all,persub,0.004371013788466236,0.0015781667181163001,0.011995850082410277,-0.00046097543512787007
Predictive Coding,123,1,UPSAMPLED,128,Conv1,V2,all,meanrdm,0.0066147429362590415,,,
Predictive Coding,123,1,UPSAMPLED,128,Conv2,V1,cr,persub,0.04332571629632467,0.04410678869705861,0.07484319497320978,0.011027165218705632
Predictive Coding,123,1,UPSAMPLED,128,Conv2,V1,cr,meanrdm,0.06345155685099063,,,
Predictive Coding,123,1,UPSAMPLED,128,Conv2,V1,all,persub,0.04215363296144067,0.04314642892545617,0.07138226008454585,0.011932209874319975
Predictive Coding,123,1,UPSAMPLED,128,Conv2,V1,all,meanrdm,0.061714374320135115,,,
Predictive Coding,123,1,UPSAMPLED,128,Conv2,V2,cr,persub,0.030684575121410592,0.03236546175646483,0.05442094679425653,0.0052673168135104025
Predictive Coding,123,1,UPSAMPLED,128,Conv2,V2,cr,meanrdm,0.0468007576869031,,,
Predictive Coding,123,1,UPSAMPLED,128,Conv2,V2,all,persub,0.03002689891335369,0.032467216470417413,0.05303278200753105,0.004580698262112609
Predictive Coding,123,1,UPSAMPLED,128,Conv2,V2,all,meanrdm,0.04546138541080404,,,
Predictive Coding,123,1,UPSAMPLED,128,Conv3,LOC,cr,persub,0.001755174176945812,0.006606430286217597,-0.0004777548433024582,-0.0008631529120777031
Predictive Coding,123,1,UPSAMPLED,128,Conv3,LOC,cr,meanrdm,0.0016120499284902733,,,
Predictive Coding,123,1,UPSAMPLED,128,Conv3,LOC,all,persub,0.0015219436474846941,0.006020086215114666,-0.002071486584520886,0.0006172313118603035
Predictive Coding,123,1,UPSAMPLED,128,Conv3,LOC,all,meanrdm,0.0014769444089703552,,,
Predictive Coding,123,1,UPSAMPLED,128,FC1,IT,cr,persub,0.008894173316731483,0.008006244995176175,0.018036161853641056,0.0006401131013772202
Predictive Coding,123,1,UPSAMPLED,128,FC1,IT,cr,meanrdm,0.014395922921639118,,,
Predictive Coding,123,1,UPSAMPLED,128,FC1,IT,all,persub,0.007858538622588604,0.007251605305441972,0.015200869150738655,0.0011231414115851846
Predictive Coding,123,1,UPSAMPLED,128,FC1,IT,all,meanrdm,0.0128435626111896,,,
STDP,123,1,UPSAMPLED,128,Conv1,V1,cr,persub,0.018686687039991188,0.013828067307118152,0.0367621498490006,0.0054698439638548105
STDP,123,1,UPSAMPLED,128,Conv1,V1,cr,meanrdm,0.027750005629326002,,,
STDP,123,1,UPSAMPLED,128,Conv1,V1,all,persub,0.017212324469085726,0.012824698315297652,0.03433422513348146,0.004478049958478072
STDP,123,1,UPSAMPLED,128,Conv1,V1,all,meanrdm,0.025548716694191776,,,
STDP,123,1,UPSAMPLED,128,Conv1,V2,cr,persub,0.010569194590654855,0.008435164522213455,0.02197033868024387,0.0013020805695072427
STDP,123,1,UPSAMPLED,128,Conv1,V2,cr,meanrdm,0.015699819293936414,,,
STDP,123,1,UPSAMPLED,128,Conv1,V2,all,persub,0.009560649868762401,0.008297830733351323,0.021054364986051937,-0.0006702461131160573
STDP,123,1,UPSAMPLED,128,Conv1,V2,all,meanrdm,0.014241431667955756,,,
STDP,123,1,UPSAMPLED,128,Conv2,V1,cr,persub,0.014291048764679765,0.012673854311467716,0.023152278365486178,0.007047013617085403
STDP,123,1,UPSAMPLED,128,Conv2,V1,cr,meanrdm,0.022060229926931192,,,
STDP,123,1,UPSAMPLED,128,Conv2,V1,all,persub,0.01287528866727298,0.011447003671280685,0.02056649863928745,0.00661236369125081
STDP,123,1,UPSAMPLED,128,Conv2,V1,all,meanrdm,0.01999986517152993,,,
STDP,123,1,UPSAMPLED,128,Conv2,V2,cr,persub,0.00992147866032826,0.01156237266874545,0.017116973957482132,0.0010850893547571987
STDP,123,1,UPSAMPLED,128,Conv2,V2,cr,meanrdm,0.014045304385054264,,,
STDP,123,1,UPSAMPLED,128,Conv2,V2,all,persub,0.008827362432687683,0.01095605824811288,0.01560702519274835,-8.099614279818142e-05
STDP,123,1,UPSAMPLED,128,Conv2,V2,all,meanrdm,0.012391333972102977,,,
STDP,123,1,UPSAMPLED,128,Conv3,LOC,cr,persub,-0.0001530092475886966,0.0052611636905961785,-0.0028965299201416444,-0.002823661513220624
STDP,123,1,UPSAMPLED,128,Conv3,LOC,cr,meanrdm,-0.002030146095908443,,,
STDP,123,1,UPSAMPLED,128,Conv3,LOC,all,persub,0.0003856101753559854,0.005788274437239177,-0.0032491459033080266,-0.0013822980078631937
STDP,123,1,UPSAMPLED,128,Conv3,LOC,all,meanrdm,-0.000629551395758145,,,
STDP,123,1,UPSAMPLED,128,FC1,IT,cr,persub,0.0062718620463367005,0.006131498161867581,0.012647901723626169,3.6186253516349985e-05
STDP,123,1,UPSAMPLED,128,FC1,IT,cr,meanrdm,0.01108523128365465,,,
STDP,123,1,UPSAMPLED,128,FC1,IT,all,persub,0.006447246452959412,0.0071436892923869635,0.012007284888442505,0.0001907651780487672
STDP,123,1,UPSAMPLED,128,FC1,IT,all,meanrdm,0.010942151205846639,,,
Random Weights (BN-calibrated),123,1,UPSAMPLED,128,Conv1,V1,cr,persub,0.007518421574146106,0.0010672184617973551,0.01773302882286773,0.0037550174377732294
Random Weights (BN-calibrated),123,1,UPSAMPLED,128,Conv1,V1,cr,meanrdm,0.011600193516501024,,,
Random Weights (BN-calibrated),123,1,UPSAMPLED,128,Conv1,V1,all,persub,0.006269780081187095,0.0005032080626827394,0.015815161883642917,0.0024909702972356314
Random Weights (BN-calibrated),123,1,UPSAMPLED,128,Conv1,V1,all,meanrdm,0.009681705783496707,,,
Random Weights (BN-calibrated),123,1,UPSAMPLED,128,Conv1,V2,cr,persub,0.0031582550648640412,-0.0005536924405693431,0.008800428501768865,0.001228029133392602
Random Weights (BN-calibrated),123,1,UPSAMPLED,128,Conv1,V2,cr,meanrdm,0.004690551722191998,,,
Random Weights (BN-calibrated),123,1,UPSAMPLED,128,Conv1,V2,all,persub,0.0024402565597036107,-0.0007881194366490865,0.008682075240306187,-0.0005731861245462684
Random Weights (BN-calibrated),123,1,UPSAMPLED,128,Conv1,V2,all,meanrdm,0.0036475594763936787,,,
Random Weights (BN-calibrated),123,1,UPSAMPLED,128,Conv2,V1,cr,persub,0.03496412182783621,0.034336334645924886,0.0618567669714485,0.008699263866135265
Random Weights (BN-calibrated),123,1,UPSAMPLED,128,Conv2,V1,cr,meanrdm,0.050940970867300525,,,
Random Weights (BN-calibrated),123,1,UPSAMPLED,128,Conv2,V1,all,persub,0.03373249667230066,0.03350287648216929,0.0582534227644234,0.009441190770309287
Random Weights (BN-calibrated),123,1,UPSAMPLED,128,Conv2,V1,all,meanrdm,0.049133088029075185,,,
Random Weights (BN-calibrated),123,1,UPSAMPLED,128,Conv2,V2,cr,persub,0.025938186501471405,0.026741619075284658,0.04662513166295142,0.004447808766178129
Random Weights (BN-calibrated),123,1,UPSAMPLED,128,Conv2,V2,cr,meanrdm,0.03930730220773348,,,
Random Weights (BN-calibrated),123,1,UPSAMPLED,128,Conv2,V2,all,persub,0.025053592768616417,0.026719166649528826,0.044811303516198525,0.0036303081401219
Random Weights (BN-calibrated),123,1,UPSAMPLED,128,Conv2,V2,all,meanrdm,0.03768404710756038,,,
Random Weights (BN-calibrated),123,1,UPSAMPLED,128,Conv3,LOC,cr,persub,0.002130578129628769,0.007256063063907778,0.0014049832469760458,-0.002269311921997518
Random Weights (BN-calibrated),123,1,UPSAMPLED,128,Conv3,LOC,cr,meanrdm,0.0022802885007387214,,,
Random Weights (BN-calibrated),123,1,UPSAMPLED,128,Conv3,LOC,all,persub,0.0018699836580306347,0.00690877608992909,-0.0006268983717443887,-0.0006719267440927977
Random Weights (BN-calibrated),123,1,UPSAMPLED,128,Conv3,LOC,all,meanrdm,0.0021099038184855933,,,
Random Weights (BN-calibrated),123,1,UPSAMPLED,128,FC1,IT,cr,persub,0.008425712943509737,0.008044108069313227,0.013657152909271329,0.003575877851944657
Random Weights (BN-calibrated),123,1,UPSAMPLED,128,FC1,IT,cr,meanrdm,0.014319846774975059,,,
Random Weights (BN-calibrated),123,1,UPSAMPLED,128,FC1,IT,all,persub,0.007179188243442165,0.007081016686182592,0.011502322087344388,0.002954225956799515
Random Weights (BN-calibrated),123,1,UPSAMPLED,128,FC1,IT,all,meanrdm,0.01212561619108064,,,
Random Weights,123,1,UPSAMPLED,160,Conv1,V1,cr,persub,0.04184963955518784,0.03998167949175884,0.07140435749870606,0.014162881675098628
Random Weights,123,1,UPSAMPLED,160,Conv1,V1,cr,meanrdm,0.060815405449437816,,,
Random Weights,123,1,UPSAMPLED,160,Conv1,V1,all,persub,0.04115376527242847,0.03947120979615572,0.07097723509105455,0.013012850930075133
Random Weights,123,1,UPSAMPLED,160,Conv1,V1,all,meanrdm,0.059547687084311816,,,
Random Weights,123,1,UPSAMPLED,160,Conv1,V2,cr,persub,0.021869046214606055,0.02463315248864534,0.03854063946603688,0.0024333466891359413
Random Weights,123,1,UPSAMPLED,160,Conv1,V2,cr,meanrdm,0.033148066227350566,,,
Random Weights,123,1,UPSAMPLED,160,Conv1,V2,all,persub,0.021808411263445432,0.025117099720688135,0.03954588529561696,0.0007622487740312007
Random Weights,123,1,UPSAMPLED,160,Conv1,V2,all,meanrdm,0.032947513001333945,,,
Random Weights,123,1,UPSAMPLED,160,Conv2,V1,cr,persub,0.04875066814489757,0.04693519128626113,0.0843074617009753,0.015009351447456307
Random Weights,123,1,UPSAMPLED,160,Conv2,V1,cr,meanrdm,0.07035258196345733,,,
Random Weights,123,1,UPSAMPLED,160,Conv2,V1,all,persub,0.04771067438532267,0.04608937047080458,0.08300773013015249,0.014034922555010937
Random Weights,123,1,UPSAMPLED,160,Conv2,V1,all,meanrdm,0.06844726279556836,,,
Random Weights,123,1,UPSAMPLED,160,Conv2,V2,cr,persub,0.02789737044849114,0.0307550604815673,0.0503115274384588,0.002625523425447315
Random Weights,123,1,UPSAMPLED,160,Conv2,V2,cr,meanrdm,0.04202773772965599,,,
Random Weights,123,1,UPSAMPLED,160,Conv2,V2,all,persub,0.027422866815826393,0.030948918225313506,0.05037342732125834,0.0009462549009073316
Random Weights,123,1,UPSAMPLED,160,Conv2,V2,all,meanrdm,0.041073732436660085,,,
Random Weights,123,1,UPSAMPLED,160,Conv3,LOC,cr,persub,-0.0018735251952546543,0.0021005044592078722,-0.0036935656603237646,-0.00402751438464807
Random Weights,123,1,UPSAMPLED,160,Conv3,LOC,cr,meanrdm,-0.004705639270835609,,,
Random Weights,123,1,UPSAMPLED,160,Conv3,LOC,all,persub,-0.0009603635835554622,0.003969541318417228,-0.004378861827459544,-0.002471770241624071
Random Weights,123,1,UPSAMPLED,160,Conv3,LOC,all,meanrdm,-0.0028550003793436124,,,
Random Weights,123,1,UPSAMPLED,160,FC1,IT,cr,persub,0.0024027491980269673,0.0009058046636785496,0.0021015320115931554,0.004200910918809197
Random Weights,123,1,UPSAMPLED,160,FC1,IT,cr,meanrdm,0.0038919943378289143,,,
Random Weights,123,1,UPSAMPLED,160,FC1,IT,all,persub,0.0029083099612543183,0.00278744451089157,0.0025497332908781516,0.0033877520819932333
Random Weights,123,1,UPSAMPLED,160,FC1,IT,all,meanrdm,0.004449919545279474,,,
Backprop,123,1,UPSAMPLED,160,Conv1,V1,cr,persub,0.013787330390431049,0.01180446316431248,0.024234282553690815,0.005323245453289854
Backprop,123,1,UPSAMPLED,160,Conv1,V1,cr,meanrdm,0.02085762185883329,,,
Backprop,123,1,UPSAMPLED,160,Conv1,V1,all,persub,0.012238066782277993,0.010401924598741603,0.022028948874702303,0.004283326873390074
Backprop,123,1,UPSAMPLED,160,Conv1,V1,all,meanrdm,0.01847351171841134,,,
Backprop,123,1,UPSAMPLED,160,Conv1,V2,cr,persub,0.006922516999509034,0.006830913676837662,0.01157811065348055,0.002358526668208888
Backprop,123,1,UPSAMPLED,160,Conv1,V2,cr,meanrdm,0.009871649793814337,,,
Backprop,123,1,UPSAMPLED,160,Conv1,V2,all,persub,0.005930938625075006,0.006256141672224554,0.010966244182986206,0.0005704300200142586
Backprop,123,1,UPSAMPLED,160,Conv1,V2,all,meanrdm,0.008486789783035593,,,
Backprop,123,1,UPSAMPLED,160,Conv2,V1,cr,persub,0.006170807417685088,0.00776270517239612,0.005905705138733827,0.004844011941925316
Backprop,123,1,UPSAMPLED,160,Conv2,V1,cr,meanrdm,0.009361503030773599,,,
Backprop,123,1,UPSAMPLED,160,Conv2,V1,all,persub,0.005551027100637672,0.0081462362615944,0.0038173089264661106,0.004689536113852506
Backprop,123,1,UPSAMPLED,160,Conv2,V1,all,meanrdm,0.008320370044668585,,,
Backprop,123,1,UPSAMPLED,160,Conv2,V2,cr,persub,0.007308593960060631,0.01218256004044742,0.007016172792753923,0.0027270490469805506
Backprop,123,1,UPSAMPLED,160,Conv2,V2,cr,meanrdm,0.010747911348893397,,,
Backprop,123,1,UPSAMPLED,160,Conv2,V2,all,persub,0.007017324031921097,0.012342210456284562,0.006970753135715097,0.0017390085037636309
Backprop,123,1,UPSAMPLED,160,Conv2,V2,all,meanrdm,0.010302384307182793,,,
Backprop,123,1,UPSAMPLED,160,Conv3,LOC,cr,persub,0.00043032019192055024,0.004304312055717263,-0.0031573110135191475,0.0001439595335635355
Backprop,123,1,UPSAMPLED,160,Conv3,LOC,cr,meanrdm,-0.000392581515768319,,,
Backprop,123,1,UPSAMPLED,160,Conv3,LOC,all,persub,0.0006959319262789454,0.005174598381634607,-0.00390794692632446,0.0008211443235266889
Backprop,123,1,UPSAMPLED,160,Conv3,LOC,all,meanrdm,0.00040837342252434284,,,
Backprop,123,1,UPSAMPLED,160,FC1,IT,cr,persub,0.002553139322139428,0.002914856097042611,0.0037039674154134552,0.0010405944539622176
Backprop,123,1,UPSAMPLED,160,FC1,IT,cr,meanrdm,0.0042028328397366406,,,
Backprop,123,1,UPSAMPLED,160,FC1,IT,all,persub,0.0025679129671371042,0.004135700788897952,0.0028554010862306303,0.0007126370262827303
Backprop,123,1,UPSAMPLED,160,FC1,IT,all,meanrdm,0.004179039518910257,,,
Feedback Alignment,123,1,UPSAMPLED,160,Conv1,V1,cr,persub,0.011919464291842987,0.006637093775268575,0.023908407030289205,0.005212892069971181
Feedback Alignment,123,1,UPSAMPLED,160,Conv1,V1,cr,meanrdm,0.018238747141914452,,,
Feedback Alignment,123,1,UPSAMPLED,160,Conv1,V1,all,persub,0.010461547096015928,0.005697556834806041,0.02182275220894,0.0038643322443017453
Feedback Alignment,123,1,UPSAMPLED,160,Conv1,V1,all,meanrdm,0.016019328017299998,,,
Feedback Alignment,123,1,UPSAMPLED,160,Conv1,V2,cr,persub,0.005401358821558073,0.0027644686714918,0.011396112905451582,0.002043494887730835
Feedback Alignment,123,1,UPSAMPLED,160,Conv1,V2,cr,meanrdm,0.007857696069766952,,,
Feedback Alignment,123,1,UPSAMPLED,160,Conv1,V2,all,persub,0.004467832750675532,0.002267584613788532,0.011258305278996588,-0.00012239164075852392
Feedback Alignment,123,1,UPSAMPLED,160,Conv1,V2,all,meanrdm,0.006451593683852764,,,
Feedback Alignment,123,1,UPSAMPLED,160,Conv2,V1,cr,persub,0.025363543120445902,0.02802486591593762,0.039601068171205504,0.008464695274194575
Feedback Alignment,123,1,UPSAMPLED,160,Conv2,V1,cr,meanrdm,0.03659146830683907,,,
Feedback Alignment,123,1,UPSAMPLED,160,Conv2,V1,all,persub,0.024418584943545818,0.027686754009826415,0.03742834270176088,0.008140658119050152
Feedback Alignment,123,1,UPSAMPLED,160,Conv2,V1,all,meanrdm,0.035193373732126526,,,
Feedback Alignment,123,1,UPSAMPLED,160,Conv2,V2,cr,persub,0.01783038051997705,0.023051743328923343,0.026125036539889037,0.004314361691118767
Feedback Alignment,123,1,UPSAMPLED,160,Conv2,V2,cr,meanrdm,0.026976605904438913,,,
Feedback Alignment,123,1,UPSAMPLED,160,Conv2,V2,all,persub,0.017431165296906484,0.023456522587174823,0.025927823486952214,0.0029091498165924215
Feedback Alignment,123,1,UPSAMPLED,160,Conv2,V2,all,meanrdm,0.02601538564213752,,,
Feedback Alignment,123,1,UPSAMPLED,160,Conv3,LOC,cr,persub,-0.001702825774172137,0.005446522877169982,-0.006234598625670872,-0.0043204015740155215
Feedback Alignment,123,1,UPSAMPLED,160,Conv3,LOC,cr,meanrdm,-0.0037423537583244687,,,
Feedback Alignment,123,1,UPSAMPLED,160,Conv3,LOC,all,persub,-0.0008593698893751226,0.00665312455494506,-0.006742444253721697,-0.0024887899693487314
Feedback Alignment,123,1,UPSAMPLED,160,Conv3,LOC,all,meanrdm,-0.0021001117378826,,,
Feedback Alignment,123,1,UPSAMPLED,160,FC1,IT,cr,persub,0.006859917027064591,0.008423546954719904,0.01034110656241779,0.0018150975640560802
Feedback Alignment,123,1,UPSAMPLED,160,FC1,IT,cr,meanrdm,0.011940351261460067,,,
Feedback Alignment,123,1,UPSAMPLED,160,FC1,IT,all,persub,0.005951473785617479,0.007962229534974991,0.008425687412516852,0.0014665044093605918
Feedback Alignment,123,1,UPSAMPLED,160,FC1,IT,all,meanrdm,0.010374651118061094,,,
Predictive Coding,123,1,UPSAMPLED,160,Conv1,V1,cr,persub,0.010881519930070296,0.004789226676398964,0.023551152494217565,0.004304180619594356
Predictive Coding,123,1,UPSAMPLED,160,Conv1,V1,cr,meanrdm,0.016516361636365728,,,
Predictive Coding,123,1,UPSAMPLED,160,Conv1,V1,all,persub,0.009571919909428704,0.004110975106875394,0.021567974420372966,0.003036810201037755
Predictive Coding,123,1,UPSAMPLED,160,Conv1,V1,all,meanrdm,0.014517890089594556,,,
Predictive Coding,123,1,UPSAMPLED,160,Conv1,V2,cr,persub,0.005277025669623579,0.002045316151451957,0.012559058467299544,0.0012267023901192345
Predictive Coding,123,1,UPSAMPLED,160,Conv1,V2,cr,meanrdm,0.007988004664798896,,,
Predictive Coding,123,1,UPSAMPLED,160,Conv1,V2,all,persub,0.0045849570406243404,0.0018703604358876848,0.012368393113904919,-0.0004838824279195809
Predictive Coding,123,1,UPSAMPLED,160,Conv1,V2,all,meanrdm,0.0069494711726739876,,,
Predictive Coding,123,1,UPSAMPLED,160,Conv2,V1,cr,persub,0.04465751818897609,0.045578846236197394,0.07705961394068739,0.011334094390043487
Predictive Coding,123,1,UPSAMPLED,160,Conv2,V1,cr,meanrdm,0.06535510928899423,,,
Predictive Coding,123,1,UPSAMPLED,160,Conv2,V1,all,persub,0.04347381243329452,0.044580438095508414,0.07356143650593112,0.012279562698444017
Predictive Coding,123,1,UPSAMPLED,160,Conv2,V1,all,meanrdm,0.06358914390760188,,,
Predictive Coding,123,1,UPSAMPLED,160,Conv2,V2,cr,persub,0.03160817426328026,0.033398481041296675,0.05606144535866031,0.0053645963898838024
Predictive Coding,123,1,UPSAMPLED,160,Conv2,V2,cr,meanrdm,0.04823470184189558,,,
Predictive Coding,123,1,UPSAMPLED,160,Conv2,V2,all,persub,0.03093919999524457,0.03349392983063769,0.05462359739794283,0.004700072757153197
Predictive Coding,123,1,UPSAMPLED,160,Conv2,V2,all,meanrdm,0.04686450182566452,,,
Predictive Coding,123,1,UPSAMPLED,160,Conv3,LOC,cr,persub,0.0015828400227925104,0.006537666287443075,-0.0008836415605889775,-0.0009055046584765667
Predictive Coding,123,1,UPSAMPLED,160,Conv3,LOC,cr,meanrdm,0.0012996250800810542,,,
Predictive Coding,123,1,UPSAMPLED,160,Conv3,LOC,all,persub,0.0013832235256166965,0.005973596991138276,-0.0024288236357834967,0.0006048972214953102
Predictive Coding,123,1,UPSAMPLED,160,Conv3,LOC,all,meanrdm,0.001237804933443529,,,
Predictive Coding,123,1,UPSAMPLED,160,FC1,IT,cr,persub,0.008646394511203614,0.007832460116888528,0.017347117265824198,0.0007596061508981161
Predictive Coding,123,1,UPSAMPLED,160,FC1,IT,cr,meanrdm,0.013927333264713663,,,
Predictive Coding,123,1,UPSAMPLED,160,FC1,IT,all,persub,0.007573998324761372,0.007067337411970089,0.014529602116050151,0.0011250554462638714
Predictive Coding,123,1,UPSAMPLED,160,FC1,IT,all,meanrdm,0.012308205843403126,,,
STDP,123,1,UPSAMPLED,160,Conv1,V1,cr,persub,0.01856956775003717,0.013803119868189382,0.03639808408964225,0.005507499292279878
STDP,123,1,UPSAMPLED,160,Conv1,V1,cr,meanrdm,0.027562216576115444,,,
STDP,123,1,UPSAMPLED,160,Conv1,V1,all,persub,0.017138295949483077,0.012836448825849014,0.0340753113340632,0.004503127688537022
STDP,123,1,UPSAMPLED,160,Conv1,V1,all,meanrdm,0.025416189125031893,,,
STDP,123,1,UPSAMPLED,160,Conv1,V2,cr,persub,0.010426684349074932,0.008484621768628957,0.02153834618558369,0.0012570850930121455
STDP,123,1,UPSAMPLED,160,Conv1,V2,cr,meanrdm,0.015470520888367804,,,
STDP,123,1,UPSAMPLED,160,Conv1,V2,all,persub,0.009440113000515801,0.008352009469688107,0.02071019442235981,-0.0007418648905005131
STDP,123,1,UPSAMPLED,160,Conv1,V2,all,meanrdm,0.014048642343999053,,,
STDP,123,1,UPSAMPLED,160,Conv2,V1,cr,persub,0.01304299919894379,0.011444475060373133,0.02108616547867066,0.0065983570577875725
STDP,123,1,UPSAMPLED,160,Conv2,V1,cr,meanrdm,0.0201857870591297,,,
STDP,123,1,UPSAMPLED,160,Conv2,V1,all,persub,0.011661815565821139,0.010212719082707234,0.018642760033734638,0.0061299675810215426
STDP,123,1,UPSAMPLED,160,Conv2,V1,all,meanrdm,0.018172525276176067,,,
STDP,123,1,UPSAMPLED,160,Conv2,V2,cr,persub,0.009205153787030136,0.011161616526216923,0.01562975975907606,0.0008240850757974246
STDP,123,1,UPSAMPLED,160,Conv2,V2,cr,meanrdm,0.01292853068640009,,,
STDP,123,1,UPSAMPLED,160,Conv2,V2,all,persub,0.008124483323253792,0.010507874128944397,0.01424568889715312,-0.00038011305633614285
STDP,123,1,UPSAMPLED,160,Conv2,V2,all,meanrdm,0.011294318861031995,,,
STDP,123,1,UPSAMPLED,160,Conv3,LOC,cr,persub,-0.0005480528747879508,0.004845186514987527,-0.0035435434682379915,-0.002945801671113388
STDP,123,1,UPSAMPLED,160,Conv3,LOC,cr,meanrdm,-0.0026717575509165284,,,
STDP,123,1,UPSAMPLED,160,Conv3,LOC,all,persub,0.0001302437126277821,0.005597316639076305,-0.0037164127609231193,-0.001490172740269839
STDP,123,1,UPSAMPLED,160,Conv3,LOC,all,meanrdm,-0.0010753943289586267,,,
STDP,123,1,UPSAMPLED,160,FC1,IT,cr,persub,0.0062343543588624815,0.006161206966131983,0.012566812964916378,-2.4956854460917707e-05
STDP,123,1,UPSAMPLED,160,FC1,IT,cr,meanrdm,0.010914135494580339,,,
STDP,123,1,UPSAMPLED,160,FC1,IT,all,persub,0.006382100127818652,0.007250252319847931,0.01179804406061242,9.800400299560643e-05
STDP,123,1,UPSAMPLED,160,FC1,IT,all,meanrdm,0.010723477380595101,,,
Random Weights (BN-calibrated),123,1,UPSAMPLED,160,Conv1,V1,cr,persub,0.008183496645978528,0.0017571670997450143,0.018818159346262273,0.003975163491928294
Random Weights (BN-calibrated),123,1,UPSAMPLED,160,Conv1,V1,cr,meanrdm,0.012572177820309836,,,
Random Weights (BN-calibrated),123,1,UPSAMPLED,160,Conv1,V1,all,persub,0.00694286969159297,0.0011991728915011972,0.016921951170439202,0.0027074850128385097
Random Weights (BN-calibrated),123,1,UPSAMPLED,160,Conv1,V1,all,meanrdm,0.010658247838108304,,,
Random Weights (BN-calibrated),123,1,UPSAMPLED,160,Conv1,V2,cr,persub,0.0035017327804183576,-0.00010246406564576609,0.009385665059897044,0.0012219973470037958
Random Weights (BN-calibrated),123,1,UPSAMPLED,160,Conv1,V2,cr,meanrdm,0.0052280533986266055,,,
Random Weights (BN-calibrated),123,1,UPSAMPLED,160,Conv1,V2,all,persub,0.0027918177419636683,-0.00032642630425547443,0.009288536777771538,-0.0005866572476250577
Random Weights (BN-calibrated),123,1,UPSAMPLED,160,Conv1,V2,all,meanrdm,0.004193234243135351,,,
Random Weights (BN-calibrated),123,1,UPSAMPLED,160,Conv2,V1,cr,persub,0.03565061303429304,0.035108797754878344,0.06295953578559545,0.008883505562405325
Random Weights (BN-calibrated),123,1,UPSAMPLED,160,Conv2,V1,cr,meanrdm,0.05192469907471403,,,
Random Weights (BN-calibrated),123,1,UPSAMPLED,160,Conv2,V1,all,persub,0.034407643052696384,0.03424424602494208,0.05934609612288773,0.009632587010259338
Random Weights (BN-calibrated),123,1,UPSAMPLED,160,Conv2,V1,all,meanrdm,0.050087567638165284,,,
Random Weights (BN-calibrated),123,1,UPSAMPLED,160,Conv2,V2,cr,persub,0.026450609610401982,0.027322214624726764,0.04754231814064717,0.004487296065832023
Random Weights (BN-calibrated),123,1,UPSAMPLED,160,Conv2,V2,cr,meanrdm,0.040100824614882624,,,
Random Weights (BN-calibrated),123,1,UPSAMPLED,160,Conv2,V2,all,persub,0.025554178751451728,0.027281769630107363,0.045704742312685634,0.003676024311562182
Random Weights (BN-calibrated),123,1,UPSAMPLED,160,Conv2,V2,all,meanrdm,0.03845239240165076,,,
Random Weights (BN-calibrated),123,1,UPSAMPLED,160,Conv3,LOC,cr,persub,0.001953207868406568,0.007218901092584664,0.0010083848579507926,-0.002367662345315752
Random Weights (BN-calibrated),123,1,UPSAMPLED,160,Conv3,LOC,cr,meanrdm,0.0019570954158075766,,,
Random Weights (BN-calibrated),123,1,UPSAMPLED,160,Conv3,LOC,all,persub,0.0017357541903181017,0.006901560264363657,-0.0009671970677419526,-0.000727100625667399
Random Weights (BN-calibrated),123,1,UPSAMPLED,160,Conv3,LOC,all,meanrdm,0.0018763170609740827,,,
Random Weights (BN-calibrated),123,1,UPSAMPLED,160,FC1,IT,cr,persub,0.008241000414822773,0.007699162064576253,0.013401855683681772,0.0036219834962102934
Random Weights (BN-calibrated),123,1,UPSAMPLED,160,FC1,IT,cr,meanrdm,0.014014419226448544,,,
Random Weights (BN-calibrated),123,1,UPSAMPLED,160,FC1,IT,all,persub,0.007023879910139227,0.006814481432620015,0.011287687750234348,0.0029694705475633173
Random Weights (BN-calibrated),123,1,UPSAMPLED,160,FC1,IT,all,meanrdm,0.011881438036897531,,,
Random Weights,123,1,UPSAMPLED,224,Conv1,V1,cr,persub,0.041930645381322344,0.04009939173009496,0.07149474469567235,0.014197799718199716
Random Weights,123,1,UPSAMPLED,224,Conv1,V1,cr,meanrdm,0.06092806404316749,,,
Random Weights,123,1,UPSAMPLED,224,Conv1,V1,all,persub,0.04122687293803639,0.039575307902952675,0.07105847735500614,0.013046833556150357
Random Weights,123,1,UPSAMPLED,224,Conv1,V1,all,meanrdm,0.05965076448617959,,,
Random Weights,123,1,UPSAMPLED,224,Conv1,V2,cr,persub,0.021905389370625517,0.024692252152798026,0.038572193227838704,0.002451722731239827
Random Weights,123,1,UPSAMPLED,224,Conv1,V2,cr,meanrdm,0.033210732465057485,,,
Random Weights,123,1,UPSAMPLED,224,Conv1,V2,all,persub,0.021836710674064754,0.0251686480681452,0.03956765039412477,0.0007738335599242906
Random Weights,123,1,UPSAMPLED,224,Conv1,V2,all,meanrdm,0.03299723199066076,,,
Random Weights,123,1,UPSAMPLED,224,Conv2,V1,cr,persub,0.04825690461612094,0.046419444091284484,0.08342570447922136,0.014925565277856977
Random Weights,123,1,UPSAMPLED,224,Conv2,V1,cr,meanrdm,0.06965155654776801,,,
Random Weights,123,1,UPSAMPLED,224,Conv2,V1,all,persub,0.04721552115159316,0.045569368603712336,0.08214000605252456,0.013937188798542579
Random Weights,123,1,UPSAMPLED,224,Conv2,V1,all,meanrdm,0.06774738080767387,,,
Random Weights,123,1,UPSAMPLED,224,Conv2,V2,cr,persub,0.027545657150499656,0.03040031673542965,0.04966678970973526,0.002569865006334062
Random Weights,123,1,UPSAMPLED,224,Conv2,V2,cr,meanrdm,0.0415115972087885,,,
Random Weights,123,1,UPSAMPLED,224,Conv2,V2,all,persub,0.027067793659330205,0.03059020809973319,0.04973285494503123,0.0008803179332262001
Random Weights,123,1,UPSAMPLED,224,Conv2,V2,all,meanrdm,0.04056285235319776,,,
Random Weights,123,1,UPSAMPLED,224,Conv3,LOC,cr,persub,-0.0021342583429890933,0.0019235994835469497,-0.004327104264882867,-0.0039992702476313625
Random Weights,123,1,UPSAMPLED,224,Conv3,LOC,cr,meanrdm,-0.005139388616967992,,,
Random Weights,123,1,UPSAMPLED,224,Conv3,LOC,all,persub,-0.0011987239187439913,0.003823151823748514,-0.0049330182161526894,-0.002486305363827799
Random Weights,123,1,UPSAMPLED,224,Conv3,LOC,all,meanrdm,-0.0032631877363218905,,,
Random Weights,123,1,UPSAMPLED,224,FC1,IT,cr,persub,0.0022982555751303725,0.000994093000532668,0.0018205080910500204,0.0040801656338084295
Random Weights,123,1,UPSAMPLED,224,FC1,IT,cr,meanrdm,0.003731756310545225,,,
Random Weights,123,1,UPSAMPLED,224,FC1,IT,all,persub,0.0027343114772138528,0.0027727067277461574,0.0022583021113896794,0.0031719255925057198
Random Weights,123,1,UPSAMPLED,224,FC1,IT,all,meanrdm,0.004154966276782258,,,
Backprop,123,1,UPSAMPLED,224,Conv1,V1,cr,persub,0.014119804872376436,0.012314370418250677,0.02468655410691221,0.0053584900919664185
Backprop,123,1,UPSAMPLED,224,Conv1,V1,cr,meanrdm,0.02131021664093058,,,
Backprop,123,1,UPSAMPLED,224,Conv1,V1,all,persub,0.012574810261231216,0.01090873173181008,0.022511145490128344,0.004304553561755219
Backprop,123,1,UPSAMPLED,224,Conv1,V1,all,meanrdm,0.018929788178056864,,,
Backprop,123,1,UPSAMPLED,224,Conv1,V2,cr,persub,0.007207541021782604,0.0073738748949891434,0.011951873440978585,0.0022968747293800823
Backprop,123,1,UPSAMPLED,224,Conv1,V2,cr,meanrdm,0.010311600785099477,,,
Backprop,123,1,UPSAMPLED,224,Conv1,V2,all,persub,0.0062211578017153475,0.006798149901350122,0.011365636447315992,0.0004996870564799253
Backprop,123,1,UPSAMPLED,224,Conv1,V2,all,meanrdm,0.008931986911814639,,,
Backprop,123,1,UPSAMPLED,224,Conv2,V1,cr,persub,0.007826177478963773,0.009826595019941023,0.00858251996152072,0.00506941745542958
Backprop,123,1,UPSAMPLED,224,Conv2,V1,cr,meanrdm,0.011698712024451274,,,
Backprop,123,1,UPSAMPLED,224,Conv2,V1,all,persub,0.00721837996871173,0.010166395568357462,0.006522380811343074,0.004966363526434653
Backprop,123,1,UPSAMPLED,224,Conv2,V1,all,meanrdm,0.010669405604335776,,,
Backprop,123,1,UPSAMPLED,224,Conv2,V2,cr,persub,0.008400854168502076,0.013543921989929155,0.008938370016064049,0.002720270499513026
Backprop,123,1,UPSAMPLED,224,Conv2,V2,cr,meanrdm,0.012410102279717667,,,
Backprop,123,1,UPSAMPLED,224,Conv2,V2,all,persub,0.008119508024187379,0.013664939439291496,0.008909094770612731,0.0017844898626579097
Backprop,123,1,UPSAMPLED,224,Conv2,V2,all,meanrdm,0.011972017027479364,,,
Backprop,123,1,UPSAMPLED,224,Conv3,LOC,cr,persub,0.00028136269501844954,0.0038851608669096043,-0.00304284907092503,1.7762890707742531e-06
Backprop,123,1,UPSAMPLED,224,Conv3,LOC,cr,meanrdm,-0.0006974414434407193,,,
Backprop,123,1,UPSAMPLED,224,Conv3,LOC,all,persub,0.0006108444564000651,0.00489076367327347,-0.003801199901681959,0.0007429695976086843
Backprop,123,1,UPSAMPLED,224,Conv3,LOC,all,meanrdm,0.00019915233935466863,,,
Backprop,123,1,UPSAMPLED,224,FC1,IT,cr,persub,0.0022960797597460308,0.0023633443370105005,0.003644639411419543,0.0008802555308080496
Backprop,123,1,UPSAMPLED,224,FC1,IT,cr,meanrdm,0.0037680585839365605,,,
Backprop,123,1,UPSAMPLED,224,FC1,IT,all,persub,0.0023989330099636083,0.0037821857882161213,0.0028383354105268837,0.0005762778311478201
Backprop,123,1,UPSAMPLED,224,FC1,IT,all,meanrdm,0.003831023631503081,,,
Feedback Alignment,123,1,UPSAMPLED,224,Conv1,V1,cr,persub,0.012436082545222868,0.00727109800349813,0.024684328835815394,0.005352820796355084
Feedback Alignment,123,1,UPSAMPLED,224,Conv1,V1,cr,meanrdm,0.01897799610127141,,,
Feedback Alignment,123,1,UPSAMPLED,224,Conv1,V1,all,persub,0.010978132266597523,0.006325499479821292,0.022617484010611574,0.003991413309359704
Feedback Alignment,123,1,UPSAMPLED,224,Conv1,V1,all,meanrdm,0.01675544171053053,,,
Feedback Alignment,123,1,UPSAMPLED,224,Conv1,V2,cr,persub,0.005697444423113894,0.0032257295983280985,0.011830278199662167,0.0020363254713514165
Feedback Alignment,123,1,UPSAMPLED,224,Conv1,V2,cr,meanrdm,0.008318751492661753,,,
Feedback Alignment,123,1,UPSAMPLED,224,Conv1,V2,all,persub,0.00476384055315335,0.0027209827775226555,0.011715804094707787,-0.00014526521277039424
Feedback Alignment,123,1,UPSAMPLED,224,Conv1,V2,all,meanrdm,0.006905560196002398,,,
Feedback Alignment,123,1,UPSAMPLED,224,Conv2,V1,cr,persub,0.026757587241093075,0.029791686160897484,0.04170365442188667,0.008777421140495062
Feedback Alignment,123,1,UPSAMPLED,224,Conv2,V1,cr,meanrdm,0.03855327266907586,,,
Feedback Alignment,123,1,UPSAMPLED,224,Conv2,V1,all,persub,0.025811622582671657,0.02941381612844305,0.039537842413232833,0.008483209206339087
Feedback Alignment,123,1,UPSAMPLED,224,Conv2,V1,all,meanrdm,0.03714925473673595,,,
Feedback Alignment,123,1,UPSAMPLED,224,Conv2,V2,cr,persub,0.01880852008852642,0.024312881957091505,0.02771795563395773,0.004394722674530028
Feedback Alignment,123,1,UPSAMPLED,224,Conv2,V2,cr,meanrdm,0.028477151675997278,,,
Feedback Alignment,123,1,UPSAMPLED,224,Conv2,V2,all,persub,0.018406389908091274,0.024678815202840158,0.027525952064351357,0.0030144024570823063
Feedback Alignment,123,1,UPSAMPLED,224,Conv2,V2,all,meanrdm,0.027495003771970408,,,
Feedback Alignment,123,1,UPSAMPLED,224,Conv3,LOC,cr,persub,-0.002053338783047743,0.005193358554922811,-0.006815410543420148,-0.004537964360645892
Feedback Alignment,123,1,UPSAMPLED,224,Conv3,LOC,cr,meanrdm,-0.004415964340942812,,,
Feedback Alignment,123,1,UPSAMPLED,224,Conv3,LOC,all,persub,-0.0011502380913512111,0.006477216210619799,-0.007297314152727669,-0.002630616331945764
Feedback Alignment,123,1,UPSAMPLED,224,Conv3,LOC,all,meanrdm,-0.0026458874890030117,,,
Feedback Alignment,123,1,UPSAMPLED,224,FC1,IT,cr,persub,0.0069705200789604614,0.008254849432465414,0.010609687032282359,0.0020470237721336116
Feedback Alignment,123,1,UPSAMPLED,224,FC1,IT,cr,meanrdm,0.011997779269615188,,,
Feedback Alignment,123,1,UPSAMPLED,224,FC1,IT,all,persub,0.006047276369583632,0.007840642344964512,0.008627550536905226,0.0016736362268811576
Feedback Alignment,123,1,UPSAMPLED,224,FC1,IT,all,meanrdm,0.010426750003959637,,,
Predictive Coding,123,1,UPSAMPLED,224,Conv1,V1,cr,persub,0.011156831670892502,0.0050613008690404875,0.02404449491707011,0.004364699226566913
Predictive Coding,123,1,UPSAMPLED,224,Conv1,V1,cr,meanrdm,0.0169065038938601,,,
Predictive Coding,123,1,UPSAMPLED,224,Conv1,V1,all,persub,0.009845298745302756,0.004374502031582637,0.022067715116641115,0.003093679087684514
Predictive Coding,123,1,UPSAMPLED,224,Conv1,V1,all,meanrdm,0.01489964777154468,,,
Predictive Coding,123,1,UPSAMPLED,224,Conv1,V2,cr,persub,0.005442359286224832,0.0022792815429555375,0.012842129185746884,0.0012056671299720753
Predictive Coding,123,1,UPSAMPLED,224,Conv1,V2,cr,meanrdm,0.008247230646408522,,,
Predictive Coding,123,1,UPSAMPLED,224,Conv1,V2,all,persub,0.004747132325128484,0.0020998962818504375,0.012655508171645794,-0.0005140074781107785
Predictive Coding,123,1,UPSAMPLED,224,Conv1,V2,all,meanrdm,0.007201864559515508,,,
Predictive Coding,123,1,UPSAMPLED,224,Conv2,V1,cr,persub,0.04705574685406327,0.04841866977508042,0.08086798241143396,0.011880588375675415
Predictive Coding,123,1,UPSAMPLED,224,Conv2,V1,cr,meanrdm,0.06876903080670838,,,
Predictive Coding,123,1,UPSAMPLED,224,Conv2,V1,all,persub,0.04585074916646256,0.047333698629808976,0.07731845007554321,0.01290009879403549
Predictive Coding,123,1,UPSAMPLED,224,Conv2,V1,all,meanrdm,0.06696364307093447,,,
Predictive Coding,123,1,UPSAMPLED,224,Conv2,V2,cr,persub,0.03326658721957743,0.03533860729994903,0.058885236079217654,0.005575918279565622
Predictive Coding,123,1,UPSAMPLED,224,Conv2,V2,cr,meanrdm,0.050795132657457755,,,
Predictive Coding,123,1,UPSAMPLED,224,Conv2,V2,all,persub,0.032575919071423765,0.035404990581620555,0.05737420041832891,0.004948566214321827
Predictive Coding,123,1,UPSAMPLED,224,Conv2,V2,all,meanrdm,0.049375374254061376,,,
Predictive Coding,123,1,UPSAMPLED,224,Conv3,LOC,cr,persub,0.0013484236886029258,0.006420100454811764,-0.0014016322648382567,-0.0009731971241647303
Predictive Coding,123,1,UPSAMPLED,224,Conv3,LOC,cr,meanrdm,0.0008538089850317503,,,
Predictive Coding,123,1,UPSAMPLED,224,Conv3,LOC,all,persub,0.0012115013300157491,0.005898376304982454,-0.002861489396256249,0.0005976170813210432
Predictive Coding,123,1,UPSAMPLED,224,Conv3,LOC,all,meanrdm,0.0009172932761974513,,,
Predictive Coding,123,1,UPSAMPLED,224,FC1,IT,cr,persub,0.008628864486646534,0.0075576925588201485,0.01705901137149552,0.0012698895296239315
Predictive Coding,123,1,UPSAMPLED,224,FC1,IT,cr,meanrdm,0.013864134722097703,,,
Predictive Coding,123,1,UPSAMPLED,224,FC1,IT,all,persub,0.007520684894446006,0.006842333649442567,0.014260864704160242,0.0014588563297352041
Predictive Coding,123,1,UPSAMPLED,224,FC1,IT,all,meanrdm,0.012176822776639085,,,
STDP,123,1,UPSAMPLED,224,Conv1,V1,cr,persub,0.01814305696025324,0.013468872287580189,0.03551060205105564,0.005449696542123883
STDP,123,1,UPSAMPLED,224,Conv1,V1,cr,meanrdm,0.0269118149336212,,,
STDP,123,1,UPSAMPLED,224,Conv1,V1,all,persub,0.01674765433626334,0.012526376002649954,0.0332912342639274,0.004425352742212674
STDP,123,1,UPSAMPLED,224,Conv1,V1,all,meanrdm,0.02480955025039124,,,
STDP,123,1,UPSAMPLED,224,Conv1,V2,cr,persub,0.010125005929531649,0.008387824708162031,0.020808783393049816,0.0011784096873831014
STDP,123,1,UPSAMPLED,224,Conv1,V2,cr,meanrdm,0.01499402051716074,,,
STDP,123,1,UPSAMPLED,224,Conv1,V2,all,persub,0.009146845173809657,0.008243231929656997,0.020054045037235277,-0.0008567414454633025
STDP,123,1,UPSAMPLED,224,Conv1,V2,all,meanrdm,0.013586987680251584,,,
STDP,123,1,UPSAMPLED,224,Conv2,V1,cr,persub,0.011678830038938224,0.010091073107872299,0.01890359286850478,0.006041824140437594
STDP,123,1,UPSAMPLED,224,Conv2,V1,cr,meanrdm,0.018116750344042466,,,
STDP,123,1,UPSAMPLED,224,Conv2,V1,all,persub,0.010328845086455,0.008852717283540907,0.01659080512161858,0.005543012854205515
STDP,123,1,UPSAMPLED,224,Conv2,V1,all,meanrdm,0.016141106480306287,,,
STDP,123,1,UPSAMPLED,224,Conv2,V2,cr,persub,0.00846250471683925,0.010719055995120267,0.014136696078403687,0.0005317620769937998
STDP,123,1,UPSAMPLED,224,Conv2,V2,cr,meanrdm,0.011807930199700693,,,
STDP,123,1,UPSAMPLED,224,Conv2,V2,all,persub,0.007404765187845855,0.010034997370336467,0.012876476978784813,-0.0006971787855837163
STDP,123,1,UPSAMPLED,224,Conv2,V2,all,meanrdm,0.010201963078073898,,,
STDP,123,1,UPSAMPLED,224,Conv3,LOC,cr,persub,-0.0008391892907693793,0.004346013816114354,-0.0038477943483429234,-0.003015787340079569
STDP,123,1,UPSAMPLED,224,Conv3,LOC,cr,meanrdm,-0.003151321380042708,,,
STDP,123,1,UPSAMPLED,224,Conv3,LOC,all,persub,-7.867734400036099e-05,0.005314636005875079,-0.0039440551924853455,-0.0016066128453908167
STDP,123,1,UPSAMPLED,224,Conv3,LOC,all,meanrdm,-0.0014489054754644837,,,
STDP,123,1,UPSAMPLED,224,FC1,IT,cr,persub,0.006077313136514998,0.005929186788704102,0.012037158674625098,0.00026559394621579403
STDP,123,1,UPSAMPLED,224,FC1,IT,cr,meanrdm,0.010671289279352505,,,
STDP,123,1,UPSAMPLED,224,FC1,IT,all,persub,0.006268052103302206,0.007259112585528274,0.011296440764259192,0.00024860296011915297
STDP,123,1,UPSAMPLED,224,FC1,IT,all,meanrdm,0.010492646705008945,,,
Random Weights (BN-calibrated),123,1,UPSAMPLED,224,Conv1,V1,cr,persub,0.00880036191736506,0.0024064017121654016,0.019839607073407546,0.004155076966522233
Random Weights (BN-calibrated),123,1,UPSAMPLED,224,Conv1,V1,cr,meanrdm,0.013464383511866546,,,
Random Weights (BN-calibrated),123,1,UPSAMPLED,224,Conv1,V1,all,persub,0.007558290973764328,0.001842931347068284,0.01794931531689456,0.0028826262573301412
Random Weights (BN-calibrated),123,1,UPSAMPLED,224,Conv1,V1,all,meanrdm,0.011540745209940704,,,
Random Weights (BN-calibrated),123,1,UPSAMPLED,224,Conv1,V2,cr,persub,0.0038577183469447143,0.00035589288296689086,0.009996895861599709,0.0012203662962675446
Random Weights (BN-calibrated),123,1,UPSAMPLED,224,Conv1,V2,cr,meanrdm,0.005784363324395098,,,
Random Weights (BN-calibrated),123,1,UPSAMPLED,224,Conv1,V2,all,persub,0.0031459048890591372,0.00013447310050118861,0.009904839326855331,-0.0006015977601791072
Random Weights (BN-calibrated),123,1,UPSAMPLED,224,Conv1,V2,all,meanrdm,0.004740726819469782,,,
Random Weights (BN-calibrated),123,1,UPSAMPLED,224,Conv2,V1,cr,persub,0.03734198165122247,0.037140533772290735,0.06556717390823757,0.009318237273139084
Random Weights (BN-calibrated),123,1,UPSAMPLED,224,Conv2,V1,cr,meanrdm,0.05434617471860176,,,
Random Weights (BN-calibrated),123,1,UPSAMPLED,224,Conv2,V1,all,persub,0.03607820216306975,0.0362024357961769,0.06193411365085763,0.010098057042174697
Random Weights (BN-calibrated),123,1,UPSAMPLED,224,Conv2,V1,all,meanrdm,0.05246653327379269,,,
Random Weights (BN-calibrated),123,1,UPSAMPLED,224,Conv2,V2,cr,persub,0.027655664438474736,0.02876465461956703,0.0495531145407219,0.00464922415513527
Random Weights (BN-calibrated),123,1,UPSAMPLED,224,Conv2,V2,cr,meanrdm,0.041963546872810356,,,
Random Weights (BN-calibrated),123,1,UPSAMPLED,224,Conv2,V2,all,persub,0.026735504163637413,0.02868308054157099,0.04766981097935351,0.0038536209699877354
Random Weights (BN-calibrated),123,1,UPSAMPLED,224,Conv2,V2,all,meanrdm,0.04026852909681806,,,
Random Weights (BN-calibrated),123,1,UPSAMPLED,224,Conv3,LOC,cr,persub,0.0017221988860617206,0.007136245464856331,0.0005046055148750369,-0.0024742543215462063
Random Weights (BN-calibrated),123,1,UPSAMPLED,224,Conv3,LOC,cr,meanrdm,0.0015207831453651413,,,
Random Weights (BN-calibrated),123,1,UPSAMPLED,224,Conv3,LOC,all,persub,0.0015720387465971899,0.006869787349920956,-0.0013915768747972202,-0.0007620942353321661
Random Weights (BN-calibrated),123,1,UPSAMPLED,224,Conv3,LOC,all,meanrdm,0.0015724136939266145,,,
Random Weights (BN-calibrated),123,1,UPSAMPLED,224,FC1,IT,cr,persub,0.008091715650929966,0.0074965241617212615,0.01305914771597645,0.003719475075092187
Random Weights (BN-calibrated),123,1,UPSAMPLED,224,FC1,IT,cr,meanrdm,0.013756821281430695,,,
Random Weights (BN-calibrated),123,1,UPSAMPLED,224,FC1,IT,all,persub,0.006919541056299498,0.006638689357329061,0.011049553128274575,0.0030703806832948566
Random Weights (BN-calibrated),123,1,UPSAMPLED,224,FC1,IT,all,meanrdm,0.011735834526691021,,,
