rule,seed,seed_idx,arm,res,layer,roi,variant,convention,rho,rho_sub-01,rho_sub-02,rho_sub-03
Random Weights,456,2,NATIVE,32,Conv1,V1,cr,persub,0.046974182225563765,0.04666527709004842,0.07905901614610883,0.01519825344053406
Random Weights,456,2,NATIVE,32,Conv1,V1,cr,meanrdm,0.06797864314534771,,,
Random Weights,456,2,NATIVE,32,Conv1,V1,all,persub,0.04653871615569773,0.04617345541696728,0.07900013926608584,0.014442553784040088
Random Weights,456,2,NATIVE,32,Conv1,V1,all,meanrdm,0.0670573803093516,,,
Random Weights,456,2,NATIVE,32,Conv1,V2,cr,persub,0.02349685320122563,0.02768744721754065,0.03955873391972299,0.0032443784664132644
Random Weights,456,2,NATIVE,32,Conv1,V2,cr,meanrdm,0.035510658814242986,,,
Random Weights,456,2,NATIVE,32,Conv1,V2,all,persub,0.02352501072084856,0.028011354292608717,0.041052211951777044,0.001511465918159923
Random Weights,456,2,NATIVE,32,Conv1,V2,all,meanrdm,0.03547275121212074,,,
Random Weights,456,2,NATIVE,32,Conv2,V1,cr,persub,0.06162659939846721,0.06212737037256913,0.10609356043432046,0.016658867388512015
Random Weights,456,2,NATIVE,32,Conv2,V1,cr,meanrdm,0.08796700044447786,,,
Random Weights,456,2,NATIVE,32,Conv2,V1,all,persub,0.060826153043952495,0.06106892260008335,0.10504534283808602,0.016364193693688113
Random Weights,456,2,NATIVE,32,Conv2,V1,all,meanrdm,0.08624691652639185,,,
Random Weights,456,2,NATIVE,32,Conv2,V2,cr,persub,0.03516415904839661,0.03823445491574724,0.06243479311825223,0.004823229111190351
Random Weights,456,2,NATIVE,32,Conv2,V2,cr,meanrdm,0.05293925275658082,,,
Random Weights,456,2,NATIVE,32,Conv2,V2,all,persub,0.03491581531316424,0.038403131843386985,0.06297620967589349,0.003368104420212251
Random Weights,456,2,NATIVE,32,Conv2,V2,all,meanrdm,0.0521936342140914,,,
Random Weights,456,2,NATIVE,32,Conv3,LOC,cr,persub,0.0007327488672396769,0.0074073600785218114,-0.0025631341296483492,-0.0026459793471544316
Random Weights,456,2,NATIVE,32,Conv3,LOC,cr,meanrdm,-0.0009694224108053156,,,
Random Weights,456,2,NATIVE,32,Conv3,LOC,all,persub,0.0011156960442989122,0.007176452297209516,-0.0031166618047034312,-0.0007127023596093489
Random Weights,456,2,NATIVE,32,Conv3,LOC,all,meanrdm,0.0005592375636439094,,,
Random Weights,456,2,NATIVE,32,FC1,IT,cr,persub,0.005036127227700273,0.0059756360208675025,0.00503131227122883,0.004101433391004488
Random Weights,456,2,NATIVE,32,FC1,IT,cr,meanrdm,0.008185563240990231,,,
Random Weights,456,2,NATIVE,32,FC1,IT,all,persub,0.005730072465528649,0.007110909473794916,0.00669081937251452,0.003388488550276512
Random Weights,456,2,NATIVE,32,FC1,IT,all,meanrdm,0.009118670274461784,,,
Backprop,456,2,NATIVE,32,Conv1,V1,cr,persub,0.037528414411684294,0.03809193565178653,0.06272313757490652,0.011770170008359818
Backprop,456,2,NATIVE,32,Conv1,V1,cr,meanrdm,0.05547459406017553,,,
Backprop,456,2,NATIVE,32,Conv1,V1,all,persub,0.03569651079464783,0.03630753626725745,0.05924647894388542,0.011535517172800606
Backprop,456,2,NATIVE,32,Conv1,V1,all,meanrdm,0.0526714734122912,,,
Backprop,456,2,NATIVE,32,Conv1,V2,cr,persub,0.02424601857471394,0.02287067749889512,0.04392797749449798,0.005939400730748725
Backprop,456,2,NATIVE,32,Conv1,V2,cr,meanrdm,0.03678354398530452,,,
Backprop,456,2,NATIVE,32,Conv1,V2,all,persub,0.02308339823477669,0.022268457272325643,0.042403837446241266,0.004577899985763163
Backprop,456,2,NATIVE,32,Conv1,V2,all,meanrdm,0.034865293872649056,,,
Backprop,456,2,NATIVE,32,Conv2,V1,cr,persub,0.026309741568037018,0.0337343406304326,0.03148162348717922,0.013713260586499233
Backprop,456,2,NATIVE,32,Conv2,V1,cr,meanrdm,0.04105982262357534,,,
Backprop,456,2,NATIVE,32,Conv2,V1,all,persub,0.025430674007847338,0.03374759307137,0.029197274437039757,0.013347154515132261
Backprop,456,2,NATIVE,32,Conv2,V1,all,meanrdm,0.03932861961982339,,,
Backprop,456,2,NATIVE,32,Conv2,V2,cr,persub,0.014411416568450679,0.018136946108924336,0.016661867842367784,0.008435435754059917
Backprop,456,2,NATIVE,32,Conv2,V2,cr,meanrdm,0.023089762562812647,,,
Backprop,456,2,NATIVE,32,Conv2,V2,all,persub,0.013839497254029826,0.0186365044257836,0.015101065547444833,0.00778092178886104
Backprop,456,2,NATIVE,32,Conv2,V2,all,meanrdm,0.021923499688320365,,,
Backprop,456,2,NATIVE,32,Conv3,LOC,cr,persub,0.010356211768817099,0.012190211365664162,0.015666289001924776,0.003212134938862361
Backprop,456,2,NATIVE,32,Conv3,LOC,cr,meanrdm,0.016399098403428652,,,
Backprop,456,2,NATIVE,32,Conv3,LOC,all,persub,0.010244357990347466,0.012232635608106517,0.013719394067575717,0.004781044295360164
Backprop,456,2,NATIVE,32,Conv3,LOC,all,meanrdm,0.016389308275437876,,,
Backprop,456,2,NATIVE,32,FC1,IT,cr,persub,0.013504582918924765,0.015140954914934779,0.02033538402871787,0.005037409813121643
Backprop,456,2,NATIVE,32,FC1,IT,cr,meanrdm,0.021374725811559876,,,
Backprop,456,2,NATIVE,32,FC1,IT,all,persub,0.013785640219007661,0.01600189882572054,0.01952917715081339,0.005825844680489053
Backprop,456,2,NATIVE,32,FC1,IT,all,meanrdm,0.021659581735499936,,,
Feedback Alignment,456,2,NATIVE,32,Conv1,V1,cr,persub,0.014607294616538598,0.00989175481321181,0.026634640010958055,0.007295489025445935
Feedback Alignment,456,2,NATIVE,32,Conv1,V1,cr,meanrdm,0.022522071430884177,,,
Feedback Alignment,456,2,NATIVE,32,Conv1,V1,all,persub,0.01334601176720804,0.009233325478382199,0.024673846969710613,0.006130862853531308
Feedback Alignment,456,2,NATIVE,32,Conv1,V1,all,meanrdm,0.020533516549873065,,,
Feedback Alignment,456,2,NATIVE,32,Conv1,V2,cr,persub,0.006500680823319759,0.0025884648699868256,0.014475097484856515,0.0024384801151159383
Feedback Alignment,456,2,NATIVE,32,Conv1,V2,cr,meanrdm,0.009647097432166565,,,
Feedback Alignment,456,2,NATIVE,32,Conv1,V2,all,persub,0.005778316253623413,0.0023004144903600106,0.01420012581588266,0.0008344084546275688
Feedback Alignment,456,2,NATIVE,32,Conv1,V2,all,meanrdm,0.008511907777251882,,,
Feedback Alignment,456,2,NATIVE,32,Conv2,V1,cr,persub,0.017013797023851574,0.012841853378889333,0.030969679920755035,0.007229857771910361
Feedback Alignment,456,2,NATIVE,32,Conv2,V1,cr,meanrdm,0.025956596983731133,,,
Feedback Alignment,456,2,NATIVE,32,Conv2,V1,all,persub,0.016236334917609455,0.01293177723545329,0.029149174518653724,0.006628052998721351
Feedback Alignment,456,2,NATIVE,32,Conv2,V1,all,meanrdm,0.02477976938120533,,,
Feedback Alignment,456,2,NATIVE,32,Conv2,V2,cr,persub,0.008563865874541096,0.004830054342985123,0.01841400802240225,0.0024475352582359147
Feedback Alignment,456,2,NATIVE,32,Conv2,V2,cr,meanrdm,0.013089404874206855,,,
Feedback Alignment,456,2,NATIVE,32,Conv2,V2,all,persub,0.008191552410431875,0.005984524202131439,0.017512572969565997,0.0010775600595981907
Feedback Alignment,456,2,NATIVE,32,Conv2,V2,all,meanrdm,0.012411471689143085,,,
Feedback Alignment,456,2,NATIVE,32,Conv3,LOC,cr,persub,0.003323524133620775,0.0061317030339729005,0.0025192180933823684,0.0013196512735070554
Feedback Alignment,456,2,NATIVE,32,Conv3,LOC,cr,meanrdm,0.005427635117367784,,,
Feedback Alignment,456,2,NATIVE,32,Conv3,LOC,all,persub,0.0033931271766297344,0.007097413901514324,0.0019822477876928124,0.0010997198406820677
Feedback Alignment,456,2,NATIVE,32,Conv3,LOC,all,meanrdm,0.005121063077504617,,,
Feedback Alignment,456,2,NATIVE,32,FC1,IT,cr,persub,0.004893442305534862,0.008272256788973496,0.0059907547584353744,0.00041731536919571585
Feedback Alignment,456,2,NATIVE,32,FC1,IT,cr,meanrdm,0.007917152770931293,,,
Feedback Alignment,456,2,NATIVE,32,FC1,IT,all,persub,0.004710704661147429,0.00827741950241311,0.005381352100626452,0.00047334238040272253
Feedback Alignment,456,2,NATIVE,32,FC1,IT,all,meanrdm,0.007289745491795805,,,
Predictive Coding,456,2,NATIVE,32,Conv1,V1,cr,persub,0.017142608109252562,0.012079923596115325,0.03330370223053377,0.006044198501108595
Predictive Coding,456,2,NATIVE,32,Conv1,V1,cr,meanrdm,0.02585276016234227,,,
Predictive Coding,456,2,NATIVE,32,Conv1,V1,all,persub,0.015611989189764237,0.011132928551206069,0.03033745203288766,0.005365586985198982
Predictive Coding,456,2,NATIVE,32,Conv1,V1,all,meanrdm,0.02360333672255403,,,
Predictive Coding,456,2,NATIVE,32,Conv1,V2,cr,persub,0.009571617903383003,0.005103951684001211,0.020261073918126447,0.0033498281080213506
Predictive Coding,456,2,NATIVE,32,Conv1,V2,cr,meanrdm,0.014490206113744358,,,
Predictive Coding,456,2,NATIVE,32,Conv1,V2,all,persub,0.008582136549158096,0.004786507166751293,0.019323224023019378,0.0016366784577036188
Predictive Coding,456,2,NATIVE,32,Conv1,V2,all,meanrdm,0.013011053722118186,,,
Predictive Coding,456,2,NATIVE,32,Conv2,V1,cr,persub,0.025580019098689368,0.0234153013687406,0.04537104495888479,0.007953710968442704
Predictive Coding,456,2,NATIVE,32,Conv2,V1,cr,meanrdm,0.03797599154592763,,,
Predictive Coding,456,2,NATIVE,32,Conv2,V1,all,persub,0.024065362870228733,0.022253629127607418,0.042298606222508105,0.007643853260570678
Predictive Coding,456,2,NATIVE,32,Conv2,V1,all,meanrdm,0.03565877979236699,,,
Predictive Coding,456,2,NATIVE,32,Conv2,V2,cr,persub,0.011826064251903494,0.008111836034393152,0.02447251820753556,0.0028938385137817694
Predictive Coding,456,2,NATIVE,32,Conv2,V2,cr,meanrdm,0.018022828619021696,,,
Predictive Coding,456,2,NATIVE,32,Conv2,V2,all,persub,0.010826094672013153,0.008291810787986097,0.022560436738116363,0.0016260364899370013
Predictive Coding,456,2,NATIVE,32,Conv2,V2,all,meanrdm,0.016362169855676248,,,
Predictive Coding,456,2,NATIVE,32,Conv3,LOC,cr,persub,0.0069053794099112435,0.007051550805189193,0.010495472238666481,0.0031691151858780557
Predictive Coding,456,2,NATIVE,32,Conv3,LOC,cr,meanrdm,0.01128523900069632,,,
Predictive Coding,456,2,NATIVE,32,Conv3,LOC,all,persub,0.006578475242858141,0.006887933534590812,0.009747677924107282,0.0030998142698763294
Predictive Coding,456,2,NATIVE,32,Conv3,LOC,all,meanrdm,0.010637384586547498,,,
Predictive Coding,456,2,NATIVE,32,FC1,IT,cr,persub,0.006844930109109637,0.010964136465403828,0.009074429598262327,0.0004962242636627556
Predictive Coding,456,2,NATIVE,32,FC1,IT,cr,meanrdm,0.01124265050294813,,,
Predictive Coding,456,2,NATIVE,32,FC1,IT,all,persub,0.0065186911518457435,0.01145498832041638,0.00754471441872004,0.0005563707164008109
Predictive Coding,456,2,NATIVE,32,FC1,IT,all,meanrdm,0.010407971089530487,,,
STDP,456,2,NATIVE,32,Conv1,V1,cr,persub,0.03874268934654884,0.04096407425281197,0.06421525311407955,0.011048740672755011
STDP,456,2,NATIVE,32,Conv1,V1,cr,meanrdm,0.0569939904022152,,,
STDP,456,2,NATIVE,32,Conv1,V1,all,persub,0.03746066601822924,0.040197028993666,0.061885258970184966,0.010299710090836755
STDP,456,2,NATIVE,32,Conv1,V1,all,meanrdm,0.055015467043774365,,,
STDP,456,2,NATIVE,32,Conv1,V2,cr,persub,0.0214304571237008,0.022985764150750317,0.03753928695788063,0.0037663202624714496
STDP,456,2,NATIVE,32,Conv1,V2,cr,meanrdm,0.03243534901883612,,,
STDP,456,2,NATIVE,32,Conv1,V2,all,persub,0.020764457910408835,0.02284862711444864,0.036930763610209034,0.0025139830065688353
STDP,456,2,NATIVE,32,Conv1,V2,all,meanrdm,0.031314503546182246,,,
STDP,456,2,NATIVE,32,Conv2,V1,cr,persub,0.041704566880346024,0.04395027544371166,0.07003062269404889,0.011132802503277521
STDP,456,2,NATIVE,32,Conv2,V1,cr,meanrdm,0.06140656071554972,,,
STDP,456,2,NATIVE,32,Conv2,V1,all,persub,0.040665259720472836,0.0435044167627435,0.06746884054089247,0.011022521857782528
STDP,456,2,NATIVE,32,Conv2,V1,all,meanrdm,0.05960827011208778,,,
STDP,456,2,NATIVE,32,Conv2,V2,cr,persub,0.025004926821812167,0.026873580726314652,0.04399700619606277,0.004144193543059074
STDP,456,2,NATIVE,32,Conv2,V2,cr,meanrdm,0.0380817873014152,,,
STDP,456,2,NATIVE,32,Conv2,V2,all,persub,0.024061843720516726,0.02629252152960866,0.04279690357152916,0.003096106060412338
STDP,456,2,NATIVE,32,Conv2,V2,all,meanrdm,0.036563111099524134,,,
STDP,456,2,NATIVE,32,Conv3,LOC,cr,persub,0.004349588578725015,0.0076109492145323395,0.004327197656503406,0.001110618865139299
STDP,456,2,NATIVE,32,Conv3,LOC,cr,meanrdm,0.005957605818643579,,,
STDP,456,2,NATIVE,32,Conv3,LOC,all,persub,0.0038835100955811265,0.007438433284846488,0.002952633653352754,0.001259463348544139
STDP,456,2,NATIVE,32,Conv3,LOC,all,meanrdm,0.005350716434772717,,,
STDP,456,2,NATIVE,32,FC1,IT,cr,persub,0.007653245151959926,0.009992775448633279,0.012803142439162987,0.00016381756808350924
STDP,456,2,NATIVE,32,FC1,IT,cr,meanrdm,0.012959511596455666,,,
STDP,456,2,NATIVE,32,FC1,IT,all,persub,0.00750919602951449,0.010044357809065083,0.011437676505336197,0.0010455537741421881
STDP,456,2,NATIVE,32,FC1,IT,all,meanrdm,0.012579706278103422,,,
Random Weights (BN-calibrated),456,2,NATIVE,32,Conv1,V1,cr,persub,0.01798903029370824,0.013219014205895548,0.03489526994799807,0.005852806727231112
Random Weights (BN-calibrated),456,2,NATIVE,32,Conv1,V1,cr,meanrdm,0.027160848710989723,,,
Random Weights (BN-calibrated),456,2,NATIVE,32,Conv1,V1,all,persub,0.016439582983723975,0.012249902809783265,0.031712605325077796,0.005356240816310859
Random Weights (BN-calibrated),456,2,NATIVE,32,Conv1,V1,all,meanrdm,0.024902076755618525,,,
Random Weights (BN-calibrated),456,2,NATIVE,32,Conv1,V2,cr,persub,0.009895563746246075,0.0045455698293555315,0.02161352785156395,0.00352759355781874
Random Weights (BN-calibrated),456,2,NATIVE,32,Conv1,V2,cr,meanrdm,0.014986848363080757,,,
Random Weights (BN-calibrated),456,2,NATIVE,32,Conv1,V2,all,persub,0.008935054785728942,0.004217310037802527,0.020505285071734543,0.0020825692476497534
Random Weights (BN-calibrated),456,2,NATIVE,32,Conv1,V2,all,meanrdm,0.013579127501894647,,,
Random Weights (BN-calibrated),456,2,NATIVE,32,Conv2,V1,cr,persub,0.016254200557444722,0.01337441637651884,0.029838541254456112,0.005549644041359217
Random Weights (BN-calibrated),456,2,NATIVE,32,Conv2,V1,cr,meanrdm,0.024343035410080167,,,
Random Weights (BN-calibrated),456,2,NATIVE,32,Conv2,V1,all,persub,0.014998657158714077,0.012703795932834216,0.02688353052925359,0.005408645014054424
Random Weights (BN-calibrated),456,2,NATIVE,32,Conv2,V1,all,meanrdm,0.022559733092780854,,,
Random Weights (BN-calibrated),456,2,NATIVE,32,Conv2,V2,cr,persub,0.007639570375436049,0.003790968746047135,0.01574032147929497,0.0033874209009660404
Random Weights (BN-calibrated),456,2,NATIVE,32,Conv2,V2,cr,meanrdm,0.011502391541366945,,,
Random Weights (BN-calibrated),456,2,NATIVE,32,Conv2,V2,all,persub,0.0066809763786589435,0.0039550253846603765,0.014134037201124808,0.0019538665501916486
Random Weights (BN-calibrated),456,2,NATIVE,32,Conv2,V2,all,meanrdm,0.009958677486841686,,,
Random Weights (BN-calibrated),456,2,NATIVE,32,Conv3,LOC,cr,persub,0.005517440114348769,0.007629607676318657,0.005869780316897097,0.0030529323498305547
Random Weights (BN-calibrated),456,2,NATIVE,32,Conv3,LOC,cr,meanrdm,0.00869153713961988,,,
Random Weights (BN-calibrated),456,2,NATIVE,32,Conv3,LOC,all,persub,0.004975463871587155,0.00716971184018903,0.004947381134447543,0.0028092986401248945
Random Weights (BN-calibrated),456,2,NATIVE,32,Conv3,LOC,all,meanrdm,0.00761489258013095,,,
Random Weights (BN-calibrated),456,2,NATIVE,32,FC1,IT,cr,persub,0.004237828083275234,0.010017748210944095,0.001691331838195006,0.0010044042006866016
Random Weights (BN-calibrated),456,2,NATIVE,32,FC1,IT,cr,meanrdm,0.00733531351661242,,,
Random Weights (BN-calibrated),456,2,NATIVE,32,FC1,IT,all,persub,0.004600475285516443,0.01001464474278888,0.0023456846788021675,0.0014410964349582805
Random Weights (BN-calibrated),456,2,NATIVE,32,FC1,IT,all,meanrdm,0.007891618888175194,,,
Random Weights,456,2,NATIVE,64,Conv1,V1,cr,persub,0.04991151356862702,0.05009860686901203,0.08362350260546032,0.016012431231408702
Random Weights,456,2,NATIVE,64,Conv1,V1,cr,meanrdm,0.07213310291711315,,,
Random Weights,456,2,NATIVE,64,Conv1,V1,all,persub,0.04943190975006163,0.04969294586959739,0.08338467013481014,0.015218113245777353
Random Weights,456,2,NATIVE,64,Conv1,V1,all,meanrdm,0.07107963807027855,,,
Random Weights,456,2,NATIVE,64,Conv1,V2,cr,persub,0.025909242805177743,0.0302876152769062,0.04409175742160109,0.003348355717025931
Random Weights,456,2,NATIVE,64,Conv1,V2,cr,meanrdm,0.03919933265558092,,,
Random Weights,456,2,NATIVE,64,Conv1,V2,all,persub,0.025881865498693247,0.0306421756562729,0.045346382202830895,0.0016570386369759368
Random Weights,456,2,NATIVE,64,Conv1,V2,all,meanrdm,0.039012357206296366,,,
Random Weights,456,2,NATIVE,64,Conv2,V1,cr,persub,0.06472164645023352,0.06749824289905706,0.10928867443066019,0.01737802202098332
Random Weights,456,2,NATIVE,64,Conv2,V1,cr,meanrdm,0.09251388757811763,,,
Random Weights,456,2,NATIVE,64,Conv2,V1,all,persub,0.06413460019752647,0.06659197176251802,0.10854665212971787,0.017265176700343512
Random Weights,456,2,NATIVE,64,Conv2,V1,all,meanrdm,0.0911197626865042,,,
Random Weights,456,2,NATIVE,64,Conv2,V2,cr,persub,0.036860365585363576,0.04104752186656773,0.06493863758574023,0.004594937303782751
Random Weights,456,2,NATIVE,64,Conv2,V2,cr,meanrdm,0.05554418452934019,,,
Random Weights,456,2,NATIVE,64,Conv2,V2,all,persub,0.03674330470998779,0.04129428622489881,0.0656298968174769,0.0033057310875876694
Random Weights,456,2,NATIVE,64,Conv2,V2,all,meanrdm,0.055027685532601844,,,
Random Weights,456,2,NATIVE,64,Conv3,LOC,cr,persub,-0.0006292528050339582,0.006858078710384757,-0.005249234853370826,-0.003496602272115806
Random Weights,456,2,NATIVE,64,Conv3,LOC,cr,meanrdm,-0.003201175654787467,,,
Random Weights,456,2,NATIVE,64,Conv3,LOC,all,persub,-0.00017303372440320665,0.0069176589429394645,-0.005981530626797189,-0.001455229489351895
Random Weights,456,2,NATIVE,64,Conv3,LOC,all,meanrdm,-0.0015922468763213053,,,
Random Weights,456,2,NATIVE,64,FC1,IT,cr,persub,0.005423671703650127,0.0038506239595163094,0.008335724960917529,0.004084666190516542
Random Weights,456,2,NATIVE,64,FC1,IT,cr,meanrdm,0.009003900843057577,,,
Random Weights,456,2,NATIVE,64,FC1,IT,all,persub,0.005949074910139526,0.005091703565035146,0.00938800726626011,0.0033675138991233235
Random Weights,456,2,NATIVE,64,FC1,IT,all,meanrdm,0.009853615872185723,,,
Backprop,456,2,NATIVE,64,Conv1,V1,cr,persub,0.030859503921286707,0.031245192539983487,0.05088579912928191,0.010447520094594723
Backprop,456,2,NATIVE,64,Conv1,V1,cr,meanrdm,0.046261823167959244,,,
Backprop,456,2,NATIVE,64,Conv1,V1,all,persub,0.02905400478841416,0.02951913275313524,0.04768693386217483,0.009955947749932416
Backprop,456,2,NATIVE,64,Conv1,V1,all,meanrdm,0.04345657050878876,,,
Backprop,456,2,NATIVE,64,Conv1,V2,cr,persub,0.018973643046204136,0.017178497822799836,0.03411642913833646,0.005626002177476118
Backprop,456,2,NATIVE,64,Conv1,V2,cr,meanrdm,0.02885184576867248,,,
Backprop,456,2,NATIVE,64,Conv1,V2,all,persub,0.017847997370814776,0.01676338755392566,0.03270583249972364,0.004074772058795022
Backprop,456,2,NATIVE,64,Conv1,V2,all,meanrdm,0.026970414095617245,,,
Backprop,456,2,NATIVE,64,Conv2,V1,cr,persub,-0.006855612783401357,-0.004668677767717691,-0.02567565747362476,0.00977749689113838
Backprop,456,2,NATIVE,64,Conv2,V1,cr,meanrdm,-0.006070488384902929,,,
Backprop,456,2,NATIVE,64,Conv2,V1,all,persub,-0.007870576878924023,-0.0032580926362152643,-0.027737068020021412,0.007383430019464607
Backprop,456,2,NATIVE,64,Conv2,V1,all,meanrdm,-0.008231792581280373,,,
Backprop,456,2,NATIVE,64,Conv2,V2,cr,persub,-0.006748591601859484,-0.0034720228462434555,-0.02560640302713474,0.008832651067799742
Backprop,456,2,NATIVE,64,Conv2,V2,cr,meanrdm,-0.009480476823605196,,,
Backprop,456,2,NATIVE,64,Conv2,V2,all,persub,-0.0077730288157268805,-0.002565767203635894,-0.02692953086014365,0.006176211616598902
Backprop,456,2,NATIVE,64,Conv2,V2,all,meanrdm,-0.011388256189204443,,,
Backprop,456,2,NATIVE,64,Conv3,LOC,cr,persub,0.011551383773698763,0.012031893773896187,0.016669865057594192,0.0059523924896059096
Backprop,456,2,NATIVE,64,Conv3,LOC,cr,meanrdm,0.019226150687646652,,,
Backprop,456,2,NATIVE,64,Conv3,LOC,all,persub,0.010664668755973578,0.011982875946653012,0.013414017924455759,0.006597112396811963
Backprop,456,2,NATIVE,64,Conv3,LOC,all,meanrdm,0.017842203056716785,,,
Backprop,456,2,NATIVE,64,FC1,IT,cr,persub,0.015551761212206661,0.01688134811524303,0.02185110719380101,0.007922828327575944
Backprop,456,2,NATIVE,64,FC1,IT,cr,meanrdm,0.025000978194506647,,,
Backprop,456,2,NATIVE,64,FC1,IT,all,persub,0.014750766896528657,0.0175182196347833,0.0191577110942102,0.007576369960592473
Backprop,456,2,NATIVE,64,FC1,IT,all,meanrdm,0.02315135965912727,,,
Feedback Alignment,456,2,NATIVE,64,Conv1,V1,cr,persub,0.011026830194131814,0.005960131260260147,0.020449060636474465,0.006671298685660833
Feedback Alignment,456,2,NATIVE,64,Conv1,V1,cr,meanrdm,0.01732978358449755,,,
Feedback Alignment,456,2,NATIVE,64,Conv1,V1,all,persub,0.00977915139943513,0.005420921212786041,0.01861797994714372,0.00529855303837563
Feedback Alignment,456,2,NATIVE,64,Conv1,V1,all,meanrdm,0.01532482365807651,,,
Feedback Alignment,456,2,NATIVE,64,Conv1,V2,cr,persub,0.004416642978120292,0.00033449393417246437,0.010547780254564241,0.002367654745624173
Feedback Alignment,456,2,NATIVE,64,Conv1,V2,cr,meanrdm,0.006371825397930146,,,
Feedback Alignment,456,2,NATIVE,64,Conv1,V2,all,persub,0.003637935891308268,1.8325896185549407e-05,0.010320408939079628,0.0005750728386596269
Feedback Alignment,456,2,NATIVE,64,Conv1,V2,all,meanrdm,0.005161925367273634,,,
Feedback Alignment,456,2,NATIVE,64,Conv2,V1,cr,persub,0.012068280393237797,0.007427673472842173,0.02187929119537276,0.006897876511498459
Feedback Alignment,456,2,NATIVE,64,Conv2,V1,cr,meanrdm,0.01876599117807044,,,
Feedback Alignment,456,2,NATIVE,64,Conv2,V1,all,persub,0.011323560520929114,0.007805238419381838,0.020234187721923553,0.005931255421481947
Feedback Alignment,456,2,NATIVE,64,Conv2,V1,all,meanrdm,0.017540783731963615,,,
Feedback Alignment,456,2,NATIVE,64,Conv2,V2,cr,persub,0.0058027095474887345,0.0024474436204659886,0.01202713187689073,0.0029335531451094863
Feedback Alignment,456,2,NATIVE,64,Conv2,V2,cr,meanrdm,0.00866796003101808,,,
Feedback Alignment,456,2,NATIVE,64,Conv2,V2,all,persub,0.005339375795797155,0.003397493128908396,0.011377984388521365,0.001242649869961706
Feedback Alignment,456,2,NATIVE,64,Conv2,V2,all,meanrdm,0.0078741250020471,,,
Feedback Alignment,456,2,NATIVE,64,Conv3,LOC,cr,persub,0.003804546635889885,0.006646249051076099,0.004700325882748748,6.706497384480648e-05
Feedback Alignment,456,2,NATIVE,64,Conv3,LOC,cr,meanrdm,0.0063808442774341044,,,
Feedback Alignment,456,2,NATIVE,64,Conv3,LOC,all,persub,0.003764428097842894,0.007600553352463355,0.0036375171042937054,5.52138367716218e-05
Feedback Alignment,456,2,NATIVE,64,Conv3,LOC,all,meanrdm,0.0058907407348266555,,,
Feedback Alignment,456,2,NATIVE,64,FC1,IT,cr,persub,0.006883033355151772,0.009664630596696009,0.008587033458826263,0.002397436009933043
Feedback Alignment,456,2,NATIVE,64,FC1,IT,cr,meanrdm,0.01175740905821409,,,
Feedback Alignment,456,2,NATIVE,64,FC1,IT,all,persub,0.00618100312559008,0.00913693774775976,0.0077307515895562035,0.0016753200394542729
Feedback Alignment,456,2,NATIVE,64,FC1,IT,all,meanrdm,0.01017603500854602,,,
Predictive Coding,456,2,NATIVE,64,Conv1,V1,cr,persub,0.013733293212301647,0.008512860068751594,0.02742238758087122,0.005264631987282132
Predictive Coding,456,2,NATIVE,64,Conv1,V1,cr,meanrdm,0.020924207165826998,,,
Predictive Coding,456,2,NATIVE,64,Conv1,V1,all,persub,0.012429373623009776,0.007875918587056248,0.024900022111901385,0.0045121801700717
Predictive Coding,456,2,NATIVE,64,Conv1,V1,all,meanrdm,0.0189834472823169,,,
Predictive Coding,456,2,NATIVE,64,Conv1,V2,cr,persub,0.007311799041940765,0.003634011819139959,0.015347589006776787,0.002953796299905549
Predictive Coding,456,2,NATIVE,64,Conv1,V2,cr,meanrdm,0.011029189617354327,,,
Predictive Coding,456,2,NATIVE,64,Conv1,V2,all,persub,0.006375331762891501,0.0032009756439982484,0.01488547250053204,0.0010395471441442153
Predictive Coding,456,2,NATIVE,64,Conv1,V2,all,meanrdm,0.009643344506762724,,,
Predictive Coding,456,2,NATIVE,64,Conv2,V1,cr,persub,0.021861660771809812,0.019365605971048007,0.03835457161586521,0.007864804728516216
Predictive Coding,456,2,NATIVE,64,Conv2,V1,cr,meanrdm,0.032873112796694574,,,
Predictive Coding,456,2,NATIVE,64,Conv2,V1,all,persub,0.020291595155719752,0.018321488763629986,0.03517170154549909,0.00738159515803018
Predictive Coding,456,2,NATIVE,64,Conv2,V1,all,meanrdm,0.030413225820488107,,,
Predictive Coding,456,2,NATIVE,64,Conv2,V2,cr,persub,0.00901792884351001,0.005646863296554165,0.018370682654384164,0.0030362405795917005
Predictive Coding,456,2,NATIVE,64,Conv2,V2,cr,meanrdm,0.013737661873596152,,,
Predictive Coding,456,2,NATIVE,64,Conv2,V2,all,persub,0.007954074098827405,0.005583075898162296,0.01660661660573926,0.0016725297925806561
Predictive Coding,456,2,NATIVE,64,Conv2,V2,all,meanrdm,0.01203402709064694,,,
Predictive Coding,456,2,NATIVE,64,Conv3,LOC,cr,persub,0.006833864741597045,0.00754873756115367,0.010396598414629364,0.0025562582490081007
Predictive Coding,456,2,NATIVE,64,Conv3,LOC,cr,meanrdm,0.011344012208049092,,,
Predictive Coding,456,2,NATIVE,64,Conv3,LOC,all,persub,0.006429663198200875,0.007451639781011219,0.00926979855949364,0.002567551254097769
Predictive Coding,456,2,NATIVE,64,Conv3,LOC,all,meanrdm,0.010518976390808333,,,
Predictive Coding,456,2,NATIVE,64,FC1,IT,cr,persub,0.00789169176335137,0.010067839258039139,0.01179498966123802,0.0018122463707769484
Predictive Coding,456,2,NATIVE,64,FC1,IT,cr,meanrdm,0.013406850209775367,,,
Predictive Coding,456,2,NATIVE,64,FC1,IT,all,persub,0.007528756881291474,0.011000355922664132,0.009567515289026331,0.002018399432183956
Predictive Coding,456,2,NATIVE,64,FC1,IT,all,meanrdm,0.01237444560306006,,,
STDP,456,2,NATIVE,64,Conv1,V1,cr,persub,0.032227534257358505,0.03401430032521223,0.053392123342521504,0.00927617910434177
STDP,456,2,NATIVE,64,Conv1,V1,cr,meanrdm,0.047643935189646214,,,
STDP,456,2,NATIVE,64,Conv1,V1,all,persub,0.031071210774666107,0.03333692185178191,0.05136929476325532,0.008507415708961085
STDP,456,2,NATIVE,64,Conv1,V1,all,meanrdm,0.0458223447720815,,,
STDP,456,2,NATIVE,64,Conv1,V2,cr,persub,0.01734563737537806,0.018729117994763688,0.030399591068469616,0.0029082030629008805
STDP,456,2,NATIVE,64,Conv1,V2,cr,meanrdm,0.026091411804370523,,,
STDP,456,2,NATIVE,64,Conv1,V2,all,persub,0.016708506857100167,0.018601542157538748,0.029815937346507358,0.0017080410672543876
STDP,456,2,NATIVE,64,Conv1,V2,all,meanrdm,0.025046455675538707,,,
STDP,456,2,NATIVE,64,Conv2,V1,cr,persub,0.03456434957081894,0.03618473102095853,0.057996832385001654,0.009511485306496651
STDP,456,2,NATIVE,64,Conv2,V1,cr,meanrdm,0.05125268913182553,,,
STDP,456,2,NATIVE,64,Conv2,V1,all,persub,0.03374704311517883,0.03602521130360043,0.05594269486404638,0.009273223177889684
STDP,456,2,NATIVE,64,Conv2,V1,all,meanrdm,0.04979567778512961,,,
STDP,456,2,NATIVE,64,Conv2,V2,cr,persub,0.0201440957974736,0.02186163361522742,0.03502059251430232,0.003550061262891053
STDP,456,2,NATIVE,64,Conv2,V2,cr,meanrdm,0.030461134787033016,,,
STDP,456,2,NATIVE,64,Conv2,V2,all,persub,0.019267119094791403,0.021437977882024107,0.03404805833790401,0.002315321064446092
STDP,456,2,NATIVE,64,Conv2,V2,all,meanrdm,0.029199307027344454,,,
STDP,456,2,NATIVE,64,Conv3,LOC,cr,persub,0.004863000164776296,0.007548438454129888,0.00577468480525249,0.0012658772349465085
STDP,456,2,NATIVE,64,Conv3,LOC,cr,meanrdm,0.007334953996912941,,,
STDP,456,2,NATIVE,64,Conv3,LOC,all,persub,0.004388594793888719,0.0071250427847965,0.004269134858916207,0.0017716067379534492
STDP,456,2,NATIVE,64,Conv3,LOC,all,meanrdm,0.006645372282771535,,,
STDP,456,2,NATIVE,64,FC1,IT,cr,persub,0.009025751321081634,0.010116233162510386,0.013756467161900985,0.003204553638833535
STDP,456,2,NATIVE,64,FC1,IT,cr,meanrdm,0.015062518254342929,,,
STDP,456,2,NATIVE,64,FC1,IT,all,persub,0.008549124803754853,0.01073505859504093,0.01197188677980686,0.0029404290364167685
STDP,456,2,NATIVE,64,FC1,IT,all,meanrdm,0.013821784230584118,,,
Random Weights (BN-calibrated),456,2,NATIVE,64,Conv1,V1,cr,persub,0.014366715777856871,0.008844573811576963,0.029105836017686657,0.0051497375043069935
Random Weights (BN-calibrated),456,2,NATIVE,64,Conv1,V1,cr,meanrdm,0.02196588656101337,,,
Random Weights (BN-calibrated),456,2,NATIVE,64,Conv1,V1,all,persub,0.01302899414172453,0.008139673241039256,0.02638151833925143,0.004565790844882907
Random Weights (BN-calibrated),456,2,NATIVE,64,Conv1,V1,all,meanrdm,0.019985769930843528,,,
Random Weights (BN-calibrated),456,2,NATIVE,64,Conv1,V2,cr,persub,0.007385904615497323,0.0022816125178875594,0.016691256670579135,0.003184844658025275
Random Weights (BN-calibrated),456,2,NATIVE,64,Conv1,V2,cr,meanrdm,0.011097318078271566,,,
Random Weights (BN-calibrated),456,2,NATIVE,64,Conv1,V2,all,persub,0.006504794978717414,0.0018519529515652986,0.01611355400638158,0.0015488779782053595
Random Weights (BN-calibrated),456,2,NATIVE,64,Conv1,V2,all,meanrdm,0.009829944117853305,,,
Random Weights (BN-calibrated),456,2,NATIVE,64,Conv2,V1,cr,persub,0.01035676581977718,0.006201421412214579,0.019803578872971156,0.005065297174145804
Random Weights (BN-calibrated),456,2,NATIVE,64,Conv2,V1,cr,meanrdm,0.016188871969463656,,,
Random Weights (BN-calibrated),456,2,NATIVE,64,Conv2,V1,all,persub,0.00912875646633315,0.005906703306540245,0.01690691478932346,0.004572651303135747
Random Weights (BN-calibrated),456,2,NATIVE,64,Conv2,V1,all,meanrdm,0.014281677070015085,,,
Random Weights (BN-calibrated),456,2,NATIVE,64,Conv2,V2,cr,persub,0.003917181391591526,0.00031172381326861735,0.007813074992793696,0.003626745368712267
Random Weights (BN-calibrated),456,2,NATIVE,64,Conv2,V2,cr,meanrdm,0.00577045534845497,,,
Random Weights (BN-calibrated),456,2,NATIVE,64,Conv2,V2,all,persub,0.002836856111382284,0.00026389196948653547,0.006408468262303163,0.001838208102357153
Random Weights (BN-calibrated),456,2,NATIVE,64,Conv2,V2,all,meanrdm,0.0041278827817882715,,,
Random Weights (BN-calibrated),456,2,NATIVE,64,Conv3,LOC,cr,persub,0.00591454221991342,0.007621695203464283,0.008032481317679188,0.002089450138596791
Random Weights (BN-calibrated),456,2,NATIVE,64,Conv3,LOC,cr,meanrdm,0.009694678205394328,,,
Random Weights (BN-calibrated),456,2,NATIVE,64,Conv3,LOC,all,persub,0.005240860196197708,0.007178770117594029,0.006572562652943162,0.0019712478180559344
Random Weights (BN-calibrated),456,2,NATIVE,64,Conv3,LOC,all,meanrdm,0.008376905786448166,,,
Random Weights (BN-calibrated),456,2,NATIVE,64,FC1,IT,cr,persub,0.006094675473402298,0.008845426115714403,0.006579479671374355,0.0028591206331181384
Random Weights (BN-calibrated),456,2,NATIVE,64,FC1,IT,cr,meanrdm,0.010886315654011382,,,
Random Weights (BN-calibrated),456,2,NATIVE,64,FC1,IT,all,persub,0.005863181322421754,0.00924699352257429,0.006211244617499857,0.002131305827191113
Random Weights (BN-calibrated),456,2,NATIVE,64,FC1,IT,all,meanrdm,0.01045263057414006,,,
Random Weights,456,2,NATIVE,96,Conv1,V1,cr,persub,0.05174290256607995,0.052391846824266904,0.08651494413325586,0.0163219167407171
Random Weights,456,2,NATIVE,96,Conv1,V1,cr,meanrdm,0.07465281645348285,,,
Random Weights,456,2,NATIVE,96,Conv1,V1,all,persub,0.05124727949063535,0.05194111951822111,0.08620525397267755,0.015595464981007426
Random Weights,456,2,NATIVE,96,Conv1,V1,all,meanrdm,0.0735859872750589,,,
Random Weights,456,2,NATIVE,96,Conv1,V2,cr,persub,0.027265993904958857,0.03173767363625321,0.04675246050687654,0.0033078475717468166
Random Weights,456,2,NATIVE,96,Conv1,V2,cr,meanrdm,0.041221861347924646,,,
Random Weights,456,2,NATIVE,96,Conv1,V2,all,persub,0.02725688073839477,0.03214529317580691,0.047904243393199326,0.001721105646178066
Random Weights,456,2,NATIVE,96,Conv1,V2,all,meanrdm,0.04105321531562331,,,
Random Weights,456,2,NATIVE,96,Conv2,V1,cr,persub,0.06640485708545495,0.06978158933085206,0.11174877343411928,0.017684208491393516
Random Weights,456,2,NATIVE,96,Conv2,V1,cr,meanrdm,0.09492378406944883,,,
Random Weights,456,2,NATIVE,96,Conv2,V1,all,persub,0.06585263635332413,0.06886247732001854,0.11101224894798623,0.017683182791967608
Random Weights,456,2,NATIVE,96,Conv2,V1,all,meanrdm,0.09360716081346758,,,
Random Weights,456,2,NATIVE,96,Conv2,V2,cr,persub,0.03790337281050151,0.04228442003788398,0.06700817541693112,0.004417522976689436
Random Weights,456,2,NATIVE,96,Conv2,V2,cr,meanrdm,0.05714259079418426,,,
Random Weights,456,2,NATIVE,96,Conv2,V2,all,persub,0.03785022290165365,0.04263345440327067,0.06770944627309451,0.0032077680285957826
Random Weights,456,2,NATIVE,96,Conv2,V2,all,meanrdm,0.05672347018041535,,,
Random Weights,456,2,NATIVE,96,Conv3,LOC,cr,persub,-0.0005715393985151928,0.006886013056157744,-0.005032862538726356,-0.0035677687129769663
Random Weights,456,2,NATIVE,96,Conv3,LOC,cr,meanrdm,-0.0031830660774780873,,,
Random Weights,456,2,NATIVE,96,Conv3,LOC,all,persub,-0.00019349861962307869,0.006970224014704337,-0.006050365241556029,-0.0015003546320175444
Random Weights,456,2,NATIVE,96,Conv3,LOC,all,meanrdm,-0.0017526157824220678,,,
Random Weights,456,2,NATIVE,96,FC1,IT,cr,persub,0.006323749478553129,0.0032997921809796143,0.010921051079011755,0.004750405175668017
Random Weights,456,2,NATIVE,96,FC1,IT,cr,meanrdm,0.010391413630697616,,,
Random Weights,456,2,NATIVE,96,FC1,IT,all,persub,0.0067531782542297495,0.004289840802329136,0.011959459251465226,0.004010234708894884
Random Weights,456,2,NATIVE,96,FC1,IT,all,meanrdm,0.011188800379066239,,,
Backprop,456,2,NATIVE,96,Conv1,V1,cr,persub,0.025621714939045553,0.02545973671293174,0.04205308827277328,0.009352319831431649
Backprop,456,2,NATIVE,96,Conv1,V1,cr,meanrdm,0.03878373494565755,,,
Backprop,456,2,NATIVE,96,Conv1,V1,all,persub,0.02381598241519541,0.023810065139774433,0.03897455620703784,0.008663325898773956
Backprop,456,2,NATIVE,96,Conv1,V1,all,meanrdm,0.035950928500401685,,,
Backprop,456,2,NATIVE,96,Conv1,V2,cr,persub,0.014968459985302607,0.01328426296668165,0.026526675103293488,0.005094441885932677
Backprop,456,2,NATIVE,96,Conv1,V2,cr,meanrdm,0.02270375392704711,,,
Backprop,456,2,NATIVE,96,Conv1,V2,all,persub,0.013825434445762183,0.012872738314158394,0.025221277685646488,0.003382287337481674
Backprop,456,2,NATIVE,96,Conv1,V2,all,meanrdm,0.02081489355195763,,,
Backprop,456,2,NATIVE,96,Conv2,V1,cr,persub,-0.01937784083870966,-0.020985326660351036,-0.0438203471109234,0.006672151255145457
Backprop,456,2,NATIVE,96,Conv2,V1,cr,meanrdm,-0.024412023370525372,,,
Backprop,456,2,NATIVE,96,Conv2,V1,all,persub,-0.020225137005679673,-0.01907446447881006,-0.0457771332739469,0.004176186735717939
Backprop,456,2,NATIVE,96,Conv2,V1,all,meanrdm,-0.02630590387936984,,,
Backprop,456,2,NATIVE,96,Conv2,V2,cr,persub,-0.013836987254592427,-0.011302957501296083,-0.03740973768695592,0.0072017334244747185
Backprop,456,2,NATIVE,96,Conv2,V2,cr,meanrdm,-0.020490797912221716,,,
Backprop,456,2,NATIVE,96,Conv2,V2,all,persub,-0.014773387290256706,-0.01017890256516531,-0.03852545429163265,0.004384194986027835
Backprop,456,2,NATIVE,96,Conv2,V2,all,meanrdm,-0.0221708934057856,,,
Backprop,456,2,NATIVE,96,Conv3,LOC,cr,persub,0.010513624005414772,0.01047395514295731,0.015485490031240333,0.005581426842046678
Backprop,456,2,NATIVE,96,Conv3,LOC,cr,meanrdm,0.017443832388285258,,,
Backprop,456,2,NATIVE,96,Conv3,LOC,all,persub,0.009642211867639895,0.010372509156060073,0.012449612978924243,0.006104513467935369
Backprop,456,2,NATIVE,96,Conv3,LOC,all,meanrdm,0.01615583445222726,,,
Backprop,456,2,NATIVE,96,FC1,IT,cr,persub,0.014183182721288856,0.015124445476042806,0.020034672144009655,0.007390430543814109
Backprop,456,2,NATIVE,96,FC1,IT,cr,meanrdm,0.02270852676520512,,,
Backprop,456,2,NATIVE,96,FC1,IT,all,persub,0.01304901159306493,0.015414025617761043,0.016891327491254667,0.006841681670179083
Backprop,456,2,NATIVE,96,FC1,IT,all,meanrdm,0.020386832038623487,,,
Feedback Alignment,456,2,NATIVE,96,Conv1,V1,cr,persub,0.00928953693516398,0.003686430671399696,0.017771996990257985,0.006410183143834256
Feedback Alignment,456,2,NATIVE,96,Conv1,V1,cr,meanrdm,0.014810396022975507,,,
Feedback Alignment,456,2,NATIVE,96,Conv1,V1,all,persub,0.008045649847759647,0.0031918313574350664,0.01602816400253196,0.004916954183311919
Feedback Alignment,456,2,NATIVE,96,Conv1,V1,all,meanrdm,0.012779685043628053,,,
Feedback Alignment,456,2,NATIVE,96,Conv1,V2,cr,persub,0.0034881419437969644,-0.0006933632125141005,0.008953321357116842,0.0022044676867881523
Feedback Alignment,456,2,NATIVE,96,Conv1,V2,cr,meanrdm,0.004915000393477641,,,
Feedback Alignment,456,2,NATIVE,96,Conv1,V2,all,persub,0.0026827339661966033,-0.0010285070848827492,0.00875229236306503,0.0003244166204075301
Feedback Alignment,456,2,NATIVE,96,Conv1,V2,all,meanrdm,0.0036713775274710148,,,
Feedback Alignment,456,2,NATIVE,96,Conv2,V1,cr,persub,0.009880424112529654,0.004934676772413864,0.017923127123762175,0.0067834684414129235
Feedback Alignment,456,2,NATIVE,96,Conv2,V1,cr,meanrdm,0.015439650615809146,,,
Feedback Alignment,456,2,NATIVE,96,Conv2,V1,all,persub,0.00920819517833353,0.005451652918050177,0.01649402964029569,0.005678902976654731
Feedback Alignment,456,2,NATIVE,96,Conv2,V1,all,meanrdm,0.014302764261763329,,,
Feedback Alignment,456,2,NATIVE,96,Conv2,V2,cr,persub,0.004685786255254616,0.0015736105680273348,0.009586262203944113,0.0028974859937924004
Feedback Alignment,456,2,NATIVE,96,Conv2,V2,cr,meanrdm,0.00686079827154928,,,
Feedback Alignment,456,2,NATIVE,96,Conv2,V2,all,persub,0.0042061805363602395,0.00250481199235455,0.009080964554445521,0.001032765062280647
Feedback Alignment,456,2,NATIVE,96,Conv2,V2,all,meanrdm,0.006051936192796454,,,
Feedback Alignment,456,2,NATIVE,96,Conv3,LOC,cr,persub,0.00405287654946908,0.006650246374391286,0.00622002869005025,-0.0007116454160342957
Feedback Alignment,456,2,NATIVE,96,Conv3,LOC,cr,meanrdm,0.006921411679820168,,,
Feedback Alignment,456,2,NATIVE,96,Conv3,LOC,all,persub,0.0039474583579798515,0.0077371160342514685,0.004769064962457588,-0.0006638059227695029
Feedback Alignment,456,2,NATIVE,96,Conv3,LOC,all,meanrdm,0.006312701193771613,,,
Feedback Alignment,456,2,NATIVE,96,FC1,IT,cr,persub,0.007791537763118496,0.010487264803009115,0.009706468206219343,0.003180880280127031
Feedback Alignment,456,2,NATIVE,96,FC1,IT,cr,meanrdm,0.013629169454214909,,,
Feedback Alignment,456,2,NATIVE,96,FC1,IT,all,persub,0.006737126270701732,0.00954542974465142,0.00851262308073705,0.002153325986716727
Feedback Alignment,456,2,NATIVE,96,FC1,IT,all,meanrdm,0.011407972424581914,,,
Predictive Coding,456,2,NATIVE,96,Conv1,V1,cr,persub,0.012334670945563729,0.006735957784588679,0.025269071804024927,0.00499898324807758
Predictive Coding,456,2,NATIVE,96,Conv1,V1,cr,meanrdm,0.018855759181428094,,,
Predictive Coding,456,2,NATIVE,96,Conv1,V1,all,persub,0.011089440713173894,0.006227227371972324,0.022854111319855607,0.004186983447693749
Predictive Coding,456,2,NATIVE,96,Conv1,V1,all,meanrdm,0.01697874474193116,,,
Predictive Coding,456,2,NATIVE,96,Conv1,V2,cr,persub,0.00645334062128055,0.002992482008793586,0.013717772886163654,0.0026497669688844085
Predictive Coding,456,2,NATIVE,96,Conv1,V2,cr,meanrdm,0.009690945285459466,,,
Predictive Coding,456,2,NATIVE,96,Conv1,V2,all,persub,0.005507705392571641,0.0025579155695532587,0.013346054666933544,0.0006191459412281228
Predictive Coding,456,2,NATIVE,96,Conv1,V2,all,meanrdm,0.008291388830197106,,,
Predictive Coding,456,2,NATIVE,96,Conv2,V1,cr,persub,0.019344797551883525,0.01600142692153052,0.034296264734868895,0.007736700999251158
Predictive Coding,456,2,NATIVE,96,Conv2,V1,cr,meanrdm,0.029307862720362482,,,
Predictive Coding,456,2,NATIVE,96,Conv2,V1,all,persub,0.01780946253837568,0.015170872064212767,0.031128484105276532,0.007129031445637744
Predictive Coding,456,2,NATIVE,96,Conv2,V1,all,meanrdm,0.026843994275056134,,,
Predictive Coding,456,2,NATIVE,96,Conv2,V2,cr,persub,0.007811325506932394,0.004451040066305478,0.01590132445066872,0.003081612003822984
Predictive Coding,456,2,NATIVE,96,Conv2,V2,cr,meanrdm,0.011875239593859194,,,
Predictive Coding,456,2,NATIVE,96,Conv2,V2,all,persub,0.006648282143685399,0.004295719268270145,0.014157603288345208,0.0014915238744408438
Predictive Coding,456,2,NATIVE,96,Conv2,V2,all,meanrdm,0.01002270560316421,,,
Predictive Coding,456,2,NATIVE,96,Conv3,LOC,cr,persub,0.006826249466453642,0.007817939698263188,0.010593220541492929,0.0020675881596048076
Predictive Coding,456,2,NATIVE,96,Conv3,LOC,cr,meanrdm,0.011403897162176966,,,
Predictive Coding,456,2,NATIVE,96,Conv3,LOC,all,persub,0.006401421140220579,0.007827729683169795,0.009148155633503524,0.0022283781039884195
Predictive Coding,456,2,NATIVE,96,Conv3,LOC,all,meanrdm,0.010536179169411374,,,
Predictive Coding,456,2,NATIVE,96,FC1,IT,cr,persub,0.008533117449603939,0.00924386622806245,0.013743294754591294,0.0026121913661580733
Predictive Coding,456,2,NATIVE,96,FC1,IT,cr,meanrdm,0.014621432691488741,,,
Predictive Coding,456,2,NATIVE,96,FC1,IT,all,persub,0.007952547610904954,0.010181770078317139,0.011101844511183732,0.0025740282432139927
Predictive Coding,456,2,NATIVE,96,FC1,IT,all,meanrdm,0.01323268396382914,,,
STDP,456,2,NATIVE,96,Conv1,V1,cr,persub,0.028339367906835628,0.02922525731249809,0.047466574981804295,0.008326271426204492
STDP,456,2,NATIVE,96,Conv1,V1,cr,meanrdm,0.04203424355396102,,,
STDP,456,2,NATIVE,96,Conv1,V1,all,persub,0.027215491322921812,0.028559849883057542,0.045510716702593025,0.007575907383114884
STDP,456,2,NATIVE,96,Conv1,V1,all,meanrdm,0.04025606694183423,,,
STDP,456,2,NATIVE,96,Conv1,V2,cr,persub,0.01497420581688357,0.015871400388271978,0.026596257574714767,0.0024549594876639618
STDP,456,2,NATIVE,96,Conv1,V2,cr,meanrdm,0.022392504520824502,,,
STDP,456,2,NATIVE,96,Conv1,V2,all,persub,0.014339942524866206,0.0157283713495603,0.026031867414093784,0.001259588810944536
STDP,456,2,NATIVE,96,Conv1,V2,all,meanrdm,0.02137184980069463,,,
STDP,456,2,NATIVE,96,Conv2,V1,cr,persub,0.030849457376514688,0.031027198518744577,0.052665265776098896,0.008855907834700583
STDP,456,2,NATIVE,96,Conv2,V1,cr,meanrdm,0.04599806413954419,,,
STDP,456,2,NATIVE,96,Conv2,V1,all,persub,0.030163530994202093,0.0311462027592418,0.05077442089076202,0.008569969332602451
STDP,456,2,NATIVE,96,Conv2,V1,all,meanrdm,0.04467286492031433,,,
STDP,456,2,NATIVE,96,Conv2,V2,cr,persub,0.01787237202412119,0.018712357928977314,0.03184833677124648,0.003056421372139766
STDP,456,2,NATIVE,96,Conv2,V2,cr,meanrdm,0.026911518549086334,,,
STDP,456,2,NATIVE,96,Conv2,V2,all,persub,0.017045115885559715,0.01852593936444331,0.030936024693114322,0.0016733835991215088
STDP,456,2,NATIVE,96,Conv2,V2,all,meanrdm,0.02570622900887825,,,
STDP,456,2,NATIVE,96,Conv3,LOC,cr,persub,0.004832414626507457,0.00791760114765559,0.0059537051179504195,0.000625937613916362
STDP,456,2,NATIVE,96,Conv3,LOC,cr,meanrdm,0.007260868580595511,,,
STDP,456,2,NATIVE,96,Conv3,LOC,all,persub,0.004138906389748269,0.0069781787006998825,0.004403269630739541,0.0010352708378053824
STDP,456,2,NATIVE,96,Conv3,LOC,all,meanrdm,0.00624809347689783,,,
STDP,456,2,NATIVE,96,FC1,IT,cr,persub,0.008861140259510234,0.010410921650635398,0.01254055138805088,0.003631947739844428
STDP,456,2,NATIVE,96,FC1,IT,cr,meanrdm,0.015038036843061379,,,
STDP,456,2,NATIVE,96,FC1,IT,all,persub,0.00838047602751423,0.010445852581863044,0.011407038578676316,0.0032885369220033342
STDP,456,2,NATIVE,96,FC1,IT,all,meanrdm,0.01379440887193388,,,
Random Weights (BN-calibrated),456,2,NATIVE,96,Conv1,V1,cr,persub,0.012996109599102898,0.006751370185991866,0.027264100249568147,0.004972858361748687
Random Weights (BN-calibrated),456,2,NATIVE,96,Conv1,V1,cr,meanrdm,0.019988754924018373,,,
Random Weights (BN-calibrated),456,2,NATIVE,96,Conv1,V1,all,persub,0.011697381838151838,0.006164378332857251,0.024636289288859782,0.004291477892738479
Random Weights (BN-calibrated),456,2,NATIVE,96,Conv1,V1,all,meanrdm,0.01802846418672596,,,
Random Weights (BN-calibrated),456,2,NATIVE,96,Conv1,V2,cr,persub,0.006546946425706059,0.001502710893729789,0.015201962994949726,0.0029361653884386607
Random Weights (BN-calibrated),456,2,NATIVE,96,Conv1,V2,cr,meanrdm,0.009799175785720543,,,
Random Weights (BN-calibrated),456,2,NATIVE,96,Conv1,V2,all,persub,0.005649366872551246,0.001069098054418683,0.014716627784819011,0.001162374778416044
Random Weights (BN-calibrated),456,2,NATIVE,96,Conv1,V2,all,meanrdm,0.008506457549007142,,,
Random Weights (BN-calibrated),456,2,NATIVE,96,Conv2,V1,cr,persub,0.008585250110594059,0.0035504311274166707,0.017096239740835666,0.005109079463529841
Random Weights (BN-calibrated),456,2,NATIVE,96,Conv2,V1,cr,meanrdm,0.013643723534405985,,,
Random Weights (BN-calibrated),456,2,NATIVE,96,Conv2,V1,all,persub,0.007356051704215864,0.0034777882645145243,0.01420013039363237,0.004390236454500695
Random Weights (BN-calibrated),456,2,NATIVE,96,Conv2,V1,all,meanrdm,0.011642506905552895,,,
Random Weights (BN-calibrated),456,2,NATIVE,96,Conv2,V2,cr,persub,0.003289509038922562,-0.0004170888731597312,0.0066694922352140175,0.0036161237547134
Random Weights (BN-calibrated),456,2,NATIVE,96,Conv2,V2,cr,meanrdm,0.004818085362511765,,,
Random Weights (BN-calibrated),456,2,NATIVE,96,Conv2,V2,all,persub,0.0021270406856024214,-0.0003829213735955262,0.005246577735491264,0.0015174656949115267
Random Weights (BN-calibrated),456,2,NATIVE,96,Conv2,V2,all,meanrdm,0.003038156641037227,,,
Random Weights (BN-calibrated),456,2,NATIVE,96,Conv3,LOC,cr,persub,0.006818961016995313,0.007706129396342116,0.011252211964342106,0.0014985416903017172
Random Weights (BN-calibrated),456,2,NATIVE,96,Conv3,LOC,cr,meanrdm,0.011363218072639571,,,
Random Weights (BN-calibrated),456,2,NATIVE,96,Conv3,LOC,all,persub,0.006020551346340307,0.007421788309132884,0.009144396425005542,0.0014954693048824966
Random Weights (BN-calibrated),456,2,NATIVE,96,Conv3,LOC,all,meanrdm,0.009823484219817588,,,
Random Weights (BN-calibrated),456,2,NATIVE,96,FC1,IT,cr,persub,0.006952495728333661,0.00859098415973441,0.009294680213881922,0.002971822811384654
Random Weights (BN-calibrated),456,2,NATIVE,96,FC1,IT,cr,meanrdm,0.012626747547933113,,,
Random Weights (BN-calibrated),456,2,NATIVE,96,FC1,IT,all,persub,0.006497407827325434,0.008649693990612016,0.00872003079503569,0.002122498696328596
Random Weights (BN-calibrated),456,2,NATIVE,96,FC1,IT,all,meanrdm,0.01180777431084766,,,
Random Weights,456,2,NATIVE,128,Conv1,V1,cr,persub,0.053029258531223755,0.05414626331727099,0.08838614776714815,0.016555364509252123
Random Weights,456,2,NATIVE,128,Conv1,V1,cr,meanrdm,0.07642168608041815,,,
Random Weights,456,2,NATIVE,128,Conv1,V1,all,persub,0.05252395597115231,0.05362643144914912,0.08805779232264899,0.0158876441416588
Random Weights,456,2,NATIVE,128,Conv1,V1,all,meanrdm,0.07535836769825438,,,
Random Weights,456,2,NATIVE,128,Conv1,V2,cr,persub,0.02814382519576186,0.03287458428707127,0.048283396021024445,0.003273495279189865
Random Weights,456,2,NATIVE,128,Conv1,V2,cr,meanrdm,0.042516889117293934,,,
Random Weights,456,2,NATIVE,128,Conv1,V2,all,persub,0.02815997494256954,0.033283692466970896,0.04942884452806373,0.001767387832673997
Random Weights,456,2,NATIVE,128,Conv1,V2,all,meanrdm,0.04238259401391875,,,
Random Weights,456,2,NATIVE,128,Conv2,V1,cr,persub,0.06725551905209015,0.0711167873945397,0.11278270793013409,0.017867061831596677
Random Weights,456,2,NATIVE,128,Conv2,V1,cr,meanrdm,0.0961309077616879,,,
Random Weights,456,2,NATIVE,128,Conv2,V1,all,persub,0.06670756826075357,0.07017851894517944,0.11201930328845368,0.01792488254862756
Random Weights,456,2,NATIVE,128,Conv2,V1,all,meanrdm,0.09484205362257017,,,
Random Weights,456,2,NATIVE,128,Conv2,V2,cr,persub,0.038511049367344986,0.043247586265081205,0.06790957823901607,0.004375983597937694
Random Weights,456,2,NATIVE,128,Conv2,V2,cr,meanrdm,0.05805514307987087,,,
Random Weights,456,2,NATIVE,128,Conv2,V2,all,persub,0.038501011162027386,0.043661870430201685,0.06860404346190584,0.0032371195939746413
Random Weights,456,2,NATIVE,128,Conv2,V2,all,meanrdm,0.05770133742752893,,,
Random Weights,456,2,NATIVE,128,Conv3,LOC,cr,persub,-0.0006768162927744295,0.006939356271698794,-0.005315755501558824,-0.0036540496484632587
Random Weights,456,2,NATIVE,128,Conv3,LOC,cr,meanrdm,-0.0033968177626350084,,,
Random Weights,456,2,NATIVE,128,Conv3,LOC,all,persub,-0.000287229107147692,0.007131957578179235,-0.00634953187517561,-0.0016441130244467007
Random Weights,456,2,NATIVE,128,Conv3,LOC,all,meanrdm,-0.001977610050344885,,,
Random Weights,456,2,NATIVE,128,FC1,IT,cr,persub,0.0067086376674797684,0.0031655482593850063,0.012077396131098176,0.004882968611956122
Random Weights,456,2,NATIVE,128,FC1,IT,cr,meanrdm,0.010992388932981613,,,
Random Weights,456,2,NATIVE,128,FC1,IT,all,persub,0.007083966533630484,0.0041624326440408395,0.012954899762949274,0.00413456719390134
Random Weights,456,2,NATIVE,128,FC1,IT,all,meanrdm,0.011727575511923495,,,
Backprop,456,2,NATIVE,128,Conv1,V1,cr,persub,0.02242605889039523,0.02161776293722658,0.03698014334536155,0.00868027038859755
Backprop,456,2,NATIVE,128,Conv1,V1,cr,meanrdm,0.034170189931566695,,,
Backprop,456,2,NATIVE,128,Conv1,V1,all,persub,0.02061775162120658,0.020029666219502803,0.033956647078541416,0.007866941565575523
Backprop,456,2,NATIVE,128,Conv1,V1,all,meanrdm,0.03133043116155982,,,
Backprop,456,2,NATIVE,128,Conv1,V2,cr,persub,0.012648107330894628,0.011009976289005508,0.022246490549027578,0.004687855154650793
Backprop,456,2,NATIVE,128,Conv1,V2,cr,meanrdm,0.01912714061921958,,,
Backprop,456,2,NATIVE,128,Conv1,V2,all,persub,0.01150956403316998,0.010603652873050795,0.02103569860644958,0.00288934062000957
Backprop,456,2,NATIVE,128,Conv1,V2,all,meanrdm,0.017272101103517616,,,
Backprop,456,2,NATIVE,128,Conv2,V1,cr,persub,-0.023859051901724274,-0.027074384813736356,-0.04936287522375512,0.004860104332318643
Backprop,456,2,NATIVE,128,Conv2,V1,cr,meanrdm,-0.03125088589477996,,,
Backprop,456,2,NATIVE,128,Conv2,V1,all,persub,-0.024579547119382126,-0.02498899456751654,-0.05128720244191414,0.0025375556512842964
Backprop,456,2,NATIVE,128,Conv2,V1,all,meanrdm,-0.032910046161227634,,,
Backprop,456,2,NATIVE,128,Conv2,V2,cr,persub,-0.016073638661484733,-0.013715181357773172,-0.04043006834976119,0.005924333723080161
Backprop,456,2,NATIVE,128,Conv2,V2,cr,meanrdm,-0.023934773636505834,,,
Backprop,456,2,NATIVE,128,Conv2,V2,all,persub,-0.016869064157971868,-0.01247008159494564,-0.04144377550736132,0.003306664628391363
Backprop,456,2,NATIVE,128,Conv2,V2,all,meanrdm,-0.025324078950803297,,,
Backprop,456,2,NATIVE,128,Conv3,LOC,cr,persub,0.009791397823670925,0.009233697570446188,0.015418157098233354,0.004722338802333234
Backprop,456,2,NATIVE,128,Conv3,LOC,cr,meanrdm,0.01617711343147586,,,
Backprop,456,2,NATIVE,128,Conv3,LOC,all,persub,0.00899851264361714,0.009287084952893036,0.01238850384368351,0.005319949134274877
Backprop,456,2,NATIVE,128,Conv3,LOC,all,meanrdm,0.015074833262766403,,,
Backprop,456,2,NATIVE,128,FC1,IT,cr,persub,0.01324459664650366,0.014242871831168864,0.018515514738209577,0.00697540337013254
Backprop,456,2,NATIVE,128,FC1,IT,cr,meanrdm,0.02124515425891266,,,
Backprop,456,2,NATIVE,128,FC1,IT,all,persub,0.011905232102213774,0.014212302028560966,0.015321686935558281,0.006181707342522072
Backprop,456,2,NATIVE,128,FC1,IT,all,meanrdm,0.018638058187548896,,,
Feedback Alignment,456,2,NATIVE,128,Conv1,V1,cr,persub,0.00837435017980681,0.0023729345220488878,0.016519856326427017,0.0062302596909445205
Feedback Alignment,456,2,NATIVE,128,Conv1,V1,cr,meanrdm,0.013446224647019459,,,
Feedback Alignment,456,2,NATIVE,128,Conv1,V1,all,persub,0.007142673322926756,0.0019057443948945797,0.014837521889729248,0.004684753684156439
Feedback Alignment,456,2,NATIVE,128,Conv1,V1,all,meanrdm,0.011418664054819533,,,
Feedback Alignment,456,2,NATIVE,128,Conv1,V2,cr,persub,0.003030412373791322,-0.0012232504915764162,0.008267333756435897,0.0020471538565144855
Feedback Alignment,456,2,NATIVE,128,Conv1,V2,cr,meanrdm,0.004185579617762426,,,
Feedback Alignment,456,2,NATIVE,128,Conv1,V2,all,persub,0.0022205517787902036,-0.0015642474991964255,0.00809364712460308,0.0001322557109639558
Feedback Alignment,456,2,NATIVE,128,Conv1,V2,all,meanrdm,0.00294473183251443,,,
Feedback Alignment,456,2,NATIVE,128,Conv2,V1,cr,persub,0.008932938567785863,0.00395386555709161,0.016202067066740003,0.0066428830795259766
Feedback Alignment,456,2,NATIVE,128,Conv2,V1,cr,meanrdm,0.0138734599412208,,,
Feedback Alignment,456,2,NATIVE,128,Conv2,V1,all,persub,0.008329908919063331,0.004485171859908332,0.014953018048743974,0.005551536848537684
Feedback Alignment,456,2,NATIVE,128,Conv2,V1,all,meanrdm,0.01285069882289214,,,
Feedback Alignment,456,2,NATIVE,128,Conv2,V2,cr,persub,0.004214014320787243,0.001701285798903831,0.008275040848544473,0.002665716314913425
Feedback Alignment,456,2,NATIVE,128,Conv2,V2,cr,meanrdm,0.006043953571919286,,,
Feedback Alignment,456,2,NATIVE,128,Conv2,V2,all,persub,0.003799451899304349,0.0025946735428598504,0.007983361397613435,0.000820320757439761
Feedback Alignment,456,2,NATIVE,128,Conv2,V2,all,meanrdm,0.005366820153522892,,,
Feedback Alignment,456,2,NATIVE,128,Conv3,LOC,cr,persub,0.0038054100232374675,0.006327601261062738,0.006226302341544112,-0.001137673532894448
Feedback Alignment,456,2,NATIVE,128,Conv3,LOC,cr,meanrdm,0.0065398913690713255,,,
Feedback Alignment,456,2,NATIVE,128,Conv3,LOC,all,persub,0.0037732897290220866,0.007577930530665549,0.004699207723440775,-0.0009572690670400633
Feedback Alignment,456,2,NATIVE,128,Conv3,LOC,all,meanrdm,0.006048238579166106,,,
Feedback Alignment,456,2,NATIVE,128,FC1,IT,cr,persub,0.007926265678564156,0.010234944015961579,0.00996200333509465,0.00358184968463624
Feedback Alignment,456,2,NATIVE,128,FC1,IT,cr,meanrdm,0.01407744021836755,,,
Feedback Alignment,456,2,NATIVE,128,FC1,IT,all,persub,0.006768437497281077,0.00937334534348141,0.008544034804250238,0.0023879323441115836
Feedback Alignment,456,2,NATIVE,128,FC1,IT,all,meanrdm,0.011611747146679107,,,
Predictive Coding,456,2,NATIVE,128,Conv1,V1,cr,persub,0.011769444090643235,0.005998072925583008,0.024381773983780962,0.004928485362565738
Predictive Coding,456,2,NATIVE,128,Conv1,V1,cr,meanrdm,0.017987751609652363,,,
Predictive Coding,456,2,NATIVE,128,Conv1,V1,all,persub,0.01054879752556504,0.005520561653958348,0.022027755473002605,0.004098075449734169
Predictive Coding,456,2,NATIVE,128,Conv1,V1,all,meanrdm,0.01613961849621041,,,
Predictive Coding,456,2,NATIVE,128,Conv1,V2,cr,persub,0.0061011833086727025,0.0028669875721230587,0.0130065501732989,0.0024300121805961466
Predictive Coding,456,2,NATIVE,128,Conv1,V2,cr,meanrdm,0.009137178026495628,,,
Predictive Coding,456,2,NATIVE,128,Conv1,V2,all,persub,0.0051778579789387895,0.0024408309320822588,0.012713479968289693,0.00037926303644441716
Predictive Coding,456,2,NATIVE,128,Conv1,V2,all,meanrdm,0.007776597206149537,,,
Predictive Coding,456,2,NATIVE,128,Conv2,V1,cr,persub,0.017893184302201357,0.01408950673464994,0.03199408725585132,0.007595958916102819
Predictive Coding,456,2,NATIVE,128,Conv2,V1,cr,meanrdm,0.027199496383814536,,,
Predictive Coding,456,2,NATIVE,128,Conv2,V1,all,persub,0.01639681432821975,0.013352265771784567,0.028832045777341685,0.007006131435532989
Predictive Coding,456,2,NATIVE,128,Conv2,V1,all,meanrdm,0.024777263549644886,,,
Predictive Coding,456,2,NATIVE,128,Conv2,V2,cr,persub,0.007130689478772558,0.0040502893840103716,0.014420892196599823,0.0029208868557074777
Predictive Coding,456,2,NATIVE,128,Conv2,V2,cr,meanrdm,0.010792169535931472,,,
Predictive Coding,456,2,NATIVE,128,Conv2,V2,all,persub,0.005971724041874463,0.0038879100763901434,0.012703636489215282,0.0013236255600179655
Predictive Coding,456,2,NATIVE,128,Conv2,V2,all,meanrdm,0.008959068053109006,,,
Predictive Coding,456,2,NATIVE,128,Conv3,LOC,cr,persub,0.006585007375084888,0.007675935013094727,0.010266025084370963,0.0018130620277889778
Predictive Coding,456,2,NATIVE,128,Conv3,LOC,cr,meanrdm,0.011035763101441809,,,
Predictive Coding,456,2,NATIVE,128,Conv3,LOC,all,persub,0.006181809899899693,0.007843779729187742,0.0086934008668346,0.0020082491036767366
Predictive Coding,456,2,NATIVE,128,Conv3,LOC,all,meanrdm,0.010200591460915667,,,
Predictive Coding,456,2,NATIVE,128,FC1,IT,cr,persub,0.008272121233082035,0.008942932370717766,0.01278686481454526,0.0030865665139830764
Predictive Coding,456,2,NATIVE,128,FC1,IT,cr,meanrdm,0.01411517029651379,,,
Predictive Coding,456,2,NATIVE,128,FC1,IT,all,persub,0.007660629387616612,0.010006336466072095,0.009935708914463116,0.003039842782314625
Predictive Coding,456,2,NATIVE,128,FC1,IT,all,meanrdm,0.012697928763567604,,,
STDP,456,2,NATIVE,128,Conv1,V1,cr,persub,0.025771105195668415,0.026076452533729592,0.04359471248135254,0.0076421505719231056
STDP,456,2,NATIVE,128,Conv1,V1,cr,meanrdm,0.03828568633291198,,,
STDP,456,2,NATIVE,128,Conv1,V1,all,persub,0.024670254311174856,0.02540701745729168,0.04170657909928958,0.006897166376943327
STDP,456,2,NATIVE,128,Conv1,V1,all,meanrdm,0.03653839275455172,,,
STDP,456,2,NATIVE,128,Conv1,V2,cr,persub,0.013412098680932715,0.014021386511286212,0.024078961769919378,0.0021359477615925503
STDP,456,2,NATIVE,128,Conv1,V2,cr,meanrdm,0.019956758440107594,,,
STDP,456,2,NATIVE,128,Conv1,V2,all,persub,0.012807027393766381,0.0138831863663271,0.0235912425306417,0.0009466532843303486
STDP,456,2,NATIVE,128,Conv1,V2,all,meanrdm,0.018995341901289483,,,
STDP,456,2,NATIVE,128,Conv2,V1,cr,persub,0.028265571995017977,0.027724449830714162,0.04885835409270228,0.008213912061637489
STDP,456,2,NATIVE,128,Conv2,V1,cr,meanrdm,0.04227113937854453,,,
STDP,456,2,NATIVE,128,Conv2,V1,all,persub,0.027604525808008085,0.027869087681378153,0.047054816430948714,0.007889673311697395
STDP,456,2,NATIVE,128,Conv2,V1,all,meanrdm,0.04094072808002849,,,
STDP,456,2,NATIVE,128,Conv2,V2,cr,persub,0.016479041768653523,0.01690993461004791,0.02981332074236396,0.0027138699535487003
STDP,456,2,NATIVE,128,Conv2,V2,cr,meanrdm,0.024798825641491006,,,
STDP,456,2,NATIVE,128,Conv2,V2,all,persub,0.01569128198463681,0.01687489698386884,0.028956395486131128,0.0012425534839104677
STDP,456,2,NATIVE,128,Conv2,V2,all,meanrdm,0.023646661272227275,,,
STDP,456,2,NATIVE,128,Conv3,LOC,cr,persub,0.0045246660804041565,0.007799305186963494,0.00493099380293122,0.0008436992513177556
STDP,456,2,NATIVE,128,Conv3,LOC,cr,meanrdm,0.006794484100205887,,,
STDP,456,2,NATIVE,128,Conv3,LOC,all,persub,0.003911347153168079,0.00693639005600545,0.003582700162922405,0.0012149512405763812
STDP,456,2,NATIVE,128,Conv3,LOC,all,meanrdm,0.0059225382069042,,,
STDP,456,2,NATIVE,128,FC1,IT,cr,persub,0.007945749031972036,0.009664254960218426,0.010286996989492656,0.0038859951462050226
STDP,456,2,NATIVE,128,FC1,IT,cr,meanrdm,0.013573747987690668,,,
STDP,456,2,NATIVE,128,FC1,IT,all,persub,0.007300317376628731,0.0098735354049447,0.008700929234656422,0.0033264874902850725
STDP,456,2,NATIVE,128,FC1,IT,all,meanrdm,0.012142507885444109,,,
Random Weights (BN-calibrated),456,2,NATIVE,128,Conv1,V1,cr,persub,0.012513547960022403,0.006003974485709474,0.02661522472496265,0.004921444669395089
Random Weights (BN-calibrated),456,2,NATIVE,128,Conv1,V1,cr,meanrdm,0.019262145801085664,,,
Random Weights (BN-calibrated),456,2,NATIVE,128,Conv1,V1,all,persub,0.01123350885160738,0.005450605590810516,0.02404266252331062,0.004207258440701003
Random Weights (BN-calibrated),456,2,NATIVE,128,Conv1,V1,all,meanrdm,0.017310225836917086,,,
Random Weights (BN-calibrated),456,2,NATIVE,128,Conv1,V2,cr,persub,0.006253194772301902,0.0013980522021488312,0.014633508602949602,0.0027280235118072745
Random Weights (BN-calibrated),456,2,NATIVE,128,Conv1,V2,cr,meanrdm,0.009347165388247756,,,
Random Weights (BN-calibrated),456,2,NATIVE,128,Conv1,V2,all,persub,0.005370340461905408,0.0009836617615651632,0.014216039308877798,0.0009113203152732637
Random Weights (BN-calibrated),456,2,NATIVE,128,Conv1,V2,all,meanrdm,0.008082131286323707,,,
Random Weights (BN-calibrated),456,2,NATIVE,128,Conv2,V1,cr,persub,0.008029585001957914,0.002713355765692077,0.016206922765378842,0.005168476474802824
Random Weights (BN-calibrated),456,2,NATIVE,128,Conv2,V1,cr,meanrdm,0.012782499824755997,,,
Random Weights (BN-calibrated),456,2,NATIVE,128,Conv2,V1,all,persub,0.006795439367662882,0.002689892467650144,0.01326636001141229,0.004430065623926209
Random Weights (BN-calibrated),456,2,NATIVE,128,Conv2,V1,all,meanrdm,0.010753312060823436,,,
Random Weights (BN-calibrated),456,2,NATIVE,128,Conv2,V2,cr,persub,0.0031204903163365226,-0.00022829437661472626,0.006199386461298612,0.003390378864325682
Random Weights (BN-calibrated),456,2,NATIVE,128,Conv2,V2,cr,meanrdm,0.004546443486526139,,,
Random Weights (BN-calibrated),456,2,NATIVE,128,Conv2,V2,all,persub,0.0019748666769404395,-0.00013001199664383948,0.004761640919216568,0.0012929711082485906
Random Weights (BN-calibrated),456,2,NATIVE,128,Conv2,V2,all,meanrdm,0.0027994433354766746,,,
Random Weights (BN-calibrated),456,2,NATIVE,128,Conv3,LOC,cr,persub,0.007048704914173987,0.0075533748119577596,0.012631686860658343,0.0009610530699058595
Random Weights (BN-calibrated),456,2,NATIVE,128,Conv3,LOC,cr,meanrdm,0.011773998128170645,,,
Random Weights (BN-calibrated),456,2,NATIVE,128,Conv3,LOC,all,persub,0.006264494075795966,0.007470374760512523,0.010305302905797696,0.0010178045610776793
Random Weights (BN-calibrated),456,2,NATIVE,128,Conv3,LOC,all,meanrdm,0.010274897396207239,,,
Random Weights (BN-calibrated),456,2,NATIVE,128,FC1,IT,cr,persub,0.007607773440654668,0.008783838344522139,0.010898396433775815,0.003141085543666053
Random Weights (BN-calibrated),456,2,NATIVE,128,FC1,IT,cr,meanrdm,0.01367989434881561,,,
Random Weights (BN-calibrated),456,2,NATIVE,128,FC1,IT,all,persub,0.007029785669181515,0.008798251007455432,0.009914522928739898,0.0023765830713492133
Random Weights (BN-calibrated),456,2,NATIVE,128,FC1,IT,all,meanrdm,0.012628534986965577,,,
Random Weights,456,2,NATIVE,160,Conv1,V1,cr,persub,0.0538555423911089,0.05529610139102037,0.08955882732800542,0.016711698454300927
Random Weights,456,2,NATIVE,160,Conv1,V1,cr,meanrdm,0.07755393078597068,,,
Random Weights,456,2,NATIVE,160,Conv1,V1,all,persub,0.05335027899376402,0.05472186487440613,0.0892380392940179,0.016090932812868042
Random Weights,456,2,NATIVE,160,Conv1,V1,all,meanrdm,0.07650329403362156,,,
Random Weights,456,2,NATIVE,160,Conv1,V2,cr,persub,0.028691079523159236,0.033624415465733054,0.04919665949442375,0.0032521636093209077
Random Weights,456,2,NATIVE,160,Conv1,V2,cr,meanrdm,0.04331579545590469,,,
Random Weights,456,2,NATIVE,160,Conv1,V2,all,persub,0.028733628155945157,0.03403205202355333,0.05035902154106819,0.0018098109032139453
Random Weights,456,2,NATIVE,160,Conv1,V2,all,meanrdm,0.04322011229311002,,,
Random Weights,456,2,NATIVE,160,Conv2,V1,cr,persub,0.06789909259541671,0.07196807779184052,0.11365268901920254,0.018076510975207082
Random Weights,456,2,NATIVE,160,Conv2,V1,cr,meanrdm,0.09706406878494526,,,
Random Weights,456,2,NATIVE,160,Conv2,V1,all,persub,0.06735413494440796,0.07100884832471537,0.11288261195579655,0.018170944552712003
Random Weights,456,2,NATIVE,160,Conv2,V1,all,meanrdm,0.09579497040629185,,,
Random Weights,456,2,NATIVE,160,Conv2,V2,cr,persub,0.03899099155572837,0.043932069307257286,0.0687100304244002,0.004330874935527628
Random Weights,456,2,NATIVE,160,Conv2,V2,cr,meanrdm,0.05878246311192382,,,
Random Weights,456,2,NATIVE,160,Conv2,V2,all,persub,0.03901574556390796,0.04439208737498836,0.06941171935845586,0.0032434299582796595
Random Weights,456,2,NATIVE,160,Conv2,V2,all,meanrdm,0.05847959274410511,,,
Random Weights,456,2,NATIVE,160,Conv3,LOC,cr,persub,-0.000677891631804453,0.007073378560785878,-0.005477049990464874,-0.003630003465734363
Random Weights,456,2,NATIVE,160,Conv3,LOC,cr,meanrdm,-0.0034343895246318396,,,
Random Weights,456,2,NATIVE,160,Conv3,LOC,all,persub,-0.00030255506391291585,0.007286616108443061,-0.006528193048633098,-0.0016660882515487103
Random Weights,456,2,NATIVE,160,Conv3,LOC,all,meanrdm,-0.0020564335683492733,,,
Random Weights,456,2,NATIVE,160,FC1,IT,cr,persub,0.00699584709044233,0.0031254739710421687,0.012916947918846913,0.004945119381437911
Random Weights,456,2,NATIVE,160,FC1,IT,cr,meanrdm,0.011444739608450124,,,
Random Weights,456,2,NATIVE,160,FC1,IT,all,persub,0.007355440621394022,0.0040762725854677885,0.013811903892837612,0.004178145385876663
Random Weights,456,2,NATIVE,160,FC1,IT,all,meanrdm,0.012151854139538612,,,
Backprop,456,2,NATIVE,160,Conv1,V1,cr,persub,0.02061240559011131,0.019470789000232146,0.03413118666543334,0.008235241104668448
Backprop,456,2,NATIVE,160,Conv1,V1,cr,meanrdm,0.03152994092946047,,,
Backprop,456,2,NATIVE,160,Conv1,V1,all,persub,0.018801784417760023,0.017925101355772743,0.031150243105156537,0.00733000879235079
Backprop,456,2,NATIVE,160,Conv1,V1,all,meanrdm,0.028682176401333994,,,
Backprop,456,2,NATIVE,160,Conv1,V2,cr,persub,0.011382619480790198,0.009876790241391768,0.0198638089112572,0.004407259289721627
Backprop,456,2,NATIVE,160,Conv1,V2,cr,meanrdm,0.017188524583762178,,,
Backprop,456,2,NATIVE,160,Conv1,V2,all,persub,0.010243323744831724,0.009475287067902302,0.018708467609982446,0.0025462165566104296
Backprop,456,2,NATIVE,160,Conv1,V2,all,meanrdm,0.015340448646663911,,,
Backprop,456,2,NATIVE,160,Conv2,V1,cr,persub,-0.025217291018971053,-0.02916533603206399,-0.050494318153810905,0.004007781128961726
Backprop,456,2,NATIVE,160,Conv2,V1,cr,meanrdm,-0.033455509711167085,,,
Backprop,456,2,NATIVE,160,Conv2,V1,all,persub,-0.02592171195634697,-0.027096796601779875,-0.05246931328575576,0.0018009740184947373
Backprop,456,2,NATIVE,160,Conv2,V1,all,meanrdm,-0.0350538840813654,,,
Backprop,456,2,NATIVE,160,Conv2,V2,cr,persub,-0.016359252106470917,-0.014170042384526326,-0.040207268234669316,0.005299554299782891
Backprop,456,2,NATIVE,160,Conv2,V2,cr,meanrdm,-0.02434961962945785,,,
Backprop,456,2,NATIVE,160,Conv2,V2,all,persub,-0.017111363931755066,-0.01292732976823642,-0.04126040533378254,0.002853643306753761
Backprop,456,2,NATIVE,160,Conv2,V2,all,meanrdm,-0.025640997886423284,,,
Backprop,456,2,NATIVE,160,Conv3,LOC,cr,persub,0.0097543438386781,0.008556072946189874,0.016376271369255884,0.004330687200588544
Backprop,456,2,NATIVE,160,Conv3,LOC,cr,meanrdm,0.016141250673919,,,
Backprop,456,2,NATIVE,160,Conv3,LOC,all,persub,0.008933310086914972,0.008709469683475666,0.013204459351379982,0.004886001225889267
Backprop,456,2,NATIVE,160,Conv3,LOC,all,meanrdm,0.014996987434209096,,,
Backprop,456,2,NATIVE,160,FC1,IT,cr,persub,0.012260998044814583,0.013132105688848976,0.017119873327733983,0.006531015117860785
Backprop,456,2,NATIVE,160,FC1,IT,cr,meanrdm,0.019769117690970825,,,
Backprop,456,2,NATIVE,160,FC1,IT,all,persub,0.010911170336400334,0.012914934033051197,0.01407024221327953,0.005748334762870277
Backprop,456,2,NATIVE,160,FC1,IT,all,meanrdm,0.01709428781085209,,,
Feedback Alignment,456,2,NATIVE,160,Conv1,V1,cr,persub,0.007924918080017562,0.0017491209849824676,0.01586163406548053,0.006163999189589687
Feedback Alignment,456,2,NATIVE,160,Conv1,V1,cr,meanrdm,0.012763751100587398,,,
Feedback Alignment,456,2,NATIVE,160,Conv1,V1,all,persub,0.006690245744576468,0.0012815822246610663,0.01421431991367867,0.004574835095389669
Feedback Alignment,456,2,NATIVE,160,Conv1,V1,all,meanrdm,0.01071767200718079,,,
Feedback Alignment,456,2,NATIVE,160,Conv1,V2,cr,persub,0.0027968821243163655,-0.0014219363965813994,0.007838248298344692,0.001974334471185805
Feedback Alignment,456,2,NATIVE,160,Conv1,V2,cr,meanrdm,0.0038067528700238547,,,
Feedback Alignment,456,2,NATIVE,160,Conv1,V2,all,persub,0.0019933826965982163,-0.001757205549950968,0.007698954133710883,3.839950603473413e-05
Feedback Alignment,456,2,NATIVE,160,Conv1,V2,all,meanrdm,0.0025769450446120027,,,
Feedback Alignment,456,2,NATIVE,160,Conv2,V1,cr,persub,0.008502594098703024,0.0035780306733534145,0.015333296621317976,0.00659645500143768
Feedback Alignment,456,2,NATIVE,160,Conv2,V1,cr,meanrdm,0.013095936291867673,,,
Feedback Alignment,456,2,NATIVE,160,Conv2,V1,all,persub,0.007907377327243581,0.0040515336047800415,0.014196206428516114,0.005474391948434592
Feedback Alignment,456,2,NATIVE,160,Conv2,V1,all,meanrdm,0.012094864391952204,,,
Feedback Alignment,456,2,NATIVE,160,Conv2,V2,cr,persub,0.003944916601964085,0.0018383547930516289,0.007516378938206584,0.002480016074634041
Feedback Alignment,456,2,NATIVE,160,Conv2,V2,cr,meanrdm,0.005574365484094166,,,
Feedback Alignment,456,2,NATIVE,160,Conv2,V2,all,persub,0.0035655734291995668,0.00269285199017605,0.007345333247661485,0.0006585350497611641
Feedback Alignment,456,2,NATIVE,160,Conv2,V2,all,meanrdm,0.0049645337154289055,,,
Feedback Alignment,456,2,NATIVE,160,Conv3,LOC,cr,persub,0.00364263462477534,0.006052051535946158,0.006168479850020481,-0.0012926275116406202
Feedback Alignment,456,2,NATIVE,160,Conv3,LOC,cr,meanrdm,0.006320014833262899,,,
Feedback Alignment,456,2,NATIVE,160,Conv3,LOC,all,persub,0.0037160676859621777,0.007423393531178405,0.004664412076079491,-0.0009396025493713636
Feedback Alignment,456,2,NATIVE,160,Conv3,LOC,all,meanrdm,0.0060086339390668765,,,
Feedback Alignment,456,2,NATIVE,160,FC1,IT,cr,persub,0.008045192220465553,0.010044235133693359,0.010312490340528401,0.0037788511871749016
Feedback Alignment,456,2,NATIVE,160,FC1,IT,cr,meanrdm,0.014391071249106675,,,
Feedback Alignment,456,2,NATIVE,160,FC1,IT,all,persub,0.006826100272423985,0.009239457769588308,0.008751004605631368,0.0024878384420522815
Feedback Alignment,456,2,NATIVE,160,FC1,IT,all,meanrdm,0.011764701110428722,,,
Predictive Coding,456,2,NATIVE,160,Conv1,V1,cr,persub,0.01154823651347187,0.005767432813547915,0.023995185783970453,0.00488209094289724
Predictive Coding,456,2,NATIVE,160,Conv1,V1,cr,meanrdm,0.01762032049762421,,,
Predictive Coding,456,2,NATIVE,160,Conv1,V1,all,persub,0.010357222450556177,0.005284040022390632,0.021729323020804027,0.004058304308473875
Predictive Coding,456,2,NATIVE,160,Conv1,V1,all,meanrdm,0.01580789739567014,,,
Predictive Coding,456,2,NATIVE,160,Conv1,V2,cr,persub,0.005929786704188815,0.00294988709012832,0.012591503806038126,0.002247969216400003
Predictive Coding,456,2,NATIVE,160,Conv1,V2,cr,meanrdm,0.008860969947261262,,,
Predictive Coding,456,2,NATIVE,160,Conv1,V2,all,persub,0.005044712074010781,0.0025256001251560863,0.01239448318714239,0.00021405290973386507
Predictive Coding,456,2,NATIVE,160,Conv1,V2,all,meanrdm,0.007560008132441296,,,
Predictive Coding,456,2,NATIVE,160,Conv2,V1,cr,persub,0.017358214086281815,0.013273339218304134,0.03118647897818427,0.007614824062357046
Predictive Coding,456,2,NATIVE,160,Conv2,V1,cr,meanrdm,0.02639414652197718,,,
Predictive Coding,456,2,NATIVE,160,Conv2,V1,all,persub,0.01589798862195757,0.01255612723956102,0.028092931638402905,0.0070449069879087835
Predictive Coding,456,2,NATIVE,160,Conv2,V1,all,meanrdm,0.024023654335574286,,,
Predictive Coding,456,2,NATIVE,160,Conv2,V2,cr,persub,0.006922476891727304,0.004145127259520828,0.013810727136397489,0.002811576279263598
Predictive Coding,456,2,NATIVE,160,Conv2,V2,cr,meanrdm,0.010451020453010145,,,
Predictive Coding,456,2,NATIVE,160,Conv2,V2,all,persub,0.005778418503088364,0.0039466767330897795,0.012155217052647334,0.001233361723527981
Predictive Coding,456,2,NATIVE,160,Conv2,V2,all,meanrdm,0.008648995379139431,,,
Predictive Coding,456,2,NATIVE,160,Conv3,LOC,cr,persub,0.006222260498327567,0.007570513994290294,0.009361108337037636,0.0017351591636547694
Predictive Coding,456,2,NATIVE,160,Conv3,LOC,cr,meanrdm,0.01046182004517331,,,
Predictive Coding,456,2,NATIVE,160,Conv3,LOC,all,persub,0.005897557826803349,0.007877159039904946,0.007800222681915735,0.0020152917585893665
Predictive Coding,456,2,NATIVE,160,Conv3,LOC,all,meanrdm,0.009761465703728177,,,
Predictive Coding,456,2,NATIVE,160,FC1,IT,cr,persub,0.007605350970968098,0.008522695357295643,0.01080814661157164,0.00348521094403701
Predictive Coding,456,2,NATIVE,160,FC1,IT,cr,meanrdm,0.013036236384853492,,,
Predictive Coding,456,2,NATIVE,160,FC1,IT,all,persub,0.006988407840850618,0.009578298938809297,0.008023106866742813,0.003363817716999741
Predictive Coding,456,2,NATIVE,160,FC1,IT,all,meanrdm,0.01161914529362287,,,
STDP,456,2,NATIVE,160,Conv1,V1,cr,persub,0.02418548275214143,0.024062403492132418,0.04126772084997508,0.007226323914316794
STDP,456,2,NATIVE,160,Conv1,V1,cr,meanrdm,0.03595654015847877,,,
STDP,456,2,NATIVE,160,Conv1,V1,all,persub,0.023102177859861253,0.023402334118076056,0.039423545577534254,0.006480653883973459
STDP,456,2,NATIVE,160,Conv1,V1,all,meanrdm,0.03422667548718548,,,
STDP,456,2,NATIVE,160,Conv1,V2,cr,persub,0.012446705897788778,0.012890349085154606,0.022512844071037826,0.0019369245371739048
STDP,456,2,NATIVE,160,Conv1,V2,cr,meanrdm,0.01844254117234906,,,
STDP,456,2,NATIVE,160,Conv1,V2,all,persub,0.011881533539154934,0.01276884983618674,0.022107344812521405,0.0007684059687566548
STDP,456,2,NATIVE,160,Conv1,V2,all,meanrdm,0.017549256363339018,,,
STDP,456,2,NATIVE,160,Conv2,V1,cr,persub,0.026902256202085972,0.025717219565358284,0.04717851232515753,0.007811036715742093
STDP,456,2,NATIVE,160,Conv2,V1,cr,meanrdm,0.0402955534087715,,,
STDP,456,2,NATIVE,160,Conv2,V1,all,persub,0.026215739531641528,0.025854748565963863,0.045312716007257565,0.007479754021703163
STDP,456,2,NATIVE,160,Conv2,V1,all,meanrdm,0.038899153050613956,,,
STDP,456,2,NATIVE,160,Conv2,V2,cr,persub,0.015664257666195825,0.015819622253995,0.0287531065419831,0.002420044202609367
STDP,456,2,NATIVE,160,Conv2,V2,cr,meanrdm,0.023542417812004664,,,
STDP,456,2,NATIVE,160,Conv2,V2,all,persub,0.014924773312840046,0.015864343429976474,0.027918676539776734,0.0009912999687669308
STDP,456,2,NATIVE,160,Conv2,V2,all,meanrdm,0.022466376542912166,,,
STDP,456,2,NATIVE,160,Conv3,LOC,cr,persub,0.0047556985554448985,0.008258229750612536,0.0050573115713299895,0.0009515543443921699
STDP,456,2,NATIVE,160,Conv3,LOC,cr,meanrdm,0.007110319362672901,,,
STDP,456,2,NATIVE,160,Conv3,LOC,all,persub,0.004133926269481982,0.007297154673949063,0.0037529918312764607,0.001351632303220423
STDP,456,2,NATIVE,160,Conv3,LOC,all,meanrdm,0.00626937093645972,,,
STDP,456,2,NATIVE,160,FC1,IT,cr,persub,0.006807944404214536,0.009288396890287647,0.007282355744333258,0.0038530805780226996
STDP,456,2,NATIVE,160,FC1,IT,cr,meanrdm,0.011689849807356927,,,
STDP,456,2,NATIVE,160,FC1,IT,all,persub,0.006360075007008286,0.009476777317057167,0.00609504856551237,0.0035083991384553207
STDP,456,2,NATIVE,160,FC1,IT,all,meanrdm,0.010754940524728963,,,
Random Weights (BN-calibrated),456,2,NATIVE,160,Conv1,V1,cr,persub,0.012373561824683249,0.0058079626711180395,0.02641451565588103,0.004898207147050675
Random Weights (BN-calibrated),456,2,NATIVE,160,Conv1,V1,cr,meanrdm,0.01902121775183348,,,
Random Weights (BN-calibrated),456,2,NATIVE,160,Conv1,V1,all,persub,0.011119650189370667,0.005253583323637826,0.023920587844446582,0.004184779400027592
Random Weights (BN-calibrated),456,2,NATIVE,160,Conv1,V1,all,meanrdm,0.01709329970615263,,,
Random Weights (BN-calibrated),456,2,NATIVE,160,Conv1,V2,cr,persub,0.006133139680641616,0.0015175682168852155,0.014330215293152454,0.002551635531887181
Random Weights (BN-calibrated),456,2,NATIVE,160,Conv1,V2,cr,meanrdm,0.009156293036842456,,,
Random Weights (BN-calibrated),456,2,NATIVE,160,Conv1,V2,all,persub,0.005281215925884119,0.0011170479594788088,0.013991198945022314,0.0007354008731512346
Random Weights (BN-calibrated),456,2,NATIVE,160,Conv1,V2,all,meanrdm,0.007939383366389743,,,
Random Weights (BN-calibrated),456,2,NATIVE,160,Conv2,V1,cr,persub,0.00803402295153735,0.0026350911609842186,0.01616365485298925,0.005303322840638584
Random Weights (BN-calibrated),456,2,NATIVE,160,Conv2,V1,cr,meanrdm,0.012718850327794004,,,
Random Weights (BN-calibrated),456,2,NATIVE,160,Conv2,V1,all,persub,0.006811310446106834,0.0025960680584050893,0.013263520399391132,0.0045743428805242806
Random Weights (BN-calibrated),456,2,NATIVE,160,Conv2,V1,all,meanrdm,0.010703045554686822,,,
Random Weights (BN-calibrated),456,2,NATIVE,160,Conv2,V2,cr,persub,0.0032115774847988753,0.00025377362644878797,0.006162298675473101,0.0032186601524747368
Random Weights (BN-calibrated),456,2,NATIVE,160,Conv2,V2,cr,meanrdm,0.004670958415011008,,,
Random Weights (BN-calibrated),456,2,NATIVE,160,Conv2,V2,all,persub,0.0021040562446099833,0.00037329160194032537,0.004771523954601374,0.0011673531772882504
Random Weights (BN-calibrated),456,2,NATIVE,160,Conv2,V2,all,meanrdm,0.0029930286404654767,,,
Random Weights (BN-calibrated),456,2,NATIVE,160,Conv3,LOC,cr,persub,0.006964573642106289,0.007465882360399674,0.012728065489513002,0.0006997730764061925
Random Weights (BN-calibrated),456,2,NATIVE,160,Conv3,LOC,cr,meanrdm,0.011636555720229497,,,
Random Weights (BN-calibrated),456,2,NATIVE,160,Conv3,LOC,all,persub,0.0062451730387742205,0.007552873922047963,0.01033453942561524,0.0008481057686594609
Random Weights (BN-calibrated),456,2,NATIVE,160,Conv3,LOC,all,meanrdm,0.010264941146254418,,,
Random Weights (BN-calibrated),456,2,NATIVE,160,FC1,IT,cr,persub,0.007868501146431022,0.00895481457185929,0.011312091939687543,0.0033385969277462332
Random Weights (BN-calibrated),456,2,NATIVE,160,FC1,IT,cr,meanrdm,0.014202023016977785,,,
Random Weights (BN-calibrated),456,2,NATIVE,160,FC1,IT,all,persub,0.00725813826109867,0.008927528247349045,0.010324168440310547,0.0025227180956364182
Random Weights (BN-calibrated),456,2,NATIVE,160,FC1,IT,all,meanrdm,0.012998733762419218,,,
Random Weights,456,2,NATIVE,224,Conv1,V1,cr,persub,0.055027636737396225,0.05681750953487326,0.09128903352740697,0.01697636714990846
Random Weights,456,2,NATIVE,224,Conv1,V1,cr,meanrdm,0.07918092259957915,,,
Random Weights,456,2,NATIVE,224,Conv1,V1,all,persub,0.05452020027615961,0.05617343605889424,0.09098858098506481,0.016398583784519773
Random Weights,456,2,NATIVE,224,Conv1,V1,all,meanrdm,0.07813753845020656,,,
Random Weights,456,2,NATIVE,224,Conv1,V2,cr,persub,0.02951228483522921,0.03465222924913764,0.05061782886896759,0.003266796387582392
Random Weights,456,2,NATIVE,224,Conv1,V2,cr,meanrdm,0.04452168509254737,,,
Random Weights,456,2,NATIVE,224,Conv1,V2,all,persub,0.029576448824394724,0.03503520546676254,0.0518074244735581,0.001886716532863548
Random Weights,456,2,NATIVE,224,Conv1,V2,all,meanrdm,0.04445416278000347,,,
Random Weights,456,2,NATIVE,224,Conv2,V1,cr,persub,0.06858934953947586,0.07289242278635034,0.11453762201014038,0.01833800382193685
Random Weights,456,2,NATIVE,224,Conv2,V1,cr,meanrdm,0.09806751220491397,,,
Random Weights,456,2,NATIVE,224,Conv2,V1,all,persub,0.06805472973839846,0.07191499451631564,0.1137915928293311,0.01845760186954865
Random Weights,456,2,NATIVE,224,Conv2,V1,all,meanrdm,0.096832426324259,,,
Random Weights,456,2,NATIVE,224,Conv2,V2,cr,persub,0.039547381763159604,0.04473463823123231,0.06962592752617681,0.004281579532069684
Random Weights,456,2,NATIVE,224,Conv2,V2,cr,meanrdm,0.05961338170963584,,,
Random Weights,456,2,NATIVE,224,Conv2,V2,all,persub,0.03961515774761374,0.04522749941525578,0.07036503386107856,0.0032529399665068843
Random Weights,456,2,NATIVE,224,Conv2,V2,all,meanrdm,0.059381502266734956,,,
Random Weights,456,2,NATIVE,224,Conv3,LOC,cr,persub,-0.0007416157424467128,0.007218178447120416,-0.005720849284437681,-0.003722176390022873
Random Weights,456,2,NATIVE,224,Conv3,LOC,cr,meanrdm,-0.0036100369377659912,,,
Random Weights,456,2,NATIVE,224,Conv3,LOC,all,persub,-0.00034600370196078534,0.007490430948315561,-0.006749016855631704,-0.0017794251985662124
Random Weights,456,2,NATIVE,224,Conv3,LOC,all,meanrdm,-0.002218416389626369,,,
Random Weights,456,2,NATIVE,224,FC1,IT,cr,persub,0.007253388940210956,0.0029738153394235673,0.013881346960626713,0.0049050045205825885
Random Weights,456,2,NATIVE,224,FC1,IT,cr,meanrdm,0.011856966930995777,,,
Random Weights,456,2,NATIVE,224,FC1,IT,all,persub,0.007638092155044809,0.00401397791749528,0.014758582545542862,0.004141716002096283
Random Weights,456,2,NATIVE,224,FC1,IT,all,meanrdm,0.01257020434969905,,,
Backprop,456,2,NATIVE,224,Conv1,V1,cr,persub,0.017770791208013007,0.015995866549186312,0.029828541375561585,0.007487965699291119
Backprop,456,2,NATIVE,224,Conv1,V1,cr,meanrdm,0.027310223962383105,,,
Backprop,456,2,NATIVE,224,Conv1,V1,all,persub,0.01596702654329465,0.014512551254959425,0.02692313907186536,0.0064653893030591604
Backprop,456,2,NATIVE,224,Conv1,V1,all,meanrdm,0.024478867435526776,,,
Backprop,456,2,NATIVE,224,Conv1,V2,cr,persub,0.009475621482468406,0.008290833084138721,0.016312166035179407,0.003823865328087089
Backprop,456,2,NATIVE,224,Conv1,V2,cr,meanrdm,0.014179998180704617,,,
Backprop,456,2,NATIVE,224,Conv1,V2,all,persub,0.008346530787679171,0.007863966941021459,0.015243258060071123,0.001932367361944933
Backprop,456,2,NATIVE,224,Conv1,V2,all,meanrdm,0.012401612455697854,,,
Backprop,456,2,NATIVE,224,Conv2,V1,cr,persub,-0.02587714188971121,-0.030185911955852802,-0.05046717145403242,0.0030216577407515912
Backprop,456,2,NATIVE,224,Conv2,V1,cr,meanrdm,-0.03484669680503376,,,
Backprop,456,2,NATIVE,224,Conv2,V1,all,persub,-0.026599224811431108,-0.028375956755415353,-0.05241544486994129,0.0009937271910633125
Backprop,456,2,NATIVE,224,Conv2,V1,all,meanrdm,-0.03642366196900727,,,
Backprop,456,2,NATIVE,224,Conv2,V2,cr,persub,-0.016229829150464756,-0.013424281179186287,-0.03951175128483728,0.004246545012629302
Backprop,456,2,NATIVE,224,Conv2,V2,cr,meanrdm,-0.024326925934165793,,,
Backprop,456,2,NATIVE,224,Conv2,V2,all,persub,-0.0168883571448166,-0.012460277612746274,-0.04039055716871399,0.0021857633470104667
Backprop,456,2,NATIVE,224,Conv2,V2,all,meanrdm,-0.025356252445169727,,,
Backprop,456,2,NATIVE,224,Conv3,LOC,cr,persub,0.008925041983444492,0.007452660203270231,0.015725650674755634,0.003596815072307616
Backprop,456,2,NATIVE,224,Conv3,LOC,cr,meanrdm,0.014548268617139013,,,
Backprop,456,2,NATIVE,224,Conv3,LOC,all,persub,0.00805428517202269,0.007677346475854138,0.01240436383710838,0.004081145203105554
Backprop,456,2,NATIVE,224,Conv3,LOC,all,meanrdm,0.013344882598496125,,,
Backprop,456,2,NATIVE,224,FC1,IT,cr,persub,0.011178502788772986,0.011771929542324169,0.014811909962868363,0.00695166886112643
Backprop,456,2,NATIVE,224,FC1,IT,cr,meanrdm,0.01797012672172903,,,
Backprop,456,2,NATIVE,224,FC1,IT,all,persub,0.009827627160687143,0.01115208197258106,0.012347381898847648,0.00598341761063272
Backprop,456,2,NATIVE,224,FC1,IT,all,meanrdm,0.015314581301001355,,,
Feedback Alignment,456,2,NATIVE,224,Conv1,V1,cr,persub,0.007307105649143153,0.0008964576342543702,0.015012036492143634,0.00601282282103145
Feedback Alignment,456,2,NATIVE,224,Conv1,V1,cr,meanrdm,0.011812043325772886,,,
Feedback Alignment,456,2,NATIVE,224,Conv1,V1,all,persub,0.006072393897614866,0.000409131188688107,0.013409274268826037,0.004398776235330454
Feedback Alignment,456,2,NATIVE,224,Conv1,V1,all,meanrdm,0.009758906731602414,,,
Feedback Alignment,456,2,NATIVE,224,Conv1,V2,cr,persub,0.002488424081485919,-0.0016499679972265615,0.0072828674542397085,0.00183237278744461
Feedback Alignment,456,2,NATIVE,224,Conv1,V2,cr,meanrdm,0.0033007300620261784,,,
Feedback Alignment,456,2,NATIVE,224,Conv1,V2,all,persub,0.0016999909105704892,-0.001993455345001465,0.007189819104449165,-9.639102773623221e-05
Feedback Alignment,456,2,NATIVE,224,Conv1,V2,all,meanrdm,0.002102933639218371,,,
Feedback Alignment,456,2,NATIVE,224,Conv2,V1,cr,persub,0.008433378602233253,0.0037069710404538407,0.01515242495151535,0.006440739814730566
Feedback Alignment,456,2,NATIVE,224,Conv2,V1,cr,meanrdm,0.012773107025187686,,,
Feedback Alignment,456,2,NATIVE,224,Conv2,V1,all,persub,0.007834499494549563,0.004042926869590557,0.014114286892218653,0.005346284721839476
Feedback Alignment,456,2,NATIVE,224,Conv2,V1,all,meanrdm,0.011792616670387944,,,
Feedback Alignment,456,2,NATIVE,224,Conv2,V2,cr,persub,0.0041083152944057936,0.0027231650303497284,0.007366447951177991,0.0022353329016896596
Feedback Alignment,456,2,NATIVE,224,Conv2,V2,cr,meanrdm,0.00578254327904216,,,
Feedback Alignment,456,2,NATIVE,224,Conv2,V2,all,persub,0.0037537208965231525,0.0034589959000192938,0.007300136094500077,0.0005020306950500864
Feedback Alignment,456,2,NATIVE,224,Conv2,V2,all,meanrdm,0.005230500561440243,,,
Feedback Alignment,456,2,NATIVE,224,Conv3,LOC,cr,persub,0.003261883260153134,0.005843471695257902,0.0054678676389983,-0.0015256895537968003
Feedback Alignment,456,2,NATIVE,224,Conv3,LOC,cr,meanrdm,0.005658151615245779,,,
Feedback Alignment,456,2,NATIVE,224,Conv3,LOC,all,persub,0.0034754357171312123,0.007396076145582159,0.004027100164409793,-0.000996869158598316
Feedback Alignment,456,2,NATIVE,224,Conv3,LOC,all,meanrdm,0.0055864531363286314,,,
Feedback Alignment,456,2,NATIVE,224,FC1,IT,cr,persub,0.007855946196110795,0.009932274477921076,0.00989211353977922,0.0037434505706320856
Feedback Alignment,456,2,NATIVE,224,FC1,IT,cr,meanrdm,0.014074997383970998,,,
Feedback Alignment,456,2,NATIVE,224,FC1,IT,all,persub,0.006685918531545391,0.009318704747079772,0.008372416369772085,0.0023666344777843137
Feedback Alignment,456,2,NATIVE,224,FC1,IT,all,meanrdm,0.011481012101519491,,,
Predictive Coding,456,2,NATIVE,224,Conv1,V1,cr,persub,0.011363760051211896,0.005648778610889203,0.02357265355929972,0.004869847983446768
Predictive Coding,456,2,NATIVE,224,Conv1,V1,cr,meanrdm,0.01726884273128617,,,
Predictive Coding,456,2,NATIVE,224,Conv1,V1,all,persub,0.010211260568253255,0.005137002791062309,0.02144515836706642,0.004051620546631029
Predictive Coding,456,2,NATIVE,224,Conv1,V1,all,meanrdm,0.015508933266350368,,,
Predictive Coding,456,2,NATIVE,224,Conv1,V2,cr,persub,0.005774642571955106,0.0032163565345797083,0.012113075982132565,0.0019944951991530432
Predictive Coding,456,2,NATIVE,224,Conv1,V2,cr,meanrdm,0.00859605766634481,,,
Predictive Coding,456,2,NATIVE,224,Conv1,V2,all,persub,0.004938580445755492,0.0027825326251633108,0.01204867957929147,-1.547086718830352e-05
Predictive Coding,456,2,NATIVE,224,Conv1,V2,all,meanrdm,0.007377702576564741,,,
Predictive Coding,456,2,NATIVE,224,Conv2,V1,cr,persub,0.016472338028711595,0.012269841541371715,0.029759126577210415,0.00738804596755265
Predictive Coding,456,2,NATIVE,224,Conv2,V1,cr,meanrdm,0.024970383100518398,,,
Predictive Coding,456,2,NATIVE,224,Conv2,V1,all,persub,0.015066064886048417,0.011522792555920185,0.026808683983043646,0.006866718119181413
Predictive Coding,456,2,NATIVE,224,Conv2,V1,all,meanrdm,0.022686009856687693,,,
Predictive Coding,456,2,NATIVE,224,Conv2,V2,cr,persub,0.006664480785103258,0.004585594857264889,0.01283989994631279,0.0025679475517320968
Predictive Coding,456,2,NATIVE,224,Conv2,V2,cr,meanrdm,0.010021190488587241,,,
Predictive Coding,456,2,NATIVE,224,Conv2,V2,all,persub,0.005551988665438638,0.004274130702121514,0.011342070196990725,0.0010397650972036744
Predictive Coding,456,2,NATIVE,224,Conv2,V2,all,meanrdm,0.00827279095052552,,,
Predictive Coding,456,2,NATIVE,224,Conv3,LOC,cr,persub,0.005816247107157088,0.007473631932673796,0.0084362628193708,0.0015388465694266668
Predictive Coding,456,2,NATIVE,224,Conv3,LOC,cr,meanrdm,0.009726979269409658,,,
Predictive Coding,456,2,NATIVE,224,Conv3,LOC,all,persub,0.005607120589400545,0.007861506876276902,0.006991762467580312,0.0019680924243444214
Predictive Coding,456,2,NATIVE,224,Conv3,LOC,all,meanrdm,0.009271498698279944,,,
Predictive Coding,456,2,NATIVE,224,FC1,IT,cr,persub,0.006790379479679492,0.008215920820417798,0.008940862032852695,0.003214355585767983
Predictive Coding,456,2,NATIVE,224,FC1,IT,cr,meanrdm,0.011510944411838381,,,
Predictive Coding,456,2,NATIVE,224,FC1,IT,all,persub,0.0062656517246651765,0.009337926450880092,0.006412630326040234,0.0030463983970752044
Predictive Coding,456,2,NATIVE,224,FC1,IT,all,meanrdm,0.010234801525175773,,,
STDP,456,2,NATIVE,224,Conv1,V1,cr,persub,0.021832361209544845,0.021119151429100685,0.037841963028786035,0.00653596917074781
STDP,456,2,NATIVE,224,Conv1,V1,cr,meanrdm,0.032476398299793145,,,
STDP,456,2,NATIVE,224,Conv1,V1,all,persub,0.020777264965323342,0.020472147654496127,0.03608166897179597,0.005777978269677932
STDP,456,2,NATIVE,224,Conv1,V1,all,meanrdm,0.03077758916239598,,,
STDP,456,2,NATIVE,224,Conv1,V2,cr,persub,0.011094554472891057,0.011345378603232039,0.020340729397141443,0.0015975554182996884
STDP,456,2,NATIVE,224,Conv1,V2,cr,meanrdm,0.01632336389378776,,,
STDP,456,2,NATIVE,224,Conv1,V2,all,persub,0.010575203207164137,0.011228381728826758,0.020056443283831573,0.0004407846088340762
STDP,456,2,NATIVE,224,Conv1,V2,all,meanrdm,0.015512400407254103,,,
STDP,456,2,NATIVE,224,Conv2,V1,cr,persub,0.024897321224504606,0.02287726718318443,0.044445885994497565,0.007368810495831827
STDP,456,2,NATIVE,224,Conv2,V1,cr,meanrdm,0.03728820980470322,,,
STDP,456,2,NATIVE,224,Conv2,V1,all,persub,0.024214122936849828,0.023028784128982932,0.04259404356729064,0.007019541114275914
STDP,456,2,NATIVE,224,Conv2,V1,all,meanrdm,0.03587751561529142,,,
STDP,456,2,NATIVE,224,Conv2,V2,cr,persub,0.01457203014007733,0.01456926746035089,0.02714138606113785,0.0020054368987432476
STDP,456,2,NATIVE,224,Conv2,V2,cr,meanrdm,0.021807763018216953,,,
STDP,456,2,NATIVE,224,Conv2,V2,all,persub,0.013905544392536552,0.014683038024483522,0.02642206351005437,0.000611531643071767
STDP,456,2,NATIVE,224,Conv2,V2,all,meanrdm,0.02085986227476519,,,
STDP,456,2,NATIVE,224,Conv3,LOC,cr,persub,0.004986776857890712,0.008444754543934035,0.005168927678549277,0.0013466483511888235
STDP,456,2,NATIVE,224,Conv3,LOC,cr,meanrdm,0.007307514356657125,,,
STDP,456,2,NATIVE,224,Conv3,LOC,all,persub,0.0043455969758275205,0.007553131185879299,0.0038982107689370282,0.0015854489726662342
STDP,456,2,NATIVE,224,Conv3,LOC,all,meanrdm,0.006500005590455113,,,
STDP,456,2,NATIVE,224,FC1,IT,cr,persub,0.005904337494737022,0.009163709661504071,0.004701882307663665,0.0038474205150433316
STDP,456,2,NATIVE,224,FC1,IT,cr,meanrdm,0.009997625241700841,,,
STDP,456,2,NATIVE,224,FC1,IT,all,persub,0.005551966879385524,0.009230559326333331,0.003996651404621795,0.0034286899072014446
STDP,456,2,NATIVE,224,FC1,IT,all,meanrdm,0.009409078252279539,,,
Random Weights (BN-calibrated),456,2,NATIVE,224,Conv1,V1,cr,persub,0.012302704204800063,0.005726780560737973,0.02624579812002293,0.004935533933639293
Random Weights (BN-calibrated),456,2,NATIVE,224,Conv1,V1,cr,meanrdm,0.018847245130261932,,,
Random Weights (BN-calibrated),456,2,NATIVE,224,Conv1,V1,all,persub,0.011088942276706133,0.005153918839292844,0.023890885066300327,0.0042220229245252235
Random Weights (BN-calibrated),456,2,NATIVE,224,Conv1,V1,all,meanrdm,0.016964998253272433,,,
Random Weights (BN-calibrated),456,2,NATIVE,224,Conv1,V2,cr,persub,0.006049267616585258,0.001872496181988257,0.01398550263963294,0.0022898040281345783
Random Weights (BN-calibrated),456,2,NATIVE,224,Conv1,V2,cr,meanrdm,0.00900208936745827,,,
Random Weights (BN-calibrated),456,2,NATIVE,224,Conv1,V2,all,persub,0.005250328995307561,0.0014833694669140504,0.013777988676886567,0.0004896288421220633
Random Weights (BN-calibrated),456,2,NATIVE,224,Conv1,V2,all,meanrdm,0.007878087555793584,,,
Random Weights (BN-calibrated),456,2,NATIVE,224,Conv2,V1,cr,persub,0.008586026736312374,0.0033837953818070653,0.01690617103610275,0.0054681137910273046
Random Weights (BN-calibrated),456,2,NATIVE,224,Conv2,V1,cr,meanrdm,0.01334400974792961,,,
Random Weights (BN-calibrated),456,2,NATIVE,224,Conv2,V1,all,persub,0.007393113595983633,0.0032667611617192265,0.014143394765666667,0.004769184860565005
Random Weights (BN-calibrated),456,2,NATIVE,224,Conv2,V1,all,meanrdm,0.011376706108051336,,,
Random Weights (BN-calibrated),456,2,NATIVE,224,Conv2,V2,cr,persub,0.0036788045999184057,0.0015865217040450378,0.006518338687681078,0.0029315534080291018
Random Weights (BN-calibrated),456,2,NATIVE,224,Conv2,V2,cr,meanrdm,0.005359802836823278,,,
Random Weights (BN-calibrated),456,2,NATIVE,224,Conv2,V2,all,persub,0.002634109205124333,0.001617181128571094,0.005290849992802788,0.0009942964939991163
Random Weights (BN-calibrated),456,2,NATIVE,224,Conv2,V2,all,meanrdm,0.0037918674129343,,,
Random Weights (BN-calibrated),456,2,NATIVE,224,Conv3,LOC,cr,persub,0.006694127379598709,0.0072942520290385105,0.012555583064250076,0.00023254704550753946
Random Weights (BN-calibrated),456,2,NATIVE,224,Conv3,LOC,cr,meanrdm,0.011122173607420523,,,
Random Weights (BN-calibrated),456,2,NATIVE,224,Conv3,LOC,all,persub,0.006096780078661879,0.00758270747947728,0.010152056601447577,0.0005555761550607788
Random Weights (BN-calibrated),456,2,NATIVE,224,Conv3,LOC,all,meanrdm,0.010013569316742181,,,
Random Weights (BN-calibrated),456,2,NATIVE,224,FC1,IT,cr,persub,0.007722490925556256,0.008685597600867258,0.011384120957756306,0.003097754218045205
Random Weights (BN-calibrated),456,2,NATIVE,224,FC1,IT,cr,meanrdm,0.013942408136560547,,,
Random Weights (BN-calibrated),456,2,NATIVE,224,FC1,IT,all,persub,0.007216029122526678,0.008798531468334116,0.010410018552167466,0.0024395373470784466
Random Weights (BN-calibrated),456,2,NATIVE,224,FC1,IT,all,meanrdm,0.01287469441598719,,,
Random Weights,456,2,UPSAMPLED,32,Conv1,V1,cr,persub,0.046974182225563765,0.04666527709004842,0.07905901614610883,0.01519825344053406
Random Weights,456,2,UPSAMPLED,32,Conv1,V1,cr,meanrdm,0.06797864314534771,,,
Random Weights,456,2,UPSAMPLED,32,Conv1,V1,all,persub,0.04653871615569773,0.04617345541696728,0.07900013926608584,0.014442553784040088
Random Weights,456,2,UPSAMPLED,32,Conv1,V1,all,meanrdm,0.0670573803093516,,,
Random Weights,456,2,UPSAMPLED,32,Conv1,V2,cr,persub,0.02349685320122563,0.02768744721754065,0.03955873391972299,0.0032443784664132644
Random Weights,456,2,UPSAMPLED,32,Conv1,V2,cr,meanrdm,0.035510658814242986,,,
Random Weights,456,2,UPSAMPLED,32,Conv1,V2,all,persub,0.02352501072084856,0.028011354292608717,0.041052211951777044,0.001511465918159923
Random Weights,456,2,UPSAMPLED,32,Conv1,V2,all,meanrdm,0.03547275121212074,,,
Random Weights,456,2,UPSAMPLED,32,Conv2,V1,cr,persub,0.06162659939846721,0.06212737037256913,0.10609356043432046,0.016658867388512015
Random Weights,456,2,UPSAMPLED,32,Conv2,V1,cr,meanrdm,0.08796700044447786,,,
Random Weights,456,2,UPSAMPLED,32,Conv2,V1,all,persub,0.060826153043952495,0.06106892260008335,0.10504534283808602,0.016364193693688113
Random Weights,456,2,UPSAMPLED,32,Conv2,V1,all,meanrdm,0.08624691652639185,,,
Random Weights,456,2,UPSAMPLED,32,Conv2,V2,cr,persub,0.03516415904839661,0.03823445491574724,0.06243479311825223,0.004823229111190351
Random Weights,456,2,UPSAMPLED,32,Conv2,V2,cr,meanrdm,0.05293925275658082,,,
Random Weights,456,2,UPSAMPLED,32,Conv2,V2,all,persub,0.03491581531316424,0.038403131843386985,0.06297620967589349,0.003368104420212251
Random Weights,456,2,UPSAMPLED,32,Conv2,V2,all,meanrdm,0.0521936342140914,,,
Random Weights,456,2,UPSAMPLED,32,Conv3,LOC,cr,persub,0.0007327488672396769,0.0074073600785218114,-0.0025631341296483492,-0.0026459793471544316
Random Weights,456,2,UPSAMPLED,32,Conv3,LOC,cr,meanrdm,-0.0009694224108053156,,,
Random Weights,456,2,UPSAMPLED,32,Conv3,LOC,all,persub,0.0011156960442989122,0.007176452297209516,-0.0031166618047034312,-0.0007127023596093489
Random Weights,456,2,UPSAMPLED,32,Conv3,LOC,all,meanrdm,0.0005592375636439094,,,
Random Weights,456,2,UPSAMPLED,32,FC1,IT,cr,persub,0.005036127227700273,0.0059756360208675025,0.00503131227122883,0.004101433391004488
Random Weights,456,2,UPSAMPLED,32,FC1,IT,cr,meanrdm,0.008185563240990231,,,
Random Weights,456,2,UPSAMPLED,32,FC1,IT,all,persub,0.005730072465528649,0.007110909473794916,0.00669081937251452,0.003388488550276512
Random Weights,456,2,UPSAMPLED,32,FC1,IT,all,meanrdm,0.009118670274461784,,,
Backprop,456,2,UPSAMPLED,32,Conv1,V1,cr,persub,0.037528414411684294,0.03809193565178653,0.06272313757490652,0.011770170008359818
Backprop,456,2,UPSAMPLED,32,Conv1,V1,cr,meanrdm,0.05547459406017553,,,
Backprop,456,2,UPSAMPLED,32,Conv1,V1,all,persub,0.03569651079464783,0.03630753626725745,0.05924647894388542,0.011535517172800606
Backprop,456,2,UPSAMPLED,32,Conv1,V1,all,meanrdm,0.0526714734122912,,,
Backprop,456,2,UPSAMPLED,32,Conv1,V2,cr,persub,0.02424601857471394,0.02287067749889512,0.04392797749449798,0.005939400730748725
Backprop,456,2,UPSAMPLED,32,Conv1,V2,cr,meanrdm,0.03678354398530452,,,
Backprop,456,2,UPSAMPLED,32,Conv1,V2,all,persub,0.02308339823477669,0.022268457272325643,0.042403837446241266,0.004577899985763163
Backprop,456,2,UPSAMPLED,32,Conv1,V2,all,meanrdm,0.034865293872649056,,,
Backprop,456,2,UPSAMPLED,32,Conv2,V1,cr,persub,0.026309741568037018,0.0337343406304326,0.03148162348717922,0.013713260586499233
Backprop,456,2,UPSAMPLED,32,Conv2,V1,cr,meanrdm,0.04105982262357534,,,
Backprop,456,2,UPSAMPLED,32,Conv2,V1,all,persub,0.025430674007847338,0.03374759307137,0.029197274437039757,0.013347154515132261
Backprop,456,2,UPSAMPLED,32,Conv2,V1,all,meanrdm,0.03932861961982339,,,
Backprop,456,2,UPSAMPLED,32,Conv2,V2,cr,persub,0.014411416568450679,0.018136946108924336,0.016661867842367784,0.008435435754059917
Backprop,456,2,UPSAMPLED,32,Conv2,V2,cr,meanrdm,0.023089762562812647,,,
Backprop,456,2,UPSAMPLED,32,Conv2,V2,all,persub,0.013839497254029826,0.0186365044257836,0.015101065547444833,0.00778092178886104
Backprop,456,2,UPSAMPLED,32,Conv2,V2,all,meanrdm,0.021923499688320365,,,
Backprop,456,2,UPSAMPLED,32,Conv3,LOC,cr,persub,0.010356211768817099,0.012190211365664162,0.015666289001924776,0.003212134938862361
Backprop,456,2,UPSAMPLED,32,Conv3,LOC,cr,meanrdm,0.016399098403428652,,,
Backprop,456,2,UPSAMPLED,32,Conv3,LOC,all,persub,0.010244357990347466,0.012232635608106517,0.013719394067575717,0.004781044295360164
Backprop,456,2,UPSAMPLED,32,Conv3,LOC,all,meanrdm,0.016389308275437876,,,
Backprop,456,2,UPSAMPLED,32,FC1,IT,cr,persub,0.013504582918924765,0.015140954914934779,0.02033538402871787,0.005037409813121643
Backprop,456,2,UPSAMPLED,32,FC1,IT,cr,meanrdm,0.021374725811559876,,,
Backprop,456,2,UPSAMPLED,32,FC1,IT,all,persub,0.013785640219007661,0.01600189882572054,0.01952917715081339,0.005825844680489053
Backprop,456,2,UPSAMPLED,32,FC1,IT,all,meanrdm,0.021659581735499936,,,
Feedback Alignment,456,2,UPSAMPLED,32,Conv1,V1,cr,persub,0.014607294616538598,0.00989175481321181,0.026634640010958055,0.007295489025445935
Feedback Alignment,456,2,UPSAMPLED,32,Conv1,V1,cr,meanrdm,0.022522071430884177,,,
Feedback Alignment,456,2,UPSAMPLED,32,Conv1,V1,all,persub,0.01334601176720804,0.009233325478382199,0.024673846969710613,0.006130862853531308
Feedback Alignment,456,2,UPSAMPLED,32,Conv1,V1,all,meanrdm,0.020533516549873065,,,
Feedback Alignment,456,2,UPSAMPLED,32,Conv1,V2,cr,persub,0.006500680823319759,0.0025884648699868256,0.014475097484856515,0.0024384801151159383
Feedback Alignment,456,2,UPSAMPLED,32,Conv1,V2,cr,meanrdm,0.009647097432166565,,,
Feedback Alignment,456,2,UPSAMPLED,32,Conv1,V2,all,persub,0.005778316253623413,0.0023004144903600106,0.01420012581588266,0.0008344084546275688
Feedback Alignment,456,2,UPSAMPLED,32,Conv1,V2,all,meanrdm,0.008511907777251882,,,
Feedback Alignment,456,2,UPSAMPLED,32,Conv2,V1,cr,persub,0.017013797023851574,0.012841853378889333,0.030969679920755035,0.007229857771910361
Feedback Alignment,456,2,UPSAMPLED,32,Conv2,V1,cr,meanrdm,0.025956596983731133,,,
Feedback Alignment,456,2,UPSAMPLED,32,Conv2,V1,all,persub,0.016236334917609455,0.01293177723545329,0.029149174518653724,0.006628052998721351
Feedback Alignment,456,2,UPSAMPLED,32,Conv2,V1,all,meanrdm,0.02477976938120533,,,
Feedback Alignment,456,2,UPSAMPLED,32,Conv2,V2,cr,persub,0.008563865874541096,0.004830054342985123,0.01841400802240225,0.0024475352582359147
Feedback Alignment,456,2,UPSAMPLED,32,Conv2,V2,cr,meanrdm,0.013089404874206855,,,
Feedback Alignment,456,2,UPSAMPLED,32,Conv2,V2,all,persub,0.008191552410431875,0.005984524202131439,0.017512572969565997,0.0010775600595981907
Feedback Alignment,456,2,UPSAMPLED,32,Conv2,V2,all,meanrdm,0.012411471689143085,,,
Feedback Alignment,456,2,UPSAMPLED,32,Conv3,LOC,cr,persub,0.003323524133620775,0.0061317030339729005,0.0025192180933823684,0.0013196512735070554
Feedback Alignment,456,2,UPSAMPLED,32,Conv3,LOC,cr,meanrdm,0.005427635117367784,,,
Feedback Alignment,456,2,UPSAMPLED,32,Conv3,LOC,all,persub,0.0033931271766297344,0.007097413901514324,0.0019822477876928124,0.0010997198406820677
Feedback Alignment,456,2,UPSAMPLED,32,Conv3,LOC,all,meanrdm,0.005121063077504617,,,
Feedback Alignment,456,2,UPSAMPLED,32,FC1,IT,cr,persub,0.004893442305534862,0.008272256788973496,0.0059907547584353744,0.00041731536919571585
Feedback Alignment,456,2,UPSAMPLED,32,FC1,IT,cr,meanrdm,0.007917152770931293,,,
Feedback Alignment,456,2,UPSAMPLED,32,FC1,IT,all,persub,0.004710704661147429,0.00827741950241311,0.005381352100626452,0.00047334238040272253
Feedback Alignment,456,2,UPSAMPLED,32,FC1,IT,all,meanrdm,0.007289745491795805,,,
Predictive Coding,456,2,UPSAMPLED,32,Conv1,V1,cr,persub,0.017142608109252562,0.012079923596115325,0.03330370223053377,0.006044198501108595
Predictive Coding,456,2,UPSAMPLED,32,Conv1,V1,cr,meanrdm,0.02585276016234227,,,
Predictive Coding,456,2,UPSAMPLED,32,Conv1,V1,all,persub,0.015611989189764237,0.011132928551206069,0.03033745203288766,0.005365586985198982
Predictive Coding,456,2,UPSAMPLED,32,Conv1,V1,all,meanrdm,0.02360333672255403,,,
Predictive Coding,456,2,UPSAMPLED,32,Conv1,V2,cr,persub,0.009571617903383003,0.005103951684001211,0.020261073918126447,0.0033498281080213506
Predictive Coding,456,2,UPSAMPLED,32,Conv1,V2,cr,meanrdm,0.014490206113744358,,,
Predictive Coding,456,2,UPSAMPLED,32,Conv1,V2,all,persub,0.008582136549158096,0.004786507166751293,0.019323224023019378,0.0016366784577036188
Predictive Coding,456,2,UPSAMPLED,32,Conv1,V2,all,meanrdm,0.013011053722118186,,,
Predictive Coding,456,2,UPSAMPLED,32,Conv2,V1,cr,persub,0.025580019098689368,0.0234153013687406,0.04537104495888479,0.007953710968442704
Predictive Coding,456,2,UPSAMPLED,32,Conv2,V1,cr,meanrdm,0.03797599154592763,,,
Predictive Coding,456,2,UPSAMPLED,32,Conv2,V1,all,persub,0.024065362870228733,0.022253629127607418,0.042298606222508105,0.007643853260570678
Predictive Coding,456,2,UPSAMPLED,32,Conv2,V1,all,meanrdm,0.03565877979236699,,,
Predictive Coding,456,2,UPSAMPLED,32,Conv2,V2,cr,persub,0.011826064251903494,0.008111836034393152,0.02447251820753556,0.0028938385137817694
Predictive Coding,456,2,UPSAMPLED,32,Conv2,V2,cr,meanrdm,0.018022828619021696,,,
Predictive Coding,456,2,UPSAMPLED,32,Conv2,V2,all,persub,0.010826094672013153,0.008291810787986097,0.022560436738116363,0.0016260364899370013
Predictive Coding,456,2,UPSAMPLED,32,Conv2,V2,all,meanrdm,0.016362169855676248,,,
Predictive Coding,456,2,UPSAMPLED,32,Conv3,LOC,cr,persub,0.0069053794099112435,0.007051550805189193,0.010495472238666481,0.0031691151858780557
Predictive Coding,456,2,UPSAMPLED,32,Conv3,LOC,cr,meanrdm,0.01128523900069632,,,
Predictive Coding,456,2,UPSAMPLED,32,Conv3,LOC,all,persub,0.006578475242858141,0.006887933534590812,0.009747677924107282,0.0030998142698763294
Predictive Coding,456,2,UPSAMPLED,32,Conv3,LOC,all,meanrdm,0.010637384586547498,,,
Predictive Coding,456,2,UPSAMPLED,32,FC1,IT,cr,persub,0.006844930109109637,0.010964136465403828,0.009074429598262327,0.0004962242636627556
Predictive Coding,456,2,UPSAMPLED,32,FC1,IT,cr,meanrdm,0.01124265050294813,,,
Predictive Coding,456,2,UPSAMPLED,32,FC1,IT,all,persub,0.0065186911518457435,0.01145498832041638,0.00754471441872004,0.0005563707164008109
Predictive Coding,456,2,UPSAMPLED,32,FC1,IT,all,meanrdm,0.010407971089530487,,,
STDP,456,2,UPSAMPLED,32,Conv1,V1,cr,persub,0.03874268934654884,0.04096407425281197,0.06421525311407955,0.011048740672755011
STDP,456,2,UPSAMPLED,32,Conv1,V1,cr,meanrdm,0.0569939904022152,,,
STDP,456,2,UPSAMPLED,32,Conv1,V1,all,persub,0.03746066601822924,0.040197028993666,0.061885258970184966,0.010299710090836755
STDP,456,2,UPSAMPLED,32,Conv1,V1,all,meanrdm,0.055015467043774365,,,
STDP,456,2,UPSAMPLED,32,Conv1,V2,cr,persub,0.0214304571237008,0.022985764150750317,0.03753928695788063,0.0037663202624714496
STDP,456,2,UPSAMPLED,32,Conv1,V2,cr,meanrdm,0.03243534901883612,,,
STDP,456,2,UPSAMPLED,32,Conv1,V2,all,persub,0.020764457910408835,0.02284862711444864,0.036930763610209034,0.0025139830065688353
STDP,456,2,UPSAMPLED,32,Conv1,V2,all,meanrdm,0.031314503546182246,,,
STDP,456,2,UPSAMPLED,32,Conv2,V1,cr,persub,0.041704566880346024,0.04395027544371166,0.07003062269404889,0.011132802503277521
STDP,456,2,UPSAMPLED,32,Conv2,V1,cr,meanrdm,0.06140656071554972,,,
STDP,456,2,UPSAMPLED,32,Conv2,V1,all,persub,0.040665259720472836,0.0435044167627435,0.06746884054089247,0.011022521857782528
STDP,456,2,UPSAMPLED,32,Conv2,V1,all,meanrdm,0.05960827011208778,,,
STDP,456,2,UPSAMPLED,32,Conv2,V2,cr,persub,0.025004926821812167,0.026873580726314652,0.04399700619606277,0.004144193543059074
STDP,456,2,UPSAMPLED,32,Conv2,V2,cr,meanrdm,0.0380817873014152,,,
STDP,456,2,UPSAMPLED,32,Conv2,V2,all,persub,0.024061843720516726,0.02629252152960866,0.04279690357152916,0.003096106060412338
STDP,456,2,UPSAMPLED,32,Conv2,V2,all,meanrdm,0.036563111099524134,,,
STDP,456,2,UPSAMPLED,32,Conv3,LOC,cr,persub,0.004349588578725015,0.0076109492145323395,0.004327197656503406,0.001110618865139299
STDP,456,2,UPSAMPLED,32,Conv3,LOC,cr,meanrdm,0.005957605818643579,,,
STDP,456,2,UPSAMPLED,32,Conv3,LOC,all,persub,0.0038835100955811265,0.007438433284846488,0.002952633653352754,0.001259463348544139
STDP,456,2,UPSAMPLED,32,Conv3,LOC,all,meanrdm,0.005350716434772717,,,
STDP,456,2,UPSAMPLED,32,FC1,IT,cr,persub,0.007653245151959926,0.009992775448633279,0.012803142439162987,0.00016381756808350924
STDP,456,2,UPSAMPLED,32,FC1,IT,cr,meanrdm,0.012959511596455666,,,
STDP,456,2,UPSAMPLED,32,FC1,IT,all,persub,0.00750919602951449,0.010044357809065083,0.011437676505336197,0.0010455537741421881
STDP,456,2,UPSAMPLED,32,FC1,IT,all,meanrdm,0.012579706278103422,,,
Random Weights (BN-calibrated),456,2,UPSAMPLED,32,Conv1,V1,cr,persub,0.01798903029370824,0.013219014205895548,0.03489526994799807,0.005852806727231112
Random Weights (BN-calibrated),456,2,UPSAMPLED,32,Conv1,V1,cr,meanrdm,0.027160848710989723,,,
Random Weights (BN-calibrated),456,2,UPSAMPLED,32,Conv1,V1,all,persub,0.016439582983723975,0.012249902809783265,0.031712605325077796,0.005356240816310859
Random Weights (BN-calibrated),456,2,UPSAMPLED,32,Conv1,V1,all,meanrdm,0.024902076755618525,,,
Random Weights (BN-calibrated),456,2,UPSAMPLED,32,Conv1,V2,cr,persub,0.009895563746246075,0.0045455698293555315,0.02161352785156395,0.00352759355781874
Random Weights (BN-calibrated),456,2,UPSAMPLED,32,Conv1,V2,cr,meanrdm,0.014986848363080757,,,
Random Weights (BN-calibrated),456,2,UPSAMPLED,32,Conv1,V2,all,persub,0.008935054785728942,0.004217310037802527,0.020505285071734543,0.0020825692476497534
Random Weights (BN-calibrated),456,2,UPSAMPLED,32,Conv1,V2,all,meanrdm,0.013579127501894647,,,
Random Weights (BN-calibrated),456,2,UPSAMPLED,32,Conv2,V1,cr,persub,0.016254200557444722,0.01337441637651884,0.029838541254456112,0.005549644041359217
Random Weights (BN-calibrated),456,2,UPSAMPLED,32,Conv2,V1,cr,meanrdm,0.024343035410080167,,,
Random Weights (BN-calibrated),456,2,UPSAMPLED,32,Conv2,V1,all,persub,0.014998657158714077,0.012703795932834216,0.02688353052925359,0.005408645014054424
Random Weights (BN-calibrated),456,2,UPSAMPLED,32,Conv2,V1,all,meanrdm,0.022559733092780854,,,
Random Weights (BN-calibrated),456,2,UPSAMPLED,32,Conv2,V2,cr,persub,0.007639570375436049,0.003790968746047135,0.01574032147929497,0.0033874209009660404
Random Weights (BN-calibrated),456,2,UPSAMPLED,32,Conv2,V2,cr,meanrdm,0.011502391541366945,,,
Random Weights (BN-calibrated),456,2,UPSAMPLED,32,Conv2,V2,all,persub,0.0066809763786589435,0.0039550253846603765,0.014134037201124808,0.0019538665501916486
Random Weights (BN-calibrated),456,2,UPSAMPLED,32,Conv2,V2,all,meanrdm,0.009958677486841686,,,
Random Weights (BN-calibrated),456,2,UPSAMPLED,32,Conv3,LOC,cr,persub,0.005517440114348769,0.007629607676318657,0.005869780316897097,0.0030529323498305547
Random Weights (BN-calibrated),456,2,UPSAMPLED,32,Conv3,LOC,cr,meanrdm,0.00869153713961988,,,
Random Weights (BN-calibrated),456,2,UPSAMPLED,32,Conv3,LOC,all,persub,0.004975463871587155,0.00716971184018903,0.004947381134447543,0.0028092986401248945
Random Weights (BN-calibrated),456,2,UPSAMPLED,32,Conv3,LOC,all,meanrdm,0.00761489258013095,,,
Random Weights (BN-calibrated),456,2,UPSAMPLED,32,FC1,IT,cr,persub,0.004237828083275234,0.010017748210944095,0.001691331838195006,0.0010044042006866016
Random Weights (BN-calibrated),456,2,UPSAMPLED,32,FC1,IT,cr,meanrdm,0.00733531351661242,,,
Random Weights (BN-calibrated),456,2,UPSAMPLED,32,FC1,IT,all,persub,0.004600475285516443,0.01001464474278888,0.0023456846788021675,0.0014410964349582805
Random Weights (BN-calibrated),456,2,UPSAMPLED,32,FC1,IT,all,meanrdm,0.007891618888175194,,,
Random Weights,456,2,UPSAMPLED,64,Conv1,V1,cr,persub,0.05115348125597987,0.051531925268285934,0.08582284187623901,0.01610567662341467
Random Weights,456,2,UPSAMPLED,64,Conv1,V1,cr,meanrdm,0.07377035618688389,,,
Random Weights,456,2,UPSAMPLED,64,Conv1,V1,all,persub,0.05064625129353021,0.05089938544902152,0.08560424358637356,0.015435124845195547
Random Weights,456,2,UPSAMPLED,64,Conv1,V1,all,meanrdm,0.07271927617031226,,,
Random Weights,456,2,UPSAMPLED,64,Conv1,V2,cr,persub,0.02682657520965098,0.031198941317793147,0.04595880390310329,0.0033219804080564888
Random Weights,456,2,UPSAMPLED,64,Conv1,V2,cr,meanrdm,0.040545318862838936,,,
Random Weights,456,2,UPSAMPLED,64,Conv1,V2,all,persub,0.02681782028539158,0.031506146189057845,0.04724832343925554,0.0016989912278613586
Random Weights,456,2,UPSAMPLED,64,Conv1,V2,all,meanrdm,0.040379762248685024,,,
Random Weights,456,2,UPSAMPLED,64,Conv2,V1,cr,persub,0.0607826306818317,0.06188895071207731,0.10345289408027342,0.017006047253144356
Random Weights,456,2,UPSAMPLED,64,Conv2,V1,cr,meanrdm,0.08701928907833935,,,
Random Weights,456,2,UPSAMPLED,64,Conv2,V1,all,persub,0.060135417541439716,0.06101082362781759,0.10266147099552211,0.016733958000979446
Random Weights,456,2,UPSAMPLED,64,Conv2,V1,all,meanrdm,0.0855851052353975,,,
Random Weights,456,2,UPSAMPLED,64,Conv2,V2,cr,persub,0.03410711278383009,0.038429610070810694,0.059801244772559985,0.004090483508119598
Random Weights,456,2,UPSAMPLED,64,Conv2,V2,cr,meanrdm,0.051392238038122776,,,
Random Weights,456,2,UPSAMPLED,64,Conv2,V2,all,persub,0.034012787274483904,0.03874748562707488,0.06053484546621742,0.0027560307301594104
Random Weights,456,2,UPSAMPLED,64,Conv2,V2,all,meanrdm,0.05098380982446204,,,
Random Weights,456,2,UPSAMPLED,64,Conv3,LOC,cr,persub,-0.00014606365982049014,0.006559957947833207,-0.0036218472557737517,-0.0033763016715209256
Random Weights,456,2,UPSAMPLED,64,Conv3,LOC,cr,meanrdm,-0.0023782131358939342,,,
Random Weights,456,2,UPSAMPLED,64,Conv3,LOC,all,persub,0.0003523726069764379,0.006690963968643586,-0.004155858708176568,-0.0014779874395377042
Random Weights,456,2,UPSAMPLED,64,Conv3,LOC,all,meanrdm,-0.00084624713731258,,,
Random Weights,456,2,UPSAMPLED,64,FC1,IT,cr,persub,0.005403880177562295,0.0041727975253540665,0.00805800702972387,0.003980835977608952
Random Weights,456,2,UPSAMPLED,64,FC1,IT,cr,meanrdm,0.008959725095925642,,,
Random Weights,456,2,UPSAMPLED,64,FC1,IT,all,persub,0.005805065009240294,0.005450207957297883,0.008878441889536355,0.003086545180886647
Random Weights,456,2,UPSAMPLED,64,FC1,IT,all,meanrdm,0.009432190903939104,,,
Backprop,456,2,UPSAMPLED,64,Conv1,V1,cr,persub,0.01653128392406619,0.013257861364525187,0.030178435461499082,0.006157554946174302
Backprop,456,2,UPSAMPLED,64,Conv1,V1,cr,meanrdm,0.02504661826454678,,,
Backprop,456,2,UPSAMPLED,64,Conv1,V1,all,persub,0.014882404123280603,0.011823270150900357,0.027283057827495363,0.005540884391446089
Backprop,456,2,UPSAMPLED,64,Conv1,V1,all,meanrdm,0.022535133252940032,,,
Backprop,456,2,UPSAMPLED,64,Conv1,V2,cr,persub,0.008354863453224419,0.006275467673392295,0.0157417905514841,0.0030473321347968636
Backprop,456,2,UPSAMPLED,64,Conv1,V2,cr,meanrdm,0.012088781702556818,,,
Backprop,456,2,UPSAMPLED,64,Conv1,V2,all,persub,0.007364753915330074,0.005720352528554086,0.014874622559251337,0.0014992866581847982
Backprop,456,2,UPSAMPLED,64,Conv1,V2,all,meanrdm,0.010658919761799692,,,
Backprop,456,2,UPSAMPLED,64,Conv2,V1,cr,persub,-0.0038701887956216307,-0.004052310637586437,-0.010067884230599084,0.0025096284813206286
Backprop,456,2,UPSAMPLED,64,Conv2,V1,cr,meanrdm,-0.005092371957092099,,,
Backprop,456,2,UPSAMPLED,64,Conv2,V1,all,persub,-0.004446841516151072,-0.003344456167481728,-0.012429462679170923,0.0024333942981994367
Backprop,456,2,UPSAMPLED,64,Conv2,V1,all,meanrdm,-0.006077176821592497,,,
Backprop,456,2,UPSAMPLED,64,Conv2,V2,cr,persub,-0.0007175783629638628,0.002969410583128366,-0.008025361596244429,0.002903215924224475
Backprop,456,2,UPSAMPLED,64,Conv2,V2,cr,meanrdm,-0.0014453390143160387,,,
Backprop,456,2,UPSAMPLED,64,Conv2,V2,all,persub,-0.0011752766849191566,0.0032093239326120514,-0.008547250215941177,0.001812096228571656
Backprop,456,2,UPSAMPLED,64,Conv2,V2,all,meanrdm,-0.0021139952835242766,,,
Backprop,456,2,UPSAMPLED,64,Conv3,LOC,cr,persub,0.0027699283851693323,0.008887721705336166,-0.0004341710025860344,-0.00014376554724213406
Backprop,456,2,UPSAMPLED,64,Conv3,LOC,cr,meanrdm,0.0035910047964980516,,,
Backprop,456,2,UPSAMPLED,64,Conv3,LOC,all,persub,0.002238363656635762,0.008409894139349372,-0.0026966628377585312,0.0010018596683164464
Backprop,456,2,UPSAMPLED,64,Conv3,LOC,all,meanrdm,0.0032740932238102326,,,
Backprop,456,2,UPSAMPLED,64,FC1,IT,cr,persub,0.007556381526587159,0.00882090451644913,0.01291498605011666,0.0009332540131956893
Backprop,456,2,UPSAMPLED,64,FC1,IT,cr,meanrdm,0.012042873208333495,,,
Backprop,456,2,UPSAMPLED,64,FC1,IT,all,persub,0.00690536821226699,0.008916710920562324,0.009354311456679944,0.0024450822595586995
Backprop,456,2,UPSAMPLED,64,FC1,IT,all,meanrdm,0.011296345264852247,,,
Feedback Alignment,456,2,UPSAMPLED,64,Conv1,V1,cr,persub,0.005767309139904261,-0.0004914026017464736,0.012701585776438281,0.005091744245020975
Feedback Alignment,456,2,UPSAMPLED,64,Conv1,V1,cr,meanrdm,0.009516055962267471,,,
Feedback Alignment,456,2,UPSAMPLED,64,Conv1,V1,all,persub,0.004533982214648777,-0.0011137080794185413,0.011087961618085385,0.0036276931052794865
Feedback Alignment,456,2,UPSAMPLED,64,Conv1,V1,all,meanrdm,0.007548187449125204,,,
Feedback Alignment,456,2,UPSAMPLED,64,Conv1,V2,cr,persub,0.0016442475473156994,-0.0026609492366455522,0.005827762761087066,0.0017659291175055845
Feedback Alignment,456,2,UPSAMPLED,64,Conv1,V2,cr,meanrdm,0.0020409347838474074,,,
Feedback Alignment,456,2,UPSAMPLED,64,Conv1,V2,all,persub,0.0008001087907755319,-0.003143146067313466,0.005637234638127774,-9.376219848771254e-05
Feedback Alignment,456,2,UPSAMPLED,64,Conv1,V2,all,meanrdm,0.0008080424017874062,,,
Feedback Alignment,456,2,UPSAMPLED,64,Conv2,V1,cr,persub,0.027464009533728937,0.02943164254186073,0.043081139022399725,0.009879247036926353
Feedback Alignment,456,2,UPSAMPLED,64,Conv2,V1,cr,meanrdm,0.03995621286334772,,,
Feedback Alignment,456,2,UPSAMPLED,64,Conv2,V1,all,persub,0.026863377842708133,0.028933112119352098,0.042015345727821465,0.009641675680950838
Feedback Alignment,456,2,UPSAMPLED,64,Conv2,V1,all,meanrdm,0.039147848281785906,,,
Feedback Alignment,456,2,UPSAMPLED,64,Conv2,V2,cr,persub,0.017148353185271057,0.020703254651955234,0.02728747691150316,0.0034543279923547813
Feedback Alignment,456,2,UPSAMPLED,64,Conv2,V2,cr,meanrdm,0.025847191046055987,,,
Feedback Alignment,456,2,UPSAMPLED,64,Conv2,V2,all,persub,0.016781199590058818,0.02092395818822707,0.02722986994766721,0.002189770634282178
Feedback Alignment,456,2,UPSAMPLED,64,Conv2,V2,all,meanrdm,0.02508852136726413,,,
Feedback Alignment,456,2,UPSAMPLED,64,Conv3,LOC,cr,persub,0.0003800975010224538,0.00691955045252389,-0.0029682317690096936,-0.002811026180446835
Feedback Alignment,456,2,UPSAMPLED,64,Conv3,LOC,cr,meanrdm,-0.00022652384467057015,,,
Feedback Alignment,456,2,UPSAMPLED,64,Conv3,LOC,all,persub,0.0011911525340325894,0.008502622456316541,-0.0034129674988348222,-0.0015161973553839514
Feedback Alignment,456,2,UPSAMPLED,64,Conv3,LOC,all,meanrdm,0.0008358152458486828,,,
Feedback Alignment,456,2,UPSAMPLED,64,FC1,IT,cr,persub,0.006988688317482055,0.01067143593445903,0.008520188320655854,0.0017744406973312825
Feedback Alignment,456,2,UPSAMPLED,64,FC1,IT,cr,meanrdm,0.011791478226961602,,,
Feedback Alignment,456,2,UPSAMPLED,64,FC1,IT,all,persub,0.006418957252861711,0.01019357375048976,0.007855060786227894,0.0012082372218674793
Feedback Alignment,456,2,UPSAMPLED,64,FC1,IT,all,meanrdm,0.010578291414680712,,,
Predictive Coding,456,2,UPSAMPLED,64,Conv1,V1,cr,persub,0.010477614024929686,0.0049969701454969685,0.022300578050657077,0.004135293878635014
Predictive Coding,456,2,UPSAMPLED,64,Conv1,V1,cr,meanrdm,0.015869770344061025,,,
Predictive Coding,456,2,UPSAMPLED,64,Conv1,V1,all,persub,0.00927021766521606,0.004323053389554718,0.020151831451705907,0.003335768154387554
Predictive Coding,456,2,UPSAMPLED,64,Conv1,V1,all,meanrdm,0.014109285820392104,,,
Predictive Coding,456,2,UPSAMPLED,64,Conv1,V2,cr,persub,0.005330138297385489,0.00240206703837632,0.011514780391790116,0.0020735674619900327
Predictive Coding,456,2,UPSAMPLED,64,Conv1,V2,cr,meanrdm,0.007870222752353244,,,
Predictive Coding,456,2,UPSAMPLED,64,Conv1,V2,all,persub,0.004432877315456542,0.0019145183294349394,0.01135293310377466,3.118051316002605e-05
Predictive Coding,456,2,UPSAMPLED,64,Conv1,V2,all,meanrdm,0.0065927355216228835,,,
Predictive Coding,456,2,UPSAMPLED,64,Conv2,V1,cr,persub,0.017954876481855415,0.017139859282285598,0.030708824745324017,0.006015945417956639
Predictive Coding,456,2,UPSAMPLED,64,Conv2,V1,cr,meanrdm,0.026117903742242727,,,
Predictive Coding,456,2,UPSAMPLED,64,Conv2,V1,all,persub,0.016989960933208606,0.01664653050209274,0.027922649076436414,0.006400703221096666
Predictive Coding,456,2,UPSAMPLED,64,Conv2,V1,all,meanrdm,0.024819827037348384,,,
Predictive Coding,456,2,UPSAMPLED,64,Conv2,V2,cr,persub,0.011197712058672689,0.011409421999717834,0.019000899756888748,0.003182814419411486
Predictive Coding,456,2,UPSAMPLED,64,Conv2,V2,cr,meanrdm,0.016740802446086705,,,
Predictive Coding,456,2,UPSAMPLED,64,Conv2,V2,all,persub,0.010300742225162425,0.011418058619249076,0.01761783468714407,0.0018663333690941287
Predictive Coding,456,2,UPSAMPLED,64,Conv2,V2,all,meanrdm,0.015283368479404154,,,
Predictive Coding,456,2,UPSAMPLED,64,Conv3,LOC,cr,persub,0.003878682289912482,0.007935336315511776,0.0034248542908057768,0.00027585626341989397
Predictive Coding,456,2,UPSAMPLED,64,Conv3,LOC,cr,meanrdm,0.0061442780044048155,,,
Predictive Coding,456,2,UPSAMPLED,64,Conv3,LOC,all,persub,0.004386785004826012,0.008404035806971655,0.003243665142850026,0.0015126540646563562
Predictive Coding,456,2,UPSAMPLED,64,Conv3,LOC,all,meanrdm,0.0070582208200738895,,,
Predictive Coding,456,2,UPSAMPLED,64,FC1,IT,cr,persub,0.007645866518120661,0.009944083527217786,0.012585128378817001,0.0004083876483271948
Predictive Coding,456,2,UPSAMPLED,64,FC1,IT,cr,meanrdm,0.012768836759809084,,,
Predictive Coding,456,2,UPSAMPLED,64,FC1,IT,all,persub,0.007388766276351633,0.010237270556440756,0.010862230114518812,0.0010667981580953316
Predictive Coding,456,2,UPSAMPLED,64,FC1,IT,all,meanrdm,0.012309712752103363,,,
STDP,456,2,UPSAMPLED,64,Conv1,V1,cr,persub,0.020012223125069416,0.018820305244954455,0.03486257422204601,0.006353789908207785
STDP,456,2,UPSAMPLED,64,Conv1,V1,cr,meanrdm,0.029850840616891656,,,
STDP,456,2,UPSAMPLED,64,Conv1,V1,all,persub,0.018834660008481118,0.018108393564574915,0.03300744115915481,0.005388145301713621
STDP,456,2,UPSAMPLED,64,Conv1,V1,all,meanrdm,0.028020768315922994,,,
STDP,456,2,UPSAMPLED,64,Conv1,V2,cr,persub,0.009725144593905664,0.009883879593145038,0.017939899595757855,0.0013516545928140965
STDP,456,2,UPSAMPLED,64,Conv1,V2,cr,meanrdm,0.014235564915379431,,,
STDP,456,2,UPSAMPLED,64,Conv1,V2,all,persub,0.009076616682412733,0.009702800705790562,0.017486405156848243,4.064418459939534e-05
STDP,456,2,UPSAMPLED,64,Conv1,V2,all,meanrdm,0.013296551701260944,,,
STDP,456,2,UPSAMPLED,64,Conv2,V1,cr,persub,0.026746849327099215,0.024411633315623765,0.048230345651613396,0.007598569014060492
STDP,456,2,UPSAMPLED,64,Conv2,V1,cr,meanrdm,0.03967703983264413,,,
STDP,456,2,UPSAMPLED,64,Conv2,V1,all,persub,0.02592316790438177,0.024262696443031407,0.04576722778554268,0.007739579484571228
STDP,456,2,UPSAMPLED,64,Conv2,V1,all,meanrdm,0.03839462785760824,,,
STDP,456,2,UPSAMPLED,64,Conv2,V2,cr,persub,0.01630449124162944,0.015324595106535279,0.03115450106984058,0.00243437754851246
STDP,456,2,UPSAMPLED,64,Conv2,V2,cr,meanrdm,0.024370337803695845,,,
STDP,456,2,UPSAMPLED,64,Conv2,V2,all,persub,0.015565146523546234,0.015246154489451708,0.030264200626773964,0.0011850844544130318
STDP,456,2,UPSAMPLED,64,Conv2,V2,all,meanrdm,0.023342287846572232,,,
STDP,456,2,UPSAMPLED,64,Conv3,LOC,cr,persub,0.0025582464556701337,0.007953649031746073,0.001000024120690742,-0.0012789337854264148
STDP,456,2,UPSAMPLED,64,Conv3,LOC,cr,meanrdm,0.002217880288193351,,,
STDP,456,2,UPSAMPLED,64,Conv3,LOC,all,persub,0.002702695170457022,0.007849419886672288,9.18278289102261e-05,0.00016683779578855233
STDP,456,2,UPSAMPLED,64,Conv3,LOC,all,meanrdm,0.002873252776358861,,,
STDP,456,2,UPSAMPLED,64,FC1,IT,cr,persub,0.00745629901677769,0.010367394286107005,0.010382503064076455,0.001618999700149607
STDP,456,2,UPSAMPLED,64,FC1,IT,cr,meanrdm,0.012445845395235028,,,
STDP,456,2,UPSAMPLED,64,FC1,IT,all,persub,0.007484002407866702,0.010427176730192729,0.009476982605224402,0.0025478478881829775
STDP,456,2,UPSAMPLED,64,FC1,IT,all,meanrdm,0.01250504911368214,,,
Random Weights (BN-calibrated),456,2,UPSAMPLED,64,Conv1,V1,cr,persub,0.011365545018077657,0.005531315466601103,0.024350022149098836,0.0042152974385330335
Random Weights (BN-calibrated),456,2,UPSAMPLED,64,Conv1,V1,cr,meanrdm,0.017354380471227365,,,
Random Weights (BN-calibrated),456,2,UPSAMPLED,64,Conv1,V1,all,persub,0.010086262944738255,0.004778963556693026,0.021985350588935335,0.003494474688586404
Random Weights (BN-calibrated),456,2,UPSAMPLED,64,Conv1,V1,all,meanrdm,0.01547256117408642,,,
Random Weights (BN-calibrated),456,2,UPSAMPLED,64,Conv1,V2,cr,persub,0.005374033939678392,0.0013817887965384009,0.012404675382098244,0.0023356376403985304
Random Weights (BN-calibrated),456,2,UPSAMPLED,64,Conv1,V2,cr,meanrdm,0.007925860829781556,,,
Random Weights (BN-calibrated),456,2,UPSAMPLED,64,Conv1,V2,all,persub,0.004486791100182863,0.0008520500326159682,0.012099234942864226,0.0005090883250683962
Random Weights (BN-calibrated),456,2,UPSAMPLED,64,Conv1,V2,all,meanrdm,0.006721616148302111,,,
Random Weights (BN-calibrated),456,2,UPSAMPLED,64,Conv2,V1,cr,persub,0.017672301030150144,0.016045587645354013,0.03164439208082988,0.0053269233642665404
Random Weights (BN-calibrated),456,2,UPSAMPLED,64,Conv2,V1,cr,meanrdm,0.025433569138386358,,,
Random Weights (BN-calibrated),456,2,UPSAMPLED,64,Conv2,V1,all,persub,0.016760305088657064,0.01573800543624854,0.028874141581758522,0.005668768247964133
Random Weights (BN-calibrated),456,2,UPSAMPLED,64,Conv2,V1,all,meanrdm,0.024245492408232813,,,
Random Weights (BN-calibrated),456,2,UPSAMPLED,64,Conv2,V2,cr,persub,0.011313558195493465,0.010967584069312232,0.019843958833252563,0.0031291316839156024
Random Weights (BN-calibrated),456,2,UPSAMPLED,64,Conv2,V2,cr,meanrdm,0.01677945947451568,,,
Random Weights (BN-calibrated),456,2,UPSAMPLED,64,Conv2,V2,all,persub,0.01040693162979915,0.01095730461494767,0.01860295464904288,0.0016605356254068985
Random Weights (BN-calibrated),456,2,UPSAMPLED,64,Conv2,V2,all,meanrdm,0.015360024014860175,,,
Random Weights (BN-calibrated),456,2,UPSAMPLED,64,Conv3,LOC,cr,persub,0.003254709892111447,0.00846549392748914,0.002609021559333914,-0.0013103858104887129
Random Weights (BN-calibrated),456,2,UPSAMPLED,64,Conv3,LOC,cr,meanrdm,0.004494650601086258,,,
Random Weights (BN-calibrated),456,2,UPSAMPLED,64,Conv3,LOC,all,persub,0.0035399492608520744,0.008662887684397763,0.0020331763648681568,-7.621626670969712e-05
Random Weights (BN-calibrated),456,2,UPSAMPLED,64,Conv3,LOC,all,meanrdm,0.005169733128291894,,,
Random Weights (BN-calibrated),456,2,UPSAMPLED,64,FC1,IT,cr,persub,0.005020286183280763,0.008881829608015004,0.004871656250310371,0.0013073726915169127
Random Weights (BN-calibrated),456,2,UPSAMPLED,64,FC1,IT,cr,meanrdm,0.009455949651073419,,,
Random Weights (BN-calibrated),456,2,UPSAMPLED,64,FC1,IT,all,persub,0.005100175838878343,0.008989669954061528,0.005156504985252445,0.001154352577321054
Random Weights (BN-calibrated),456,2,UPSAMPLED,64,FC1,IT,all,meanrdm,0.00962487915495601,,,
Random Weights,456,2,UPSAMPLED,96,Conv1,V1,cr,persub,0.053044239215869315,0.05391946047432471,0.08870316467893931,0.016510092494343945
Random Weights,456,2,UPSAMPLED,96,Conv1,V1,cr,meanrdm,0.07640851974818998,,,
Random Weights,456,2,UPSAMPLED,96,Conv1,V1,all,persub,0.052516779678340786,0.053235266039230546,0.08842166521156185,0.015893407784229957
Random Weights,456,2,UPSAMPLED,96,Conv1,V1,all,meanrdm,0.07533142835198332,,,
Random Weights,456,2,UPSAMPLED,96,Conv1,V2,cr,persub,0.02819220223269178,0.03277295326700285,0.04838984645511085,0.0034138069759616263
Random Weights,456,2,UPSAMPLED,96,Conv1,V2,cr,meanrdm,0.04259390610080242,,,
Random Weights,456,2,UPSAMPLED,96,Conv1,V2,all,persub,0.02818355243942838,0.03308909696170777,0.04960720252231987,0.0018543578342574965
Random Weights,456,2,UPSAMPLED,96,Conv1,V2,all,meanrdm,0.04240556222659489,,,
Random Weights,456,2,UPSAMPLED,96,Conv2,V1,cr,persub,0.06169585804912194,0.06317089358110313,0.10458571922660373,0.017330961339658935
Random Weights,456,2,UPSAMPLED,96,Conv2,V1,cr,meanrdm,0.0883674843015617,,,
Random Weights,456,2,UPSAMPLED,96,Conv2,V1,all,persub,0.06106148967260217,0.062306881610698736,0.10378854179829562,0.017089045608812165
Random Weights,456,2,UPSAMPLED,96,Conv2,V1,all,meanrdm,0.08696207253251584,,,
Random Weights,456,2,UPSAMPLED,96,Conv2,V2,cr,persub,0.034717010226171435,0.03927844241436829,0.06084554984961335,0.004027038414532663
Random Weights,456,2,UPSAMPLED,96,Conv2,V2,cr,meanrdm,0.05231941184416884,,,
Random Weights,456,2,UPSAMPLED,96,Conv2,V2,all,persub,0.034660695437282986,0.03965078773752137,0.061588803740329316,0.002742494833998268
Random Weights,456,2,UPSAMPLED,96,Conv2,V2,all,meanrdm,0.051965999865200875,,,
Random Weights,456,2,UPSAMPLED,96,Conv3,LOC,cr,persub,-0.00021948709429326445,0.0062260830470290485,-0.003412138278396254,-0.003472406051512588
Random Weights,456,2,UPSAMPLED,96,Conv3,LOC,cr,meanrdm,-0.0025100059428802453,,,
Random Weights,456,2,UPSAMPLED,96,Conv3,LOC,all,persub,0.0002747872474921304,0.006450799330505667,-0.004044566044584892,-0.0015818715434443844
Random Weights,456,2,UPSAMPLED,96,Conv3,LOC,all,meanrdm,-0.001043007887170907,,,
Random Weights,456,2,UPSAMPLED,96,FC1,IT,cr,persub,0.0057546323836018334,0.0034914996940564546,0.00970939407178806,0.004063003384960985
Random Weights,456,2,UPSAMPLED,96,FC1,IT,cr,meanrdm,0.009466021416896227,,,
Random Weights,456,2,UPSAMPLED,96,FC1,IT,all,persub,0.006154446381035179,0.004814721522600793,0.010424988392320715,0.0032236292281840294
Random Weights,456,2,UPSAMPLED,96,FC1,IT,all,meanrdm,0.009982486780993454,,,
Backprop,456,2,UPSAMPLED,96,Conv1,V1,cr,persub,0.01585100477393044,0.013066052207664715,0.02876852047042527,0.005718441643701325
Backprop,456,2,UPSAMPLED,96,Conv1,V1,cr,meanrdm,0.023968467706529467,,,
Backprop,456,2,UPSAMPLED,96,Conv1,V1,all,persub,0.014248567910262041,0.011645860462673668,0.026096772686092527,0.005003070582019932
Backprop,456,2,UPSAMPLED,96,Conv1,V1,all,meanrdm,0.021500265314842476,,,
Backprop,456,2,UPSAMPLED,96,Conv1,V2,cr,persub,0.007690036028807169,0.006542932392444793,0.013781017833594525,0.0027461578603821877
Backprop,456,2,UPSAMPLED,96,Conv1,V2,cr,meanrdm,0.011107265993323482,,,
Backprop,456,2,UPSAMPLED,96,Conv1,V2,all,persub,0.006712260338986118,0.005935629835488453,0.013114867944873456,0.0010862832365964446
Backprop,456,2,UPSAMPLED,96,Conv1,V2,all,meanrdm,0.009711452537090472,,,
Backprop,456,2,UPSAMPLED,96,Conv2,V1,cr,persub,0.0005729435761995131,0.0015374943831206979,-0.0029247574161857617,0.003106093761663603
Backprop,456,2,UPSAMPLED,96,Conv2,V1,cr,meanrdm,0.0010686363808648015,,,
Backprop,456,2,UPSAMPLED,96,Conv2,V1,all,persub,3.0829705523820944e-05,0.001986137887882952,-0.005185334719787653,0.003291685948476164
Backprop,456,2,UPSAMPLED,96,Conv2,V1,all,meanrdm,0.00018084012490387715,,,
Backprop,456,2,UPSAMPLED,96,Conv2,V2,cr,persub,0.002912395705682032,0.007490876960951696,-0.0012828285585202242,0.0025291387146146225
Backprop,456,2,UPSAMPLED,96,Conv2,V2,cr,meanrdm,0.003977210543170848,,,
Backprop,456,2,UPSAMPLED,96,Conv2,V2,all,persub,0.002491830433199727,0.00759769805821544,-0.0017632900350566792,0.0016410832764404198
Backprop,456,2,UPSAMPLED,96,Conv2,V2,all,meanrdm,0.0033660924902791257,,,
Backprop,456,2,UPSAMPLED,96,Conv3,LOC,cr,persub,0.0018170520662977514,0.008014206437572027,-0.0020896455672311204,-0.00047340467144765173
Backprop,456,2,UPSAMPLED,96,Conv3,LOC,cr,meanrdm,0.0015409301073643702,,,
Backprop,456,2,UPSAMPLED,96,Conv3,LOC,all,persub,0.0013314186809555047,0.007588907550210746,-0.004028920950951658,0.00043426944360742655
Backprop,456,2,UPSAMPLED,96,Conv3,LOC,all,meanrdm,0.0013799773605797459,,,
Backprop,456,2,UPSAMPLED,96,FC1,IT,cr,persub,0.005755859843204702,0.007685893220332793,0.008149646915418637,0.0014320393938626738
Backprop,456,2,UPSAMPLED,96,FC1,IT,cr,meanrdm,0.009245338524329405,,,
Backprop,456,2,UPSAMPLED,96,FC1,IT,all,persub,0.0048657048684910146,0.007341542654366789,0.004613330345113942,0.002642241605992311
Backprop,456,2,UPSAMPLED,96,FC1,IT,all,meanrdm,0.007967875636335253,,,
Feedback Alignment,456,2,UPSAMPLED,96,Conv1,V1,cr,persub,0.006062944264308,-0.00019461067710932484,0.013003912016470453,0.005379531453562873
Feedback Alignment,456,2,UPSAMPLED,96,Conv1,V1,cr,meanrdm,0.009909512474607534,,,
Feedback Alignment,456,2,UPSAMPLED,96,Conv1,V1,all,persub,0.004851751156534442,-0.0008163884197068212,0.011536202436267108,0.0038354394530430405
Feedback Alignment,456,2,UPSAMPLED,96,Conv1,V1,all,meanrdm,0.007961255397798614,,,
Feedback Alignment,456,2,UPSAMPLED,96,Conv1,V2,cr,persub,0.0017852377808879908,-0.00226262904998494,0.005915433544524753,0.00170290884812416
Feedback Alignment,456,2,UPSAMPLED,96,Conv1,V2,cr,meanrdm,0.002236162291369191,,,
Feedback Alignment,456,2,UPSAMPLED,96,Conv1,V2,all,persub,0.0009525288733812968,-0.0027642152555597743,0.005842461690898716,-0.00022065981519505155
Feedback Alignment,456,2,UPSAMPLED,96,Conv1,V2,all,meanrdm,0.0010199380452286587,,,
Feedback Alignment,456,2,UPSAMPLED,96,Conv2,V1,cr,persub,0.030492473219766485,0.03340770390723013,0.04741288921665384,0.010656826535415484
Feedback Alignment,456,2,UPSAMPLED,96,Conv2,V1,cr,meanrdm,0.0441232806769807,,,
Feedback Alignment,456,2,UPSAMPLED,96,Conv2,V1,all,persub,0.029928540537759077,0.0327895602389225,0.046492038195987635,0.010504023178367081
Feedback Alignment,456,2,UPSAMPLED,96,Conv2,V1,all,meanrdm,0.0433738548230144,,,
Feedback Alignment,456,2,UPSAMPLED,96,Conv2,V2,cr,persub,0.019022220559096237,0.023630750762278458,0.030090886059773433,0.003345024855236822
Feedback Alignment,456,2,UPSAMPLED,96,Conv2,V2,cr,meanrdm,0.028602122385109164,,,
Feedback Alignment,456,2,UPSAMPLED,96,Conv2,V2,all,persub,0.018691893577510468,0.02369142558314895,0.030174923972886774,0.0022093311764956793
Feedback Alignment,456,2,UPSAMPLED,96,Conv2,V2,all,meanrdm,0.02788602177564403,,,
Feedback Alignment,456,2,UPSAMPLED,96,Conv3,LOC,cr,persub,-0.000300930122873607,0.006540344213570699,-0.003955580312113077,-0.0034875542700784435
Feedback Alignment,456,2,UPSAMPLED,96,Conv3,LOC,cr,meanrdm,-0.0014712406473234394,,,
Feedback Alignment,456,2,UPSAMPLED,96,Conv3,LOC,all,persub,0.0006408722194905465,0.008198654757936717,-0.004269211492464943,-0.002006826607000134
Feedback Alignment,456,2,UPSAMPLED,96,Conv3,LOC,all,meanrdm,-0.00010561220872556655,,,
Feedback Alignment,456,2,UPSAMPLED,96,FC1,IT,cr,persub,0.007209815579128597,0.010544040811973623,0.008663003962021062,0.002422401963391103
Feedback Alignment,456,2,UPSAMPLED,96,FC1,IT,cr,meanrdm,0.012292778510938891,,,
Feedback Alignment,456,2,UPSAMPLED,96,FC1,IT,all,persub,0.006551584991760336,0.0100460202294201,0.007990725176576034,0.001618009569284876
Feedback Alignment,456,2,UPSAMPLED,96,FC1,IT,all,meanrdm,0.010933244930381867,,,
Predictive Coding,456,2,UPSAMPLED,96,Conv1,V1,cr,persub,0.011862903619601739,0.006602945185453137,0.024370161501232234,0.0046156041721198485
Predictive Coding,456,2,UPSAMPLED,96,Conv1,V1,cr,meanrdm,0.01780803667813926,,,
Predictive Coding,456,2,UPSAMPLED,96,Conv1,V1,all,persub,0.010726897413074116,0.005983118824653527,0.022368964850904803,0.0038286085636640133
Predictive Coding,456,2,UPSAMPLED,96,Conv1,V1,all,meanrdm,0.01614072258082818,,,
Predictive Coding,456,2,UPSAMPLED,96,Conv1,V2,cr,persub,0.006195382253762355,0.0038553040027303155,0.012802137087560927,0.0019287056709958233
Predictive Coding,456,2,UPSAMPLED,96,Conv1,V2,cr,meanrdm,0.009178090166588597,,,
Predictive Coding,456,2,UPSAMPLED,96,Conv1,V2,all,persub,0.0053343904167060694,0.0033764029658810515,0.012760622210028005,-0.00013385392579085047
Predictive Coding,456,2,UPSAMPLED,96,Conv1,V2,all,meanrdm,0.007944203749490637,,,
Predictive Coding,456,2,UPSAMPLED,96,Conv2,V1,cr,persub,0.020348014041346448,0.020290914934540143,0.03410409882483076,0.006649028364668436
Predictive Coding,456,2,UPSAMPLED,96,Conv2,V1,cr,meanrdm,0.029402280455215563,,,
Predictive Coding,456,2,UPSAMPLED,96,Conv2,V1,all,persub,0.019447236020559144,0.019802208843078734,0.031392491855248096,0.007147007363350606
Predictive Coding,456,2,UPSAMPLED,96,Conv2,V1,all,meanrdm,0.028194335692966886,,,
Predictive Coding,456,2,UPSAMPLED,96,Conv2,V2,cr,persub,0.013137132871290912,0.014276281666945966,0.021939047033839466,0.003196069913087305
Predictive Coding,456,2,UPSAMPLED,96,Conv2,V2,cr,meanrdm,0.019672538076731864,,,
Predictive Coding,456,2,UPSAMPLED,96,Conv2,V2,all,persub,0.012287885210147015,0.014286862688426358,0.020607228892492835,0.0019695640495218493
Predictive Coding,456,2,UPSAMPLED,96,Conv2,V2,all,meanrdm,0.018282741079298327,,,
Predictive Coding,456,2,UPSAMPLED,96,Conv3,LOC,cr,persub,0.0029481314740171416,0.007522506548838659,0.0018378990719081618,-0.0005160111986953953
Predictive Coding,456,2,UPSAMPLED,96,Conv3,LOC,cr,meanrdm,0.004476593446227172,,,
Predictive Coding,456,2,UPSAMPLED,96,Conv3,LOC,all,persub,0.0035778700314563015,0.008091332691080137,0.0016922857058130078,0.0009499916974757607
Predictive Coding,456,2,UPSAMPLED,96,Conv3,LOC,all,meanrdm,0.005698070252302978,,,
Predictive Coding,456,2,UPSAMPLED,96,FC1,IT,cr,persub,0.007831453614971465,0.009094891202797507,0.013391325962810518,0.0010081436793063715
Predictive Coding,456,2,UPSAMPLED,96,FC1,IT,cr,meanrdm,0.01307838514389995,,,
Predictive Coding,456,2,UPSAMPLED,96,FC1,IT,all,persub,0.007317999598094037,0.009206303052524269,0.011425454149496998,0.0013222415922608441
Predictive Coding,456,2,UPSAMPLED,96,FC1,IT,all,meanrdm,0.01225030615442415,,,
STDP,456,2,UPSAMPLED,96,Conv1,V1,cr,persub,0.017478576986221305,0.015793104868236273,0.03088215327445623,0.0057604728159714015
STDP,456,2,UPSAMPLED,96,Conv1,V1,cr,meanrdm,0.02612169415616335,,,
STDP,456,2,UPSAMPLED,96,Conv1,V1,all,persub,0.016357437265476865,0.015096795199067458,0.029191748750328442,0.004783767847034696
STDP,456,2,UPSAMPLED,96,Conv1,V1,all,meanrdm,0.024382584404707766,,,
STDP,456,2,UPSAMPLED,96,Conv1,V2,cr,persub,0.008291879783138842,0.008440719678218288,0.015330150996369508,0.0011047686748287353
STDP,456,2,UPSAMPLED,96,Conv1,V2,cr,meanrdm,0.011980539563703402,,,
STDP,456,2,UPSAMPLED,96,Conv1,V2,all,persub,0.007662195090603226,0.00824310580212081,0.014996378009253445,-0.0002528985395645739
STDP,456,2,UPSAMPLED,96,Conv1,V2,all,meanrdm,0.011101745254525295,,,
STDP,456,2,UPSAMPLED,96,Conv2,V1,cr,persub,0.023857663395038337,0.020885489378238184,0.04364956019540975,0.007037940611467084
STDP,456,2,UPSAMPLED,96,Conv2,V1,cr,meanrdm,0.03541274606655986,,,
STDP,456,2,UPSAMPLED,96,Conv2,V1,all,persub,0.023187518898461854,0.02094799331713015,0.04147503253306328,0.0071395308451921245
STDP,456,2,UPSAMPLED,96,Conv2,V1,all,meanrdm,0.03435291067251363,,,
STDP,456,2,UPSAMPLED,96,Conv2,V2,cr,persub,0.014759261005856672,0.013676654578290922,0.028646148324754563,0.0019549801145245325
STDP,456,2,UPSAMPLED,96,Conv2,V2,cr,meanrdm,0.021933413999109048,,,
STDP,456,2,UPSAMPLED,96,Conv2,V2,all,persub,0.014132504639035669,0.013758965488384232,0.02801994518550503,0.0006186032432177468
STDP,456,2,UPSAMPLED,96,Conv2,V2,all,meanrdm,0.021132142781173292,,,
STDP,456,2,UPSAMPLED,96,Conv3,LOC,cr,persub,0.0018495092928383194,0.007628996354277092,-0.0005600347292344775,-0.0015204337465276568
STDP,456,2,UPSAMPLED,96,Conv3,LOC,cr,meanrdm,0.0009124034889475364,,,
STDP,456,2,UPSAMPLED,96,Conv3,LOC,all,persub,0.002077916300528684,0.007505910545016371,-0.001157358874943647,-0.00011480276848667155
STDP,456,2,UPSAMPLED,96,Conv3,LOC,all,meanrdm,0.0017691671581052553,,,
STDP,456,2,UPSAMPLED,96,FC1,IT,cr,persub,0.007038264045937023,0.009785032425494576,0.00881828172987838,0.002511477982438113
STDP,456,2,UPSAMPLED,96,FC1,IT,cr,meanrdm,0.011629532208692075,,,
STDP,456,2,UPSAMPLED,96,FC1,IT,all,persub,0.007092275896356794,0.009924246255403186,0.008097164086584877,0.003255417347082318
STDP,456,2,UPSAMPLED,96,FC1,IT,all,meanrdm,0.011924104710167895,,,
Random Weights (BN-calibrated),456,2,UPSAMPLED,96,Conv1,V1,cr,persub,0.013289544969851677,0.007532571992251867,0.027432887470111834,0.004903175447191327
Random Weights (BN-calibrated),456,2,UPSAMPLED,96,Conv1,V1,cr,meanrdm,0.02012265943661892,,,
Random Weights (BN-calibrated),456,2,UPSAMPLED,96,Conv1,V1,all,persub,0.012056164703175774,0.0068147922938799725,0.025195912950927924,0.004157788864719423
Random Weights (BN-calibrated),456,2,UPSAMPLED,96,Conv1,V1,all,meanrdm,0.018282930631892104,,,
Random Weights (BN-calibrated),456,2,UPSAMPLED,96,Conv1,V2,cr,persub,0.006516530866259554,0.003087511224676633,0.014218389335334826,0.0022436920387672015
Random Weights (BN-calibrated),456,2,UPSAMPLED,96,Conv1,V2,cr,meanrdm,0.009689221666220056,,,
Random Weights (BN-calibrated),456,2,UPSAMPLED,96,Conv1,V2,all,persub,0.0056631013230236315,0.002583578720654085,0.014045377380459542,0.00036034786795726564
Random Weights (BN-calibrated),456,2,UPSAMPLED,96,Conv1,V2,all,meanrdm,0.008526269902274747,,,
Random Weights (BN-calibrated),456,2,UPSAMPLED,96,Conv2,V1,cr,persub,0.019893520671188533,0.018861229172713625,0.034874442371954056,0.005944890468897918
Random Weights (BN-calibrated),456,2,UPSAMPLED,96,Conv2,V1,cr,meanrdm,0.028537160346873636,,,
Random Weights (BN-calibrated),456,2,UPSAMPLED,96,Conv2,V1,all,persub,0.01902348453704467,0.018562237762913575,0.032175874119532176,0.0063323417286882625
Random Weights (BN-calibrated),456,2,UPSAMPLED,96,Conv2,V1,all,meanrdm,0.027370995449397473,,,
Random Weights (BN-calibrated),456,2,UPSAMPLED,96,Conv2,V2,cr,persub,0.01302296915590686,0.013268634995271244,0.022743238263852862,0.0030570342085964744
Random Weights (BN-calibrated),456,2,UPSAMPLED,96,Conv2,V2,cr,meanrdm,0.019355694246379417,,,
Random Weights (BN-calibrated),456,2,UPSAMPLED,96,Conv2,V2,all,persub,0.012131510958427029,0.01323402327532776,0.02149559470034894,0.001664914899604388
Random Weights (BN-calibrated),456,2,UPSAMPLED,96,Conv2,V2,all,meanrdm,0.017949156688459516,,,
Random Weights (BN-calibrated),456,2,UPSAMPLED,96,Conv3,LOC,cr,persub,0.0027547167629203063,0.00798491241500131,0.002374205641801519,-0.0020949677680419097
Random Weights (BN-calibrated),456,2,UPSAMPLED,96,Conv3,LOC,cr,meanrdm,0.003592113682296765,,,
Random Weights (BN-calibrated),456,2,UPSAMPLED,96,Conv3,LOC,all,persub,0.0031083084605272285,0.008323008015950801,0.001745446943885647,-0.0007435295782547614
Random Weights (BN-calibrated),456,2,UPSAMPLED,96,Conv3,LOC,all,meanrdm,0.004482381069692499,,,
Random Weights (BN-calibrated),456,2,UPSAMPLED,96,FC1,IT,cr,persub,0.005365188923799215,0.00862482083613579,0.006304982845920084,0.001165763089341773
Random Weights (BN-calibrated),456,2,UPSAMPLED,96,FC1,IT,cr,meanrdm,0.010196958325612774,,,
Random Weights (BN-calibrated),456,2,UPSAMPLED,96,FC1,IT,all,persub,0.005344187157299371,0.008490892520608615,0.006399689162170319,0.0011419797891191786
Random Weights (BN-calibrated),456,2,UPSAMPLED,96,FC1,IT,all,meanrdm,0.010159586966574177,,,
Random Weights,456,2,UPSAMPLED,128,Conv1,V1,cr,persub,0.05334298663393691,0.0542955865664102,0.08914640982583741,0.016586963509563128
Random Weights,456,2,UPSAMPLED,128,Conv1,V1,cr,meanrdm,0.07681788973371072,,,
Random Weights,456,2,UPSAMPLED,128,Conv1,V1,all,persub,0.05279785545707172,0.0535931654129425,0.08883464939892749,0.015965751559345157
Random Weights,456,2,UPSAMPLED,128,Conv1,V1,all,meanrdm,0.07571654193221188,,,
Random Weights,456,2,UPSAMPLED,128,Conv1,V2,cr,persub,0.02848137201888962,0.033075538646381665,0.04893245770804758,0.003436119702239623
Random Weights,456,2,UPSAMPLED,128,Conv1,V2,cr,meanrdm,0.0430336832824266,,,
Random Weights,456,2,UPSAMPLED,128,Conv1,V2,all,persub,0.028463258216068488,0.03338724178262874,0.0501242938743498,0.0018782389912269282
Random Weights,456,2,UPSAMPLED,128,Conv1,V2,all,meanrdm,0.04282375440766914,,,
Random Weights,456,2,UPSAMPLED,128,Conv2,V1,cr,persub,0.06142415741402555,0.06281820371261349,0.10407740235074878,0.017376866178714406
Random Weights,456,2,UPSAMPLED,128,Conv2,V1,cr,meanrdm,0.08802220766120768,,,
Random Weights,456,2,UPSAMPLED,128,Conv2,V1,all,persub,0.06079163282868721,0.06197692354559632,0.10327477913714975,0.017123195803315523
Random Weights,456,2,UPSAMPLED,128,Conv2,V1,all,meanrdm,0.0866275769818981,,,
Random Weights,456,2,UPSAMPLED,128,Conv2,V2,cr,persub,0.03459559713506698,0.0392891435349686,0.060565916297694214,0.003931731572538102
Random Weights,456,2,UPSAMPLED,128,Conv2,V2,cr,meanrdm,0.05214664392895201,,,
Random Weights,456,2,UPSAMPLED,128,Conv2,V2,all,persub,0.03456205932854151,0.0396943261164074,0.06133113370711822,0.0026607181620989123
Random Weights,456,2,UPSAMPLED,128,Conv2,V2,all,meanrdm,0.05183685036631609,,,
Random Weights,456,2,UPSAMPLED,128,Conv3,LOC,cr,persub,-0.0003479881391280498,0.005999056832551279,-0.003469208919737485,-0.003573812330197943
Random Weights,456,2,UPSAMPLED,128,Conv3,LOC,cr,meanrdm,-0.0026922365058613066,,,
Random Weights,456,2,UPSAMPLED,128,Conv3,LOC,all,persub,0.0001541250475169223,0.006334524125801886,-0.004118380131418716,-0.001753768851832403
Random Weights,456,2,UPSAMPLED,128,Conv3,LOC,all,meanrdm,-0.0012645874706934508,,,
Random Weights,456,2,UPSAMPLED,128,FC1,IT,cr,persub,0.005758549039064908,0.003384264867755762,0.009914811023959236,0.003976571225479725
Random Weights,456,2,UPSAMPLED,128,FC1,IT,cr,meanrdm,0.009469069092199882,,,
Random Weights,456,2,UPSAMPLED,128,FC1,IT,all,persub,0.006131105978441433,0.004779998089633841,0.010499745019123024,0.0031135748265674343
Random Weights,456,2,UPSAMPLED,128,FC1,IT,all,meanrdm,0.009942368365758273,,,
Backprop,456,2,UPSAMPLED,128,Conv1,V1,cr,persub,0.01709396474408453,0.0147803069906762,0.030612248157247446,0.005889339084329945
Backprop,456,2,UPSAMPLED,128,Conv1,V1,cr,meanrdm,0.025704159741789693,,,
Backprop,456,2,UPSAMPLED,128,Conv1,V1,all,persub,0.015505742819694421,0.013359196960365022,0.028013868826588278,0.005144162672129963
Backprop,456,2,UPSAMPLED,128,Conv1,V1,all,meanrdm,0.023245931245862942,,,
Backprop,456,2,UPSAMPLED,128,Conv1,V2,cr,persub,0.008409151333865878,0.00789350822608482,0.014687998650158945,0.0026459471253538645
Backprop,456,2,UPSAMPLED,128,Conv1,V2,cr,meanrdm,0.012239411353758622,,,
Backprop,456,2,UPSAMPLED,128,Conv1,V2,all,persub,0.007447494078644703,0.007283637121292736,0.014095720493185054,0.0009631246214563205
Backprop,456,2,UPSAMPLED,128,Conv1,V2,all,meanrdm,0.010868521419946901,,,
Backprop,456,2,UPSAMPLED,128,Conv2,V1,cr,persub,0.004269076715108313,0.006088124937239889,0.003187521136228931,0.0035315840718561186
Backprop,456,2,UPSAMPLED,128,Conv2,V1,cr,meanrdm,0.0062263019159191114,,,
Backprop,456,2,UPSAMPLED,128,Conv2,V1,all,persub,0.0037654320349207655,0.00636767769876392,0.001000030931728567,0.003928587474269809
Backprop,456,2,UPSAMPLED,128,Conv2,V1,all,meanrdm,0.005423555477884123,,,
Backprop,456,2,UPSAMPLED,128,Conv2,V2,cr,persub,0.005810780113087374,0.010966139631367564,0.004159345840341599,0.002306854867552961
Backprop,456,2,UPSAMPLED,128,Conv2,V2,cr,meanrdm,0.00833397356224605,,,
Backprop,456,2,UPSAMPLED,128,Conv2,V2,all,persub,0.005420114587906357,0.010969034021386664,0.003709594638151012,0.0015817151041813923
Backprop,456,2,UPSAMPLED,128,Conv2,V2,all,meanrdm,0.0077625467096730525,,,
Backprop,456,2,UPSAMPLED,128,Conv3,LOC,cr,persub,0.0014580567037225333,0.007495097150892989,-0.002466872506169776,-0.0006540545335556141
Backprop,456,2,UPSAMPLED,128,Conv3,LOC,cr,meanrdm,0.000793423352059408,,,
Backprop,456,2,UPSAMPLED,128,Conv3,LOC,all,persub,0.0010566215620744842,0.007203429636742171,-0.004327132516495634,0.0002935675659769152
Backprop,456,2,UPSAMPLED,128,Conv3,LOC,all,meanrdm,0.0007762451426759865,,,
Backprop,456,2,UPSAMPLED,128,FC1,IT,cr,persub,0.005127252418422458,0.007127651703347773,0.0065065341387583985,0.0017475714131612028
Backprop,456,2,UPSAMPLED,128,FC1,IT,cr,meanrdm,0.008252408581492034,,,
Backprop,456,2,UPSAMPLED,128,FC1,IT,all,persub,0.004396934942979984,0.006949294338222963,0.0033636127902282086,0.002877897700488781
Backprop,456,2,UPSAMPLED,128,FC1,IT,all,meanrdm,0.007140715476579401,,,
Feedback Alignment,456,2,UPSAMPLED,128,Conv1,V1,cr,persub,0.006159808843845152,-7.472763082932055e-05,0.013071999595261282,0.005482154567103495
Feedback Alignment,456,2,UPSAMPLED,128,Conv1,V1,cr,meanrdm,0.01001846608372599,,,
Feedback Alignment,456,2,UPSAMPLED,128,Conv1,V1,all,persub,0.004941506128265961,-0.0007207965310665578,0.011652724360920283,0.003892590554944157
Feedback Alignment,456,2,UPSAMPLED,128,Conv1,V1,all,meanrdm,0.008048656453827496,,,
Feedback Alignment,456,2,UPSAMPLED,128,Conv1,V2,cr,persub,0.0019117432376662975,-0.002007494264234903,0.0060841810733390945,0.0016585429038947015
Feedback Alignment,456,2,UPSAMPLED,128,Conv1,V2,cr,meanrdm,0.002419834341676564,,,
Feedback Alignment,456,2,UPSAMPLED,128,Conv1,V2,all,persub,0.0010730418464954554,-0.0025335710031510724,0.006044320304515198,-0.00029162376187775996
Feedback Alignment,456,2,UPSAMPLED,128,Conv1,V2,all,meanrdm,0.001189757809935527,,,
Feedback Alignment,456,2,UPSAMPLED,128,Conv2,V1,cr,persub,0.03392336011981144,0.037756799534905294,0.05250678363871099,0.011506497185818029
Feedback Alignment,456,2,UPSAMPLED,128,Conv2,V1,cr,meanrdm,0.04893555316387807,,,
Feedback Alignment,456,2,UPSAMPLED,128,Conv2,V1,all,persub,0.033347767433655626,0.03697911246585545,0.051622647518275534,0.011441542316835895
Feedback Alignment,456,2,UPSAMPLED,128,Conv2,V1,all,meanrdm,0.04817767628685603,,,
Feedback Alignment,456,2,UPSAMPLED,128,Conv2,V2,cr,persub,0.02129528151805392,0.026669880465976476,0.03378350529549942,0.00343245879268586
Feedback Alignment,456,2,UPSAMPLED,128,Conv2,V2,cr,meanrdm,0.032029862381896125,,,
Feedback Alignment,456,2,UPSAMPLED,128,Conv2,V2,all,persub,0.02096130473962406,0.02658647135261134,0.03389920238822052,0.00239824047804032
Feedback Alignment,456,2,UPSAMPLED,128,Conv2,V2,all,meanrdm,0.03129297543442934,,,
Feedback Alignment,456,2,UPSAMPLED,128,Conv3,LOC,cr,persub,-0.0007874905484169553,0.006295395611271378,-0.004813277286497886,-0.003844589970024358
Feedback Alignment,456,2,UPSAMPLED,128,Conv3,LOC,cr,meanrdm,-0.002367722263240934,,,
Feedback Alignment,456,2,UPSAMPLED,128,Conv3,LOC,all,persub,0.00024156082853558884,0.007976869468970525,-0.005060971439665825,-0.0021912155436979337
Feedback Alignment,456,2,UPSAMPLED,128,Conv3,LOC,all,meanrdm,-0.0007964966599035802,,,
Feedback Alignment,456,2,UPSAMPLED,128,FC1,IT,cr,persub,0.007275201077959582,0.010299761638240961,0.009116038568427248,0.0024098030272105375
Feedback Alignment,456,2,UPSAMPLED,128,FC1,IT,cr,meanrdm,0.012363210005058922,,,
Feedback Alignment,456,2,UPSAMPLED,128,FC1,IT,all,persub,0.006596389887791734,0.009871908129665277,0.008369173496201069,0.0015480880375088567
Feedback Alignment,456,2,UPSAMPLED,128,FC1,IT,all,meanrdm,0.010964084419959007,,,
Predictive Coding,456,2,UPSAMPLED,128,Conv1,V1,cr,persub,0.012802055998364537,0.007734776803564082,0.02576998932056073,0.0049014018709688
Predictive Coding,456,2,UPSAMPLED,128,Conv1,V1,cr,meanrdm,0.019121762995418443,,,
Predictive Coding,456,2,UPSAMPLED,128,Conv1,V1,all,persub,0.01167670799571296,0.007116246649178757,0.02379511090826734,0.004118766429692783
Predictive Coding,456,2,UPSAMPLED,128,Conv1,V1,all,meanrdm,0.0174656547445366,,,
Predictive Coding,456,2,UPSAMPLED,128,Conv1,V2,cr,persub,0.006856717786711972,0.004825845898478135,0.013874756505714009,0.0018695509559437712
Predictive Coding,456,2,UPSAMPLED,128,Conv1,V2,cr,meanrdm,0.010182188068064979,,,
Predictive Coding,456,2,UPSAMPLED,128,Conv1,V2,all,persub,0.005996294768299854,0.004335592076116564,0.013847715195329104,-0.0001944229665461035
Predictive Coding,456,2,UPSAMPLED,128,Conv1,V2,all,meanrdm,0.00893762968946525,,,
Predictive Coding,456,2,UPSAMPLED,128,Conv2,V1,cr,persub,0.022645214193110108,0.023324377240056534,0.03739567660450431,0.007215588734769473
Predictive Coding,456,2,UPSAMPLED,128,Conv2,V1,cr,meanrdm,0.03258420980909815,,,
Predictive Coding,456,2,UPSAMPLED,128,Conv2,V1,all,persub,0.02178526824613156,0.022809025510660517,0.034729200652560924,0.007817578575173246
Predictive Coding,456,2,UPSAMPLED,128,Conv2,V1,all,meanrdm,0.03144623042304822,,,
Predictive Coding,456,2,UPSAMPLED,128,Conv2,V2,cr,persub,0.014976437819104396,0.016687467590263877,0.024900909011587338,0.003340936855461969
Predictive Coding,456,2,UPSAMPLED,128,Conv2,V2,cr,meanrdm,0.022466425897736158,,,
Predictive Coding,456,2,UPSAMPLED,128,Conv2,V2,all,persub,0.014144454497195848,0.016685016210738236,0.02354073411390767,0.002207613166941639
Predictive Coding,456,2,UPSAMPLED,128,Conv2,V2,all,meanrdm,0.021087627823868794,,,
Predictive Coding,456,2,UPSAMPLED,128,Conv3,LOC,cr,persub,0.002358741875857108,0.007266277835023163,0.0007620651562295325,-0.0009521173636813716
Predictive Coding,456,2,UPSAMPLED,128,Conv3,LOC,cr,meanrdm,0.0034150788611645904,,,
Predictive Coding,456,2,UPSAMPLED,128,Conv3,LOC,all,persub,0.003044944881206156,0.007884202990401424,0.0006325851883106655,0.0006180464649063787
Predictive Coding,456,2,UPSAMPLED,128,Conv3,LOC,all,meanrdm,0.004779689922820135,,,
Predictive Coding,456,2,UPSAMPLED,128,FC1,IT,cr,persub,0.007667885240149734,0.008773761938310736,0.013088666439426995,0.001141227342711468
Predictive Coding,456,2,UPSAMPLED,128,FC1,IT,cr,meanrdm,0.012882174074215769,,,
Predictive Coding,456,2,UPSAMPLED,128,FC1,IT,all,persub,0.007135189971737792,0.008857689341227765,0.011163485224497116,0.0013843953494884966
Predictive Coding,456,2,UPSAMPLED,128,FC1,IT,all,meanrdm,0.012022595992521853,,,
STDP,456,2,UPSAMPLED,128,Conv1,V1,cr,persub,0.01606856373619366,0.014044808025382572,0.02865024881127104,0.005510634371927371
STDP,456,2,UPSAMPLED,128,Conv1,V1,cr,meanrdm,0.024047711549455703,,,
STDP,456,2,UPSAMPLED,128,Conv1,V1,all,persub,0.014953658824207168,0.013332442772258089,0.027013239173498148,0.004515294526865264
STDP,456,2,UPSAMPLED,128,Conv1,V1,all,meanrdm,0.022322748668714965,,,
STDP,456,2,UPSAMPLED,128,Conv1,V2,cr,persub,0.0075815209760341645,0.007693919707461027,0.014043815293461874,0.0010068279271795927
STDP,456,2,UPSAMPLED,128,Conv1,V2,cr,meanrdm,0.010865626510427131,,,
STDP,456,2,UPSAMPLED,128,Conv1,V2,all,persub,0.006947487089342705,0.00747928672150475,0.01374535481254834,-0.0003821802660249763
STDP,456,2,UPSAMPLED,128,Conv1,V2,all,meanrdm,0.009993197808226537,,,
STDP,456,2,UPSAMPLED,128,Conv2,V1,cr,persub,0.022360087682318303,0.018741097421830295,0.041408462183641824,0.006930703441482796
STDP,456,2,UPSAMPLED,128,Conv2,V1,cr,meanrdm,0.03318629156687721,,,
STDP,456,2,UPSAMPLED,128,Conv2,V1,all,persub,0.02172973531682412,0.018841150312563018,0.03935941485198783,0.006988640785921512
STDP,456,2,UPSAMPLED,128,Conv2,V1,all,meanrdm,0.03218212280822361,,,
STDP,456,2,UPSAMPLED,128,Conv2,V2,cr,persub,0.01419343180404318,0.012872448286363756,0.02791088106601469,0.0017969660597510998
STDP,456,2,UPSAMPLED,128,Conv2,V2,cr,meanrdm,0.02106591742782082,,,
STDP,456,2,UPSAMPLED,128,Conv2,V2,all,persub,0.01360482851642625,0.013036607816510072,0.02736392294091602,0.0004139547918526575
STDP,456,2,UPSAMPLED,128,Conv2,V2,all,meanrdm,0.020332437469574617,,,
STDP,456,2,UPSAMPLED,128,Conv3,LOC,cr,persub,0.0017360135591680131,0.007063331163231147,-0.000899751474001562,-0.0009555390117255455
STDP,456,2,UPSAMPLED,128,Conv3,LOC,cr,meanrdm,0.0007500452553387938,,,
STDP,456,2,UPSAMPLED,128,Conv3,LOC,all,persub,0.0020567700556187404,0.007116145747917338,-0.0015535773539845652,0.0006077417729234484
STDP,456,2,UPSAMPLED,128,Conv3,LOC,all,meanrdm,0.0017512920662125122,,,
STDP,456,2,UPSAMPLED,128,FC1,IT,cr,persub,0.006867997684489519,0.00963635826243088,0.00797514777887032,0.0029924870121673546
STDP,456,2,UPSAMPLED,128,FC1,IT,cr,meanrdm,0.011294676066209222,,,
STDP,456,2,UPSAMPLED,128,FC1,IT,all,persub,0.007046333515648821,0.009987260182866812,0.007560392030555528,0.003591348333524122
STDP,456,2,UPSAMPLED,128,FC1,IT,all,meanrdm,0.011760500342004956,,,
Random Weights (BN-calibrated),456,2,UPSAMPLED,128,Conv1,V1,cr,persub,0.014537267780078023,0.008900224521629582,0.02942026463400479,0.005291314184599694
Random Weights (BN-calibrated),456,2,UPSAMPLED,128,Conv1,V1,cr,meanrdm,0.021907608802218894,,,
Random Weights (BN-calibrated),456,2,UPSAMPLED,128,Conv1,V1,all,persub,0.013308985825708627,0.00818376312432878,0.02720920393254337,0.004533990420253727
Random Weights (BN-calibrated),456,2,UPSAMPLED,128,Conv1,V1,all,meanrdm,0.020062282976493012,,,
Random Weights (BN-calibrated),456,2,UPSAMPLED,128,Conv1,V2,cr,persub,0.00733197986262706,0.0042054776881277215,0.015595817483739597,0.002194644416013862
Random Weights (BN-calibrated),456,2,UPSAMPLED,128,Conv1,V2,cr,meanrdm,0.010945361046077877,,,
Random Weights (BN-calibrated),456,2,UPSAMPLED,128,Conv1,V2,all,persub,0.006483611975286456,0.0037116460674661883,0.015448482074608675,0.00029070778378450254
Random Weights (BN-calibrated),456,2,UPSAMPLED,128,Conv1,V2,all,meanrdm,0.009780175313300419,,,
Random Weights (BN-calibrated),456,2,UPSAMPLED,128,Conv2,V1,cr,persub,0.0213677362269384,0.020826851988482425,0.03693250550997319,0.006343851182359583
Random Weights (BN-calibrated),456,2,UPSAMPLED,128,Conv2,V1,cr,meanrdm,0.030581333640232224,,,
Random Weights (BN-calibrated),456,2,UPSAMPLED,128,Conv2,V1,all,persub,0.02050549309264463,0.020502250473995023,0.03425784786993274,0.0067563809340061304
Random Weights (BN-calibrated),456,2,UPSAMPLED,128,Conv2,V1,all,meanrdm,0.02941666626676252,,,
Random Weights (BN-calibrated),456,2,UPSAMPLED,128,Conv2,V2,cr,persub,0.014276844268341728,0.014816762570428542,0.02495710892075915,0.0030566613138374907
Random Weights (BN-calibrated),456,2,UPSAMPLED,128,Conv2,V2,cr,meanrdm,0.021253082534908006,,,
Random Weights (BN-calibrated),456,2,UPSAMPLED,128,Conv2,V2,all,persub,0.01338477266106996,0.014769390010244677,0.023653979212180088,0.0017309487607851158
Random Weights (BN-calibrated),456,2,UPSAMPLED,128,Conv2,V2,all,meanrdm,0.01983393476146153,,,
Random Weights (BN-calibrated),456,2,UPSAMPLED,128,Conv3,LOC,cr,persub,0.0021630908090287068,0.007638966284060935,0.0014220469277040446,-0.0025717407846788604
Random Weights (BN-calibrated),456,2,UPSAMPLED,128,Conv3,LOC,cr,meanrdm,0.0024996946283625,,,
Random Weights (BN-calibrated),456,2,UPSAMPLED,128,Conv3,LOC,all,persub,0.002574676193575288,0.008027070638182969,0.0007989298639022071,-0.0011019719213593124
Random Weights (BN-calibrated),456,2,UPSAMPLED,128,Conv3,LOC,all,meanrdm,0.0035558704035647697,,,
Random Weights (BN-calibrated),456,2,UPSAMPLED,128,FC1,IT,cr,persub,0.00553040668438937,0.00848229062450454,0.007050486737233247,0.0010584426914303211
Random Weights (BN-calibrated),456,2,UPSAMPLED,128,FC1,IT,cr,meanrdm,0.010434687400915063,,,
Random Weights (BN-calibrated),456,2,UPSAMPLED,128,FC1,IT,all,persub,0.005473365476906544,0.008297954350358504,0.007018109093302877,0.0011040329870582505
Random Weights (BN-calibrated),456,2,UPSAMPLED,128,FC1,IT,all,meanrdm,0.010363759232805038,,,
Random Weights,456,2,UPSAMPLED,160,Conv1,V1,cr,persub,0.053703801741632994,0.05476032603987121,0.08967915087018824,0.016671928314839515
Random Weights,456,2,UPSAMPLED,160,Conv1,V1,cr,meanrdm,0.0773235020777986,,,
Random Weights,456,2,UPSAMPLED,160,Conv1,V1,all,persub,0.053154179133369034,0.05404891592381751,0.0893553556520645,0.016058265824225086
Random Weights,456,2,UPSAMPLED,160,Conv1,V1,all,meanrdm,0.07621521012866798,,,
Random Weights,456,2,UPSAMPLED,160,Conv1,V2,cr,persub,0.028727527619673367,0.03337051961636082,0.049345125481804274,0.003466937760855008
Random Weights,456,2,UPSAMPLED,160,Conv1,V2,cr,meanrdm,0.04340634511244275,,,
Random Weights,456,2,UPSAMPLED,160,Conv1,V2,all,persub,0.028709626855428733,0.03368458849219894,0.05052692804928618,0.0019173640248010822
Random Weights,456,2,UPSAMPLED,160,Conv1,V2,all,meanrdm,0.043191610121006266,,,
Random Weights,456,2,UPSAMPLED,160,Conv2,V1,cr,persub,0.061851764159068755,0.06342245974507059,0.10460059859847892,0.017532234133656746
Random Weights,456,2,UPSAMPLED,160,Conv2,V1,cr,meanrdm,0.08866284438027837,,,
Random Weights,456,2,UPSAMPLED,160,Conv2,V1,all,persub,0.06122209180831869,0.06258320267839786,0.10379399465514016,0.017289078091418053
Random Weights,456,2,UPSAMPLED,160,Conv2,V1,all,meanrdm,0.08727532393539393,,,
Random Weights,456,2,UPSAMPLED,160,Conv2,V2,cr,persub,0.034877944543456,0.03969667941131397,0.061002279679960525,0.00393487453909352
Random Weights,456,2,UPSAMPLED,160,Conv2,V2,cr,meanrdm,0.05258883355883672,,,
Random Weights,456,2,UPSAMPLED,160,Conv2,V2,all,persub,0.034858499462058844,0.040126521383425,0.06176599625603352,0.002682980746718023
Random Weights,456,2,UPSAMPLED,160,Conv2,V2,all,meanrdm,0.05229757179909484,,,
Random Weights,456,2,UPSAMPLED,160,Conv3,LOC,cr,persub,-0.000387701987089262,0.005932711537270973,-0.0035858920644273443,-0.0035099254341114145
Random Weights,456,2,UPSAMPLED,160,Conv3,LOC,cr,meanrdm,-0.00273336179568611,,,
Random Weights,456,2,UPSAMPLED,160,Conv3,LOC,all,persub,0.00012489174520021506,0.0063094284710195556,-0.004230999919321532,-0.0017037533160973782
Random Weights,456,2,UPSAMPLED,160,Conv3,LOC,all,meanrdm,-0.0013077811184527613,,,
Random Weights,456,2,UPSAMPLED,160,FC1,IT,cr,persub,0.005911041812597831,0.0033271377427304956,0.010499356110517956,0.0039066315845450415
Random Weights,456,2,UPSAMPLED,160,FC1,IT,cr,meanrdm,0.009679093820532362,,,
Random Weights,456,2,UPSAMPLED,160,FC1,IT,all,persub,0.006237801512097317,0.004711193178349373,0.010955341278028401,0.0030468700799141757
Random Weights,456,2,UPSAMPLED,160,FC1,IT,all,meanrdm,0.010099941106525063,,,
Backprop,456,2,UPSAMPLED,160,Conv1,V1,cr,persub,0.01785795419479542,0.015757664598900174,0.031759315281954685,0.006056882703531401
Backprop,456,2,UPSAMPLED,160,Conv1,V1,cr,meanrdm,0.026802313320917454,,,
Backprop,456,2,UPSAMPLED,160,Conv1,V1,all,persub,0.016281161122767694,0.0143390064579425,0.02920443589933841,0.005300041011022176
Backprop,456,2,UPSAMPLED,160,Conv1,V1,all,meanrdm,0.024350584861497906,,,
Backprop,456,2,UPSAMPLED,160,Conv1,V2,cr,persub,0.008868298752711404,0.008622242525149698,0.015353859309865343,0.0026287944231191684
Backprop,456,2,UPSAMPLED,160,Conv1,V2,cr,meanrdm,0.012964178136435215,,,
Backprop,456,2,UPSAMPLED,160,Conv1,V2,all,persub,0.007917361814166022,0.00801609349374555,0.014798393907112437,0.0009375980416400805
Backprop,456,2,UPSAMPLED,160,Conv1,V2,all,meanrdm,0.01160530932918796,,,
Backprop,456,2,UPSAMPLED,160,Conv2,V1,cr,persub,0.005391481876980909,0.00745423094616891,0.0050114229821474066,0.0037087917026264127
Backprop,456,2,UPSAMPLED,160,Conv2,V1,cr,meanrdm,0.007820925346958208,,,
Backprop,456,2,UPSAMPLED,160,Conv2,V1,all,persub,0.004890644148036926,0.0076662862755229036,0.0028473085639226436,0.004158337604665231
Backprop,456,2,UPSAMPLED,160,Conv2,V1,all,meanrdm,0.007023991119650772,,,
Backprop,456,2,UPSAMPLED,160,Conv2,V2,cr,persub,0.006673343236162868,0.012034070048369254,0.005734106723799557,0.002251852936319791
Backprop,456,2,UPSAMPLED,160,Conv2,V2,cr,meanrdm,0.00963799156321527,,,
Backprop,456,2,UPSAMPLED,160,Conv2,V2,all,persub,0.0062808341073843955,0.011977379438337717,0.005288012265605336,0.001577110618210131
Backprop,456,2,UPSAMPLED,160,Conv2,V2,all,meanrdm,0.009055613431823963,,,
Backprop,456,2,UPSAMPLED,160,Conv3,LOC,cr,persub,0.0014129848781592256,0.007198903429577482,-0.002301051682693728,-0.0006588971124060769
Backprop,456,2,UPSAMPLED,160,Conv3,LOC,cr,meanrdm,0.0006823665099255677,,,
Backprop,456,2,UPSAMPLED,160,Conv3,LOC,all,persub,0.0010478399845007661,0.006978638738389909,-0.004144671331129471,0.00030955254624186055
Backprop,456,2,UPSAMPLED,160,Conv3,LOC,all,meanrdm,0.0007115998034668247,,,
Backprop,456,2,UPSAMPLED,160,FC1,IT,cr,persub,0.004999921178557462,0.007004879814972461,0.006023410760688291,0.0019714729600116346
Backprop,456,2,UPSAMPLED,160,FC1,IT,cr,meanrdm,0.00810308096092633,,,
Backprop,456,2,UPSAMPLED,160,FC1,IT,all,persub,0.004360590530644745,0.006946549087082643,0.0030355780577361593,0.003099644447115433
Backprop,456,2,UPSAMPLED,160,FC1,IT,all,meanrdm,0.007032916502673919,,,
Feedback Alignment,456,2,UPSAMPLED,160,Conv1,V1,cr,persub,0.006565583541812231,0.0004194511833108428,0.013639789801594415,0.005637509640531436
Feedback Alignment,456,2,UPSAMPLED,160,Conv1,V1,cr,meanrdm,0.010604798401718603,,,
Feedback Alignment,456,2,UPSAMPLED,160,Conv1,V1,all,persub,0.005353658610333721,-0.0002293689038031799,0.012255504976281419,0.004034839758522925
Feedback Alignment,456,2,UPSAMPLED,160,Conv1,V1,all,meanrdm,0.008642167849476691,,,
Feedback Alignment,456,2,UPSAMPLED,160,Conv1,V2,cr,persub,0.0020992002310710398,-0.001684203549434216,0.006328963087858521,0.0016528411547888137
Feedback Alignment,456,2,UPSAMPLED,160,Conv1,V2,cr,meanrdm,0.002702509787964349,,,
Feedback Alignment,456,2,UPSAMPLED,160,Conv1,V2,all,persub,0.001268394785739982,-0.0022155491816310984,0.006327977365337387,-0.0003072438264863434
Feedback Alignment,456,2,UPSAMPLED,160,Conv1,V2,all,meanrdm,0.0014837627571543549,,,
Feedback Alignment,456,2,UPSAMPLED,160,Conv2,V1,cr,persub,0.03468838330075578,0.0387635883953882,0.05359625707697261,0.01170530442990653
Feedback Alignment,456,2,UPSAMPLED,160,Conv2,V1,cr,meanrdm,0.05000690032443748,,,
Feedback Alignment,456,2,UPSAMPLED,160,Conv2,V1,all,persub,0.03411264775313597,0.03795041496850565,0.05272280857568233,0.01166471971521994
Feedback Alignment,456,2,UPSAMPLED,160,Conv2,V1,all,meanrdm,0.04924798551481401,,,
Feedback Alignment,456,2,UPSAMPLED,160,Conv2,V2,cr,persub,0.021758231040797035,0.027356868461605885,0.03448405462571339,0.0034337700350718318
Feedback Alignment,456,2,UPSAMPLED,160,Conv2,V2,cr,meanrdm,0.032725766733626815,,,
Feedback Alignment,456,2,UPSAMPLED,160,Conv2,V2,all,persub,0.021425623490556586,0.027229754597703586,0.03461530461141985,0.0024318112625463235
Feedback Alignment,456,2,UPSAMPLED,160,Conv2,V2,all,meanrdm,0.03198609076048657,,,
Feedback Alignment,456,2,UPSAMPLED,160,Conv3,LOC,cr,persub,-0.0009922663686696793,0.0061383322175656944,-0.00511947058350862,-0.003995660740066112
Feedback Alignment,456,2,UPSAMPLED,160,Conv3,LOC,cr,meanrdm,-0.002727973362365989,,,
Feedback Alignment,456,2,UPSAMPLED,160,Conv3,LOC,all,persub,6.644592250799582e-05,0.007821409694301932,-0.0053503034262665,-0.002271768500511444
Feedback Alignment,456,2,UPSAMPLED,160,Conv3,LOC,all,meanrdm,-0.001082580472614925,,,
Feedback Alignment,456,2,UPSAMPLED,160,FC1,IT,cr,persub,0.007267616158326926,0.010185842040963112,0.009194495657165182,0.0024225107768524835
Feedback Alignment,456,2,UPSAMPLED,160,FC1,IT,cr,meanrdm,0.012372315554510155,,,
Feedback Alignment,456,2,UPSAMPLED,160,FC1,IT,all,persub,0.00656831007473174,0.009755062407497786,0.008399070296115228,0.0015507975205822084
Feedback Alignment,456,2,UPSAMPLED,160,FC1,IT,all,meanrdm,0.010943189547670259,,,
Predictive Coding,456,2,UPSAMPLED,160,Conv1,V1,cr,persub,0.013364831810371977,0.0084050528202495,0.026606440229190703,0.0050830023816757185
Predictive Coding,456,2,UPSAMPLED,160,Conv1,V1,cr,meanrdm,0.019928495738227747,,,
Predictive Coding,456,2,UPSAMPLED,160,Conv1,V1,all,persub,0.012253126266115478,0.007795870527167424,0.024657630438102304,0.0043058778330767045
Predictive Coding,456,2,UPSAMPLED,160,Conv1,V1,all,meanrdm,0.01828806319429744,,,
Predictive Coding,456,2,UPSAMPLED,160,Conv1,V2,cr,persub,0.007189130753007849,0.005314671950347412,0.014391503650303863,0.001861216658372271
Predictive Coding,456,2,UPSAMPLED,160,Conv1,V2,cr,meanrdm,0.010691949445412671,,,
Predictive Coding,456,2,UPSAMPLED,160,Conv1,V2,all,persub,0.00633738415745468,0.00482577727057484,0.014387221122607406,-0.00020084592081820386
Predictive Coding,456,2,UPSAMPLED,160,Conv1,V2,all,meanrdm,0.009456248897119239,,,
Predictive Coding,456,2,UPSAMPLED,160,Conv2,V1,cr,persub,0.023264349113458732,0.024210228918659454,0.03818916565371336,0.007393652768003377
Predictive Coding,456,2,UPSAMPLED,160,Conv2,V1,cr,meanrdm,0.033456808953033663,,,
Predictive Coding,456,2,UPSAMPLED,160,Conv2,V1,all,persub,0.0224282415711312,0.023703031055458658,0.03556217404303654,0.008019519614898404
Predictive Coding,456,2,UPSAMPLED,160,Conv2,V1,all,meanrdm,0.032349884795199554,,,
Predictive Coding,456,2,UPSAMPLED,160,Conv2,V2,cr,persub,0.015382532345232382,0.01734568465784349,0.025455683782865578,0.003346228594988072
Predictive Coding,456,2,UPSAMPLED,160,Conv2,V2,cr,meanrdm,0.023089707138293905,,,
Predictive Coding,456,2,UPSAMPLED,160,Conv2,V2,all,persub,0.014567272125035044,0.017343997467087473,0.024122003144313113,0.0022358157637045427
Predictive Coding,456,2,UPSAMPLED,160,Conv2,V2,all,meanrdm,0.021733325164009727,,,
Predictive Coding,456,2,UPSAMPLED,160,Conv3,LOC,cr,persub,0.0021247567635286307,0.007187918213228417,0.00023686929109152936,-0.001050517213734054
Predictive Coding,456,2,UPSAMPLED,160,Conv3,LOC,cr,meanrdm,0.0030171172993869655,,,
Predictive Coding,456,2,UPSAMPLED,160,Conv3,LOC,all,persub,0.002847922368463105,0.00783559621651755,0.00013586530399785297,0.0005723055848739125
Predictive Coding,456,2,UPSAMPLED,160,Conv3,LOC,all,meanrdm,0.004449444695529807,,,
Predictive Coding,456,2,UPSAMPLED,160,FC1,IT,cr,persub,0.007653139666982978,0.008690804147435473,0.013063554283059341,0.0012050605704541188
Predictive Coding,456,2,UPSAMPLED,160,FC1,IT,cr,meanrdm,0.012890695086577223,,,
Predictive Coding,456,2,UPSAMPLED,160,FC1,IT,all,persub,0.007059180481757302,0.00872742868471343,0.011081451730959284,0.0013686610295991942
Predictive Coding,456,2,UPSAMPLED,160,FC1,IT,all,meanrdm,0.011917070348042865,,,
STDP,456,2,UPSAMPLED,160,Conv1,V1,cr,persub,0.015784667247825217,0.013680475796419718,0.02819673260540244,0.005476793341653499
STDP,456,2,UPSAMPLED,160,Conv1,V1,cr,meanrdm,0.023627633508215173,,,
STDP,456,2,UPSAMPLED,160,Conv1,V1,all,persub,0.014684588525823482,0.01298096093544426,0.02659323406578793,0.004479570576238261
STDP,456,2,UPSAMPLED,160,Conv1,V1,all,meanrdm,0.021926258666077284,,,
STDP,456,2,UPSAMPLED,160,Conv1,V2,cr,persub,0.007431318803217803,0.007555115932356314,0.013754964199297049,0.0009838762780000447
STDP,456,2,UPSAMPLED,160,Conv1,V2,cr,meanrdm,0.010626366304135078,,,
STDP,456,2,UPSAMPLED,160,Conv1,V2,all,persub,0.006808240332826382,0.007350374940813152,0.013488634229285328,-0.00041428817161933367
STDP,456,2,UPSAMPLED,160,Conv1,V2,all,meanrdm,0.009775211651956496,,,
STDP,456,2,UPSAMPLED,160,Conv2,V1,cr,persub,0.02143455743323731,0.01769353138702521,0.039766264087138105,0.006843876825548617
STDP,456,2,UPSAMPLED,160,Conv2,V1,cr,meanrdm,0.031841733710432564,,,
STDP,456,2,UPSAMPLED,160,Conv2,V1,all,persub,0.020848448895807416,0.017843945372352545,0.03785591443369882,0.006845486881370881
STDP,456,2,UPSAMPLED,160,Conv2,V1,all,meanrdm,0.030890828710119323,,,
STDP,456,2,UPSAMPLED,160,Conv2,V2,cr,persub,0.01364949796708465,0.012400501456427581,0.02686020837789343,0.0016877840669329413
STDP,456,2,UPSAMPLED,160,Conv2,V2,cr,meanrdm,0.02022498612449613,,,
STDP,456,2,UPSAMPLED,160,Conv2,V2,all,persub,0.01307951837972094,0.0125628153840285,0.026414937224053654,0.00026080253108067334
STDP,456,2,UPSAMPLED,160,Conv2,V2,all,meanrdm,0.019531890315264453,,,
STDP,456,2,UPSAMPLED,160,Conv3,LOC,cr,persub,0.001950742560659637,0.007134530113487772,-0.0006515508592524464,-0.0006307515722564138
STDP,456,2,UPSAMPLED,160,Conv3,LOC,cr,meanrdm,0.0010429424342486263,,,
STDP,456,2,UPSAMPLED,160,Conv3,LOC,all,persub,0.002192173542660291,0.007059014268523908,-0.001385439794946338,0.0009029461544033024
STDP,456,2,UPSAMPLED,160,Conv3,LOC,all,meanrdm,0.0019380207105065173,,,
STDP,456,2,UPSAMPLED,160,FC1,IT,cr,persub,0.0066425764361972,0.00959391867139417,0.007018858882478872,0.0033149517547185576
STDP,456,2,UPSAMPLED,160,FC1,IT,cr,meanrdm,0.01088833937818116,,,
STDP,456,2,UPSAMPLED,160,FC1,IT,all,persub,0.006771282090300052,0.00974343843782794,0.0066557308781983624,0.003914676954873853
STDP,456,2,UPSAMPLED,160,FC1,IT,all,meanrdm,0.011280295783240754,,,
Random Weights (BN-calibrated),456,2,UPSAMPLED,160,Conv1,V1,cr,persub,0.015284764206088049,0.009729332553809226,0.03059362184124352,0.005531338223211396
Random Weights (BN-calibrated),456,2,UPSAMPLED,160,Conv1,V1,cr,meanrdm,0.022991561054964152,,,
Random Weights (BN-calibrated),456,2,UPSAMPLED,160,Conv1,V1,all,persub,0.01406481923479455,0.009020737745468153,0.028402149382715684,0.004771570576199808
Random Weights (BN-calibrated),456,2,UPSAMPLED,160,Conv1,V1,all,meanrdm,0.021150629970693044,,,
Random Weights (BN-calibrated),456,2,UPSAMPLED,160,Conv1,V2,cr,persub,0.007770575244728806,0.004803428121868718,0.016318861056471286,0.0021894365558464152
Random Weights (BN-calibrated),456,2,UPSAMPLED,160,Conv1,V2,cr,meanrdm,0.011621615237153564,,,
Random Weights (BN-calibrated),456,2,UPSAMPLED,160,Conv1,V2,all,persub,0.006931339435862128,0.004321392177615435,0.016193656503120542,0.0002789696268504096
Random Weights (BN-calibrated),456,2,UPSAMPLED,160,Conv1,V2,all,meanrdm,0.010465173513869388,,,
Random Weights (BN-calibrated),456,2,UPSAMPLED,160,Conv2,V1,cr,persub,0.021793108786848092,0.021434658602565104,0.03746587088370616,0.006478796874273005
Random Weights (BN-calibrated),456,2,UPSAMPLED,160,Conv2,V1,cr,meanrdm,0.031197122652588755,,,
Random Weights (BN-calibrated),456,2,UPSAMPLED,160,Conv2,V1,all,persub,0.020940719352127084,0.02111912832040412,0.03480692859461861,0.006896101141358517
Random Weights (BN-calibrated),456,2,UPSAMPLED,160,Conv2,V1,all,meanrdm,0.030037497529245893,,,
Random Weights (BN-calibrated),456,2,UPSAMPLED,160,Conv2,V2,cr,persub,0.014564637060659436,0.015245292865584707,0.025393157766526616,0.0030554605498669908
Random Weights (BN-calibrated),456,2,UPSAMPLED,160,Conv2,V2,cr,meanrdm,0.021694974186019716,,,
Random Weights (BN-calibrated),456,2,UPSAMPLED,160,Conv2,V2,all,persub,0.013676586598304535,0.015198441602002117,0.024088625884686105,0.0017426923082253867
Random Weights (BN-calibrated),456,2,UPSAMPLED,160,Conv2,V2,all,meanrdm,0.02027916037998627,,,
Random Weights (BN-calibrated),456,2,UPSAMPLED,160,Conv3,LOC,cr,persub,0.0019407469978487968,0.007477521518659042,0.0010607241601188165,-0.0027160046852314685
Random Weights (BN-calibrated),456,2,UPSAMPLED,160,Conv3,LOC,cr,meanrdm,0.0021092567073256506,,,
Random Weights (BN-calibrated),456,2,UPSAMPLED,160,Conv3,LOC,all,persub,0.0023787227136503283,0.007890769992873314,0.00043547722951014513,-0.0011900790814324737
Random Weights (BN-calibrated),456,2,UPSAMPLED,160,Conv3,LOC,all,meanrdm,0.003226895331468897,,,
Random Weights (BN-calibrated),456,2,UPSAMPLED,160,FC1,IT,cr,persub,0.005610251899713793,0.0083699132687849,0.0074483554964313425,0.0010124869339251399
Random Weights (BN-calibrated),456,2,UPSAMPLED,160,FC1,IT,cr,meanrdm,0.010522886258064365,,,
Random Weights (BN-calibrated),456,2,UPSAMPLED,160,FC1,IT,all,persub,0.00551364200879345,0.008168603140499869,0.007322651708388708,0.0010496711774917737
Random Weights (BN-calibrated),456,2,UPSAMPLED,160,FC1,IT,all,meanrdm,0.01039846960255503,,,
Random Weights,456,2,UPSAMPLED,224,Conv1,V1,cr,persub,0.053818913933405564,0.054912707242629664,0.08983456675963172,0.01670946779795529
Random Weights,456,2,UPSAMPLED,224,Conv1,V1,cr,meanrdm,0.07748162751374445,,,
Random Weights,456,2,UPSAMPLED,224,Conv1,V1,all,persub,0.0532614773116,0.05419353788912942,0.08949862075863912,0.016092273287031438
Random Weights,456,2,UPSAMPLED,224,Conv1,V1,all,meanrdm,0.07636161808594198,,,
Random Weights,456,2,UPSAMPLED,224,Conv1,V2,cr,persub,0.02882934386857523,0.033493312282532994,0.04951049207768154,0.0034842272455111465
Random Weights,456,2,UPSAMPLED,224,Conv1,V2,cr,meanrdm,0.04356395826620317,,,
Random Weights,456,2,UPSAMPLED,224,Conv1,V2,all,persub,0.028807799162847567,0.03380403053275864,0.05068473243798147,0.001934634517802599
Random Weights,456,2,UPSAMPLED,224,Conv1,V2,all,meanrdm,0.043340356456310666,,,
Random Weights,456,2,UPSAMPLED,224,Conv2,V1,cr,persub,0.061881896364073395,0.06351143077741825,0.10451627673157884,0.01761798158322308
Random Weights,456,2,UPSAMPLED,224,Conv2,V1,cr,meanrdm,0.08873798644629527,,,
Random Weights,456,2,UPSAMPLED,224,Conv2,V1,all,persub,0.0612490035252694,0.0626730124531249,0.10370287408277187,0.017371124039911423
Random Weights,456,2,UPSAMPLED,224,Conv2,V1,all,meanrdm,0.0873509328598958,,,
Random Weights,456,2,UPSAMPLED,224,Conv2,V2,cr,persub,0.03491485876211498,0.039850878466116645,0.060966178924592274,0.003927518895636014
Random Weights,456,2,UPSAMPLED,224,Conv2,V2,cr,meanrdm,0.052659728496114146,,,
Random Weights,456,2,UPSAMPLED,224,Conv2,V2,all,persub,0.03490328239749631,0.04029081086021998,0.061735791416616316,0.0026832449156526297
Random Weights,456,2,UPSAMPLED,224,Conv2,V2,all,meanrdm,0.05238427242928308,,,
Random Weights,456,2,UPSAMPLED,224,Conv3,LOC,cr,persub,-0.0004469237583623282,0.005758433896034694,-0.003614479631377937,-0.003484725539743741
Random Weights,456,2,UPSAMPLED,224,Conv3,LOC,cr,meanrdm,-0.0028159222393831906,,,
Random Weights,456,2,UPSAMPLED,224,Conv3,LOC,all,persub,6.828500753858185e-05,0.0061890974636207696,-0.00426209595717107,-0.0017221464838339537
Random Weights,456,2,UPSAMPLED,224,Conv3,LOC,all,meanrdm,-0.0014123918185145702,,,
Random Weights,456,2,UPSAMPLED,224,FC1,IT,cr,persub,0.005842651460500982,0.0032630511652053037,0.010446002428252188,0.0038189007880454523
Random Weights,456,2,UPSAMPLED,224,FC1,IT,cr,meanrdm,0.009551117244936468,,,
Random Weights,456,2,UPSAMPLED,224,FC1,IT,all,persub,0.006101255696145727,0.004610470124186455,0.010773065407275871,0.002920231556974854
Random Weights,456,2,UPSAMPLED,224,FC1,IT,all,meanrdm,0.009864132687388992,,,
Backprop,456,2,UPSAMPLED,224,Conv1,V1,cr,persub,0.018842838715121064,0.01700633846331462,0.03327726406215759,0.006244913619890978
Backprop,456,2,UPSAMPLED,224,Conv1,V1,cr,meanrdm,0.02820303840937239,,,
Backprop,456,2,UPSAMPLED,224,Conv1,V1,all,persub,0.017273730384312274,0.015588362000456654,0.030755108554139265,0.005477720598340894
Backprop,456,2,UPSAMPLED,224,Conv1,V1,all,meanrdm,0.025753729520038963,,,
Backprop,456,2,UPSAMPLED,224,Conv1,V2,cr,persub,0.009501593532408993,0.009575538353028957,0.016328170951193842,0.0026010712930041786
Backprop,456,2,UPSAMPLED,224,Conv1,V2,cr,meanrdm,0.013952109994579364,,,
Backprop,456,2,UPSAMPLED,224,Conv1,V2,all,persub,0.008559929501436867,0.008972945293477879,0.01579693150984185,0.0009099117009908723
Backprop,456,2,UPSAMPLED,224,Conv1,V2,all,meanrdm,0.012602050757737543,,,
Backprop,456,2,UPSAMPLED,224,Conv2,V1,cr,persub,0.0069671257863042945,0.009434837436112316,0.007569213934157681,0.003897325988642885
Backprop,456,2,UPSAMPLED,224,Conv2,V1,cr,meanrdm,0.010032967090273017,,,
Backprop,456,2,UPSAMPLED,224,Conv2,V1,all,persub,0.0064831655763054425,0.00958361114774883,0.00543096619870119,0.004434919382466308
Backprop,456,2,UPSAMPLED,224,Conv2,V1,all,meanrdm,0.009271089783113511,,,
Backprop,456,2,UPSAMPLED,224,Conv2,V2,cr,persub,0.007897708763801336,0.013574899846799535,0.007899043048527328,0.0022191833960771437
Backprop,456,2,UPSAMPLED,224,Conv2,V2,cr,meanrdm,0.0114829209930311,,,
Backprop,456,2,UPSAMPLED,224,Conv2,V2,all,persub,0.007504665904956658,0.013450481759644636,0.0074516263182474955,0.0016118896369778396
Backprop,456,2,UPSAMPLED,224,Conv2,V2,all,meanrdm,0.010893611197033495,,,
Backprop,456,2,UPSAMPLED,224,Conv3,LOC,cr,persub,0.0014002437554430619,0.006769971950576881,-0.0017363898896776027,-0.000832850794570092
Backprop,456,2,UPSAMPLED,224,Conv3,LOC,cr,meanrdm,0.0006284802968835471,,,
Backprop,456,2,UPSAMPLED,224,Conv3,LOC,all,persub,0.0010976016003228465,0.006660852448688682,-0.003584779672047283,0.00021673202432714075
Backprop,456,2,UPSAMPLED,224,Conv3,LOC,all,meanrdm,0.0007400329135113043,,,
Backprop,456,2,UPSAMPLED,224,FC1,IT,cr,persub,0.004970578091392515,0.006837532482148781,0.005833966887317865,0.0022402349047108976
Backprop,456,2,UPSAMPLED,224,FC1,IT,cr,meanrdm,0.008048595961303227,,,
Backprop,456,2,UPSAMPLED,224,FC1,IT,all,persub,0.004488818543980286,0.007058276026837866,0.0030671284914226375,0.0033410511136803527
Backprop,456,2,UPSAMPLED,224,FC1,IT,all,meanrdm,0.007125928017881992,,,
Feedback Alignment,456,2,UPSAMPLED,224,Conv1,V1,cr,persub,0.006792751212073243,0.0007191130761579612,0.013925052877222406,0.005734087682839361
Feedback Alignment,456,2,UPSAMPLED,224,Conv1,V1,cr,meanrdm,0.01092558123625471,,,
Feedback Alignment,456,2,UPSAMPLED,224,Conv1,V1,all,persub,0.005580019844248917,5.7060672160297154e-05,0.012568338029095691,0.004114660831490764
Feedback Alignment,456,2,UPSAMPLED,224,Conv1,V1,all,meanrdm,0.008957460065335363,,,
Feedback Alignment,456,2,UPSAMPLED,224,Conv1,V2,cr,persub,0.002233476727148362,-0.0014414646179053275,0.006506855726930454,0.001635039072419959
Feedback Alignment,456,2,UPSAMPLED,224,Conv1,V2,cr,meanrdm,0.002903627343367074,,,
Feedback Alignment,456,2,UPSAMPLED,224,Conv1,V2,all,persub,0.001405379626633912,-0.0019844797596263275,0.006533041042550158,-0.0003324224030220941
Feedback Alignment,456,2,UPSAMPLED,224,Conv1,V2,all,meanrdm,0.0016866706163137925,,,
Feedback Alignment,456,2,UPSAMPLED,224,Conv2,V1,cr,persub,0.03641938150066989,0.04093555062009596,0.05619006839854533,0.012132525483368357
Feedback Alignment,456,2,UPSAMPLED,224,Conv2,V1,cr,meanrdm,0.052452239482516205,,,
Feedback Alignment,456,2,UPSAMPLED,224,Conv2,V1,all,persub,0.03583466020125097,0.04004078011044911,0.05531612535167008,0.012147075141633707
Feedback Alignment,456,2,UPSAMPLED,224,Conv2,V1,all,meanrdm,0.051686758901229875,,,
Feedback Alignment,456,2,UPSAMPLED,224,Conv2,V2,cr,persub,0.02287623776399685,0.028806177111629166,0.03631918044791323,0.0035033557324481612
Feedback Alignment,456,2,UPSAMPLED,224,Conv2,V2,cr,meanrdm,0.03442177290933346,,,
Feedback Alignment,456,2,UPSAMPLED,224,Conv2,V2,all,persub,0.022541335488354446,0.0286071620448892,0.0364562233225681,0.002560621097606027
Feedback Alignment,456,2,UPSAMPLED,224,Conv2,V2,all,meanrdm,0.03367040741402096,,,
Feedback Alignment,456,2,UPSAMPLED,224,Conv3,LOC,cr,persub,-0.0011974967263039353,0.005948979009106018,-0.005423722351370728,-0.004117746836647096
Feedback Alignment,456,2,UPSAMPLED,224,Conv3,LOC,cr,meanrdm,-0.0031035826465164577,,,
Feedback Alignment,456,2,UPSAMPLED,224,Conv3,LOC,all,persub,-0.00010007385792703252,0.007645627872094037,-0.005632203626375272,-0.002313645819499863
Feedback Alignment,456,2,UPSAMPLED,224,Conv3,LOC,all,meanrdm,-0.0013638457375116926,,,
Feedback Alignment,456,2,UPSAMPLED,224,FC1,IT,cr,persub,0.007220273346983468,0.009940327042735893,0.009358706501539533,0.002361786496674977
Feedback Alignment,456,2,UPSAMPLED,224,FC1,IT,cr,meanrdm,0.012276886830342525,,,
Feedback Alignment,456,2,UPSAMPLED,224,FC1,IT,all,persub,0.006499042489539787,0.009549144933505789,0.00847523934033801,0.001472743194775562
Feedback Alignment,456,2,UPSAMPLED,224,FC1,IT,all,meanrdm,0.010816102503176954,,,
Predictive Coding,456,2,UPSAMPLED,224,Conv1,V1,cr,persub,0.013931504447982287,0.009094539538808784,0.02744307634684651,0.005256897458291571
Predictive Coding,456,2,UPSAMPLED,224,Conv1,V1,cr,meanrdm,0.020730578778302165,,,
Predictive Coding,456,2,UPSAMPLED,224,Conv1,V1,all,persub,0.01282546694172875,0.008484958317891513,0.02550988214942836,0.004481560357866373
Predictive Coding,456,2,UPSAMPLED,224,Conv1,V1,all,meanrdm,0.019096846288856238,,,
Predictive Coding,456,2,UPSAMPLED,224,Conv1,V2,cr,persub,0.007560264607187673,0.005855198770077747,0.014975680072155051,0.0018499149793302226
Predictive Coding,456,2,UPSAMPLED,224,Conv1,V2,cr,meanrdm,0.011258014945195545,,,
Predictive Coding,456,2,UPSAMPLED,224,Conv1,V2,all,persub,0.006709966616318328,0.005359745987102126,0.014981762152209083,-0.00021160829035622226
Predictive Coding,456,2,UPSAMPLED,224,Conv1,V2,all,meanrdm,0.010018856772699678,,,
Predictive Coding,456,2,UPSAMPLED,224,Conv2,V1,cr,persub,0.02435292768682089,0.0257030632532056,0.039684625738413526,0.007671094068843552
Predictive Coding,456,2,UPSAMPLED,224,Conv2,V1,cr,meanrdm,0.034968932857489074,,,
Predictive Coding,456,2,UPSAMPLED,224,Conv2,V1,all,persub,0.02353947148848635,0.025180135993477144,0.03709090121250891,0.008347377259473
Predictive Coding,456,2,UPSAMPLED,224,Conv2,V1,all,meanrdm,0.03390136868418825,,,
Predictive Coding,456,2,UPSAMPLED,224,Conv2,V2,cr,persub,0.016176797758439106,0.01845225380574916,0.026669006467133008,0.0034091330024351436
Predictive Coding,456,2,UPSAMPLED,224,Conv2,V2,cr,meanrdm,0.024293707155857526,,,
Predictive Coding,456,2,UPSAMPLED,224,Conv2,V2,all,persub,0.01537292218594828,0.018433988685563923,0.025338951906358438,0.0023458259659224785
Predictive Coding,456,2,UPSAMPLED,224,Conv2,V2,all,meanrdm,0.022949701494184554,,,
Predictive Coding,456,2,UPSAMPLED,224,Conv3,LOC,cr,persub,0.001815496178351021,0.007066002042721685,-0.00038056406563440233,-0.0012389494420342196
Predictive Coding,456,2,UPSAMPLED,224,Conv3,LOC,cr,meanrdm,0.0024691030484565012,,,
Predictive Coding,456,2,UPSAMPLED,224,Conv3,LOC,all,persub,0.0025807154755756964,0.007744561013268708,-0.0004505534914915315,0.00044813890494991237
Predictive Coding,456,2,UPSAMPLED,224,Conv3,LOC,all,meanrdm,0.003984472002093305,,,
Predictive Coding,456,2,UPSAMPLED,224,FC1,IT,cr,persub,0.007509354409467023,0.008601848877955539,0.01264325677316957,0.0012829575772759592
Predictive Coding,456,2,UPSAMPLED,224,FC1,IT,cr,meanrdm,0.012708317472937799,,,
Predictive Coding,456,2,UPSAMPLED,224,FC1,IT,all,persub,0.006866812995202782,0.008573796829206141,0.010668440725053737,0.0013582014313484711
Predictive Coding,456,2,UPSAMPLED,224,FC1,IT,all,meanrdm,0.011638689506730061,,,
STDP,456,2,UPSAMPLED,224,Conv1,V1,cr,persub,0.015359333690029689,0.013170845329552143,0.02749296810632865,0.00541418763420827
STDP,456,2,UPSAMPLED,224,Conv1,V1,cr,meanrdm,0.023000759908559258,,,
STDP,456,2,UPSAMPLED,224,Conv1,V1,all,persub,0.014265012229268114,0.012464792024204904,0.02591872328654409,0.0044115213770553495
STDP,456,2,UPSAMPLED,224,Conv1,V1,all,meanrdm,0.021312636247073753,,,
STDP,456,2,UPSAMPLED,224,Conv1,V2,cr,persub,0.007232073470420237,0.0073682933923175185,0.01336411046305845,0.0009638165558847436
STDP,456,2,UPSAMPLED,224,Conv1,V2,cr,meanrdm,0.010312866851939075,,,
STDP,456,2,UPSAMPLED,224,Conv1,V2,all,persub,0.006613222625174979,0.007158832430388115,0.01312605995193821,-0.0004452245068013905
STDP,456,2,UPSAMPLED,224,Conv1,V2,all,meanrdm,0.00947436893599663,,,
STDP,456,2,UPSAMPLED,224,Conv2,V1,cr,persub,0.020255465686233407,0.01627096455034897,0.03777396456296815,0.006721467945383101
STDP,456,2,UPSAMPLED,224,Conv2,V1,cr,meanrdm,0.030097459704702016,,,
STDP,456,2,UPSAMPLED,224,Conv2,V1,all,persub,0.019712731804413106,0.0164574976004222,0.03598283503960441,0.006697862773212708
STDP,456,2,UPSAMPLED,224,Conv2,V1,all,meanrdm,0.02921710350189716,,,
STDP,456,2,UPSAMPLED,224,Conv2,V2,cr,persub,0.01303051649402589,0.011734174972794246,0.025770445032081618,0.0015869294772018097
STDP,456,2,UPSAMPLED,224,Conv2,V2,cr,meanrdm,0.01927282056652579,,,
STDP,456,2,UPSAMPLED,224,Conv2,V2,all,persub,0.012477693624540718,0.011907336556982114,0.02539744022944853,0.00012830408719151105
STDP,456,2,UPSAMPLED,224,Conv2,V2,all,meanrdm,0.018626596537697007,,,
STDP,456,2,UPSAMPLED,224,Conv3,LOC,cr,persub,0.0022432499999367416,0.007238719951297294,-8.3460365393666e-05,-0.00042550958609340224
STDP,456,2,UPSAMPLED,224,Conv3,LOC,cr,meanrdm,0.001507724449338017,,,
STDP,456,2,UPSAMPLED,224,Conv3,LOC,all,persub,0.00243618866228534,0.00707654634366144,-0.0008623226671958651,0.0010943423103904454
STDP,456,2,UPSAMPLED,224,Conv3,LOC,all,meanrdm,0.002309961150708464,,,
STDP,456,2,UPSAMPLED,224,FC1,IT,cr,persub,0.006380451069789453,0.009616017226870046,0.006098341139877693,0.003426994842620617
STDP,456,2,UPSAMPLED,224,FC1,IT,cr,meanrdm,0.010392996858841813,,,
STDP,456,2,UPSAMPLED,224,FC1,IT,all,persub,0.006462780934565111,0.009533592053992842,0.005800861865097751,0.00405388888460474
STDP,456,2,UPSAMPLED,224,FC1,IT,all,meanrdm,0.010734964296200016,,,
Random Weights (BN-calibrated),456,2,UPSAMPLED,224,Conv1,V1,cr,persub,0.016034816495679543,0.010565370444461602,0.03177410170311704,0.005764977339459979
Random Weights (BN-calibrated),456,2,UPSAMPLED,224,Conv1,V1,cr,meanrdm,0.02406993305533956,,,
Random Weights (BN-calibrated),456,2,UPSAMPLED,224,Conv1,V1,all,persub,0.014816621064645994,0.009857745439200667,0.029594437545772033,0.004997680208965277
Random Weights (BN-calibrated),456,2,UPSAMPLED,224,Conv1,V1,all,meanrdm,0.02222487112873353,,,
Random Weights (BN-calibrated),456,2,UPSAMPLED,224,Conv1,V2,cr,persub,0.008243118107323533,0.005442858903745132,0.017108574299790517,0.00217792111843495
Random Weights (BN-calibrated),456,2,UPSAMPLED,224,Conv1,V2,cr,meanrdm,0.012349119353154655,,,
Random Weights (BN-calibrated),456,2,UPSAMPLED,224,Conv1,V2,all,persub,0.007408340476599703,0.004968845304483699,0.0169972984592383,0.0002588776660771066
Random Weights (BN-calibrated),456,2,UPSAMPLED,224,Conv1,V2,all,meanrdm,0.011193262970165053,,,
Random Weights (BN-calibrated),456,2,UPSAMPLED,224,Conv2,V1,cr,persub,0.022367049171614372,0.022269037619164836,0.03818876278375883,0.006643347111919441
Random Weights (BN-calibrated),456,2,UPSAMPLED,224,Conv2,V1,cr,meanrdm,0.032003061862630425,,,
Random Weights (BN-calibrated),456,2,UPSAMPLED,224,Conv2,V1,all,persub,0.021519148965794207,0.02194224283007679,0.035538705772863485,0.007076498294442342
Random Weights (BN-calibrated),456,2,UPSAMPLED,224,Conv2,V1,all,meanrdm,0.030847919277733397,,,
Random Weights (BN-calibrated),456,2,UPSAMPLED,224,Conv2,V2,cr,persub,0.015050374356049277,0.01588214445147879,0.02619213835562359,0.0030768402610454526
Random Weights (BN-calibrated),456,2,UPSAMPLED,224,Conv2,V2,cr,meanrdm,0.02243306112240004,,,
Random Weights (BN-calibrated),456,2,UPSAMPLED,224,Conv2,V2,all,persub,0.014161489484977243,0.015825125867619198,0.024862269519001362,0.0017970730683111735
Random Weights (BN-calibrated),456,2,UPSAMPLED,224,Conv2,V2,all,meanrdm,0.021011999073025034,,,
Random Weights (BN-calibrated),456,2,UPSAMPLED,224,Conv3,LOC,cr,persub,0.0016197458097985745,0.007269161773579022,0.0004894748760058249,-0.0028993992201891234
Random Weights (BN-calibrated),456,2,UPSAMPLED,224,Conv3,LOC,cr,meanrdm,0.0015230292076552343,,,
Random Weights (BN-calibrated),456,2,UPSAMPLED,224,Conv3,LOC,all,persub,0.0020962236165377878,0.00772957477262486,-0.00013267625155195963,-0.0013082276714595368
Random Weights (BN-calibrated),456,2,UPSAMPLED,224,Conv3,LOC,all,meanrdm,0.0027302416228430185,,,
Random Weights (BN-calibrated),456,2,UPSAMPLED,224,FC1,IT,cr,persub,0.005613815579433849,0.008215382892311511,0.007678261928568174,0.0009478019174218606
Random Weights (BN-calibrated),456,2,UPSAMPLED,224,FC1,IT,cr,meanrdm,0.010500140357729395,,,
Random Weights (BN-calibrated),456,2,UPSAMPLED,224,FC1,IT,all,persub,0.005471749131083565,0.00795888688475453,0.007429003474303199,0.0010273570341929627
Random Weights (BN-calibrated),456,2,UPSAMPLED,224,FC1,IT,all,meanrdm,0.01032412990290614,,,
