boot,std|random_weights|V1,partial|random_weights|V1,std|backprop|V1,partial|backprop|V1,std|feedback_alignment|V1,partial|feedback_alignment|V1,std|predictive_coding|V1,partial|predictive_coding|V1,std|stdp|V1,partial|stdp|V1,std|random_weights|V2,partial|random_weights|V2,std|backprop|V2,partial|backprop|V2,std|feedback_alignment|V2,partial|feedback_alignment|V2,std|predictive_coding|V2,partial|predictive_coding|V2,std|stdp|V2,partial|stdp|V2,std|random_weights|LOC,partial|random_weights|LOC,std|backprop|LOC,partial|backprop|LOC,std|feedback_alignment|LOC,partial|feedback_alignment|LOC,std|predictive_coding|LOC,partial|predictive_coding|LOC,std|stdp|LOC,partial|stdp|LOC,std|random_weights|IT,partial|random_weights|IT,std|backprop|IT,partial|backprop|IT,std|feedback_alignment|IT,partial|feedback_alignment|IT,std|predictive_coding|IT,partial|predictive_coding|IT,std|stdp|IT,partial|stdp|IT
-1,0.05317954842046244,0.05071884591924403,0.022352667718455108,0.017190452359936735,0.008598794194446664,0.004113955127526947,0.011929475453081442,0.007310140247974618,0.02652489511392604,0.022003453012857856,0.028831973665734017,0.02773870296062151,0.01230328704039343,0.010073505152409058,0.003608515118421929,0.0015924575388869145,0.005713031055735227,0.003586811707508075,0.014589956725031498,0.012558243299460425,-0.003002945805308046,-0.0032111081369657186,0.008023905466823937,0.007846522392207785,0.0036380067550412535,0.003276231685499257,0.004306497815632395,0.003935080336531552,0.0043005217166900995,0.0039385335628912,0.003955781448966022,0.0031654288841638256,0.0093739068666314,0.009070897326457448,0.007813734715359967,0.007295627008000109,0.00768511025942179,0.007153207951332725,0.008738210036409674,0.00828231997082764
0,0.0532724769728938,0.05122177142722424,0.020278273084623,0.015576108062010601,0.00901626261722965,0.005033664378868319,0.012055924206297072,0.007965417674849066,0.025476052857132586,0.02147466677914247,0.02881870046284262,0.02804782137973987,0.010216424297793184,0.008500741736342453,0.003896031544946604,0.002529265569489187,0.006065976968026552,0.004560377131344601,0.013987388996610787,0.012604231482601444,0.0024318574137695585,0.0026056058881110513,0.004866033992695768,0.005125547067137271,0.007164316222449019,0.00767768275549219,0.005612086814005884,0.006256748000085443,0.00474084744523306,0.005399255652329144,0.009684594618627354,0.009726372518174323,0.0067751574743714765,0.006720498452875356,0.012182047342065244,0.0124054900174144,0.010747568112644587,0.01099908182848269,0.01169902958967706,0.011806936093821805
1,0.05925101422948349,0.05724366943503214,0.021296749152560114,0.016565879412861556,0.007445340560922109,0.0035978021049745874,0.012619659622228219,0.008569331940692742,0.02279718452968938,0.018647940089160944,0.03698770808462573,0.03667680332610022,0.009209467252086666,0.008397134474752955,0.0004935491069652891,-0.0003261790863500284,0.0035521745558366236,0.0025488371443188537,0.010816307172636062,0.009930102881679824,-0.0015041422442485803,-0.0017952482433097362,0.012631233402477085,0.012161991575106992,0.005093371245540211,0.004265858008827123,0.0070199867554987016,0.006115849488599315,0.005147720927305714,0.00426420498075412,0.006751126913983543,0.005124895024187079,0.010400760205630782,0.009685705756588007,0.008374167965829937,0.006924159350945995,0.010883028156811107,0.009428186933510135,0.009847814151008901,0.008653325260746228
2,0.06273600573730417,0.060222484837336256,0.03197612296501191,0.02732502551546872,0.016097838943080138,0.012030124404853838,0.021624861965140425,0.01745640450208629,0.03475161911136331,0.03054090146522782,0.035171472451489084,0.03433345965345555,0.018760967952359354,0.017235641151727005,0.008710845383607895,0.007291178495637725,0.0119397999144372,0.010426969344789884,0.02099113001148245,0.01955614608245131,-0.0002938141834429864,-0.0005989862341215024,0.01709701073161155,0.01676943139291806,0.013743784192739038,0.013305551797251413,0.012723187998820263,0.012230197077308668,0.01027440133633596,0.00976009407126359,0.0008059513835142531,-0.0010200676845989129,0.011823601504839876,0.011245181898524779,0.010322398126684746,0.00923820323182609,0.013295913247756877,0.012216607114729647,0.013306199132622024,0.012393119801072302
3,0.04082531012169212,0.03794720644466431,0.017870005144459574,0.011991033555312062,0.0051583961744473324,8.875400405554256e-05,0.00828017571741672,0.003184370328709926,0.022717753204870048,0.017645752008242026,0.01987299823021594,0.018834063282153493,0.008095016947351395,0.006064334191042413,-0.0014033062328098413,-0.003400903086741977,0.00022589238903659826,-0.0017529436181856367,0.008677411521193038,0.0067971328742548204,-0.009229021943955477,-0.009345964311400853,0.007326048538601623,0.007360703200657857,-0.002458750422459055,-0.00261438628216641,-0.0020408604289622887,-0.0022398563757055436,-0.0008427223268871114,-0.0009432528627745168,0.003958938222139809,0.003005710337904171,0.007654818743538086,0.0072958024095599126,0.0036306797713785083,0.002780778502916988,0.004404676305161562,0.0036935148109737393,0.005876222929684639,0.005276752704613826
4,0.03516486517955245,0.03315185075421771,0.010638571920216474,0.0064641780507934355,-0.00226595333670003,-0.005736452916516121,0.0007575273728497127,-0.0028187152117249105,0.013195724469127746,0.009464901951056117,0.01597119317320938,0.015927066331566743,0.002483379361839396,0.0023496263622792835,-0.0048883662827819245,-0.005090747558011225,-0.003188810160553345,-0.003505233245623504,0.004528456056451869,0.004347802464005809,-0.000824640944287194,-0.0010383723554408207,0.010106156618500544,0.00991683073531036,0.002924881884265154,0.0024211932572548384,0.0029556502127046414,0.0023940307568101962,0.0047815286336349875,0.0042690059321484775,0.0019939292533036118,0.002403741772377874,0.006190188553256844,0.006303368356031602,0.003787801966515749,0.004179143616998948,0.0057483117770089805,0.006102647923771989,0.006441364090263064,0.006675447255031585
5,0.05519602593750098,0.05224861200263851,0.030717458349809712,0.024997985887675468,0.016592806171047293,0.0111242359384293,0.01884278781621468,0.013157618326398599,0.03364956862754455,0.028243894290557375,0.030605198195555648,0.029623423071451445,0.014971094783541994,0.013134056379752984,0.005550100072792819,0.003609335280389942,0.007096617594050414,0.004976208696358506,0.01581372685976249,0.013930424287365694,-0.0002022566168083233,0.00014134152475490727,0.007157696976577957,0.007754294404539563,0.004697772976734462,0.005636687975978942,0.0037878935835850393,0.004786476398735393,0.005132031051900597,0.00642516991326373,0.008324798510393526,0.009543198513851818,0.008986071025986952,0.009184008605108849,0.010118907774800876,0.011241197296294933,0.007836793400151105,0.008654449539669266,0.01024271423786212,0.010820439032577903
6,0.052549407882127974,0.04959373081857043,0.0219868757786223,0.015950937997514326,0.009715290614261829,0.004448889137669665,0.01243831378232614,0.007059992256489764,0.02727030627904678,0.021983274847649763,0.02214066605734854,0.020293269396358487,0.011677599768209689,0.008266817255473409,0.005512151410837531,0.002519871987244621,0.0070671161286467166,0.004062076318807037,0.014519554423904615,0.011470456672243482,-0.003952979113103552,-0.00416314794404611,0.0014411132881130106,0.0012571267207837733,-0.0023522962013990596,-0.0027453131260066163,7.15609989951343e-05,-0.0004279099984150671,0.001812436210251359,0.0014638919789321287,0.007837793822870618,0.007799807521563039,0.004214764198838922,0.0040925918408711275,0.005209254042873973,0.005089187607510045,0.00611117486174327,0.005811814247262006,0.006193405704220124,0.006018213122927602
7,0.05801736311061062,0.0558983500229678,0.030200559144168936,0.025559553934832634,0.015042558041892237,0.010799103626439764,0.01842243154951622,0.014122127666091541,0.0316900177506234,0.027536892102650985,0.03371176513576089,0.032435508697874836,0.01963284400361729,0.016874164115597105,0.009623577948578623,0.006999950826469011,0.01128712100976394,0.008620121956439918,0.019576847111951047,0.016971764598680092,-0.004282900671445077,-0.004968647268399017,0.00713079217212427,0.006617824496767814,0.0014350814774139757,0.00035554499199324304,0.002271933014981754,0.00116318300211062,0.002527134176565837,0.0013597168607255125,0.003926150823610219,0.001891664210011218,0.006148519072751787,0.005487430779553975,0.0035285072882253457,0.0017525312985532439,0.004390223319900946,0.0028173571930704294,0.005713585014866799,0.004414478417417829
8,0.047798845359880146,0.0461532115868483,0.011109177501399873,0.006840990131541658,-0.0028530132577248225,-0.006475384476130381,0.0005774930342750018,-0.0030284372079837888,0.01403384849517792,0.010477244312212412,0.03158372732598795,0.030853670819459743,0.009100731424125558,0.00715404541635514,-0.0016785436141347827,-0.0034176421732710514,0.0015673803103371138,-0.0001629111399688241,0.010989504500354135,0.009376778163397345,0.0025894181255863248,0.0024918850521733057,0.009394334521071574,0.009311973940907459,0.006932581000170209,0.0067682477450576595,0.00711957367262443,0.0070031295492757354,0.0025191798619590895,0.002293777954929138,0.004917033718201679,0.004589969675917557,0.008140293415403666,0.00797446862586372,0.00782713295901168,0.007638521162839994,0.008453900670203268,0.008170052426392545,0.008431624396945567,0.008223437244312806
9,0.046343734926787124,0.045219847962665545,0.015605170793390355,0.01275374643737281,0.0018115047252238014,-0.0009068803223045915,0.004570105709920166,0.0016645997899755655,0.018338124764550927,0.015954861565047083,0.030436893501980762,0.03003796979023739,0.010270165363152731,0.009240633291774172,0.0012720466803491787,0.00011732825765322647,0.003414584507075074,0.0021365076952327136,0.012905899238731278,0.012042191658440358,-0.004030909636455469,-0.0038842955309103403,0.01241146094440148,0.01301116122949228,0.005264287806496773,0.006067627242519725,0.005177581203593457,0.005992287180501045,0.00654473335307736,0.007502081213067222,0.003263512891514981,0.002879920771326672,0.016690706986356437,0.016611251960391166,0.011022653138434715,0.010884227801857518,0.010858997841862738,0.010788090227064229,0.0132288052026437,0.013149072970564595
10,0.058018558089547013,0.05511217848054031,0.024251830136281214,0.018408058135674102,0.012643527474306651,0.00781264377017319,0.015284996369511125,0.010370071772951874,0.02888666937652882,0.023944130777785243,0.03012278213332073,0.02870610578420111,0.013437155230393693,0.010741110290366387,0.005429140717044852,0.00311589007304757,0.007400378648792001,0.005033109751668298,0.015199749586292078,0.012827699354189929,-0.0073215996160814565,-0.007247253619793852,0.011941263361061702,0.012121562418086103,0.00426997403621339,0.004500154233460046,0.0032071037574310313,0.0036094152638516583,0.004399071360808095,0.004891653177236723,-5.421183697333059e-05,-6.059174885347344e-05,0.013325494941051336,0.013324587145011108,0.009090711044294032,0.009353109597352138,0.010946957630633667,0.011203171420834403,0.012473487094151482,0.012666896747119636
11,0.05117509959170977,0.0492857431357432,0.01663333845667613,0.012227533537069265,0.006869259558599258,0.002981807818406435,0.008207484598456525,0.004192876501511546,0.021605837053411507,0.017694124752360776,0.02519394721519779,0.02439448275092964,0.0070193642895611,0.005171317734641132,0.00060410283301808,-0.0011555294083976076,0.000861062599215082,-0.0010215960769318802,0.009401356601048058,0.007615165750155205,-0.005762030519344703,-0.005884726811450664,-0.0003923560703410661,-0.0004175859743327538,-0.0018559127089812783,-0.002031590564719824,-0.0009895363481930894,-0.0011543468169403922,-0.0012237377356803195,-0.0012943930226906228,0.004987046482486679,0.004924507485263752,0.005228739736608914,0.0051333094768667336,0.005427502026352273,0.005243330434831174,0.0020560469506400994,0.0019474905175594173,0.0032655175054621755,0.003176368774886145
12,0.05266732420816409,0.0503291861322106,0.017991764719490252,0.012794061124936112,0.0030388837738228257,-0.0017523950224296605,0.007283354334821171,0.002277959945118969,0.024508446018367686,0.01994102345733494,0.026481749699832198,0.025591245990873625,0.009938609694698512,0.007960490097432249,0.0015394698207850772,-0.00010678119876127898,0.004831304574132165,0.002953689867053899,0.014931941764989281,0.013346577850684622,-0.007350920918951999,-0.007763409406603333,0.012476314713437178,0.012250015616569557,0.001862304779263395,0.0010271873834417217,0.0016390680712571315,0.0006864541636267681,0.005652569574376305,0.004864819999848816,-0.0022173606698619704,-0.00268677635696177,0.006002452321536633,0.005960853138902053,-0.0004074470274012841,-0.0007808175492479656,0.0006679219672002955,0.00035832816231791826,0.0048378643954195555,0.004729699578308896
13,0.05100870880626179,0.04869583838626382,0.02516702718017545,0.020679828429681107,0.008705989766172437,0.0046501043461294606,0.01126833867893296,0.006978517605451008,0.02634076078338392,0.02236797596296041,0.026320813241601303,0.025808979598718078,0.01712003658846351,0.01640906972262298,0.005330868324306929,0.004267350953571103,0.00717567527793061,0.005978829582319772,0.01691833661181265,0.016076325413708133,-0.003552207373810593,-0.0039039090672891756,0.00546682416739252,0.005144088198837636,0.002171515980037653,0.001656105299201684,0.003010747262442247,0.002426711139288885,0.004588464058227383,0.004078033889235401,0.0022590882618919563,0.0012724203379741819,0.009247552035212976,0.008938280721812313,0.007307686250605927,0.0066810050632079955,0.004918638652197197,0.004160360847096339,0.010741002466876088,0.01028398202687885
14,0.05971255572757583,0.05708184144319273,0.024920436193505875,0.019529842956954733,0.010841210840426819,0.006272146166173695,0.015419206743278197,0.010751957149246202,0.030130925244042532,0.025347683636172364,0.03420392444009422,0.03288135417319034,0.014244146755505383,0.011466396307138537,0.005255437916572004,0.002902188633562443,0.008020551780019956,0.005590571023172585,0.018085519525339985,0.015613094221983963,0.0035140053420094687,0.0031414161309963676,0.009094253472111631,0.008705328916669374,0.007542793679467905,0.00670908500615703,0.007470143545800311,0.006586145378594023,0.008543582369811124,0.007622858866160402,0.009076048429325549,0.006522098373328515,0.00950684318759302,0.008604633044779998,0.012180728097599416,0.010140780467633961,0.011044397870629987,0.009104383613014643,0.011777914571992735,0.010136713481347094
15,0.06394786779139425,0.06181763084914575,0.028048289150678862,0.02301794287650391,0.012473475952379295,0.00805075374152779,0.01687006612124193,0.012297780101499822,0.0337652809779559,0.029340735995697892,0.03357532386653071,0.03238853605699246,0.018903684224089584,0.01617400654753982,0.007872495820325036,0.005357873571156876,0.010519226261522987,0.007895810145045735,0.020949978678430327,0.018423512303585347,-0.001969155491873633,-0.002566995303340479,0.009986470013527768,0.009144027438922484,0.005879340699465831,0.004824970414072255,0.008756116661482566,0.00750719425170267,0.007789118945494169,0.006467013305333134,0.009197498941518325,0.006728937726165127,0.013280172958402819,0.012295284478504127,0.011353803726030318,0.00962124777224868,0.012061340548604752,0.010466117358549904,0.012407704499733021,0.01086919224802047
16,0.05256391032244458,0.05018981421785116,0.030951901320393032,0.025644209610597612,0.01839885194022925,0.013950987990050923,0.021083965883884483,0.016517631170955505,0.034362877493280305,0.02983747084827315,0.028892399680947922,0.027365890281176586,0.016793846220877578,0.013541369315475369,0.008561521177965931,0.0057821368648808946,0.010271242459188082,0.007349939989484541,0.018525420914185374,0.015589087434674806,-0.002861861217161677,-0.003673513319956706,0.011395753808802816,0.010219809909752464,0.006604891096384668,0.004806212517160819,0.006619413011491502,0.004644096493820943,0.008193014718517574,0.006008190215008516,0.008031574449408732,0.004274691308943662,0.008236608815369627,0.0067545680232942214,0.008215045155527007,0.004973251055321699,0.008161651654403102,0.005193722831203039,0.008402316095336152,0.005906260804865475
17,0.041542983924991436,0.039334174404291725,0.014601463219008372,0.009976189961980455,0.0035483973145205203,-0.0006604863296089172,0.006470717860814901,0.002225846792253543,0.018695620312389177,0.01452439118548332,0.021699523740548628,0.021534921341751823,0.01004995367561404,0.009581409835735018,0.0012588716178363571,0.0007642450436205761,0.0037091395812635835,0.0031168025778584036,0.010242637094743361,0.009703456164258393,-0.0009214762720665202,-0.0011702400866569782,0.013183512180162277,0.012853801980317325,0.007592755858777864,0.007104690749206405,0.008354686399934074,0.007871906612707745,0.008390448626887956,0.007916706702429738,0.002504319648671192,0.0023789762418342806,0.012041938504624792,0.011930021339116179,0.008706571633582351,0.008765137525191471,0.009722967718027992,0.009885961580028971,0.008264035922012527,0.0082313216589352
18,0.05537246139338954,0.05394953768029672,0.018729932320133705,0.01577890521046612,0.004767782782311528,0.0022771390393853987,0.007336960645215972,0.00471534859551135,0.024587784697856857,0.02212676545897839,0.03183439353754315,0.030988839643029713,0.011736404269538672,0.010004255521102767,0.0006520011583020447,-0.0008122120163112903,0.002683698221279103,0.0011148824003743354,0.013100470238056734,0.011550044351597386,-0.0041691186414611866,-0.004563439549955757,0.009769021573639281,0.009240970461015033,0.0018083789137775773,0.0009184951373730282,0.0016938350115615355,0.0006239836862157244,0.0008644772580809887,-0.0002614526674764106,0.0031159930759144276,0.002308238932168518,0.010086649827184355,0.009790594531429945,0.008620789165327214,0.008110030381558548,0.005637237264004837,0.005047914741297277,0.007245883817078008,0.006778651971711798
19,0.06436427966208604,0.0635910760951155,0.024117688762985496,0.022260167966815004,0.011279914487391917,0.009259220845662951,0.014504857715446861,0.012316149188984313,0.027502741494855786,0.025559081984915594,0.034669710693731946,0.03469803928792417,0.010925552827324412,0.010891626605794087,0.0025512599281372083,0.0021690265979541134,0.0037951345114998073,0.0032624017336254792,0.013198434790371406,0.012884997621942154,-0.001635490411139288,-0.0017477212575532249,0.0031731921956697404,0.003055433776317969,0.0009301421557564941,0.000751100311827139,0.0013474239693783007,0.0011594115045244994,-0.0006698968307370954,-0.0009260519271815983,2.5451293847840473e-05,-0.0018169568130981517,0.005758243232629282,0.005142206460344796,0.005913003405714958,0.00452429429911334,0.004711489677530889,0.0035376730442779015,0.0046247387543446134,0.0034915152596361673
20,0.06150992251459515,0.05862703396377948,0.0319604531311002,0.026427629775964533,0.017659865250627203,0.012740522081824152,0.021342977830874885,0.016357356456702787,0.03474926931937242,0.029765740228702355,0.037125338736197444,0.03612876721496729,0.015595208368433653,0.013476111672333053,0.008048648587488166,0.006026420526773954,0.010629225043669966,0.008500157046070865,0.019019822378718024,0.01701684613456304,0.001749835370461475,0.0017507276074598468,0.008855093345600511,0.008901745248774483,0.005428665774966399,0.005452043979177998,0.005382233496778477,0.005444952552553398,0.004686040796024237,0.004838342871747373,0.004337901898767345,0.003996654545262508,0.006672637016813712,0.006575345540724161,0.009721688459359258,0.009730620264697525,0.009068746580323878,0.008884919103451506,0.0095965960028082,0.00953805665366135
21,0.047709386767923675,0.045957982867216196,0.014481640121048484,0.010692493062506152,0.0008577776820358141,-0.0022356047006905867,0.0045544684751322026,0.0013955654401470185,0.016321807209555707,0.012985016851781434,0.022578061502256056,0.022069542742674413,0.0029876922860080416,0.0018033738126678612,-0.005855545475272667,-0.006898154307282932,-0.0036656696344956096,-0.004782952526396343,0.0033353313723646005,0.002198404864820821,-0.006133126053054977,-0.006361393181635583,0.003915996264062184,0.003706221206907915,-0.001776588594508352,-0.002220316123798011,0.0005147578315855083,7.88706710205632e-05,-0.0005992053327520645,-0.0010690905863929537,0.0009358060970719754,0.0008150047610476598,0.006883462637590393,0.00683062151853622,0.0008695748886510445,0.0006592207295368477,0.0027160021802277528,0.002519317810276825,0.0023189062845564348,0.002220500924009581
22,0.05565029827735017,0.05405262586474494,0.023885189387070183,0.02082760432360261,0.01231826161497946,0.009467366761667944,0.016423631643893183,0.013428344862647934,0.030802802927885686,0.028162281688402634,0.026633066184830634,0.025764937406668187,0.010111097174779258,0.00860393351233086,0.0032092939766108206,0.0016486271339124794,0.005928679807644046,0.004301744241035605,0.014453782323891839,0.013056488104746408,-0.000707179701725137,-0.0007933023676885075,0.0007964026773454675,0.0007088102678407315,-0.0010961781119461658,-0.0014454741636473478,0.0010408613955049857,0.0007291714957298973,0.0012470292605679958,0.001033400372050619,0.007310233795238682,0.007341759923479773,0.004280710308317933,0.0042077191841519935,0.0038290939509258797,0.003790426822568465,0.006666103111530477,0.006736886129911236,0.00778507259483296,0.007896071021607517
23,0.0503800596865319,0.04773813315610097,0.025118175841860886,0.020497920543387636,0.011893934570934624,0.007624771665943558,0.01372465766988062,0.009286435382579783,0.027682625306223646,0.0234361485500717,0.030727081712706994,0.02939782468868275,0.01682936283192044,0.01486498228324575,0.0076816688923406155,0.005733248102523256,0.009434865726165892,0.007314443093318376,0.017992741086290048,0.016020072739964412,-0.0018554604858235732,-0.0025887968494426434,0.007049289062227721,0.00632185856435329,0.002484655703272852,0.0011552218378435037,0.004817940566413149,0.0034749928156923445,0.006766803729634849,0.005367661813950932,0.011161689537033932,0.01010069825279642,0.009812513765317225,0.009272981255446752,0.008524054460570427,0.007330344653611753,0.008784175022134582,0.007732678301375988,0.009915471726005782,0.008969588575852897
24,0.045299894849612596,0.0430249869820376,0.021652151759366613,0.0173950727526076,0.009133167118480282,0.005424054434637124,0.011192925139029423,0.007299711619439639,0.025687926945518934,0.02186304528469789,0.02351500109180584,0.022175270828506725,0.013072502446988044,0.010824991892769201,0.004433655580660567,0.002414906401959504,0.006356552904633539,0.004200822728571619,0.01502662603675628,0.012970649392796654,-0.0007756792312684843,-0.0007297807568052478,0.009511285708767029,0.00961606302872301,0.0079776274989071,0.008231141981391223,0.006577141099971634,0.006739478074109006,0.006735212485240866,0.006978401852411058,0.000791138600047017,0.000430730447710366,0.012833719436803748,0.012712054257322553,0.010504784749021492,0.010619556451137283,0.008292319291689384,0.008109981566336372,0.008617427242513659,0.008511790362126539
25,0.06152732927221838,0.05881491185778326,0.027375284355723745,0.02127180533738907,0.011540119705688455,0.0063558062556042004,0.015939948588553382,0.010570912834460888,0.03038005059867015,0.025084080234996232,0.031141845857174544,0.029479124959987023,0.012786947174878844,0.009217705207460247,0.003106931266056407,-7.739124419437627e-05,0.005204034136510289,0.001897339375957656,0.013592482437492944,0.010253455212798116,-0.00511022796930497,-0.005452689686551141,0.0005403922220093677,-2.550996681971466e-05,-0.001884396522893412,-0.0026937109907202847,-0.00047406265020961816,-0.00148870586960343,-0.0013198945374638137,-0.0023961678647625288,0.005469012857711717,0.0023901841644473104,0.0045921641429220415,0.0033919333715644144,0.005678310983674882,0.003330142432297483,0.004684351577200709,0.0022535265202348388,0.0073585617227578184,0.0054826361325911975
26,0.05667862435298906,0.05437246288616073,0.02594147616916828,0.02107043755764825,0.01207381311196794,0.007856077654093659,0.015066099219044296,0.010556373518165607,0.029631281096099298,0.02540090592606927,0.03277272336120688,0.03239385735569651,0.012983758564125364,0.012099078107323963,0.005157415730525803,0.0041743568906372555,0.007422865984728517,0.006259378477569066,0.01499599739327662,0.014007601710339657,-0.0023103424447077797,-0.0029438821176602423,0.00893388019435227,0.008096474530368929,0.008360353234813272,0.007104496936103712,0.008767828717301872,0.007388393674987908,0.0075291714571163225,0.005988165650268865,0.002465433594395587,0.00036924297888148123,0.009742376846262519,0.008939403414910852,0.009618805119610491,0.008204160629687743,0.008378264594201266,0.006939960717808518,0.008548648116917428,0.007369968546439847
27,0.05499876709696402,0.05154714273040584,0.028609678516983268,0.02163953487835927,0.014125613601193276,0.007785117360639329,0.01700815345262136,0.010710609032627013,0.03221781244743584,0.026030276094789993,0.03108171535602079,0.02952264553774316,0.015672850024879968,0.012641325098010062,0.007634728766020843,0.004792789575577346,0.009834614561708878,0.006999412578993147,0.019000298571124685,0.016303350033393206,0.0005611750993485548,-6.338091196778915e-05,0.006874954275022565,0.00614171560239829,0.004122130216413451,0.0028074783492391298,0.00456926045624442,0.0032169385739531813,0.0053350447008385414,0.0038794281702813497,0.005664163931277474,0.00443267891972607,0.005814467447773215,0.005261747062965958,0.006785406908594339,0.005620404276419198,0.007584774442959408,0.0065113420048809574,0.008977814792251291,0.008014326427044426
28,0.05057613789572207,0.04867235862705861,0.023590443544705894,0.01916157640184807,0.010826504516355829,0.007022751382461984,0.013781646076713238,0.010009074638043089,0.02725826503848831,0.02345394915238408,0.028521223251251122,0.027756305483521464,0.008969287606841606,0.006961464390004525,0.0005940588194365039,-0.0010231466470237841,0.0026264675769635155,0.0010072188930022956,0.010831012610085069,0.009147668500293834,-0.004835854215100207,-0.005134946382466138,0.006030603486006826,0.00561162237466726,0.0012764019628499108,0.0006316466094018739,0.0013029732465861075,0.0005819780054240199,0.003084659253768866,0.002323091190461412,0.003548638486718286,0.0024026655592336963,0.011062705448088893,0.010678861605765092,0.0098274006500004,0.009215955922937894,0.008089189192550595,0.00750700960412666,0.008268880420985029,0.007718543822519519
29,0.050785836197755674,0.04961849360943367,0.018667534276212566,0.015815994585399902,0.008308227821106543,0.005697123854069185,0.011429515797684153,0.008624024908083124,0.02497860901071368,0.022619450561555517,0.02232316859625611,0.021493634162621785,0.010214861805737713,0.008413082769004588,0.003351822001158957,0.0016747787090142436,0.004639815098901287,0.0028561862083246172,0.014205219580795897,0.012658447321630953,-0.00951724146088442,-0.01015201572777319,0.01462225217709848,0.013857838488169377,0.006234314973385769,0.0050465099727686705,0.006593156804955059,0.005336711847781237,0.006464694676500934,0.0050062367286889215,0.006000192737441139,0.0050359552833777075,0.008800910488195316,0.00826696593161617,0.008596460284927129,0.007877511754660362,0.007286232327367878,0.006517003281439625,0.010629715398246248,0.010037001744582231
30,0.05623105964167463,0.05354370385970412,0.026749259932283425,0.02116832218217089,0.014742240233992277,0.009860144493921667,0.01818599024936821,0.01309134529661484,0.03078639461163642,0.025750372840716552,0.03264830577397042,0.03175240426949768,0.015530491855542266,0.013637173497756954,0.007352022280188259,0.005607143008137902,0.009808958098868007,0.00791621191096901,0.0180975675973895,0.016294585819800384,-0.005016775771668357,-0.005118560504133615,0.009183462091761142,0.00921744612088894,0.0013247565491605801,0.0013048369513779822,0.0010162688061690808,0.0009981864336958395,0.0017567517452259569,0.0017068514006676589,0.00017633783722066326,6.362602994865389e-05,0.007794063479294405,0.007785746225791748,0.0050022682660922245,0.005079166430275012,0.004665804603421353,0.004788440987026335,0.007371983494009944,0.007422656147512199
31,0.05626399195500549,0.053072686169015434,0.024115283664208936,0.01803335863331536,0.010118961268351401,0.004681956602476475,0.013154880456834748,0.00751776749570951,0.030348892131142325,0.02492511783886,0.032570034999878775,0.030545504525947547,0.011986916576839934,0.008018071353559902,0.003918426370982112,0.00046770774595013856,0.006499925981649317,0.002960030153269711,0.01659838713533296,0.01311068362011871,-0.008985190585039805,-0.009270669413581808,0.010008654243756899,0.009837549148621347,0.00265259099871219,0.002175236111908941,0.0032541384134241506,0.002771813201423835,0.003901917014647769,0.0033843983918539744,0.0022737098505046143,3.5387021289990867e-05,0.007509116100576493,0.006766681135874466,0.006631684989496439,0.004930108257050867,0.00760918375051321,0.006034255730984988,0.010212122180683365,0.009050246748514613
32,0.05372178534173858,0.04966939738060196,0.024968130578702525,0.0173045064237307,0.011026718543180738,0.004520885707222308,0.014490960722933294,0.00769222007156869,0.02936499612854544,0.022680121707873487,0.030527917788541758,0.028708019652768903,0.012850913087050034,0.009228526206011726,0.005335338232955602,0.002281571185909208,0.006982120512567557,0.0037245501860015155,0.015301948149744924,0.012072013076767146,-0.0009561571208907971,-0.0013082829886522456,0.006386858385115072,0.006087352469478766,0.0028120080372651896,0.002289299367981741,0.0032316451178187483,0.0026234682696948943,0.0033184589519724117,0.002680007573642113,0.0039673873033087715,0.0035087520320755557,0.00593948554339775,0.005677923841014898,0.004700366986200121,0.004187685945256678,0.0038134995542155764,0.003182977994427639,0.00662019787610212,0.006195309512279719
33,0.05510113793148634,0.05255695792856206,0.02387492279747077,0.018066331895335578,0.010549004502048185,0.005210010511451845,0.014169991399722392,0.008847010582853188,0.03307287513610936,0.028011417451364602,0.035075648736113296,0.033792217006830244,0.015131166868082191,0.012139455879363329,0.007874218222167296,0.00497512758310136,0.009723354584941838,0.006796939460521602,0.020758771007398626,0.017997123702448388,0.0018817907207418813,0.0014739979468472476,0.013340457661300296,0.012960729772079705,0.011504948297689022,0.010917616277250674,0.010699470833023642,0.010156397148158428,0.012930001263241448,0.012339386920530996,0.009949694650389562,0.009678655369752598,0.014364811102918823,0.01422939796841218,0.01462373893588394,0.014756593707058906,0.01446900508088422,0.014620162203144948,0.013876900043804078,0.013858217948828045
34,0.053759347805235856,0.05084169433225383,0.020242380860484074,0.01410394350851992,0.005599293749421983,0.0004622326565171295,0.010272813573432748,0.0050918277238462435,0.026174619069412687,0.020979552212239756,0.03096516878061062,0.029306957630348636,0.014183577233094926,0.01094189080543328,0.003789685516091712,0.0010874316069409327,0.006877184362912489,0.0041042427623728,0.015945892045289612,0.013084970667498749,-0.0010340146187480027,-0.0015685897858485655,0.002117917228584746,0.0016227058163084235,0.0019524178921799175,0.0012018850319703341,0.004614789281886293,0.0038219638383923003,0.0033273207673021033,0.0023829263050095715,0.011972623702062672,0.011124073979628004,0.00581497059448085,0.005412992639610307,0.008417837798133205,0.007727007678856067,0.009062064158702312,0.00841925197796807,0.011254526076529634,0.010691635942096562
35,0.06885930519058212,0.06702327795631288,0.023461832602714356,0.019165732404148948,0.009149977275726551,0.004915627057554833,0.014526959026453224,0.010246120186546925,0.028064214706721047,0.02404315986875111,0.033618085714524876,0.03293244502998205,0.010941160609935172,0.009237454972184662,0.0022076200384433357,0.0005306956961340116,0.005480241041034542,0.003742360761886142,0.013554369895031643,0.012016972059198609,-0.004437448037515232,-0.0040547304227274445,0.007497900944970212,0.008141295137968907,0.002860575688181187,0.0038002644362629587,0.003549369536400121,0.004698626278818033,0.0021948441541698948,0.003263430224854446,0.0067069829490439435,0.009144359010850586,0.010982614528720772,0.011879551172728226,0.008825837903747493,0.01113609016479398,0.009568602024891027,0.011623936254163358,0.011583796413855698,0.013193713944965064
36,0.05362842080623179,0.05184047483511439,0.02595671792036215,0.02244339847525871,0.012050522447339163,0.0084918524018456,0.016049316811702373,0.012286813490845105,0.03017549413368296,0.0268442892219868,0.03117155316676825,0.03015706061296644,0.015680458135566684,0.013726903329510856,0.0075343118979459365,0.005563119011120942,0.009565427100690155,0.0074174149946754,0.018587413080401356,0.016738927993920988,-0.010296817234572677,-0.010457099169181175,0.0006511861504571991,0.0005551271597426264,-0.0021478074500650675,-0.002496587504681682,-0.00250376938017348,-0.002809516685435362,-0.001569819425708463,-0.0018965913925387073,0.0011255259488946834,-0.0002470936510606871,0.00849190174298616,0.007880777499143338,0.004767667673603781,0.003699412019020641,0.0023640355429336724,0.000915043807750747,0.004466476811617572,0.003403168005779397
37,0.0574761308131991,0.05461166791534846,0.021769384358960784,0.014891895093556864,0.011920368416536247,0.006545517844382726,0.014199536201893334,0.008677543306181723,0.027223521810038204,0.02149420327764278,0.03267035499310679,0.03160490636198387,0.009648166226378253,0.006924156071637756,0.003249761657551903,0.001043667699010229,0.005096641130205587,0.002764282442737409,0.013848731913702889,0.011507146808809963,-0.005752366034463581,-0.005944029908864443,0.004659022085852005,0.004528183812913747,-5.632189654775664e-05,-0.0005214144792555511,0.0014122532680237619,0.0009360363710386704,0.003014459238392134,0.0025728973867757245,0.0023277723622684063,0.0016710943429798324,0.007664869595616576,0.007454541386988371,0.00434674239940926,0.003895935997208998,0.004936705921901553,0.004588811346517898,0.006611678488356245,0.006219841299368264
38,0.05788348525188125,0.05504566081910554,0.022855466829595793,0.016937591305267716,0.011429051579610985,0.006361675874174482,0.015484154136661177,0.010335868151162619,0.029482012244786304,0.02451022523549566,0.030191856206012634,0.028824526153580932,0.012250496849206993,0.009596093693995177,0.004696492106442781,0.002298182383936606,0.0068787135652878684,0.004495711661888063,0.014922026384052031,0.012654239327558981,-0.007684247684915674,-0.007850923429237596,0.01282028484584013,0.012809787759209068,0.005541427647551592,0.005450075132483704,0.004619015623818753,0.004394875982105028,0.005424933385409373,0.005291710307414527,0.0018454511107890482,0.0005078440979446689,0.009774656598305207,0.009256711571913823,0.007242087003681364,0.006086328590262695,0.008067179942645044,0.007047511071819867,0.006291289963287383,0.005350821050081516
39,0.037402010690382355,0.035496855655279276,0.013184005197830712,0.009581029459888233,0.0013309720999833065,-0.0018917790715237124,0.003766527835609905,0.00039109989623167807,0.014877008257256899,0.011581608416493739,0.020934861449973873,0.020500011639607664,0.0064122659594858826,0.005872755904869715,-0.0031211140872470836,-0.0038682796678624854,-0.001058627979751268,-0.0019579441040976715,0.006477256575873154,0.005715749514190002,-0.0017337188643468833,-0.002051801990153867,0.01297227507451552,0.012681647182881426,0.007779101365042009,0.007236796645002588,0.007608889161491711,0.006992357951690053,0.005754321829104881,0.005089979792626195,-0.002738997796088318,-0.0032494858186419054,0.012932235021635255,0.012955076454187461,0.007585354924083706,0.00793947367089442,0.00880832347357883,0.009074819169602762,0.007796860817765474,0.00783541343840705
40,0.05575085809503766,0.05421360297413924,0.01581198775873091,0.011847247873184736,0.002322130475016832,-0.0011329824831750432,0.005888180661121144,0.002309410567831475,0.01933083693349009,0.015904358381935227,0.026242836455812064,0.025139996386625296,0.010733063648635513,0.007990921839574904,0.002481848777273028,0.00018835478719018088,0.004846074416368092,0.0025086712823577865,0.01406821310084062,0.011776311298567066,-0.004601768694328875,-0.004925245657830911,0.0028264781961398157,0.0023003691704442035,0.003014346031149022,0.0020918107038111642,0.003575530201679382,0.0025647399514809976,0.002952190294727974,0.001840331490208734,0.0017968034087568377,0.00035787032297259484,0.006860336665379245,0.006408849835296483,0.009965152696115805,0.009216838041877385,0.0029546574028801956,0.001973823345266607,0.005142793480363681,0.00420801112386035
41,0.04283888109760969,0.04080271612291879,0.018299891387210804,0.014073091075319958,0.0034025675534921688,-4.710559572381646e-05,0.006011761384027914,0.0024996711332028214,0.020472748007383832,0.01676315203444034,0.021126004468223686,0.0204966635767973,0.010278321048108868,0.009036450832587221,0.0018378566022157615,0.0007509153273865819,0.0031709462339628,0.0019655040954795694,0.011927797862024393,0.010751097477986419,-0.004797231998210369,-0.0048985164092879094,0.007492896234492367,0.007307583959440038,0.0056202511889118355,0.005342579252475008,0.006440531752753803,0.006074938379662656,0.005141717051619829,0.0048268913829276686,0.0002844412778594454,-0.0006811539027055124,0.010952266823258472,0.010627772423111841,0.0072877625582276895,0.006662994930523978,0.00765011488819699,0.00695003362757229,0.010642712923072036,0.010160749961407606
42,0.07216411664037713,0.07029603169733092,0.030913446833583363,0.026453070521580718,0.01761760903448941,0.013775851945851462,0.020944194339909978,0.01696060635133771,0.03579914777406428,0.03187997690279969,0.03994051444659475,0.03908101653391251,0.013913971578213386,0.011573455128785238,0.0061939134327386415,0.004264614107063457,0.008237398507030492,0.006206452392247462,0.01800254292104907,0.016065766862739,0.00170381095178142,0.001548027520905242,0.005320781459386685,0.005186680889303134,0.006673128426289682,0.006418504564238206,0.007055453649504964,0.006835403304997992,0.0053174727648491096,0.0050728743012667995,0.006407705416078264,0.0066226242200345484,0.0074062360511726825,0.00737556834347351,0.007699218070936377,0.00793578908799475,0.006438281682429886,0.006580159476972681,0.008555864972144112,0.008669254105635316
43,0.038864684278982674,0.036772795037406915,0.013575441101601676,0.009052698902363503,0.0009380208321954853,-0.0026786871015313804,0.003410388941275014,-0.00023584086360659007,0.01719176774741417,0.013476638222189937,0.016452155573890084,0.015478726763909911,0.005050659810675699,0.00314232116812304,-0.0030575817160915153,-0.004671968166644512,-0.0019189970355792424,-0.0035418774364556786,0.007008581546731098,0.005436564622686238,-0.01442127231531094,-0.014380548988037275,0.00287425533890747,0.0030983858223643823,-0.006298956283922669,-0.006196353947982626,-0.006642532367024734,-0.006521094813680173,-0.003987169832083216,-0.003759195510433937,-0.0020074983710382985,-0.0028298656165418176,0.00459206987590275,0.004269402790490347,-0.00024954056097922057,-0.001241077912559041,-0.0015354452032470163,-0.0024911172760247453,0.0051725252410581984,0.004746271165478974
44,0.04861887968388058,0.04668589614541329,0.019178002254018667,0.014327222136800854,0.007937103900025538,0.0037356553332593247,0.010016269360242967,0.005681479778795841,0.024578304309725067,0.02044412938683065,0.025795568133359297,0.025083481982836164,0.009352486815131908,0.0076445521897975915,0.0017298997174688183,0.00021871678955295517,0.0037357172100316014,0.002179087279442843,0.012006541391190274,0.010610514977351927,-0.0034982501544099263,-0.003683617882049029,0.005880966373212212,0.005581341562444378,0.0004030145450380754,-0.00021723929951776008,0.003024933319342265,0.0024627496889281,0.004065621871822828,0.0035124975711198574,0.0030394264730196443,0.0032906346203504903,0.009943647775808787,0.010036554364027757,0.005661019113997762,0.005782638199868637,0.006856052799867042,0.007096079156265279,0.006745393908062576,0.006785784717202424
45,0.06406421276949045,0.06234514266637732,0.019224143396763326,0.015181449112122413,0.00533213037622275,0.0016550847068932235,0.009735472036281837,0.0058487586887183045,0.02237280152249433,0.018696015904932868,0.038700758571780305,0.03826559787816029,0.011647751094969572,0.010701388023723533,0.0025505333602341743,0.0014161365511867377,0.0057211896030446765,0.004487846964060057,0.012879911026536961,0.01180183388006486,0.00554694237600953,0.005024878338495746,0.006262615761656977,0.00542018952961082,0.0061546682864640125,0.004735681713947216,0.006982311105636588,0.005470469301528455,0.00534673933637103,0.003681587363003113,0.00508259697843582,0.00318574286935549,0.009354050334466468,0.008451828030632928,0.009738642716856037,0.008074208290984587,0.011400502335456541,0.009766612200369727,0.010332675804992295,0.008955157176625627
46,0.06324144624627574,0.060609481631638526,0.02440426271327744,0.018327712321378583,0.009427735370086206,0.0042761140469113204,0.014844677008668147,0.009596564293299036,0.030394816275660385,0.025270753916041545,0.0308647694288184,0.02941046813252395,0.012142481849639428,0.008956568741901118,0.001478364162874062,-0.0011565596785421393,0.004094499529662789,0.001309621478536492,0.015498439223361646,0.012809689281728796,-0.0004712401537995951,-0.0009936347537853973,0.009652742253204621,0.008868531557309394,0.009774102099468768,0.008812336175588154,0.009653745121571588,0.008514117613945467,0.00985962486622005,0.008685443311090014,0.005248059591618693,0.002883756828124875,0.008585756641799261,0.0076424462992928975,0.01042589854475369,0.008590661882698117,0.009731947990100699,0.00778010020994496,0.011326792110281352,0.009754963201692116
47,0.045072762903432394,0.042787666243864875,0.01902852771258986,0.014806515566981229,0.006720972885954485,0.002802057621121624,0.008640233914235181,0.004462786370733713,0.022880932723357738,0.01895157028819756,0.022939248164341716,0.021242137346927696,0.010247891590666417,0.007362470957792616,0.0034045881295893337,0.000744468874680364,0.0038178709611535236,0.0009799662632979877,0.011359042174245462,0.00855299973063385,-0.000489520412567356,-0.001201913097305463,0.009478514958479468,0.00888343783670039,0.004044906191673268,0.0030426693416909416,0.004180942682151621,0.002996694452616471,0.004078791688799569,0.0028728985239358444,0.005334457739512655,0.004215399640820751,0.010707501932707846,0.010236061156542967,0.009936851552452457,0.009361080079764824,0.006260000967498486,0.005219492316984506,0.007959813066638457,0.007211948612244998
48,0.0468271036857323,0.04391989573580635,0.025110182684393807,0.01945993247427987,0.013789944272928132,0.008919823475473609,0.015423837757282788,0.010388937354328895,0.029824577597920343,0.024911253913422724,0.027310562512108245,0.025448506162574512,0.015323133279393785,0.011808619469233231,0.0077048977969649156,0.004633983432266657,0.009262442611548002,0.00611020299953554,0.018728849626444423,0.015621307031546636,0.0011430992132059582,0.0010332505904872258,0.007684660051958519,0.007643646249496168,0.007345602510969845,0.007163021892952181,0.006929668790252129,0.006763369655328533,0.008271861205662158,0.008275858627838546,0.006637732364072874,0.005056531524677576,0.011018688927012736,0.010360359332059024,0.013576574344655031,0.012475767670595349,0.011180839698064502,0.010016657079772274,0.011105520199784277,0.010108497328279014
49,0.054471761089740924,0.051207007573319106,0.02722488382824125,0.02091730539606478,0.013732375596444437,0.008212263560766353,0.016427557250650853,0.010809710010496168,0.030356645792787122,0.02463042329056306,0.030862414079909493,0.029264442174740272,0.01665006306676175,0.013567271584045809,0.006524986303173756,0.0035455737784990627,0.008238781896226245,0.005218746646796261,0.018017170201282594,0.015012939377850702,-0.003319341736401471,-0.003855828120249289,0.009820562561811259,0.009298548054799575,0.005693696599237915,0.004719717074465467,0.005064202426869883,0.003962037487924941,0.005351818329955908,0.004186118419967379,0.00423799597387336,0.0020296531418872565,0.006935967752291067,0.0061277393935229765,0.006555345894390591,0.004811270074268357,0.00642870060257056,0.0048524339981362375,0.005130625132570968,0.0036747997535137036
50,0.04633033757073124,0.04389171064467372,0.017285776947836697,0.012113093492034432,0.007171816356606062,0.002631169920706595,0.008246925350865483,0.003588730581623632,0.021127463993348437,0.016565119328573887,0.027166994635597474,0.025506856609764532,0.009276373470726256,0.005810463334335378,0.0015515056754708152,-0.001408217011564006,0.002565841694251939,-0.0005171637317865247,0.011003681823787193,0.007900323333187397,-0.0014906261362880918,-0.002177526036074133,0.006359902450833589,0.005351146371761746,0.008756362207427586,0.0072997365477394825,0.00806774065638743,0.006549935857660463,0.007886080942916183,0.006211683489829424,0.0022003827134970595,-0.0011751136975727849,0.010575540417420764,0.009155641493223463,0.009837352313324988,0.007526304369014228,0.008453200948143991,0.005956506961957471,0.010735636859991878,0.008598139833407691
51,0.0448039254628457,0.04299914741095508,0.011526197015847003,0.007136457657491264,0.003258480799221299,-0.0004978723380888074,0.005925504984896543,0.0020266603486896787,0.019211777858900554,0.015509651037155634,0.024757840300478652,0.024447978515346372,0.006420007000827302,0.005496835510647738,0.0007714693446906584,-0.00017230669783410685,0.002057904928103717,0.0010138132450676982,0.010238830395569628,0.009361557382552269,-0.002833300607706859,-0.002854480840783323,0.004074483097894508,0.0040817481476160804,0.0057502443578606385,0.005721920284378129,0.003862859028661506,0.0038360650630711356,0.004434945701222076,0.004551157995328028,0.002097642263572061,0.002180741642154759,0.00939003445108138,0.009358093158432905,0.010816686706340466,0.011052769827962826,0.007309870816598433,0.0074245286558897085,0.010699214407743875,0.010880633580302388
52,0.06177425389719561,0.058545506602106,0.03035722929220757,0.023256509710798144,0.01541359168502865,0.009306696988449189,0.01996632236376151,0.013711241882952595,0.03680951721457833,0.03083557253648066,0.03751172942270925,0.03587639622511578,0.017130430713106288,0.013372107358021534,0.00824511826909113,0.004989387934056075,0.010850027400702147,0.007538127917232648,0.020544007415687328,0.01739504478417334,-0.002401000914816813,-0.002643017758946631,0.006524023927886741,0.006385627977326081,0.005020026664849583,0.004782786152776183,0.005572018078033279,0.005385074684235404,0.00242635310561815,0.0021228961343333877,0.004885104750373711,0.0033056259004107364,0.009428145518818511,0.008730386194528136,0.007045602341512189,0.005745839726497846,0.008284108002709926,0.006998306333457163,0.007437302659567019,0.006320377452619383
53,0.04421504249366533,0.04222462956695491,0.01708238571059831,0.013539535029033272,0.006429001364573544,0.003248653135744915,0.009194946882495126,0.005823429636714432,0.018513499979423784,0.015033555928281431,0.02470655571538883,0.024230124504882804,0.00982782605445708,0.009143450291987038,0.0036979920613482197,0.0029612972019200105,0.004811945744897547,0.003853949444738539,0.011076818149839544,0.010198760393092973,-0.012513877550735283,-0.012611792757405468,0.008313994735422634,0.00841281267688692,0.0007538331549491752,0.0008294340048865783,0.000102503642225534,0.00021602631523461374,0.0004444671443720452,0.0004902090118297889,-0.0028082460072127507,-0.004399922961836833,0.013281391645580584,0.013083564801637368,0.009238701232648564,0.008711853918063296,0.0073699122086758025,0.006744905563800025,0.00741189598063839,0.006885757357285837
54,0.06125878603722511,0.05938902707226331,0.021093772959661382,0.017002172566828073,0.007577399650664762,0.0039034810252598514,0.012390425407028529,0.00858025348706232,0.025450120152118123,0.02189253582502919,0.03773226439159707,0.03715334448619142,0.00941191096276778,0.007839306919214271,0.002508959330478221,0.0011504752261477977,0.005711416957341032,0.004243677383466935,0.013123045600970057,0.011866619030857905,0.0008811805239428674,0.0010029034535577659,0.011417145438162492,0.011615689487746573,0.006694952506457035,0.0069223500052041035,0.004800016234441184,0.0050344542367066515,0.002820552908244799,0.003130920792464001,0.002985743117375044,0.0034191250873961783,0.01314128109963178,0.01321693542813134,0.01077844520844668,0.011437090824621552,0.01117913365080166,0.011744334580902297,0.009265994171226786,0.009530115119953783
55,0.04476822169560848,0.04306372326020757,0.015181421840000856,0.011536550480628346,0.0024018874570121153,-0.0007000277700936072,0.004870916042882541,0.001719975178462883,0.01818180449845214,0.014816134474709244,0.024265367857842272,0.0235427276138994,0.003667769305157292,0.002145356670683246,-0.004889516632925693,-0.006244922285936259,-0.0032528044098420286,-0.004646266270497008,0.005766384610152318,0.004284189263890145,-0.0035735666550531,-0.0036437163116838146,0.005844407659139459,0.005819349555250708,-0.0001910480860011798,-0.00025719257196321155,0.0005079275525508319,0.0003904768890166901,0.001599885338578156,0.001531545461486709,0.0016087789707607176,0.0022824553343841858,0.00878014785455641,0.009073728085633097,0.003573351147420055,0.004312791839732264,0.002117197708232282,0.0026827718151842548,0.002551532755366663,0.002990509346513117
56,0.04759016786241007,0.04546398576963627,0.020601514917361875,0.015957398652317815,0.005363151620020535,0.0015516723173521147,0.00915400498896752,0.005260689793091067,0.024163689305754417,0.02042483362064111,0.026872290807745558,0.025572549361655584,0.011922375987015052,0.009106353775725436,0.001720701305121758,-0.0007015532781655522,0.003664664839235451,0.001220608477938628,0.013857608074947065,0.011562349603847867,-0.002230034867414455,-0.002341632654782017,0.01713996166368121,0.017080181557332645,0.012125231136616451,0.012002512994353445,0.012358983399775961,0.01232145100911575,0.01042958683955075,0.010315551811852144,-0.0003315578362984395,-0.0009580402866106539,0.016949424788529253,0.01679794499767038,0.013288942123355893,0.01365140700353642,0.01261184558952969,0.012563769454508952,0.011572438333273753,0.011449903345737294
57,0.060393998674673585,0.057384692218955605,0.02173269652136967,0.015890422501203004,0.012791399411541837,0.007696883918472665,0.016692000158325726,0.011487422531158706,0.0263156798382058,0.021082755565983685,0.03022165182032584,0.0277079618636899,0.01192825998716764,0.007275816719213758,0.005856037136970466,0.0018640535282041589,0.007213227803177041,0.0031489460294254644,0.01371355153494038,0.009504595769869563,-0.002171603462931667,-0.0030055107984962503,0.01056056468416253,0.009662992133483145,0.004364264927342031,0.0027152304592722885,0.0078099944884681164,0.006135722829689292,0.006872124921329795,0.005041456065292427,0.005446703904898065,0.0030960041316816732,0.010204058501315127,0.009223715884109213,0.01183592543488668,0.009806854854290998,0.013589676405274137,0.011793321410071434,0.013551484857642546,0.011988897553518353
58,0.05918316698212418,0.055994777099065904,0.03198096959477643,0.025996339773121536,0.01146150170706094,0.006462989372569158,0.014238126431453441,0.009017418448038083,0.03029033202378063,0.024925118172475107,0.03047920867056015,0.029092863129432774,0.016093333124748494,0.013386666962007049,0.0044549177101832335,0.0022733226747903485,0.006005498051723715,0.0036543990034559487,0.015567444120179505,0.013103630377212752,-0.0058921512464253385,-0.0061182104821499265,0.005365622196052491,0.005182213531822499,0.0007683406575147253,0.0004233636681533321,0.0013109422581868767,0.0009364522993191262,0.003350558083639396,0.0030289200724305802,0.004028899313554263,0.004101191136180158,0.007352145930825194,0.0073517103663129964,0.006793945591867111,0.007045133921523597,0.005638197161865232,0.005702903534913725,0.009549592223113999,0.009648655279849174
59,0.06098840718923333,0.058556501843925746,0.023862237523978237,0.018685154803258584,0.010738174157839356,0.006343537006068735,0.014623302188217122,0.00998875388494597,0.031468380251219466,0.027031184901810956,0.031135193149204703,0.030348562597152844,0.00908846986514054,0.0076261553944302505,0.001567520240676619,0.00023936022177693892,0.004015389565809569,0.0025036883183020887,0.013900271734667392,0.012600560101245124,-0.004428078123738253,-0.004585043072950765,0.012435468665152393,0.01237674052907706,0.007756015129330114,0.0075282156559143484,0.005985672110781339,0.005693709496076664,0.007112769150731536,0.006941326211532585,0.001973428703106604,0.0009205355845609451,0.016566485944421918,0.016318525941291153,0.013556809177863755,0.013394368041489992,0.013419448194296463,0.013122303729147012,0.012162219322954256,0.011803214916031982
60,0.05594340612401601,0.053268088153603975,0.029177101782055827,0.024078646292608325,0.012663533096982574,0.008365103384764176,0.016126781819962306,0.011600510642985864,0.03146116851978885,0.02688270153540286,0.031113508501147857,0.030240140335938203,0.017960942266345033,0.016549117655415838,0.006633895228588725,0.005270822066634736,0.009496067381961402,0.007950249119114189,0.01934361723734508,0.017853887846172194,-0.004035841078079848,-0.0039528841042203965,0.010283848012026097,0.010620222620368165,0.002123831621225312,0.00252464447207335,0.0036843368053412562,0.00421781251337768,0.004979436368266978,0.005586621276541748,0.007935023100250762,0.009245482581962635,0.009538418441161389,0.009845211964016694,0.007930359792905437,0.008717344089954665,0.00904243995814526,0.010002632769864794,0.009115669295619144,0.009801630346061716
61,0.06235126495492631,0.05926346295656848,0.029828308250201156,0.023395499722814066,0.01846633664868099,0.012852728407301273,0.022558615711686585,0.016900682305540964,0.03697992695630032,0.031443808162002644,0.03737599914460543,0.035872003549381665,0.019879359299357274,0.017057911310693542,0.012797130501086936,0.010278926452631565,0.015838928121266523,0.013240384949635971,0.024285602241268547,0.02181084684772355,-0.0055436769349333625,-0.005945255532637035,0.0017999434681101039,0.0013527605760251954,-0.004168848557876203,-0.005040687380032586,-0.0010609291863299644,-0.0020670729661807974,0.0004048621183989561,-0.00044266798589642385,0.007273254888647283,0.007681982224826416,0.005459710228989232,0.005406335647754324,0.005755127968527745,0.0058454318847329925,0.004949675320000178,0.004967979197694116,0.004824765787673575,0.004907521439701075
62,0.0526837859753312,0.04968556202839419,0.02666487205314188,0.020858716723473315,0.016330381829901548,0.011214020624015806,0.017738062549834507,0.012529784442943451,0.03245815865528677,0.027305029474096198,0.03001061507394816,0.028619807389989982,0.017436376833054233,0.014753315081035664,0.011334353558515814,0.008742850414901847,0.012307752134900872,0.009694282535238966,0.01951086049044961,0.01688961021576653,-0.003717236792963394,-0.004558088427178078,0.008344092642944403,0.007379210556372956,0.004029668118400931,0.0024035986521743742,0.006361565173301306,0.004546446205202199,0.008777778834798505,0.006935952115302557,0.000495582828026502,-0.0009598922772607731,0.01128147768865585,0.010829392312593309,0.011741099959851169,0.010987205713584596,0.0064841935800222725,0.005587629516344165,0.009015671472840017,0.008344738244378053
63,0.050807085835545364,0.04860756895457823,0.025407941878618945,0.020922979168855858,0.015286889816088705,0.011468597446563618,0.017245465417810912,0.013277697978989292,0.029786169312266964,0.025758498314272526,0.025634911763048794,0.025298052990163893,0.012403494912024717,0.011694280659398815,0.007859503314047991,0.007142148255009409,0.008687963085906478,0.007854016287980905,0.015136960461555762,0.014392202491604176,-0.00458572750606874,-0.004963779881505132,0.014054787167635103,0.013491612897399178,0.006912021574964225,0.005845054291085746,0.007879959897677084,0.006771406926917779,0.007736558319632977,0.006674464124343017,0.003035076026931741,0.00019547915608247833,0.010534417760141699,0.009514563229107868,0.01032136851200516,0.007980187087533515,0.009844516706209493,0.007488590058939362,0.010416464993951836,0.00850874038001514
64,0.04675386798912588,0.04512527015082343,0.014018182956438623,0.010261730508735346,-0.0019079942144450749,-0.005049294773057519,0.0021949498252072123,-0.0011628005272910922,0.018807288937529188,0.015673007005289466,0.025533009317265827,0.024601512079164688,0.009811016747659456,0.007723825095432313,0.0011044859284430153,-0.0005664955712389706,0.003415118222291526,0.001553583235765981,0.012354675476356849,0.010605350752011446,-0.0049171086752893625,-0.0049195532794657475,0.0030386789525725733,0.0031391372532916947,-0.00044820802151009017,-0.0005551944644849706,0.0012121998681203876,0.0011927560411405362,-0.0008207275097590328,-0.0007829557726853318,0.005486577465841985,0.005318492247136179,0.005084269880510568,0.005006898283726194,0.004396339898391171,0.004136688668738812,0.004544883746777857,0.004451013911379087,0.006370635897407012,0.0062436003759166045
65,0.04636939460979031,0.04402787072721974,0.024363505097271962,0.018830234137289598,0.012521447023317856,0.0077935530273637536,0.014311510346027113,0.009492059469149253,0.028395632869769438,0.023742248203551402,0.027169912517886346,0.0260540009394608,0.01391790200032721,0.011338006197748423,0.008151556939274864,0.005843943948556738,0.009300381162822918,0.006976294295424524,0.016985279804279933,0.014757658982933635,0.0010800181966386943,0.0011499439817362442,0.015045964176554402,0.015293268495065335,0.01007879454582898,0.010357386765644207,0.008761118891745127,0.009049818948003625,0.007406610812224976,0.007791300809597256,0.004698206711846701,0.0053927029684724985,0.010954365771085906,0.011188249768474146,0.009885121754936884,0.010826433269877849,0.008837638774868052,0.009582981822073896,0.011105792619499016,0.011735016675151385
66,0.04772896050017508,0.045563307593558436,0.016846827810189268,0.011963944058546607,0.002425837188617383,-0.0018600307693714458,0.006302012173441918,0.001881191978803294,0.021484838581437425,0.01734287690475058,0.0304192621909322,0.02902339127662873,0.01111700449311882,0.007868090912570997,0.0016491926705092831,-0.001156649104748046,0.003979484758071209,0.0011027435567077756,0.01412196647542548,0.011414466073868644,-0.0036730566076228323,-0.003743258207015507,0.007894687483867803,0.007895304650587017,0.0019398363901996496,0.001848479392615781,0.0031569495121974286,0.0030936418754904833,0.003339575467930754,0.0031037864833955036,0.004027789668924475,0.0038014329120383446,0.008993521879548768,0.008925686830750242,0.00808202179549951,0.008197811472656164,0.007931599853262482,0.008087670418927585,0.008617151829091774,0.008526510412022768
67,0.05250686462024347,0.05040916625561731,0.0178497460734244,0.013541399389892461,0.002741186244805636,-0.0011486662522090985,0.005804932357064151,0.0017553689575382104,0.02146494455210223,0.017525611275695185,0.02901957541650873,0.02812563773393762,0.013643084337531902,0.012233680888005433,0.003379565317859291,0.0019362839691336215,0.0052914403178854225,0.0037000591383247296,0.013700361872773065,0.012137451430465905,-0.00856907105877099,-0.008854772524503665,0.004569185406757196,0.004315790956382103,-0.0008451412891300749,-0.0014655662150874057,0.0011621217323775984,0.0005058339199266013,0.0016666316759541353,0.0009915424945005856,0.0021007747020734286,0.0015061004115932192,0.008085344202965142,0.007950336270068883,0.005332042261341501,0.004998958793498076,0.007496994136803281,0.007243543760630224,0.008549337328821982,0.00830364905984915
68,0.03381179293216282,0.03155791486305684,0.017187051285194536,0.012449360138921343,0.003272338432568955,-0.000876902514913902,0.005551861072825561,0.0013541953842458342,0.018392326940949798,0.014040522164761949,0.020397594375854793,0.01954473124800768,0.012579725732429214,0.010836165438591503,0.0033618731567362737,0.0017966723125915612,0.004760140408364748,0.003126905316882524,0.014047111849733873,0.012453844197130208,-0.0023307932209194436,-0.0026864803851559594,0.003372410555251852,0.0029290498236383333,0.002480603458157336,0.0016364639229628733,0.004874061561486244,0.003921360950906252,0.0039222617738088284,0.003038992154840573,0.009139713500541572,0.008356750353253591,0.00825503857100069,0.007842919560416484,0.010700226809510617,0.010078020289686507,0.00793903871409684,0.00728464858562351,0.008931116609338676,0.008365579613951795
69,0.056516881499261415,0.05233656928489393,0.02732043733485277,0.019146714737744548,0.010557982852008098,0.003370528805700432,0.014077923710362445,0.006744314318552431,0.03146838260896924,0.024139107211761157,0.028223259629692653,0.025820205930958795,0.013169184283673266,0.008567350161564386,0.003123061468060452,-0.0009701529350613119,0.005598686874989621,0.0014392760187840101,0.01535837682736461,0.011134426521211938,-0.005924092363792811,-0.006143861046993859,0.004790153171378643,0.004673516691059197,-0.00022639910715931559,-0.0006744943646709398,0.0014786630050343818,0.0010364336179306136,0.0015627413369227415,0.001222286110082492,0.003057274791772255,0.0030553519693960873,0.003965727098870343,0.0038808232607891284,0.0013757080479664453,0.0010414463863872088,0.004381777013272602,0.004303894677492081,0.005903467902639233,0.005904234009736287
70,0.04333473276668475,0.04123269268321348,0.011805922084358567,0.007875527468528714,-0.0012483652171064808,-0.004543468366388406,0.002573118533163549,-0.000984411716235864,0.017214002647894498,0.0138722914770428,0.02289394889388941,0.022140867818345688,0.008853988219372161,0.00751295006616654,-0.0002678624559338425,-0.0015608029118574954,0.0022893779882428343,0.0008213658186556011,0.011845488554573649,0.010611741620379627,-0.0071015882520666,-0.007048886076972423,0.007340416054928819,0.0075756591095949176,4.160469698408397e-05,0.0003227412603389162,0.0012006714175515003,0.001494819901060647,0.0016572118923672886,0.0019295693709891263,0.003992260501897033,0.004242748667458004,0.008966510351774478,0.009155072126339401,0.005690966410652993,0.006149154888300136,0.007435551781440446,0.007892943417820654,0.008407751460355186,0.008692706548039953
71,0.04561135896782854,0.0440830154892241,0.01518927771705345,0.01169569086695763,0.0031387707306456424,1.7218517050097212e-05,0.0059206465388200276,0.0026812880209559813,0.017141134819210323,0.01380511193022127,0.02309437958044138,0.022334586587282358,0.004984157372619855,0.0033312288254177666,-0.0015853663111373185,-0.0030367017326080555,-0.00017465358919124176,-0.0017749615841016382,0.0062308394918005805,0.004566705500733572,-0.0018519597505627014,-0.0019036909439785119,0.006252153193787352,0.006256016254194143,0.0017655360823310418,0.0016116898579258386,0.0016988311285055548,0.0015806061734833677,0.003721498746047379,0.0036967638678158513,0.0013615548332172075,0.0013123225990960693,0.0074947306712265516,0.00748350571296341,0.006400282444545015,0.006660950360017538,0.005524609336939384,0.005620494381059432,0.006832141439634717,0.006953489359949149
72,0.06427053181894216,0.06194499102872003,0.030899946915322656,0.025660586535732537,0.014646989811284431,0.010133782847238974,0.01919400547377062,0.014665320158455657,0.03589281493101133,0.03149036097959891,0.032096202529851244,0.03041692468834406,0.016701575112054588,0.012970256435532183,0.007175976805638409,0.0040922621558118965,0.009630160518512322,0.006520992473343529,0.020535846504947882,0.01746783819591364,0.0021409075617300293,0.0020139707850485586,0.013313871668472485,0.013176286285259608,0.013038250492990844,0.012836749251582374,0.012284693809844528,0.012086995289822464,0.014673985753309618,0.014691591059441376,0.007149191626680274,0.006853889666236056,0.0073720315861335525,0.007070991470213783,0.01130231888846241,0.011134506735907043,0.010066709965151951,0.009758477714093541,0.011327218027759543,0.011010834666463435
73,0.0457490913804103,0.04350156838788264,0.022974712627155353,0.018194321435572227,0.011117004075675544,0.006945330706963901,0.012427966143885,0.008032639727009691,0.02699483971012062,0.022776496795202668,0.02250236328287859,0.02134237861123329,0.013582534433519918,0.01127549398802017,0.006953132695099605,0.004949485971628371,0.007393437129747949,0.005188661777380225,0.016526241065188546,0.014434858372569668,-0.006052735616427956,-0.006277590936317136,0.002706793112257319,0.0024972913952975946,-0.001452738204419543,-0.0019859291563409614,-0.0008700611235520127,-0.0013765939306331922,0.0015372367036623929,0.001170333303029125,0.002018831783246399,0.0010315563972837585,0.008977970324636392,0.008570789615520977,0.006095751709210323,0.005312885015475969,0.0034603403343694285,0.002429442259362576,0.007000217392586744,0.006427609153889629
74,0.04755841522492764,0.04442339902709741,0.013590742011377024,0.007137508664329358,0.0022991198608004427,-0.0032391626022387696,0.0041590794648804314,-0.0017439063079940837,0.021216420620475206,0.01565127466494589,0.023863876091607086,0.021795667034255485,0.007165218557531126,0.002936723016494847,-0.00042920718564097105,-0.004050275534364879,0.00047562717526428383,-0.003361578736322026,0.010854380498514416,0.007076746472906441,-0.002865600374740978,-0.0028610958149041183,-0.00041649077789119877,-0.00023618383428057797,-0.00041904808168975635,-0.00034115462446329144,-0.000754344202485723,-0.000627245858816907,-7.125318904977612e-05,0.00010089349944655338,0.00415728543413727,0.004551096567158547,0.0015517680464473313,0.0015008322035467195,0.0037373998648208575,0.0037620337995928482,0.0037205606540801003,0.003749445163605885,0.00380404100834598,0.0036775477170583474
75,0.06051716523092765,0.058910845299480506,0.021797715146658257,0.018187161933285297,0.009869318594477382,0.006721541790941907,0.013969565192770756,0.010758452630989013,0.027294619161394907,0.02411861004101639,0.03347323404785958,0.032793911220660034,0.014745775281799397,0.013456089562920165,0.007153854199889844,0.005914639582555989,0.009628970050205195,0.008267244041999255,0.017952905482053916,0.01659996134722468,-0.0004201772112037122,-0.00019545319155556427,0.005180090283980628,0.005495435208343885,0.0028460237415663912,0.0033676074162209122,0.002993862970833077,0.0035183581417891643,0.0038826482352534927,0.004495602953927799,0.001409012736872104,0.0011106573268325401,0.006261977444165281,0.006173795289304244,0.006816013164032407,0.0069691057347918296,0.005204249231821832,0.005213725581618517,0.007387936943511958,0.0073916004428286565
76,0.04828068561816283,0.04620826845511101,0.021591687151348005,0.01676623025393781,0.008598563538107982,0.004452252500256327,0.009932735379193152,0.005728066792693582,0.02517260732634402,0.020890976500376596,0.022648565020046477,0.021651760129103505,0.01179081621490602,0.009537111467167991,0.002789633689947275,0.0008522869727951097,0.0032287790911500755,0.0012024092978677903,0.014835323780478535,0.0129029115785245,-0.004510966945271679,-0.00476272622966002,0.007447522074617019,0.007101547007266564,0.002718207044682459,0.002058699361987544,0.0018462451897047426,0.0009373339676537016,0.005306427950909789,0.004707789498824321,0.0035647293250136687,0.0018699164929453186,0.012800139816325804,0.012236937322221945,0.010600243608830584,0.009534877950094776,0.007179415984057638,0.006081292981922575,0.00818018217440999,0.007267168724283052
77,0.053927246396709184,0.05110361471635252,0.023337319431300525,0.01750839562463524,0.004247588295734506,-0.0007842143729259345,0.008767173664795673,0.0035357932996049114,0.02692826555639431,0.02158659618108329,0.031258802275431916,0.02955563495175025,0.01580670886033957,0.012421284291015942,0.003567240584805105,0.0005778543466357733,0.006154514572618395,0.003025105898260732,0.018287451901467994,0.015251913637279952,-0.005955097239249517,-0.006042999477750508,0.006675893794882983,0.006657472976604036,0.0035662893238630573,0.00356624050482153,0.005956735532568697,0.006022448599414835,0.0036620840754907477,0.0037513727883338975,0.0009245602625814123,0.0007722847036410261,0.008252815609234503,0.008130273562416848,0.01014648469578833,0.01039759169249129,0.008272824334759177,0.00826009964907268,0.011810355693312628,0.011942624054993564
78,0.06047698070933807,0.05792308629594978,0.02814631696557069,0.022930215124906624,0.016120834016244135,0.011543901497108364,0.019794960440607755,0.015004327812226076,0.03451660131113669,0.029891770825370017,0.03425085279749935,0.033421594523988615,0.014009055220852088,0.012222428445080258,0.006261401353911467,0.0045455750736280625,0.009266089010272632,0.007420099168637192,0.01867155629732157,0.016920715905134425,0.0006483447187688323,0.00039419027824261384,0.00633651989611098,0.00611134879385262,0.004117688380557545,0.003690782055520795,0.004513128614229385,0.004037365834501724,0.006077434206169217,0.0056273324438607455,0.005074018014049041,0.005014351481829422,0.009853599309508434,0.009803267988496275,0.006691849537755831,0.006577877302737562,0.007679610985210733,0.007681693698280617,0.008057883214825095,0.00804003305106565
79,0.05808884102817593,0.056743991763540655,0.01951376819450204,0.016125570690784095,0.0045249143150650865,0.0015331617051134684,0.009287003355933236,0.006169205113714449,0.02774023068849611,0.025039656225171996,0.0329395731733435,0.032389581521125074,0.008128958042554747,0.006529846661546233,-0.0003252035844935549,-0.0017721101237305158,0.00245152263270092,0.0009074784660587862,0.013796027657510168,0.01258515908894263,-0.004506160328688841,-0.0048073626516216845,0.008387564511836235,0.008024724482577902,0.0038817582493051437,0.0031613241536592117,0.004831790267388619,0.0040421399500653295,0.005976258516903456,0.005216813090428718,0.0040620658676004204,0.002877663468898225,0.007011239098791297,0.0065276951384408075,0.0061822649127432,0.005364394166022744,0.008212248118392988,0.007378952723514379,0.007854372274868425,0.007197051307409883
80,0.052980717073385065,0.05161212211166923,0.016731566754889966,0.013298581476102406,-0.001948548218135726,-0.00501729589276509,0.002580600099507204,-0.0005359425415986268,0.019285056047556006,0.016497906851818307,0.03209423443710982,0.031552704609347185,0.011536095800990987,0.010117498243737671,-0.0014508753788017587,-0.003005319313481722,0.0013544995918058139,-0.00021866523276940102,0.012588269855914139,0.011315259836959057,-0.011130011386010106,-0.011905658042353561,-0.0008289633992918195,-0.0017327467080625332,-0.005791938414931947,-0.007346950478005525,-0.0012463915319574099,-0.002807851341834205,-0.0001060982125093186,-0.0016622464866846126,0.0031509591745764063,0.0010548890908897274,0.005474552511673117,0.00476138303678252,0.006348988864660505,0.0045835265979509805,0.0078047786153690206,0.006288948321004234,0.008659424896769448,0.007529865735841161
81,0.061937530472163584,0.05912802041753386,0.028187642276063914,0.022315153130433748,0.01576648540972586,0.010566726351038695,0.0189251864115395,0.01362587045058583,0.03677507918509513,0.03196158220194592,0.036955456879212686,0.03433872954505914,0.020317898296379748,0.015315383312062439,0.011000886923615612,0.006636481554265573,0.014222139549717062,0.009830434814708005,0.024931002950580605,0.020691016741353357,-0.0038024171366364814,-0.003924640029621359,0.00489606906512817,0.0047684558780266405,0.0029490724560235536,0.002879202349480498,0.004520917390784488,0.004479834129519024,0.0050143016902595965,0.004884081800466838,0.0009699987232830928,0.00022713647106520118,0.006870336339083768,0.0067522343354875685,0.007112452419113466,0.007093101782693141,0.006355494828259764,0.006341443656860404,0.010251907702643448,0.01026467057843474
82,0.05413267505565471,0.05179759106843916,0.01718047087516091,0.01180094930793953,0.005122878977211177,0.0006092534234343018,0.008994737642201241,0.004385251905605774,0.024117650188048026,0.019752632238668633,0.03417075143023845,0.032807948770473896,0.011816279061660166,0.00880713571031387,0.002495054522308817,-7.94148240012956e-06,0.0054936851036710465,0.0029115085617721125,0.01434522101587635,0.011853357025559067,-0.002527406314158943,-0.002642938355756001,0.012765002563416412,0.012725702280190829,0.009131010235555289,0.00908625314968415,0.007616638886008356,0.007582192422256333,0.00841668694748074,0.008320430945855833,0.0052948317868001995,0.004234092757425527,0.01415576595829027,0.013729236208806705,0.015685334923535302,0.015194551947963342,0.011657161444496768,0.010972980006174693,0.015222443433983018,0.014653623050773407
83,0.0584347049555628,0.05653522387052144,0.02482145375636536,0.02073634388445808,0.004535457926835364,0.0008400384699022283,0.00986011849963701,0.0060179410015030604,0.02837972297225867,0.024759675525081893,0.031100824481337684,0.030252089550564805,0.01273289161370823,0.010956521858037157,-0.0006016449003139537,-0.002360612322207128,0.002641546128244856,0.0007687791900557716,0.014704201350828455,0.013010157836051663,-0.0028407560720038047,-0.002595204024354168,0.005818315230596626,0.006237386138215003,0.0026388084488952906,0.003327812116665244,0.0020266294846469396,0.0029264007440558803,0.0019759525931895465,0.0029646138314975683,0.005957512492384708,0.006678674028968848,0.005571153059962188,0.005765942569438921,0.005845746388921999,0.006252864183341267,0.010864709903932398,0.011503987644571993,0.012118373792757887,0.012656349982207275
84,0.052438746177814036,0.05057928646254871,0.01797032833911035,0.013709843955258028,0.003490771572951159,7.117465704182841e-05,0.006724631812211198,0.0030523938562682608,0.020136729986586843,0.01643340381020448,0.030766339834760854,0.029987116400551267,0.00955054702858087,0.007670746416876843,0.0003629967880816339,-0.0011484648163073898,0.003241642304576002,0.0015667263780832345,0.010889936631689716,0.009228847665426415,-0.0012492794954116102,-0.001339335519876348,0.006620097205107631,0.006562570530151038,0.0015767162777019187,0.0013493247501374897,0.0019439431831474111,0.0017371032489308445,-0.00013110288611439098,-0.00037717135574995167,0.00053748663980929,-0.00032832496049159377,0.010085252818837842,0.00979474569033248,0.0045386250817213225,0.003824285185876919,0.00564570532675503,0.004998189122828995,0.007151163882482482,0.0066805741822196715
85,0.04651899608167899,0.04378356640524078,0.014801774317972652,0.00942767477184807,0.0017296358035743704,-0.002668325113537681,0.005139421758781492,0.0004624275793801238,0.018497573344760477,0.013795421163769203,0.02695527825781347,0.025965340752544384,0.007675304774953017,0.005788823008238559,-0.00023023562424029197,-0.0018301161335189304,0.002287483819841181,0.0005542901896277031,0.010111521037500158,0.008515726713692603,0.0002090588374319747,-2.6353564284628755e-05,0.006441610583330082,0.006245769958030783,0.00034021675091749627,-6.458193614548727e-06,0.003221597944351643,0.0029125182176931636,0.002777647693945163,0.0024573318068394348,0.007744381897643706,0.006055231275062713,0.01090010466705318,0.01023491465394941,0.006244872936076597,0.004883635893633829,0.006933773850561357,0.00545614820258603,0.009259344346134658,0.008220134413176403
86,0.05838252995285191,0.05466757077458036,0.028569034393189537,0.021136017453860508,0.01601265113047206,0.009204157241348803,0.01877041663461918,0.011884443261266614,0.03246154704712567,0.02583649022991853,0.033220686299069505,0.03128096545388095,0.018387894693878436,0.014725289081064952,0.008817604170807375,0.005412001020648009,0.01111859541940504,0.007636292444081291,0.01883313784999594,0.01543489833301368,0.001133168207807502,0.00045139247025448667,0.014525357631673444,0.01360540520807949,0.011304478821188737,0.01001684559541704,0.011044824724205538,0.009616506746217309,0.012128737008728192,0.010663687764829621,0.008998287370578478,0.006250487983290726,0.011914567545102573,0.010434799704582349,0.01350473703970955,0.01080477123001532,0.016891893493346848,0.01448455721600612,0.01669679449117183,0.014562833593791602
87,0.056298732817650673,0.055463335361627696,0.017437285310526622,0.01562286382169863,0.0035383842139885637,0.001524197903942865,0.00850202403076637,0.0064050307954908415,0.022636066151691663,0.02090898099651485,0.03342291971014255,0.0334875256472288,0.008965307745614303,0.009007999578499903,-0.0007778252236063984,-0.0011901056846754913,0.003044747999571059,0.0025293347682214706,0.013337611690201099,0.013286538488627542,-3.1610061889437034e-05,0.0001900584621215825,0.014279955941703925,0.014804671747997527,0.0067423985542507696,0.007485616176648923,0.008554181864165688,0.009468256425031452,0.007419755365236423,0.008362985947404939,0.007981009920971274,0.008635586195160732,0.008186607727145662,0.008360287704041933,0.007218878853430329,0.007870693733356934,0.010270294936983398,0.010947376351089447,0.010750059623977319,0.011234581150308214
88,0.05299944301213694,0.050576947941945394,0.021764601477159383,0.016732287877245504,0.010212354272211885,0.005931004919371376,0.014072960978259627,0.009640141846331225,0.028513947080647112,0.024288916666436615,0.027010159504534236,0.026313745298632056,0.008873654354861147,0.007130368105874157,0.0032913922059412924,0.0018773541599560143,0.0052196953448889905,0.0037022957561375094,0.013797469259648065,0.012537449025181089,-0.004695648800462378,-0.004847411846434744,0.002873505723619495,0.002719046199479322,0.0027765973708794374,0.002613533333052214,0.004630307494796747,0.004561081027115376,0.00407586197403145,0.003890972636850061,0.0023643296924780953,0.0015024523400798853,0.006860362455992674,0.006526336785095713,0.008552996047423047,0.008062712786437781,0.005716585940766069,0.004993230051593559,0.006080709757842493,0.005441330344569284
89,0.039988465647951214,0.03750166946490547,0.014125474839798893,0.008459967696697188,0.004594171193780073,-0.0001949601342332579,0.005720803466116692,0.0008122999530618764,0.018628395720691394,0.013791219786803083,0.022289021273675436,0.021367146522061363,0.007442794205339051,0.005157903100978157,0.002292471054924492,0.000479832613486348,0.002689221657302599,0.0007203769361193203,0.010260730187469336,0.008363439265657394,-0.005460853747742379,-0.005652611390420837,0.008070444369323821,0.007904515247523794,0.00013762688998939684,-0.00028704559817119334,0.0003821496921871244,-3.9771118687173665e-05,0.001507120323124417,0.001065241801996254,-0.001195461042317211,-0.0009622393457740486,0.007372756507959793,0.007409263604898958,0.006282255372768946,0.006648684881115139,0.006903706882293685,0.007242541958905675,0.0103347578855198,0.010655237266929175
90,0.04623999334745145,0.0436763392749492,0.018053671369820938,0.012744602595330895,0.004971823760741781,0.00040363004587977305,0.008070227165384306,0.0034467105893984606,0.021754087639953134,0.017080933962983047,0.025141193547389473,0.023692561294303735,0.01069562806390135,0.007796500770395269,0.003349359598818972,0.0007376001167928762,0.0051039766194839655,0.0024813549065234764,0.012580482512945449,0.009857393458519348,-0.0028542441981097267,-0.00290830082109195,0.009112688564862964,0.009126485113518473,-0.0007156155884030447,-0.0007432304871384542,0.0019698542043193852,0.001998425351626439,-0.00013389935290525215,-0.00010609947293922853,0.0012229344745119154,0.0005153728950078676,0.008751967847045752,0.008584956200690599,-0.0004873748293399276,-0.0011251531104129364,0.0056536943079885885,0.005398073499190697,0.0072200998945536315,0.00703329493653824
91,0.07027937443664062,0.06690647607989333,0.028334906318760105,0.021447840529704502,0.015645844311669318,0.009643375766857226,0.0199860634600346,0.013916138181474112,0.03624978820107895,0.030408321850582648,0.040725583090413964,0.039039993213626834,0.017715662389641743,0.014185228175356354,0.010621757588421963,0.0076473069084262045,0.012952072481556418,0.009851553853718832,0.022838289409202232,0.019939343375300213,-0.00039637435878490035,-0.0004347544208957067,0.014392067757044982,0.014554951359242623,0.004999426220905746,0.005195364683916233,0.0059566055782172955,0.006098652169954302,0.0030185761858220624,0.003108877865670235,0.0017933596142744254,0.0010908774015080743,0.011613746758510016,0.011345042962477563,0.004520872385797527,0.004065879185655859,0.006686792349860383,0.0061599924590120285,0.006827785421350869,0.006377841155361561
92,0.0515579025793992,0.04892018026821966,0.023757886338221585,0.018285223786110923,0.01318400861764985,0.008424297530863599,0.015452419292734953,0.010448598686513561,0.028158210591302645,0.023302118306300617,0.022579164443961318,0.02190918040260703,0.012271855230178276,0.01114994288119393,0.006647747503316902,0.005517699971732609,0.007758969324973069,0.006501273086920832,0.015184482927396334,0.013999617838746833,-0.0004112187928428852,-0.0005693450245573289,9.255713418430232e-05,-0.000129592542379356,0.002414469191179235,0.0022173008425642993,0.003922675188326197,0.0036512997089178183,0.003391777291958679,0.003087295723252875,0.009585515493672361,0.008468635558552831,0.005827469491897403,0.005311290496910636,0.007022398413929792,0.006074635096628987,0.010040307722458728,0.009124267210633545,0.009739144377256601,0.008840133357685697
93,0.045396139031598,0.04124055186060346,0.027496121854082393,0.020472727348458935,0.013137388881463883,0.0069671551492723315,0.014645781991513816,0.008176493644374307,0.0315789705548567,0.02535587521899989,0.0265045619847812,0.023605549541417036,0.01750141798105411,0.012979305166272662,0.006316702121484221,0.002311301870490079,0.00833783404231181,0.004123490806687663,0.02087043177190894,0.016825595014476204,-0.0019376277172201966,-0.0021467406089297563,0.0035466677085928128,0.003429234952766264,0.003215476695814933,0.002875153268752838,0.00463687588855239,0.004320399217731973,0.005072367540292403,0.00488460097705622,0.007858699071207929,0.0064110459869268065,0.005691617031798329,0.005140428528627428,0.00913500635783342,0.008163840284582053,0.009221089545436921,0.008147999703789948,0.008633501709540855,0.007789728498076284
94,0.051575249391562404,0.049640491581656905,0.01761905695637842,0.013425421776164298,0.004637507044106858,0.0010597528384493882,0.007302568884738276,0.0036075698775332476,0.02007045091580544,0.016422616193541562,0.026872717734784595,0.025610757872967127,0.010665310198819687,0.008102447304864143,0.004059568373472755,0.0019472770975713291,0.005291347191963763,0.00309683876714372,0.012615798067330953,0.010407781294578306,-0.005210982158509403,-0.00539875979329571,0.021496301291702737,0.02142792426100746,0.008918604662426747,0.008702048775459626,0.008268705852305968,0.007935766983939508,0.009478314877993561,0.009169977976303166,0.0023190120599317675,0.001743733734284552,0.010944883045382688,0.01069729387328207,0.012242044876801928,0.012038154158287167,0.010110025687689962,0.009758797824503323,0.010802541952432913,0.010552582157593334
95,0.059046142007932734,0.05629253832871779,0.025738380414588685,0.020443320969434693,0.00741638582699039,0.002605456814103463,0.011066425856128385,0.00602556619121905,0.02788432405196692,0.023043859140422947,0.031648820588284686,0.029878410375209795,0.013627552533266802,0.010184061539133944,0.00021784664202120383,-0.0028341692113200956,0.0027634018272646487,-0.0004923342954351929,0.014592203393660848,0.011425942656779566,-0.006196790317564917,-0.006330210687333861,0.0008956596296738536,0.0008319544171831374,-0.0037712368559043043,-0.004041626266153984,-0.0023654386585818415,-0.0026941410292972605,-0.0024848035230047943,-0.002782128516916134,0.008724118069784674,0.008129341896218702,0.00735148731635161,0.006968135754537194,0.004061525619828808,0.0031282606667325102,0.00451914632695472,0.003666712493165045,0.008241001017927293,0.007619181465380831
96,0.04957645897010532,0.04750337778324614,0.01934218014946004,0.014893528820885737,0.006467861915474546,0.0025806694983191393,0.009111146977170009,0.005042943285159593,0.023017888782325534,0.01916436142005771,0.022605354797339,0.02202831515183373,0.007314246517349915,0.006028321223008448,0.0008876103303823005,-0.0003652730433740364,0.002211034258779695,0.0008100071360584602,0.00972684995319578,0.008464728105929391,-0.006314920060868127,-0.006732354576635286,0.005269646725097215,0.0046722451987923595,0.0027831350581225198,0.0017238335165336023,0.0033260324957612624,0.0020696259892332824,0.002749955432944868,0.0014415438984124896,-5.6936809980741816e-06,-0.0018683042937471914,0.007095582987630017,0.0065611123376197065,0.005341431283383119,0.004324452258822214,0.004871641699734485,0.0036350401512931425,0.004721414597368025,0.003736976382675829
97,0.03889597091555169,0.037132961623658,0.01634668221691379,0.013033259870019845,0.0032110456920746134,0.0002526413794195383,0.006086018685546374,0.002991443125332868,0.02117265853043805,0.018433746909899202,0.022167986939622936,0.021183593222255208,0.010285006461833555,0.008282888973050857,0.002603327548679295,0.000718406406181212,0.004597076509483865,0.0026831626104077983,0.013674126294672526,0.011961194263817893,-0.0017230776140585613,-0.0018055050847510356,0.00965171099799252,0.009666468035521816,0.001606861208450324,0.0015403145127966505,0.0024098268670400633,0.0023280332332356393,-0.00037137346270299716,-0.0006033874202667838,0.0033561604062653664,0.0024749856917085505,0.009479252009593384,0.009093414487495144,0.004832664631307459,0.004080001829583261,0.008795410160456858,0.00825336798459957,0.00788114079949791,0.007243540336552293
98,0.055224863964994375,0.05263734585351252,0.021756367656355923,0.015859741243256942,0.007663533089651618,0.0026521095789639676,0.011363191187626572,0.006211278543572692,0.02677744816801767,0.021566233493529024,0.03244905957139067,0.031475517849245,0.012072552603795684,0.009825448522389148,0.002630868522809566,0.00046730109162729184,0.005246804392139962,0.0030479499225562236,0.01527916300938563,0.0132309793512027,-0.001979127530753113,-0.002158018218870337,0.008793973621074995,0.00860678780826943,0.004822607543334432,0.004406282948526806,0.005931380515593597,0.00544634449881499,0.005146035230431049,0.004761286949293774,0.0035166557684791406,0.00159137084767177,0.008022171331773105,0.007358036517302928,0.008515389953636054,0.006937740508937795,0.009774492785005055,0.008210140801532161,0.00898625487795809,0.0078050911578561475
99,0.05352669536636073,0.05178272933044571,0.02325755274425257,0.019114087601753506,0.010497771342068078,0.006630062551962017,0.012610182247869911,0.008643581837531018,0.027154640452080308,0.023514385867187484,0.02747066517611607,0.025958828287327575,0.01414840888809631,0.010755710933716082,0.007352087447265103,0.004293783819665074,0.00786135812820413,0.004760333816433827,0.017911845265220806,0.014954422650936744,-0.007772153878966315,-0.007939439324917318,0.0032414659343059623,0.0030317798954405135,-0.0012443426541513065,-0.0017450918974606234,-0.00013683386212856927,-0.0006513450010903596,-0.002057934653249992,-0.002630587154117789,0.005681765062621841,0.00465967269734714,0.009173848248139254,0.008720138757156708,0.006680668286752486,0.00572101609634664,0.008007356494788655,0.007145868755338886,0.008952109642204388,0.008290909790838819
100,0.05677001423672745,0.055169840171851316,0.02201886464119081,0.018547103913405062,0.009245764383067491,0.006352522609818034,0.01338113498615628,0.010396056212702226,0.02684207684803868,0.023943673087744095,0.025319410047950817,0.024132464883031647,0.010363577952337489,0.00794453784602518,0.0024980134355632984,0.0006096042057668765,0.004684885112366357,0.002699542531316517,0.011830915792630032,0.009835342462531095,-0.00802884122403273,-0.008368391246902442,0.006475016670720463,0.006043016991279734,-0.0018965673024061284,-0.002785805463407439,0.0013274301873001963,0.0005465586445916383,-0.00044636557175393727,-0.001339677953978222,0.004301472549178058,0.0029872914496912617,0.00767809502798147,0.0070829044079852715,0.00651356908693416,0.005501653961778773,0.009039474779181792,0.008223584759136668,0.007678651187306091,0.006845029943584625
101,0.05246465871227183,0.04995573739666092,0.018310751626236202,0.012793728049175154,0.004807761277266215,-0.00027140680923501295,0.008155103382442526,0.003057922529903283,0.023777890052944443,0.018859894222270426,0.02807626864959765,0.027678856462570456,0.007308272745920065,0.005955889244166372,0.0001012164989766174,-0.0012696695902633887,0.002017685520734552,0.0005893951729106858,0.010433514667859491,0.009212440172996217,-0.0033242372287751384,-0.003054783588326325,0.0065651923845269685,0.006989161770648453,-0.0010102483721732447,-0.0004932437517531885,-0.00015147655686625227,0.0005307011435065438,0.0005383275318610189,0.0013119431044671646,-0.001446355464762827,-0.0011254255823269547,0.008955107119809624,0.009084880906748822,0.005838197733934962,0.00638167392652534,0.005755200441522706,0.00620521099667159,0.009232592860023387,0.009541116229155114
102,0.04471405702281761,0.04104914945530458,0.018963282434134345,0.01233328942071896,0.005335083899413619,-0.0004498420530045152,0.007128223457454964,0.0011622540715941826,0.020470531092391827,0.014249747560148626,0.026583040252530277,0.025512711734824285,0.011333419789108814,0.00949889117826746,0.002762114037958906,0.0009559185728040558,0.0038162956461550435,0.0018880268416679637,0.010976665746977912,0.009051943398350925,-0.004625669002174532,-0.00536914646880742,0.004665187220197488,0.004032378659643459,-2.972171423833471e-05,-0.0013706083719677135,0.001337680428660577,-8.356251987422887e-05,0.002200599818559793,0.0006729217228616359,0.0043517272053271785,0.002729564127371264,0.008134292965674765,0.00762378821254672,0.007623058897220062,0.006857614119829145,0.003683585528189536,0.002603441112271323,0.004747752928312686,0.0038495153128259656
103,0.05152165065055029,0.04926534747681658,0.019969187570551092,0.015143026168519553,0.008668772345896778,0.004667099103658594,0.011774369691609107,0.007666953337436036,0.025501036432382895,0.021534303923760666,0.02425541601384982,0.023341551626545796,0.009781360776768357,0.007873266923100308,0.004496237242992555,0.002902972593895033,0.005476998046517541,0.0037883574148681745,0.013561050360434498,0.011975238551221786,-0.0025754439168612035,-0.003064459302849911,0.009764773494467863,0.008745304338552957,0.003581038288431291,0.0023469979294460193,0.00556336007147571,0.004105178368961533,0.005234641375948963,0.0037861340037924377,0.006294107773335231,0.004303329938267123,0.008281691307115117,0.0073151494238880566,0.0076880958589868025,0.005972939912243154,0.010034299015708275,0.008309516142944036,0.012098068972814388,0.010660035206102838
104,0.047443332644107224,0.04467555751774615,0.021465028260817566,0.015566502211043965,0.011269393229672606,0.006485282766797393,0.01479235120878573,0.009956234374786889,0.025411593653089187,0.020354758134155982,0.02580159769987253,0.024434131036678366,0.012452767084581953,0.009754660008367158,0.006553674882141211,0.004334735279769214,0.008889272024884654,0.006601862600099158,0.01507627218375436,0.012768133023740214,0.003833445533113519,0.003731909155129632,0.011129030264435624,0.011071474950542866,0.010108753064956151,0.00994988687152542,0.008466295292839158,0.008266175630336456,0.009802623995088414,0.009836790812295135,0.00503105657700085,0.004295300420091953,0.008841437689865152,0.008520755523004384,0.012275965393510588,0.01195974497488499,0.012027303529465091,0.011734779552425263,0.010281851156482842,0.009908733551802067
105,0.050026931420502775,0.04612044518289351,0.025966862616744114,0.018478132270740064,0.012921406826588464,0.006775820235766864,0.01565955439324363,0.00927420430194362,0.03153917772230354,0.025192433219601178,0.029888674296951502,0.028238096637747862,0.014030668875166397,0.010832561875079949,0.005330169028048613,0.0027560049339376345,0.006535879998018565,0.0037086272859695865,0.015449897664481186,0.012641816719637964,-0.0023056994231058807,-0.0030742829703072393,0.010654276676454338,0.009953142688839617,0.009735933440039757,0.008731308665303878,0.009555970402519542,0.008381381285726571,0.011198332128499699,0.009979733961471407,0.008835794200676119,0.006813704155822245,0.01131428316192171,0.010496432554803628,0.015012638177674828,0.013568131258856581,0.012200040069114421,0.010653486680838976,0.014167544256107565,0.012752808455420211
106,0.04705527567458672,0.04438248944041929,0.019525255180537424,0.0140776357359854,0.007419154270489779,0.0025731745846493373,0.010549639868821643,0.005819122511607202,0.02237400322318523,0.017527223761798945,0.021063692126237477,0.020228445939556403,0.006807317036715036,0.005069550092575134,0.0002885250971898129,-0.0012974567926216326,0.0009793402200200334,-0.0006152274659705113,0.008159356609771077,0.006573462056828827,-0.0017958661498672542,-0.002152374518264,0.008222345217611917,0.007805293974748845,0.002409870167703548,0.0015325957737176855,0.0047733599076563975,0.0038836977593185796,0.005007174579496907,0.004143546991063452,0.0013143736336024186,-0.00010339493911076777,0.01090981228256604,0.010483693553275459,0.00837758858918208,0.0074866915390582114,0.0067295986304802755,0.00593722260068358,0.00796134834606899,0.007202452222402058
107,0.050505114972368315,0.04809709167518274,0.02042802096634743,0.015627891675428666,0.007165361176826963,0.002781229110095198,0.010743011801887392,0.006174550454179008,0.02214876188111948,0.017617249572391816,0.02517513420285279,0.02397520772033452,0.01285049181876934,0.010666415997316447,0.00462512971350683,0.00241473868276794,0.006944393901273838,0.00459796677989666,0.012925634147023843,0.010644022915195669,-0.006628925405324318,-0.006534308244952538,0.007732609855987706,0.0080102352046118,0.0010869206457608097,0.0013811228826839943,0.0028118952064959445,0.0031603324685982323,0.005076404075104281,0.005709770616150347,0.0020970928250729597,0.0020105623342110655,0.010621998666728857,0.010624430834570755,0.010360523723150494,0.010796887572086541,0.00836068643211461,0.00870963544830687,0.009969191225919086,0.010188433161802658
108,0.03903473196018203,0.03721024272175548,0.014793105582563337,0.011215699948199407,-0.0003585890608063366,-0.003521523734266843,0.002500115422947826,-0.000744651602638057,0.017832379781384144,0.014611768177245943,0.024907382579412406,0.02436220712107582,0.00263139639886146,0.0016301385240620806,-0.005231296548038206,-0.006199562570543032,-0.003329635830755121,-0.0044079644100522165,0.0051220339536473935,0.004155401936654681,-0.002185628967487385,-0.00235921948114493,0.014886366553745206,0.014844151265586239,0.0052762488007251805,0.005034081913548583,0.005153317475913616,0.00490378088901927,0.004113759860061337,0.0037938348810213963,0.0028045586992114756,0.0026864316146421327,0.010336218216841327,0.010257356921542095,0.005826015992879812,0.005727054610578129,0.010275210673682197,0.010262094258921654,0.007115013418315474,0.006955242613524051
109,0.05929467654217877,0.05607533529937129,0.02415158844090832,0.017275455258743914,0.009643431889291953,0.0037622688527418056,0.014373420161305255,0.008252304137422142,0.03025470865385867,0.0244234865792195,0.028114224330981902,0.025860475079898415,0.01305182293709314,0.008568187569701614,0.002909791199527418,-0.0011093552289794062,0.0053310072498332,0.0011770574662808952,0.01524507945366812,0.011307243075235443,-0.006442787014220815,-0.006391167326437672,0.007591215592534162,0.007734244880677549,0.005718059837404177,0.005815151519660537,0.0043216196473294735,0.004594970547643887,0.0018597575106234165,0.0020485003498030008,0.0014781192363869412,0.0009153757202605212,0.006295186705736313,0.0061420332919738954,0.006548230664195376,0.006150065400400772,0.005064600824624722,0.004702384450803992,0.005073477344748024,0.004708141847472676
110,0.04697137866497842,0.04452412609588915,0.018787888665152526,0.013739006922545094,0.003706490961519436,-0.00023798188522794703,0.006635897137803884,0.0025945743181669543,0.023013774264173142,0.018711411898812615,0.0266720541697907,0.025774415053856404,0.01152111891407679,0.009616636791816754,0.0014114741682800778,-0.00016375108889300302,0.003468444299928998,0.0018102732540175835,0.014056053591175103,0.01237551937100343,-0.0009405877605926037,-0.0009911595493723216,0.00695736848631585,0.006986314771259078,0.006448696805678692,0.006402945305570389,0.005046509036593685,0.005002726863732531,0.002862178231933111,0.002832117151879871,0.004731811943651012,0.004161434348082991,0.009831128508364723,0.009579448109200908,0.012256689871877379,0.01185754731642168,0.011980058805933936,0.011774981910390324,0.010426006578126121,0.010093073016881341
111,0.04417704842303484,0.04189878119907279,0.0223698578528084,0.01772997943877283,0.011000271680719705,0.006823417523877208,0.012442423807467967,0.008151660748534191,0.02692573673002715,0.02293529933215072,0.027342946878507197,0.025905237305089777,0.014622021499898798,0.01193134010952525,0.006011128806761258,0.003440760852484053,0.007689178255335998,0.004995411649777899,0.015546203744818798,0.012955531620837646,-0.0007149196824434498,-0.0006716948793459776,0.005916859741253753,0.0060609497960066785,0.001653589703972878,0.001725760762789795,0.0029680563013805617,0.003156807305969998,0.0032598745745143084,0.00353544350150587,0.0006127982239202093,0.0014006265702899284,0.006122218727530822,0.006505522748455031,0.004940343978754714,0.005916022204051025,0.005272495136968267,0.0060061956511756635,0.006772767389141819,0.007516796332240351
112,0.055820440364819965,0.05224281267881177,0.03152701740675821,0.024931240416736233,0.01759933257352697,0.011764746709616011,0.021361446113293228,0.015486719023009165,0.03565784018263139,0.030013371956613227,0.030100650660401546,0.027693643700010984,0.020035188723510535,0.015692909744870503,0.008622043616491715,0.00471959460343685,0.0109401458147415,0.007043574943082179,0.021645713845541998,0.01789992922719908,-0.0016943668852749567,-0.0026311317466557573,0.011407113822548985,0.010371635693489058,0.005546689061408335,0.003661849486811851,0.007802525047950498,0.0058801996796314865,0.006446392206515002,0.004326724039578225,0.007249530083589058,0.005861448901702855,0.009522978861530283,0.008821937118512204,0.009049814393299742,0.0076029770738329895,0.007727248326222113,0.006142249155242517,0.007572218620042541,0.006251014704887203
113,0.04572355443953255,0.04301055051445557,0.019487738030664954,0.013732648115766766,0.007331220453420174,0.002431625298815603,0.008916354695473982,0.0038426889609292315,0.024238896047515095,0.019229702012276993,0.022983148737038057,0.02141176608643431,0.00996442211214641,0.006800000605844454,0.0020124068101346594,-0.0007021056107478047,0.002512721526978904,-0.000352090407072917,0.011648726504803236,0.008827402982493833,-0.006399081007345586,-0.006871948893455526,0.012606263051996391,0.012134666151010288,0.0022494828210753498,0.0012641591541385814,0.0035362248770569858,0.0024026465606294296,0.00660133860228483,0.005575159481577317,0.0026703847052244436,0.0003187308141618527,0.009257068996514484,0.008508970528738008,0.007806290568104219,0.0060904884139362965,0.008666117952873913,0.006978512843781049,0.01020435088505171,0.008953460648827953
114,0.039999398336280474,0.037586561856281994,0.015241020290292834,0.010707387528050064,0.0049844002749824074,0.0011413190677105772,0.006548501485162422,0.002559306956652506,0.01601421002087505,0.011856903481558158,0.019267008284602045,0.018146912025043004,0.004263554233144464,0.0022101236264204342,-0.0009747424637986526,-0.0027981541963807807,-0.00024394056663498248,-0.002194189547866721,0.004955668889325847,0.0029691606153435823,-0.00035290897187140516,-0.0004439194555788064,0.0017490626980312938,0.0016706255835673308,0.0018276356909984158,0.001558801803382854,0.0037151704979398923,0.003568832396148263,0.0027042666762123477,0.0024515884284553612,0.006635461383216612,0.007011903448644663,-0.000133929997204393,-0.00015108971800904716,0.0035610709877052214,0.0035067579749384114,0.004420681957539537,0.004600708817370717,0.0032642147607809583,0.00327334640885536
115,0.058211718293988454,0.0567707831943282,0.02282938163627506,0.019546949041887578,0.004537631756211194,0.001460612451773792,0.00917246881478345,0.0059006035648985,0.030690589547433283,0.02790900815936343,0.03499813932472266,0.03525420974620101,0.011234304991332284,0.011507426098576537,-0.0007124276695655936,-0.0007439618898503831,0.0030175354207118824,0.0028520236601604,0.014637134703179015,0.014807303515594705,-0.0046884057924477165,-0.004854189171418801,0.01797002373755848,0.017962507758200973,0.009453190220609557,0.00940452328785483,0.007972789855472725,0.00785041831711518,0.007072959794005106,0.006939854900263082,0.00862249796521253,0.008900961584117704,0.009569790651529022,0.009518781283551589,0.00979950794581487,0.00999260694725149,0.009887771984681831,0.010197503573946302,0.010346714469465276,0.010407503319067502
116,0.052776863058089776,0.050297591054213595,0.02228524535161622,0.017455205006506193,0.006547943955684093,0.0023619854698731257,0.00882674481804497,0.00424840395337994,0.02604119687384544,0.02172136264014312,0.033422798157625236,0.032091635116385894,0.01338655103922117,0.011005544676930509,0.0037760797638827096,0.0015445712728037887,0.005897845808438964,0.0034496363450206616,0.016062100037488983,0.01377418571763676,-0.0018990348325486478,-0.002114136926586945,0.002306706783106467,0.0020898354193004823,0.0008649502477697857,0.0004999978427040108,0.003647152400633573,0.0032165022018274805,0.00224781909413488,0.0018086005418677747,0.004475284276977582,0.003709186242531978,0.005201447923479488,0.00482738388263982,0.005102115511804771,0.004380000984976023,0.005779356403940184,0.005053866819809795,0.00508788892221119,0.004506122304561544
117,0.059546951668038375,0.05830702967316713,0.019578984973068918,0.016702136964557808,0.004397045026214109,0.0016952113856745928,0.01000103063554843,0.007277244237378061,0.024618483203126616,0.022111356490586535,0.032667119448486326,0.032412676575128155,0.008997452434760057,0.008332001518489594,-0.0001717086606643427,-0.000925751333817821,0.0028395314341811144,0.0020005036069336074,0.012436660606270794,0.011801899389875815,-0.005122424840435536,-0.005077593215005031,0.012687529984912016,0.012881117461320996,0.006548421405150237,0.006891655042124856,0.006625466477126409,0.007042610005107952,0.006123998029383028,0.006573556378988629,0.0015294052964122343,0.0026061622402289,0.009954074034407177,0.010347340608411552,0.006857576746962234,0.007967527837742804,0.006355637748583304,0.0075095751884677875,0.007392893698657488,0.008177004631200125
118,0.06518942798769263,0.06281539351063846,0.026137412532987247,0.020734283668957805,0.009661049324662859,0.004896836835452577,0.014134710296515553,0.009180730805309097,0.03472781292639973,0.030257460171646988,0.033039300246456814,0.031723785933482414,0.01720031886815847,0.014443290639715755,0.005976994244666619,0.0033859152805692425,0.008395907845198553,0.005705544878208157,0.021430024070379222,0.01900387426399537,0.0014894000829429857,0.0015899691506308558,0.01045297333980614,0.010678375134485675,0.008158600061505015,0.008662673945789918,0.007027994675699552,0.0075461586532138926,0.007073364724634027,0.007634106966760252,0.0009151363628377386,0.0014595839146873473,0.013111075660369212,0.013378344416586516,0.008070067972108989,0.008895564807527644,0.007844449092658875,0.008774748604958056,0.009522718125855336,0.010299263787049802
119,0.05285198483063169,0.049148683880425134,0.020136810063667687,0.013362790019041315,0.008037610045627924,0.0023751112883008776,0.011151571250750109,0.005164381268550759,0.022486790090289185,0.01643036724056002,0.02863541526953267,0.027135698040517957,0.005315706530756642,0.0022438979139478843,-0.002325981636712374,-0.004937041147377817,-0.000651066269501569,-0.0034569526474190052,0.006825434871132739,0.004043553435495717,-0.001391229443830831,-0.001357872006008278,0.00589020123844479,0.006084715028212945,0.0016732116162339467,0.001806268830477038,0.0020735834409065816,0.002341751740217679,0.0004000130958670183,0.0006629212156189027,0.0003610475770475437,0.0005694253305588267,0.0051627925368577365,0.005244086363645148,0.0026607268163022627,0.0027305106487252044,0.0049253623750301415,0.00515681507655256,0.005270027514061455,0.005413017840084034
120,0.04703541251984957,0.044697137285684106,0.017709347298957883,0.012755182594851571,0.005674020670218266,0.0012273204598550072,0.008089381110976167,0.0036318605578235423,0.021443239361646133,0.017116306856938063,0.027891801841275744,0.02675825222080993,0.013606328081830248,0.011527478182014592,0.005841651889238833,0.0038915340002330058,0.007977308294285834,0.00604645370937835,0.01643738331996244,0.014638007791050876,-0.001294644951961354,-0.0013142990010072415,0.015060157615996097,0.015173602939681573,0.006233515328782137,0.006245968829447746,0.006848219034386422,0.006908275310655018,0.0056278154365207965,0.005752978801031676,0.008086901651673624,0.007580746184291898,0.012533395028609238,0.012363382147393702,0.010257672705592,0.010014843676080592,0.011448001475431045,0.011189067320936996,0.012330607780058135,0.01227061997355307
121,0.06461655787328116,0.06209400246431183,0.0200224468644841,0.013944962800636496,0.004416125091885374,-0.0006217016007169163,0.008906270857571744,0.003665999344630537,0.024925944248176752,0.019779695929469494,0.03758930893625121,0.03596755620350463,0.010499028035780964,0.006866016571367225,0.0005828629549672213,-0.0024809106764654637,0.003310749132103872,0.00014684653571260878,0.013586638799538659,0.010447034108772154,-0.006954546799547304,-0.006936899426736384,0.011244348390132747,0.011483743166014027,-4.571739144098573e-05,2.351132985327826e-05,0.0009625613599728751,0.0010599593194362425,0.0015665941570112852,0.0017410426501605566,0.004670263244269214,0.0038860059190610552,0.008705610662162914,0.008234986239963054,0.0053517201984364556,0.004161693646281425,0.007288942709386686,0.006488957276708408,0.006781517157706701,0.005974310680833128
122,0.05755256517609521,0.05464090039851198,0.023758742950874927,0.017743868764846956,0.012513249841120086,0.007328742759899881,0.015120813441299886,0.009865768818624037,0.027834608405848043,0.022362726791362822,0.03238952738391686,0.030157705626675513,0.01620073412456189,0.011771101380420498,0.009532704494615268,0.005792335534819605,0.011279965862168324,0.00750705419001306,0.018886084573755735,0.014858489547234649,-0.004578489207554727,-0.004563328817149471,0.013378595119753506,0.013656506623593589,0.002303622356976538,0.0022876857265491306,0.0017865351251406141,0.0018021854853472574,0.0012376622844130704,0.001298508182359988,0.0009494795719286445,9.949324241736212e-05,0.0147775025336499,0.0146154562622279,0.005365558025872759,0.004740756564582032,0.008216359660243453,0.007778570822097186,0.007180288349715039,0.006765453083731136
123,0.054273796845914116,0.05070783425078838,0.025928160748729872,0.019556845628683286,0.009024899193255592,0.0033490180527504564,0.012633559404011254,0.006669556269140018,0.030917741886461646,0.025083325282191697,0.026655878725784475,0.024702730279511385,0.012036089014928867,0.008996361609067976,0.0016346537071321293,-0.0010683073790408511,0.0036384669244073874,0.0006985581466484678,0.015433504245633861,0.012676099688842549,0.0025090481608858847,0.002014890946347952,0.004462655832360022,0.003910872491087808,0.0024706694593301503,0.001661687385629863,0.006363543002274136,0.005566341171843069,0.005880627016000543,0.004884001293131625,0.00983119802579816,0.008690910545589296,0.007827270329102777,0.007209843992399457,0.007989530610193137,0.006950824999062753,0.009933515979460652,0.00911972749332506,0.010346119221559426,0.009555319034604794
124,0.0544067002113096,0.05181302420111095,0.020884156362769073,0.015026487916117146,0.006125100477342069,0.0012567978309413572,0.009717194624286773,0.0048136696693177605,0.02475051345582578,0.01980627974860516,0.0309073825414569,0.029969538761899638,0.012096633091689738,0.010074582931694342,0.0026068101656028806,0.0009860362020035532,0.005229005501792924,0.003526400126882684,0.014135584692554895,0.012533327778141489,-0.00335072757700705,-0.003612458258398605,0.010378291322081155,0.010092699632902052,0.007079589015641194,0.006590630540388662,0.006685318433506562,0.006100127105201411,0.007267423397665572,0.006688475010798428,0.004335095943859946,0.003337169705060184,0.008834880607292156,0.00847507362320516,0.009154895497340025,0.008462448669657953,0.008024524841946722,0.007385803012187911,0.008450768235128362,0.007860754323387939
125,0.04147230637925904,0.03968224625830453,0.01540443458396786,0.011554547101850263,0.003461912302677133,-7.211237999357906e-05,0.005257168720210854,0.0014672074686289485,0.021086825642319666,0.017892779109642116,0.030773999672465392,0.02995972437474729,0.013148667612901085,0.011379661216089519,0.006399678951631229,0.004653718697728454,0.00794818677496237,0.006021920447586728,0.016382118593298602,0.014817257830052475,-0.002881267406390196,-0.0034286205089153225,0.006574072723920162,0.005826076546685713,-0.0007113600364646124,-0.002007878440644123,0.00252378950739132,0.001161657449566404,0.0028869381753478173,0.0015582391579478205,0.001955364323439659,0.0010478786257881003,0.005072552389802358,0.004620194642379683,0.004345679167190373,0.003572877441746107,0.0044782270217538795,0.0038054457521143796,0.006327889079500637,0.005787746122468517
126,0.05237969514737789,0.04982016986251012,0.017188502452311027,0.011573429456247102,-0.0014492660169833636,-0.006241604166022239,0.002886674953911679,-0.002078345942209196,0.020388465737368723,0.015375259781556083,0.03164432562985074,0.030812592473184436,0.009328142537856571,0.007410076694603421,-0.0031297045508440224,-0.004939611911717353,0.00029201914950712567,-0.001595936607164311,0.010091252074297974,0.008202180513021236,0.0006682500471777596,0.0004960758759411071,0.008417299501588794,0.00826745550140582,0.0064611072843094005,0.006181314398117556,0.007324890308718533,0.0071052675747588084,0.005546015096580507,0.005277157335747537,0.007404526803279387,0.006851067944381402,0.00911287127132342,0.008715475111513746,0.013433892629543132,0.012921395208204461,0.012940651201286336,0.012426317685126122,0.013855961695089056,0.013360766601270013
127,0.056969625713015795,0.05504530597518119,0.018053853449905486,0.013682000163560557,0.0053878507995518705,0.0017428731166641536,0.008044530209163429,0.004142266727694811,0.022367280518248274,0.01858722517734416,0.03617045970441743,0.035037444917549065,0.012024068416427202,0.009496466764035788,0.0036985288990585017,0.0016251079395363127,0.0060318993866387595,0.0037816373555236336,0.015073432522472657,0.01290820997126425,-0.003348230592033436,-0.0033399652695203113,0.006680326343612435,0.006750844701367456,0.0016113149347099145,0.0016740990086978175,0.0025980445047714606,0.0027349746123338002,0.001201586591469151,0.0013578217723749515,0.0027380887041655575,0.00208240366469185,0.007995346204879687,0.0077816599852062115,0.008030516467803103,0.007828025578593665,0.008425619454105143,0.008101538607957075,0.00901523172565091,0.008772414192624828
128,0.04384166933245599,0.04262165356124453,0.014391346162422505,0.011609924532547255,-0.001024159746646859,-0.0033975199452213486,0.002687198376629707,0.00011374426186650538,0.01798597519854025,0.015574298676970133,0.02536833057929645,0.024797637908592473,0.009943324146010697,0.008580582304026852,0.0013702237455720258,0.00025378068526395875,0.003922600107997399,0.002641280754380113,0.015957108070951197,0.014886952582687796,-0.0034279506492935624,-0.0036262677770870304,0.005769855701483242,0.0054377813158164616,0.0014948413785228565,0.0011027802800773483,0.001955782223155953,0.0015508879759283836,0.0024204009572057245,0.0018557164565198713,0.009831098981305157,0.009193383461528955,0.008044376825361679,0.007570718869511531,0.004453948552674646,0.003494179197784407,0.007814797695593697,0.00707927847998688,0.008212730289000434,0.007519892999136897
129,0.04571104598998901,0.043753906858777517,0.016761753474482863,0.012708824616951827,0.006126792951273772,0.0028208439725207752,0.00810877229366634,0.004575887802949289,0.023667329138891576,0.020279232397437723,0.021960288611416835,0.02058638971843932,0.008751006640401435,0.006177132512630205,0.0017098365376710986,-0.0004286910703683597,0.0028680587955305682,0.0005537233395548362,0.012049656420145431,0.00969971881570559,-0.0005319229156131317,-0.0003778654110639263,0.008074059068433793,0.008321754303163197,-0.00026645576970183013,-4.2077871908713114e-05,0.0017515401822339616,0.0021346479022356507,0.00642964083517298,0.00706318225259169,0.008395135573408024,0.009208657078063762,0.00011145910612397245,0.00013235391443938753,0.001397662768389071,0.001871719056754939,0.0027986501118482817,0.0031368424157977885,0.00364374443188544,0.003926479860779919
130,0.06145758668462122,0.05966264803702468,0.02108367282479883,0.017473356967910657,0.003967884676788402,0.0005132065711776043,0.00897947019355323,0.005328777222353633,0.026663532753559295,0.02349353039426516,0.03396300740642759,0.03361694183520537,0.006593470516062792,0.005598733418248703,-0.0039625469130246714,-0.005079631485690943,-0.0006675034669696012,-0.001910995754241376,0.00859161585899148,0.0075700593381039,-0.00923974861879243,-0.009476675622503535,0.009253602466587244,0.009278351166494862,0.002220049630461761,0.0019749214884498623,0.0020307764481434405,0.0019007066886980385,0.0005070648169798743,0.00028798684525827153,0.0026979982497614555,0.002401968439163885,0.007296366876222089,0.0072329442974049364,0.004133789293474105,0.003840010529219348,0.0060347773900087135,0.0057809994501835495,0.005352457342610541,0.005220177114205031
131,0.048785902744795315,0.046368701693550375,0.01636448326396551,0.011313180832476705,0.0060591836457276945,0.001616551440099811,0.00838621539159094,0.0036840020712545843,0.02146477284268869,0.01691363350114311,0.02954397909109311,0.027967652981386017,0.008010416768878455,0.004929453678444112,-0.00036788838625271983,-0.003323982217629494,0.0023015579089932354,-0.0007064437750497703,0.01089113318257726,0.007929199096096387,0.0002328196769911515,0.0002227871908403554,0.012064722851434362,0.012354922067780168,0.00776773768879537,0.008010374228378877,0.007197808195554441,0.007614881700893178,0.007644398769853457,0.008226914614045323,0.002919665814913377,0.0033421933267625235,0.011192831931740586,0.011386206925015085,0.010943687769205492,0.011674476168353555,0.010049202791952807,0.010852671480877893,0.009990060582438695,0.010639553000144037
132,0.048739853274874886,0.04593539036601428,0.02090161635647911,0.015526166790876114,0.00624965622048815,0.001751724812118874,0.008810949885428335,0.004076091533977991,0.02922459430051949,0.024875617868125328,0.02780457904187723,0.026264119766770087,0.015551107340114893,0.01264608611336777,0.005971985641913212,0.0034477890878359717,0.007954990920091037,0.005272732506350901,0.02022522209110914,0.017815280851131952,-0.0040698951408848156,-0.004663063888653196,0.003911970815608113,0.003329123259237113,0.0038038036781478943,0.002858768533383369,0.004231003090303328,0.003108728234777958,0.0037322436101256467,0.0027326543284204733,0.00198726701316894,0.0010280176104519709,0.005873657535447933,0.005564718097333684,0.004195758372541885,0.003591902035117455,0.002111413616363015,0.0013321004425869139,0.002086679825577276,0.0014941628513746009
133,0.04156845745467412,0.03910497326185023,0.02235644118893091,0.01704519371182965,0.009997675784365133,0.00527169423502097,0.010881901021449893,0.0061162989535342395,0.025262997993756503,0.020601025325249954,0.021364838975220086,0.020413034037111016,0.01055180831028544,0.00850895789058921,0.0035751288369672506,0.0017295442036156725,0.004209086790108184,0.002347360392622981,0.012146532306132203,0.010304281133152933,-0.0006435327488864399,-0.0007831020508139438,0.008813119569159976,0.008726511560879693,0.004717135434150777,0.004514247709569005,0.005388964765042248,0.00514614521563127,0.006330819925479842,0.006164120224417541,0.004468526164694464,0.0038346187545028687,0.011795719898960695,0.01153681740807399,0.011638496779123915,0.011381581488202222,0.00686797956592336,0.006187149344709656,0.01082527451203113,0.010414006611112329
134,0.04659893047613724,0.04474493414719834,0.014602277511031502,0.01039276925802585,0.0003217747027727955,-0.00348041318086326,0.004691368709051722,0.0008999508344100902,0.017976330465411285,0.014353754162252841,0.02387323252844624,0.023343718478154446,0.006521911051778985,0.005113607391041769,-0.0007160362444122319,-0.0020367508808928026,0.0018510635060581672,0.0005410796690062307,0.008394013495596566,0.00724114070314415,0.00013430728265781495,0.00023100324162433856,0.0052510478052010525,0.005400616386120223,0.0021759757992070657,0.002442032311030226,0.002387779446913847,0.0026748925602872132,0.0024512894218772377,0.0026540595993537444,0.002110901180113307,0.0025885592586941336,0.0026418247302543558,0.0027546014559621584,0.006332140165282979,0.007013828680626004,0.004522039585954733,0.004963273311660257,0.004209093070856522,0.004465942666202436
135,0.05293336849301512,0.05112929417066504,0.02050872503465281,0.016606016720450034,0.00576649472147413,0.001987364661165568,0.00983487714478212,0.006148074563482836,0.021139599812136867,0.017423877566815495,0.02794728012246823,0.027348752530123872,0.009216167058702913,0.008078642497256077,9.023826326780438e-05,-0.0011665304385396393,0.002394538233512089,0.0011409185347965687,0.00909531176736667,0.007779915919285034,-0.005816041928851859,-0.005738366854249636,0.006099185965762422,0.006358001848794065,0.003804026145543908,0.004104264661563813,0.0025825530722282017,0.002882592591786836,0.0027484090351536203,0.003111991779307415,0.0035224730525773838,0.004032809183105991,0.012523050203099106,0.012784702159813793,0.011206867843125723,0.012051224702728652,0.009171789545755232,0.009894380702043081,0.007805515802302739,0.008215901597954083
136,0.07277691755152282,0.07106664725803388,0.025483236384681217,0.02113649515895575,0.011532507596060811,0.007690714936484757,0.016489369555023625,0.012493504911232675,0.029505168199129222,0.02578531756491908,0.0440922689494012,0.043611168321207205,0.01720370004917822,0.015583142901213595,0.007804585409654198,0.006327245957843103,0.011199081926053086,0.009623064044895607,0.02047325074925213,0.019120580892852724,-0.0016117667138900956,-0.0016668411106824676,0.009422195533313502,0.009457387977670786,0.0026644781812237054,0.0026215644257319972,0.0032245997475525132,0.003264365942440942,0.003247698828585678,0.0031872905000372015,0.003535193753300913,0.0031158142598486046,0.014277666571089665,0.014173761377782212,0.009439946564985107,0.009426726602599975,0.011326353219350367,0.011427472954707824,0.010286126583065512,0.010127028442312532
137,0.0532918711678632,0.050389813681976946,0.019954607752338642,0.013643482003707791,0.008119416426333471,0.0026474229519283994,0.011325680895758338,0.005962377934689585,0.02470935130301834,0.019304847044574684,0.030653942591701965,0.028807420666725647,0.014189144113063112,0.010448741865585238,0.00660214968047646,0.0033308668164844604,0.008301705460842752,0.005081392557988165,0.017093575797968625,0.013848321554540025,-0.0004405183061235666,-0.0006278569590363502,0.014123328455903916,0.014004229697863807,0.005547350536311916,0.005232048994891712,0.006787902792048937,0.006478407321820695,0.007457943863893532,0.007243908148956524,0.0005788033352594598,-0.0008945270507218194,0.012220099633418592,0.011642643045654497,0.008775716998895572,0.0077323309227818994,0.010607211590456482,0.009728548534745723,0.00863803807400763,0.007760159258700913
138,0.05329706851634962,0.05146796067343131,0.019390668497602813,0.015040121002504191,0.006236683049254131,0.0025505088568360053,0.00979310914399703,0.00607908521652256,0.022317761994213633,0.018520340436170547,0.026150066320924092,0.025647795438118976,0.009600812665609283,0.008083907821056186,-0.0007656312051062221,-0.0020559350676995136,0.0010950320056565483,-0.00028540700131615216,0.00912336481270341,0.007764029427820734,-0.0022775873793645543,-0.0021764467665163017,0.009798748939171275,0.01000554069668915,0.001949553031069215,0.002162271748349322,0.0041387775750475,0.004490882685735318,0.004176423314257018,0.004587161952796368,-0.0009576603244169759,-0.0011384277618075682,0.01347258106158788,0.013501633515833899,0.01113494504080596,0.011578262786075382,0.006864973241934186,0.007054141971175895,0.010988551957094308,0.011158058411924184
139,0.05528605957244822,0.05292496916718582,0.026339461606074883,0.020964890839275645,0.012157822481726257,0.007382429210203234,0.013097132670824524,0.008095749881748845,0.028748535193055674,0.023819334925433637,0.028716019186448383,0.02794510895495565,0.01604267443985576,0.014405845655856129,0.007031237593329474,0.0052373007005588074,0.007850792762284106,0.005913484496150112,0.017844659363566197,0.01605442287955431,-0.000979895011072071,-0.001247038063357501,0.0017861310152778212,0.001407664538358325,0.0010295165160485757,0.0003866547574954613,0.0032280626197690662,0.002638371056318038,0.001780658602366173,0.0009964905359908164,0.011949936172966188,0.010197427451044589,0.008366471441251808,0.007391441586290376,0.010429236355640342,0.008701938906362358,0.006711521311047802,0.004928606928496958,0.01117928247380336,0.009687509442181354
140,0.05329072868171819,0.04925359278473535,0.019874230030734606,0.011716269575768944,0.007714846544825358,0.001173792005506415,0.012235646411372,0.005440772125812768,0.026565358201927007,0.01982226577837224,0.03217211587870117,0.029084578487703506,0.013036939788205915,0.0071940976098855535,0.002981826291917054,-0.0018165445730121826,0.006461955925754258,0.0014888271332517407,0.016904084170379502,0.01198520432505117,-0.002827620612989153,-0.003220442272236115,0.006858673617793992,0.006523545423106597,0.001960785913901321,0.0012902987699423074,0.0019187194711220077,0.0012126935619641331,0.0043547880093981845,0.003688543940455562,0.005322985591631857,0.004515374312486466,0.005724510518078182,0.00530002991458694,0.006605805939128707,0.005909905974829148,0.007759056243101724,0.007057300474111865,0.00728543929923722,0.006586868943160779
141,0.05476668649796022,0.05292105607482154,0.02388303997855888,0.019674511329250275,0.009968502246475344,0.0061335125710325865,0.01313525204467381,0.009045361811647704,0.026328389869429102,0.022527598995366473,0.027492162271944155,0.026459124588909682,0.012162068399925114,0.009812262016551023,0.0020438243607497596,-0.00021699922157577205,0.003922262797916622,0.001453062779187618,0.012760949898680951,0.010450120488502069,-0.007260618595290045,-0.007421694423184614,0.007037593808960072,0.0069173996091149385,0.0032101606668220642,0.0027939300146082083,0.002442118660287813,0.0020407739552990496,0.002594058756654074,0.0021152008917876175,-0.00014148849641562483,-0.00029265735040540726,0.010732875795179755,0.010662595230877026,0.008017752093226159,0.008251457990161479,0.0059525805747318965,0.0060301389623105845,0.009241452250157071,0.00930027524136583
142,0.06484836261891816,0.06261595971967443,0.02537061908879442,0.02001287118935283,0.012873425623562714,0.008483184516015381,0.016536781304504675,0.011959501060817824,0.03257025138185664,0.028351354583882,0.03260971866562943,0.031315116647164534,0.012517593258981339,0.009411656246115773,0.004328120035580575,0.0017387368356810734,0.006355412006729573,0.0036459104983649253,0.016509610904921767,0.014009442847094844,-0.0011967403538643271,-0.0018495971905980635,0.008306289509724158,0.00762548176504792,0.005145679129357739,0.003907267473024311,0.0067096644302604425,0.0054048625442283255,0.00901178898532813,0.00770515830021111,0.005232523336251304,0.002994985754879018,0.007197561843922083,0.0064377562148546005,0.007784602759660869,0.006160181035670028,0.005784339745296919,0.004263840115198963,0.008407553988763052,0.00702392733717037
143,0.05725008905729345,0.05526736731642644,0.01990314119578237,0.015094337925828646,0.008280745539738121,0.0038137650399260466,0.01134629518726005,0.006773397120937982,0.024498096173406085,0.020063387781742423,0.030560972061684427,0.029703298387797367,0.01382218416510129,0.011928780352833871,0.006961575009459667,0.004896645641005868,0.009507349510633128,0.007428437359775962,0.015780376586201145,0.013759949386617515,-0.004070975580674379,-0.004104344088724356,0.006987269761532996,0.006999901273940531,0.0036730136484064285,0.0035141136414096968,0.004582631970148706,0.004476048161464747,0.002148532929763139,0.002087745318691358,0.005348228668605814,0.005232815481385017,0.010072129888785575,0.010004891907675532,0.00872295975159165,0.008698790918616816,0.0065361084941919,0.0065616137251064246,0.007723370072879765,0.007736837005307478
144,0.0503756319264662,0.04610019320700302,0.02846317928416569,0.020843351655696597,0.014644145564196498,0.008286254647841575,0.01688479026173358,0.01028408832811489,0.03013908281361923,0.023459786311029587,0.02256893441113027,0.020875480146934473,0.010344931037257688,0.007271417784833541,0.003503432444751954,0.000969256829675434,0.004863801507088053,0.0021252226212405785,0.012155591222515388,0.009486317303753683,-0.01235027800511122,-0.012642633713093886,0.00549307122254296,0.00528310600243845,-0.0022390547411896065,-0.0026885912477617553,-0.0020643530043085376,-0.0025043410172756976,-0.0013459847072592294,-0.0018719578868400745,-0.00035117751863198777,-0.002849742698936158,0.012787863164096311,0.012116731665873395,0.006996182378211116,0.005613540959946322,0.005465846989611147,0.0038600148332868706,0.008311913519968258,0.00706911586905503
145,0.04617818956680865,0.04377750380074765,0.014288174391167535,0.009629232766945564,0.0021207548120360164,-0.0019467765051801316,0.004137800308637766,-0.00020190259283139558,0.020503084772843842,0.016587249723743137,0.023574359281823384,0.022412393616490663,0.008956589360184782,0.006930747938221157,-0.00012363428877202887,-0.001978407837043545,0.0014771923442464295,-0.0005120215818861833,0.012811462920678151,0.01123332176056466,0.0024551381390797893,0.0021276495049639757,0.00953932278669294,0.009227806269467962,0.010437932037326299,0.010141127781918,0.008908851721216958,0.008440023261386447,0.006406371819664325,0.005859301078470826,0.0011412172039289056,0.001387142806975155,0.011150546127958783,0.011340832620868813,0.01196989886395674,0.012765814688484001,0.008114946837825772,0.008782547661452107,0.008675546785346924,0.009017803666842992
146,0.05782615684523788,0.055247629359305536,0.02562647263462282,0.020395992028605002,0.01029927874921032,0.0056874825240807985,0.015368944313949745,0.010697531143625982,0.028858209937594526,0.02415038746081264,0.03332388261061736,0.03222729207232461,0.015021576918019353,0.01280740589112081,0.004581695175272711,0.002569268848139747,0.007321358034140077,0.005272712862549452,0.016561467629425928,0.014545099164668864,0.0013755177328368814,0.0012901105811532598,0.011163591537136645,0.011128859443067199,0.007759053068105907,0.0077923131415294404,0.008787575524895239,0.00883774591012394,0.011640510480146818,0.011809942042292677,0.008436050580565443,0.00850135943046591,0.010538869326844148,0.010413639182240642,0.014038895235247045,0.014299398478395902,0.013381027252478531,0.013488694184306638,0.016019203005011654,0.016086308661381908
147,0.05201055384851738,0.05041737854222823,0.01823268352789039,0.014657342006799351,0.0053937765926123735,0.002220561520502574,0.008859798581520539,0.005472206185060511,0.022158660342964,0.019129990382135652,0.030658706186523176,0.03034193738732674,0.0116502818959442,0.010905991888607948,0.0032996468940131316,0.0025866270744982827,0.005994912156848895,0.005127442835200139,0.014176287774977337,0.013712625799897526,-0.010715901924542729,-0.010578631825026398,0.00881275243939759,0.009282664967522442,0.002607916588893265,0.0033280062947561515,0.002269235726245715,0.003138974184961786,0.0014339222193315948,0.002370849625174147,-0.007684183929519943,-0.007615169020254839,0.010181324914499046,0.010450384019623414,0.005822619769723593,0.006636332708320408,0.006677539746343065,0.007290036657635962,0.007933329237558311,0.00850652461714246
148,0.05037184931204873,0.04727939850289399,0.024128630198466904,0.018298810110010374,0.011063599478881907,0.005940115094313412,0.01371476949978718,0.00837656874643957,0.02843165540627719,0.02327206755989867,0.027193355899085853,0.025685221709069284,0.01274464397257474,0.009798840051986429,0.005329815140734498,0.002819342776064061,0.006904403809575886,0.004219988058281623,0.01590531391267992,0.01333897933500095,-0.004539669689490108,-0.0053610012277695105,0.0056729814286146955,0.004691657972309983,0.0034717852667792183,0.0020094517845351597,0.005920649108334357,0.004321859665682792,0.005260276424648977,0.0036360284575306947,0.0028320226783144597,-9.219959696497252e-05,0.006637132478732663,0.005446888553430111,0.007326137514193037,0.005126207671859238,0.009059308377723103,0.006795641330198119,0.009749808222830085,0.00805558419166653
149,0.054828728584450336,0.05419621132793684,0.015806437101579408,0.01391044087306902,0.0031654924041331035,0.0015776729234308483,0.006714172072741467,0.00498115345310704,0.020800843043216395,0.019351995580959624,0.032893473429702745,0.032822486193740084,0.01127031427125384,0.01096306466908136,0.001614154956638186,0.0012778769834729125,0.004317406093615099,0.0038470331778371705,0.013462308814057803,0.013256928819308081,-0.006737342583992325,-0.0066856802017170895,0.01218074039983511,0.012470530589924174,0.004962623052302654,0.005239411694048108,0.0042222098414142996,0.0045602559494244,0.0023644183810202332,0.0026736449638697308,0.00027718489678973046,-0.0001157054300580926,0.013148408628274755,0.013121756513438687,0.012478204175495618,0.012682689915456255,0.008426696491299911,0.008411752311152215,0.010337969318076679,0.01032956878867131
150,0.05543214825605328,0.05307698750405889,0.021020350783843206,0.016251259862255403,0.005982493457057732,0.0018681618136810404,0.010234785315284118,0.006088652213123945,0.02264320517249572,0.018440130398888664,0.031159761228586814,0.030253516404708535,0.012603541673740632,0.010814019416310676,0.0026605176715750853,0.0010072703980663362,0.005501937011779057,0.0037717113659175338,0.01359555192619909,0.011935166019612375,-0.0020839363910561738,-0.001880470911529948,0.009222694820224081,0.00950493229261123,0.00663471266907661,0.007150253748644681,0.006321781630177467,0.006983662913540305,0.006196857542321832,0.006896672175208058,-0.0004189917109165166,0.000411785774705053,0.012828935974679535,0.013139603264735131,0.010424094559426077,0.011627238556253198,0.007387918668161628,0.008411996691129894,0.009300716474195416,0.009971959150913921
151,0.048032980920056305,0.04585595504737638,0.023917869627549333,0.019596600089011484,0.008203945091273573,0.0043787098504042415,0.012039236167363326,0.007927314668454342,0.026755614743533152,0.022816110981908007,0.02013822902533632,0.020132629091041958,0.008395340790800865,0.00848080018842631,0.0004848774927199451,0.00044808227516840513,0.002441079848610698,0.0022278575533836074,0.011467589139669932,0.011503026948799674,-0.008841259658129224,-0.009374730092995982,0.00674794957960891,0.006084235665415499,-0.0019203856612938469,-0.003088060499354534,-0.0016819927886872795,-0.00301183337550883,0.000573309556795898,-0.0007660511598866972,7.148619053625757e-05,-0.0009322095430167904,0.010804815059199138,0.010383012886288918,0.006275930066447213,0.005538307215347061,0.006749326872491135,0.005972134279426561,0.009082945514891302,0.008522084331852232
152,0.048010924221044055,0.04617705708768212,0.019463971555923363,0.015672007561543612,0.005214104040468789,0.002029022512599432,0.009309275902709576,0.005842269838581292,0.024515261222919516,0.021216715690164225,0.023632207082789288,0.022946368169511573,0.008987159455706755,0.007733818444125305,0.000684534361610915,-0.0004462602108940088,0.002828579858624274,0.0014560622399111662,0.012617355024977878,0.011439332183632144,-0.007239493192324448,-0.007362665008912683,0.005698915380533917,0.0056424451582379725,-0.003204735019325627,-0.0034319563687864054,-0.00108728561081736,-0.001344827725047475,6.572201374264947e-05,-0.0002600848496841635,0.0028082660050728044,0.0024034785505752322,0.006839683951476876,0.006713242467773467,0.004902471233290106,0.004458529063004734,0.0040188112148862075,0.0036403054888563546,0.0065448197029084445,0.0063694591299321545
153,0.04474753314490072,0.042281372262825724,0.01616620921121784,0.010744285686197508,0.0040919978946147755,-0.0004967049646855719,0.005866516044878206,0.0009974607076718859,0.02166039903128688,0.01677601519203255,0.02141480827757967,0.020164290563818858,0.008282400182278677,0.005612330422306339,0.000788122032991666,-0.0014588291193976465,0.0019962935032105584,-0.00048102236304307727,0.011398615221482642,0.008894655835838056,-0.002798920140058422,-0.0030422906548164827,0.004580064469903762,0.004296476116733132,0.0008208639854386018,0.0001862990831388752,0.0016070721807308085,0.0009563198332455239,0.003220469095474905,0.0025048757139650496,0.007409824660498024,0.006996714607103207,0.004079240810469488,0.003739046939043529,0.004328814963973914,0.0036740329148259804,0.001271404039981363,0.0006067632868300783,0.003317393450854565,0.0026787580697770225
154,0.03971671314973566,0.036511219636988966,0.017650851636738067,0.011242249410970425,0.010971027045509674,0.005766784655507218,0.010502713988046922,0.005120318894649742,0.02351436786876718,0.01813412705197166,0.02305034176760859,0.02186636017186357,0.012213209102052916,0.009908975128622042,0.006398051478421106,0.004407147119888292,0.0074709446871809694,0.005342139395844388,0.015134100536398404,0.013032301140147482,-0.0074689541177368635,-0.007857791368772984,0.014363344807944461,0.014065241522562286,0.0018712365323216196,0.0011603088593793113,0.004666449741018769,0.004032560611718191,0.002286730107545684,0.0016529096385193179,0.0016852638255599405,-0.00010716503855093548,0.009921957325647818,0.009352364101993159,0.0071130121032487725,0.005767467627818424,0.00666317698804599,0.005518570661219817,0.005372153905657882,0.004390600024684518
155,0.052613792339491906,0.04984750563689035,0.02525678494762809,0.019361344965320867,0.011087038973633983,0.006224400183793832,0.014844168243472894,0.009990123960328372,0.028982602339216297,0.023952674798029202,0.02865550894005834,0.027454323188735853,0.009575273291579397,0.006768794885327443,0.0005410886324318883,-0.0018332426056538633,0.002726652027687569,0.00032463583694397667,0.01243115396454048,0.010000045804666938,-0.004554086437124707,-0.004930317994382438,0.003483801982165447,0.0030936384669902396,-0.0028379908343749436,-0.0035362124240952133,0.00021980205346765875,-0.000632947516490784,5.327949034465667e-05,-0.0007735829315643021,0.008692773836752671,0.00724564693773099,0.0026464763080853307,0.002103987651724732,0.0005541944932690374,-0.0006883201856782706,0.002335221830657509,0.0009772447235754664,0.00326822716524918,0.0022895334915076842
156,0.05079646425764541,0.04878286330266729,0.017588986782021802,0.012822290732645767,0.006526774199134023,0.002181404532064532,0.009623287495724582,0.005205402774062085,0.022753561367806437,0.018529289378821406,0.025627966218808494,0.02555204902309665,0.004520245674011496,0.003992487752192208,-0.0014362577371942501,-0.00200451609967787,0.0009976588799525963,0.0002919652249256463,0.008300402833970127,0.007784459334913894,-0.00712153223939227,-0.007464110267926202,0.0020173482821338106,0.0014811922834220006,-0.0017261203877431343,-0.002464626600509427,0.002972481640870244,0.002213540515528833,0.0019633464210929747,0.001116195687067327,-0.0013939880533786796,-0.003466213441393711,0.005204142215081213,0.00459113237816731,0.003153954160774953,0.0019644333485018543,0.002373608069684507,0.0009593807796486424,0.003428277909493121,0.002290302877278351
157,0.03999834740256636,0.03786837475760209,0.014904005639149134,0.010054317985425913,0.0022345200708061316,-0.0017705423142870148,0.004648562709265042,0.000465788702789051,0.018039581864285576,0.01396428813940303,0.02712226830111583,0.026201873030247895,0.013731913254386446,0.011782236917262658,0.0040702429039505645,0.0023054269934368195,0.006636215487205372,0.004735950349454842,0.013809086231998627,0.012070644023977338,-0.008814926842347293,-0.009421848874322923,0.005972916472567947,0.005222707601793545,-0.0037499662565640126,-0.005259541766361419,-0.0027889925988385427,-0.004569804969423003,8.846497760172354e-05,-0.0016642430300242814,0.00024803649264561065,-0.000971917648816212,0.00885373404782456,0.008465040882784772,0.006298218106436003,0.005537484948680986,0.005966679585726908,0.00516721999659704,0.009002224172004716,0.008460253987305636
158,0.041770845838354095,0.038444995120361515,0.019847746327919188,0.013637664277546263,0.010805730617720954,0.005778183798789182,0.012863747194869124,0.007596271206632465,0.025271676414596423,0.020070583935540343,0.02528352805753693,0.023764187588167354,0.01526514080462026,0.012680692959688373,0.010071362577398432,0.007928576750839331,0.012034007647029455,0.009737581834354978,0.01929887909440606,0.017041291610009772,-0.0060116624645874285,-0.006163557018524745,0.008044808044322064,0.008062199154562294,-0.000946055876090598,-0.0011367984476895116,0.0004541603945502808,0.00016527154823922895,0.0004806144477341225,0.00041185238799864405,0.0019857716926396226,0.0020390447344935466,0.006469719421689462,0.006636098127323379,0.002286248768335771,0.002747427652062846,0.004422648401723501,0.004754833214966717,0.0017369963661699613,0.0019812048620354962
159,0.05011571858013919,0.04559352515562497,0.02845919589191146,0.019671752200192634,0.011871549962900902,0.004459499049284538,0.014132394333068943,0.006558519791917417,0.031037629894348256,0.02335214146180433,0.022953261258078166,0.02020672278814114,0.011000481392006699,0.005802357247359402,0.0019523059007031528,-0.0022596806240865034,0.0032519060557464367,-0.001154743158794064,0.012126461112589172,0.007568458363635043,-0.0068409823489181,-0.007153222593984215,0.007081757096860654,0.006851368703608282,0.006088526353191927,0.005772293172315916,0.0045538681386981,0.004212992335035094,0.004087104304060427,0.0036819751963142813,0.0022351670658095984,-0.00013512978681609,0.010504800803797154,0.009712839536001992,0.01126078534515656,0.009901171732871108,0.008746807452117134,0.007291514341708752,0.011226869596479363,0.010266565989868567
160,0.044980642599250296,0.042691158202009305,0.022944422617648074,0.01903772375643664,0.007072601968795772,0.003237548844285706,0.009008954174263232,0.005063470413162019,0.02289231943346449,0.019097556089449918,0.023381860480858163,0.022264556866785204,0.013283142677941387,0.011533675831440332,0.0025227816562274127,0.0007306829577595418,0.0038951377923630215,0.002003519016797887,0.013613897359104937,0.012005768442602168,-0.004561055745238708,-0.0048622056926446115,0.01027403528758084,0.01010836590562825,0.008405425013448925,0.00798291840655729,0.008129992346268065,0.007721573802996787,0.005688804979677775,0.005183941341040674,0.006474140091772568,0.005623867800751534,0.007241971023774574,0.006734515285869221,0.010864992245621501,0.010331791807543188,0.012661074527138045,0.012130659141327067,0.008639759973696816,0.007924653954874985
161,0.05646328387038892,0.05384822328355728,0.025238104933650817,0.019771143135697878,0.010994200813643483,0.006177045242805775,0.015289000119534296,0.010301692959837499,0.029146604683101436,0.024322869283303294,0.030108914555129273,0.028620889516408787,0.014876274618324808,0.011638886746965334,0.0055396112604231326,0.002748930897310208,0.00793183297188843,0.005023805660991666,0.01705209165907562,0.014223683424362343,-0.006701595622157362,-0.0066764432615279675,0.004690993188447047,0.004700988560843164,-9.406886225341547e-06,0.00010347433460750118,0.0008172953692772246,0.0009851080047756423,-0.002656804745906092,-0.002621108874587003,-0.0008925059876660462,-0.0007449711414291274,0.003385109354311789,0.003454436506390747,0.0003350470716651123,0.00041719692029454933,-0.0006386296984997082,-0.0006369294339752569,0.0011340873770039138,0.001256744227829679
162,0.05249033428598643,0.050338495640197545,0.016837938033263146,0.01227507478728437,0.001023527609871238,-0.0028805683513137966,0.0044231931443337764,0.0004237593705052266,0.021154016302350875,0.017248282472990886,0.03006328541845062,0.029261495178898162,0.013024677490213766,0.01146032765463696,0.0025447486952704353,0.0011525938113403102,0.004693610719713479,0.0031951168063053606,0.014499234293987976,0.013095994421115281,-0.0026947838252728705,-0.002718350692892732,0.011664331400592972,0.011675218381341477,0.0031964867212436175,0.003124528033785279,0.005631408314154171,0.005662620727092481,0.0041629161768522785,0.0040541132548633126,0.004629345188954867,0.005362354598248337,0.01175814536184386,0.012005784670582744,0.008035750987096857,0.008697916251095925,0.009619499759099055,0.010273582319510045,0.011509603154834003,0.012013056294322947
163,0.05576378138591661,0.0545057721695029,0.02374777620642806,0.021128868310714307,0.011593753971882791,0.008969614175407554,0.014827230167405203,0.012138650180943972,0.027547986247141797,0.02519314678809952,0.03234053932227786,0.032485783645002056,0.012732423578698054,0.012941508856853185,0.005275546914067415,0.00520338173538791,0.007728492169309065,0.00755022875800806,0.015797135315334408,0.01587747427394621,-0.004478549451318928,-0.004201492524925395,0.0027276329843263837,0.00328451678156418,0.004127840771784694,0.005082485814953542,0.002153733928570681,0.0031099262129403236,0.004226597833062265,0.005355723112200268,0.0022082108583918016,0.004517299299588643,0.007992356457859765,0.008803936877884692,0.0057260816344011254,0.007709671739758112,0.0033814231038230406,0.005221872812402982,0.005692903091561348,0.007234703911715605
164,0.0517375513342677,0.049119530596475024,0.025213930139962454,0.020345216692287886,0.010821697874547483,0.00607588996982812,0.014818751905866168,0.01001512113368962,0.030241406037816325,0.02610022143593846,0.02781018750737561,0.026871943868457072,0.011234095559944002,0.009544445918500361,0.002118261017128976,0.00042529440005265284,0.004722224035156579,0.0029183957753446425,0.013730308444239553,0.012302752976260146,-0.004189653458971128,-0.004296308527795334,0.0021091057875752303,0.002062571154885598,-0.0013763136606228768,-0.001532396037174495,-0.0005888291080661243,-0.0007287681468560621,-0.0007764345381495831,-0.0009349607319007767,0.006066115103200205,0.005541855484969429,0.004434308433252588,0.004047447900174935,0.00130464923317108,0.00039303834837203517,0.002079471316778626,0.0012982632377016932,0.003283644364132275,0.0026110796293710744
165,0.0352418703194569,0.032327364645483164,0.014032007636221939,0.007979375170182663,0.001521863006953166,-0.00343623210401756,0.004179821378779704,-0.0008229417925788275,0.016973301086979642,0.011751874028023305,0.02046931016891851,0.01896836722430942,0.01027307844680428,0.007233479704194516,0.001357647450885456,-0.0013186956792344564,0.0037470584485614147,0.0010299761723287653,0.010623983777164142,0.00795188222420049,-0.004978136309782712,-0.005297308545196295,0.008510100567498886,0.008166063044293067,-0.0004051769498163801,-0.0011001895886744244,0.0017751759168412324,0.001050125709533416,0.001736189115215828,0.0009383737957278166,0.0007967154991519742,-0.000259221218758391,0.012325160953371984,0.012037255355714161,0.004438990560199764,0.0038892681109015627,0.007478451134621535,0.006965538341770163,0.010432034694532442,0.009972786320527472
166,0.05217308982044457,0.05140213180712181,0.02075072595551794,0.01888087984317536,0.008867200323252902,0.00696347013716751,0.012570458247382062,0.01055643900434632,0.025844089751433187,0.02422453024927257,0.03213488765994542,0.032242111940193566,0.021712563100493902,0.022408572292556085,0.013068548814175915,0.013207838898075943,0.015600654326272704,0.015635735746847144,0.023609460492568034,0.023991897248358138,-0.001423986502243453,-0.0013771048804370385,0.013425043931446435,0.013574635622492356,0.0072152554880684575,0.007396016843551132,0.00725034578659388,0.00751860551349173,0.009359129023914902,0.009754645903066069,0.005216941841073566,0.005934120985415685,0.013295921853891796,0.013489221086102,0.014533285018980293,0.015552901499150649,0.013165454847088425,0.01395593023408923,0.013521554905797484,0.014042938586217602
167,0.0466632515137851,0.0447825180309505,0.021153413525471287,0.01690906972363714,0.00794907345672946,0.004227448422623235,0.01070266060508272,0.0067759306639603775,0.0288102701744355,0.025427762016051382,0.0290342526646514,0.028919406441324493,0.012899196531694912,0.012769241208968735,0.005783401743595277,0.005659150427783101,0.008110424749968728,0.007703296248775758,0.018510015871992653,0.018480741110916722,-0.005476509802860267,-0.005834697828590033,0.00829019505478092,0.007542410228005898,0.006442635612722007,0.005355966103114703,0.005136163255237915,0.003898280616380534,0.0061856214481408565,0.004984677330121978,0.0018226252400343145,0.0010913846568863096,0.009984587202903848,0.009511882242381245,0.011683895356858728,0.011307291519243536,0.009836675732083335,0.009324721725353344,0.013166678489153403,0.012762208274724251
168,0.046915849840290416,0.045256562015701204,0.015202485256028292,0.012092474722248095,0.0011162106703706761,-0.0015671753008464806,0.004719381311753944,0.001764577429351467,0.018981276025416594,0.01617299551006801,0.023469152777703804,0.022698951064801846,0.007563556466701283,0.006289298615635705,-0.0016346150318026173,-0.002778368069383737,0.0006724715055436353,-0.0006206457229153105,0.008430079537804853,0.007181792203653038,-0.011092863948959236,-0.0114859831860173,0.01376947945532738,0.013240562426936267,0.0031968926898924424,0.0021347834512928277,0.003080215584442539,0.0019483467706185628,0.0028950663877685954,0.0016163162604532807,0.005902919504243072,0.00421410287666256,0.012745858879917665,0.011965305510436865,0.006719943159459221,0.004674554218458189,0.009415609842500389,0.007741328913541993,0.010766044573579115,0.009429015919502931
169,0.05618877929519163,0.05377026703990023,0.03045104475353208,0.026118456673771228,0.017490623657652662,0.01324585526746198,0.019735637923300527,0.015383034555639302,0.031526938008860875,0.027443889453252664,0.030758954997892378,0.028924765213563318,0.020093852765868402,0.017301195858658084,0.010737247361537501,0.007897578098823299,0.012490230157881763,0.00953129665693793,0.01916085167179728,0.016334256095208395,-0.004053956022437896,-0.004294386747814477,0.00761561096833657,0.007402312260262479,0.002815378755483179,0.002334806256772595,0.0038796457962663134,0.0034304770128051735,0.004472698481488029,0.004117943808211215,0.004637459583103282,0.004141985232291376,0.00944166620241053,0.009233279775854938,0.004018308374403599,0.0035542526480944344,0.00680798057494684,0.006512613352197808,0.0073808065885131256,0.007079019034316315
170,0.06565700825156234,0.06190035998237538,0.02397125548808483,0.016580223700859313,0.008524721331751283,0.002062644957410097,0.01255817299619128,0.005910460468260534,0.029294513794751825,0.022695304101502056,0.03655232594795844,0.034072209265339326,0.01606979336292623,0.011436776763461862,0.006201119240039657,0.0021406297745308212,0.008699162993398549,0.004529899249333316,0.018607258152197496,0.014423497590627282,-0.002078237910484788,-0.0025051016522146053,0.006239453285678949,0.0059116744809782195,0.004724092278467052,0.0041423880821438355,0.005594027487273638,0.005011228229109482,0.00559416768796704,0.00500920738022936,0.004523479589574977,0.0036808379366944192,0.010455731117958344,0.01007317070302274,0.009793494536265426,0.009287062925321981,0.007285760576476027,0.006668002848333287,0.010477778662629557,0.009948173481477003
171,0.04132488993561309,0.03936766914393478,0.020195559323474117,0.01630125248676579,0.0053852506324071564,0.0020600441394278365,0.006885972656788202,0.0034902185654548034,0.02139593197996659,0.01796969147627763,0.022797287979004908,0.02153629842123513,0.01160081099401045,0.009121721551746054,0.0011334534159693703,-0.0009969038239256943,0.002167411311219713,3.8182526914335577e-05,0.011912124414648322,0.009722476157499601,-0.006222462396214995,-0.006051331342522623,0.006004569404546032,0.006396699528440105,0.004734613552933387,0.005167347371508959,0.002292998146945871,0.0027330293519900817,0.0028607662183410213,0.0034972555741699892,0.00952731472975756,0.00998684945464449,0.005002124817172624,0.00505080866581021,0.007573502101549681,0.007620815378703486,0.005799760768525804,0.005916296994896001,0.006739976792340433,0.006781052169019861
172,0.05293089582493653,0.04965884403148532,0.024772750946567324,0.01872224692784894,0.009864846943192243,0.0049498115289115545,0.012283930759181834,0.007238698418623529,0.027313951026116445,0.022103024831593304,0.03241376228824942,0.030827359506284423,0.014323221359979769,0.011532059780170923,0.004173317406769468,0.001897974123246085,0.006061243645353145,0.0036720685054823,0.016377398768781266,0.013948247965307076,-0.003381597426252789,-0.003631187268188661,0.005817216952808653,0.005617598262266822,0.0021150810425367246,0.001595126916905268,0.00363189177086693,0.0032107421623056845,0.004594044306195663,0.00416179579628674,0.005963752473807425,0.005723979842795032,0.008092361622779145,0.007888096222114371,0.007318596763042048,0.007038032267190709,0.00716006325591817,0.006939341186329865,0.005737385743663741,0.005462435055170925
173,0.05431987142557484,0.05189215890231029,0.026147576190517413,0.02102906545097198,0.009805123878111239,0.005186433615948906,0.012799822432500413,0.00806732967144997,0.03344739622692168,0.029036235771503986,0.029278349201030156,0.028265625975065174,0.011662143793324036,0.009348063444438566,0.0023402623890923925,0.00025422141418278855,0.004438476980425736,0.002257918646516535,0.016056767209438064,0.014062873001320756,-0.005814678753558913,-0.006106521121891041,0.007798793450698406,0.007548030918931049,0.0051534494376732605,0.004775427427336843,0.004938082860056122,0.004474618408067028,0.00698566446927697,0.006644150872035452,0.009005210536956833,0.008109289385310853,0.0050747790569610415,0.004526071610322143,0.007836783554249957,0.0068491233432407955,0.007274720471385972,0.0063059388005684185,0.008294469474631938,0.007508245713447191
174,0.055782046417853025,0.05229370170131877,0.03599715799441675,0.02925831453983261,0.01645521999068496,0.010211072441372308,0.017820716738682463,0.011608071074991023,0.03623628653560256,0.030106862071152256,0.033495088786893876,0.03161131071958644,0.021780612052015813,0.017979152093724433,0.011496026272922,0.007959615958612897,0.011743562231999839,0.00828974320968517,0.02240797522017819,0.019075436822072092,0.0018427639168063221,0.0018676339959522378,0.009207882366672963,0.009268202661988353,0.00737092817211338,0.0074785359202805685,0.007493680908669606,0.007591762462828467,0.007983864689712267,0.00818874300035895,0.0054563396837813425,0.005038513074444413,0.011926012064277576,0.011781588995641974,0.014168372293373607,0.014316392159415204,0.011810141405489295,0.011698189283385523,0.0123848638308434,0.012262124902417326
175,0.044685240764905064,0.043130466214645835,0.020016050078232882,0.016869966413329607,0.005238005161791627,0.0023419395118102005,0.008888120372948349,0.005845312368212091,0.025247746465246235,0.022554970949681286,0.018942539915514464,0.018233014908128276,0.008855288461386442,0.007535837497927307,0.0005653027756432194,-0.0006703197280061283,0.002655459513307965,0.001282158479970467,0.011885358697971643,0.010656771911548877,-0.0015058778671542138,-0.0014202344110598748,0.009480344713555477,0.009746862196310208,0.0028882661212261077,0.003071796399892941,0.0017899610115772575,0.002040569923468168,0.0032048806618839693,0.003540010504519011,0.005078137925586046,0.005493442186113062,0.014628271604078258,0.014767735546818645,0.007673357104897011,0.00806799009511391,0.0089367529174013,0.009361541600507988,0.009308592921964471,0.009589066748102804
176,0.05307950065347711,0.050951786270489886,0.023726890776315502,0.019427337992949247,0.00995660724849073,0.006114584301972279,0.013862307210423905,0.009882291870835915,0.028484028295696164,0.024686374825361655,0.03215816097894017,0.031126956485804498,0.011751897895523816,0.009332196913363542,0.0032022639091153536,0.0009739197988467869,0.0060458016476502095,0.003702837413210075,0.015240121908329681,0.012968572930086294,6.55095570899522e-05,-0.0002851482494323937,0.0038856285691580674,0.0034530244283255108,0.003931311106944319,0.0032852305011661113,0.0046342455342070045,0.0039511618904027,0.005040275676235041,0.0042781705140386515,0.008687596078588137,0.007024438974024566,0.006984998495843395,0.006239584048329838,0.010597192888961467,0.009156322457911918,0.008923950521485256,0.007537955446332074,0.009321454584833525,0.008144257069637416
177,0.05253605027346255,0.04994521531222652,0.02052940881235287,0.015028943969447563,0.007727176913392547,0.0032741000167561944,0.011921062598008025,0.00722172090932535,0.027551136705378076,0.023094096045092917,0.03472614290515151,0.03378755569486161,0.01732410891407461,0.01554843587771344,0.008402681437343578,0.0066739277409497795,0.011856189682254282,0.010074722082810999,0.020305320245555654,0.018767683856259047,-0.007678180927315326,-0.008198530885653444,0.013282397805343498,0.01273312772581595,0.005847712070552262,0.004949621260848904,0.0077766957496843495,0.006827201006962898,0.007363951450954941,0.006332643111077621,-0.0017395036034993628,-0.0019335636485515995,0.012651530423310528,0.012728070082643261,0.009996653417487258,0.010417968382284013,0.009164163222505042,0.009487734875695274,0.010559224877986438,0.010782907045247422
178,0.04995341754377143,0.047458156292768935,0.02367064757943315,0.018573565924489548,0.008194285671132374,0.003853571515330616,0.011563387449752407,0.007093802148012076,0.025716564255515197,0.021182471204009908,0.03146344174429587,0.030883221262021466,0.013113089881690429,0.011773675539606426,0.004164613067214322,0.0029977657110871136,0.007058396736576248,0.005727604303050237,0.014903591637516495,0.013561615489312557,0.0010751971310156536,0.0008390147961277001,0.0036436618731438266,0.0034223153354580845,-0.0040603609653168974,-0.004605043285547001,-0.0006416770653418253,-0.0011327682357686704,0.00036292554961408525,-0.00017368560746371136,0.008550152910531928,0.007500089207675168,0.008113490692428492,0.007730464510855692,0.002072299342555493,0.0009533703813333963,0.0015126858160824784,0.0006653669679441837,0.004592392248261482,0.003860812534493517
179,0.04788707010016791,0.04416203465222342,0.024601915449504276,0.017720049106079598,0.011355597556876628,0.005231537992471996,0.014322120460625665,0.008152306958817445,0.02584115350209353,0.019446980447250715,0.02981325136189079,0.027947481968183623,0.013791834327770421,0.010243103259513288,0.005829039899871168,0.0027086491448481366,0.00786364535660981,0.004680559229978167,0.01559966980219531,0.012365008718245887,0.002606986326486446,0.0015684501212075695,0.008570907686892745,0.007518453155537103,0.007083668570521599,0.005159245972466098,0.009496859238991646,0.007371388297943674,0.008230261836166809,0.005855150424863545,0.0077800374181220084,0.004197789271332043,0.012426096121594215,0.011209261104289228,0.012835243197276016,0.010093761833971504,0.011276927542808159,0.008301974552942883,0.012236264789266949,0.009969340609237093
180,0.053884085920334876,0.05155015155022667,0.01716960149326523,0.012412732368806221,0.003458381716393473,-0.0005949513216295036,0.006698052267095455,0.0025071433532751967,0.02267640340455323,0.018581388302570813,0.029091617089334935,0.028018386154363684,0.008127093291072075,0.006001827098580577,0.000890972505785735,-0.0009610911530646752,0.002444050144759802,0.0005302096995365802,0.01164049748579099,0.009759449434401895,-0.0013566072936311274,-0.001671395196214423,0.0066988161368937826,0.006400789608221155,0.0049095368994839465,0.004431039475095378,0.0050227946815069886,0.004419491144158425,0.005326297417888132,0.0046771430024533794,0.0063157669898466565,0.004979465164525078,0.013410993872091465,0.01308263543789609,0.008222461669639938,0.007442792755648367,0.005904116936716214,0.005189447380385269,0.00796072390626092,0.0073722042313442565
181,0.0479020002901976,0.04643235804174333,0.01960718462814766,0.016291842598448215,0.006013882001668255,0.0028399928749231673,0.008662320902506298,0.005499049966301743,0.021932091881028,0.01882097199117385,0.029293827029677227,0.028792206038154782,0.01547775905374726,0.014462184267763013,0.004940684881679028,0.003765868345707192,0.007372504768972629,0.006150088813811188,0.015776414763495707,0.014693371839416325,-0.004597752116570051,-0.004874505851452537,0.0038520909858176114,0.0035740090989777595,0.00042550422369402874,-0.00023033965027244524,0.002634652497591432,0.0020236699739223135,0.004383601941974022,0.0038250349305988043,-0.0005615453835439174,-0.0003992756174955502,0.006669778206111761,0.006773217117296351,0.00403695708691674,0.004220504264959986,0.0030109291566523914,0.003267903705174514,0.005625780176742141,0.005801014233240346
182,0.05889916703603937,0.056837932558405836,0.025739753398801607,0.02112339264064104,0.01629943347683919,0.012424531433664208,0.018961521319231626,0.014991896343603331,0.030683014065078167,0.026765476100174313,0.031475017611100414,0.030446607268470254,0.01361433838454269,0.011526752162959026,0.006417917050010863,0.0046526332981193025,0.007695335220323745,0.005786691324466297,0.016197964063442753,0.014387372604520946,-0.0052372895031711966,-0.005117057974542155,0.010535402557302145,0.010869238387216611,0.0022788411297883517,0.002657922210290237,0.0022833804707897225,0.0027620566664979143,0.004609843061108313,0.005170326089571856,0.0017369360551206519,0.0012798777947688293,0.011169511069405433,0.010994373954162511,0.008833523477114092,0.008763473619044993,0.008712125450790555,0.008480009112187045,0.009826176179877619,0.009596219966094947
183,0.04738077737851987,0.04367744670835688,0.022606805160718512,0.015652291125786512,0.006548224611391297,0.0006227087203344264,0.010822661153265398,0.004839703664419909,0.02747809670938614,0.021579906535054576,0.0261739623280648,0.024158790276124012,0.013927962020740151,0.010279618290780716,0.003652736542781001,0.00047375787474021906,0.0061860013398256485,0.0029652163251198075,0.01780265443296088,0.014663553889108205,0.0006168104583016679,0.00029202053842031515,0.01298513473635524,0.012732203370687038,0.011576226016914569,0.011061065356969258,0.012446553402812097,0.011984562076193419,0.010121938888487555,0.009624133385596645,0.006096187198614172,0.005312719343009041,0.01360673501393494,0.013316588695657855,0.013842543688279248,0.013504074373418657,0.01289028447405178,0.01248349226326258,0.01241537140655612,0.011976955759756972
184,0.06516366355698318,0.0626018455336951,0.02597631922422939,0.020398371538219773,0.009025923445163432,0.004165147459776071,0.012824334129124242,0.00777494629023129,0.027220115198435778,0.022246939892310864,0.039843767107377845,0.03846226049539113,0.016472531182968864,0.01338956964688239,0.005610733596967832,0.002805680481945614,0.00768721804025128,0.004723464635166012,0.016059218609748856,0.013135228180697475,-0.008262145910665654,-0.008590444996935686,0.007633438506414689,0.007357357374628545,0.002093630777502707,0.0015130206123026297,0.0011960661445246951,0.000488711116857321,0.0005595284520804986,-0.00019333702425588316,0.004401407582610558,0.0029980315603084138,0.00893520541237435,0.008451737546953489,0.007371302345168399,0.006238644947978973,0.006732917590081945,0.005516577780357795,0.007729491038897867,0.006850049651560222
185,0.06510671591664878,0.06319723247045642,0.0308120848587431,0.026927353815292654,0.018162750079344613,0.014618414515194095,0.021797230099994385,0.0182274674036357,0.0346465947772239,0.03137127788438891,0.03523049587360859,0.03439539197934971,0.014911783478638441,0.013381203499097726,0.00768475670155206,0.006369606185714835,0.010149487463493737,0.008696199868629377,0.019320337749260178,0.01805371823039921,-0.004606672071728693,-0.00488614718593068,0.0012679525194936457,0.0009817359074523187,0.0003018146011640148,-0.00015617631348921736,0.0026004439436791245,0.002201448278177061,0.0025598924012168274,0.0021146137605046237,0.004483725531310173,0.0035486274534290833,0.00698834866640866,0.0066950708876100775,0.008665882109478535,0.008309610971179722,0.009014309342403916,0.008639234380716608,0.012003165480396502,0.011690259270088106
186,0.06649390257807822,0.06453414163778509,0.024101828261116905,0.01949227217788007,0.007309165575034508,0.003442344492487602,0.011457400103744297,0.007503629182732982,0.026346927294141675,0.022365752285940472,0.038193754172662825,0.037548707472959554,0.013605841679021463,0.012182402087815061,-0.0002089722576156667,-0.0016687575413357706,0.0034225128963833507,0.0018666815086894044,0.0132072260427902,0.011680137870586606,-0.0015467064179637282,-0.0017630946506311453,0.005654163574382559,0.005239621413176357,0.0010157608859073617,0.0003711146201079775,0.003910169738794095,0.00329235081315127,0.0005255803414132275,-0.000234375681039388,0.004811995787066585,0.003663617828297737,0.011450090123736377,0.01095188344375961,0.008014169104035008,0.00700770139074715,0.004395347790612469,0.003466499950621627,0.006879530788105369,0.00607477427907375
187,0.05187865347295739,0.0485661602416415,0.02070414880410475,0.014065615140198742,0.006593785464249285,0.0008529345498567324,0.010937556473378462,0.00504792762486267,0.026272607132123225,0.02058670603175368,0.029703725507764973,0.028000294102479596,0.011656821028364758,0.008432175436346712,0.0037098111487818683,0.0008347765503848728,0.006510018023655868,0.003507202197974648,0.01481345996294697,0.011934768368958787,0.00012823713068967557,-0.00042810720931201076,0.01352745218335145,0.012967133125436094,0.00868620879706081,0.007583643230127871,0.009711123731390174,0.008563867759543755,0.007928562200323449,0.0066635589991778325,0.0071794155925443155,0.005676501954385503,0.01432106736669345,0.013805390945222956,0.011284877811113944,0.010174161347705263,0.014769458375598224,0.013796205823783728,0.013509455450854654,0.012536470168790078
188,0.055284396053725815,0.0523183850331186,0.024116797682383766,0.0175150164795445,0.00662571159235016,0.0010975696548624141,0.010991689036670822,0.00539778982678962,0.028876621996295565,0.02324834599299832,0.02560458551980268,0.02380346158439326,0.009881768408765985,0.005748908811623049,-0.00019932286923931224,-0.003649698088502052,0.0019145619379824876,-0.0015588953778793361,0.01192864819801331,0.00835482554255339,-0.0041128647874817525,-0.00419714727716923,0.012772898291837264,0.012733680569635943,0.006249430640985726,0.00617702489866708,0.0035816093518062724,0.0033792924068710628,0.005851026177812968,0.005666564298404342,0.0020638161949865334,0.0011833670711804032,0.012000433242807008,0.011718830494131551,0.009996029417060685,0.00953272458836828,0.008785570181441198,0.008322609256531445,0.009204683402135256,0.008753171433072303
189,0.06123438752864916,0.058754108972617916,0.02051897664332592,0.01525641015362596,0.009784160572976666,0.0051491113973907415,0.012950908625306878,0.008216158143888461,0.02878131842342434,0.02433658436585011,0.027331702380782925,0.027222220523687484,0.0052011204512631025,0.004885745744224891,-0.00029944305706741133,-0.0006256687439159913,0.0010659417568441674,0.0005867371325089859,0.010266342750485831,0.010075441806901187,-0.007909910515994672,-0.007833896427252802,0.0052765407684957875,0.005492038098429373,0.0029225630845783283,0.0032628278736562704,0.0025760977870898237,0.0029014901437321877,0.004891475919198698,0.005320878360062208,0.000309134648912149,0.000606797040977894,0.006457592667294046,0.006575098076638475,0.007481432229553916,0.008126839968922864,0.00327842100580064,0.003622062323150964,0.006288668353074437,0.006668300313318875
190,0.05002650133898777,0.04782367500798861,0.018629771341451266,0.013949727335433265,0.009273003776087353,0.005188337014138275,0.012282312697303715,0.008074201619141724,0.02331494368876374,0.019131349798469262,0.026510218015747107,0.025017336180377426,0.008797955001460954,0.005674933035255554,0.003526126494492479,0.0009268406847078367,0.005629883857271116,0.0029350633253168246,0.012144109961453205,0.009282272381495727,-0.00046690337542344636,-0.000961706463349825,0.007955386962684437,0.00731451798959457,0.005004019047484114,0.004017966193628454,0.004198263475006826,0.0029918376645398015,0.0052419701857197,0.004112102317136946,-0.00011413573991673149,-0.0017444268728714935,0.006730805931688821,0.006181881043796276,0.006315846607133987,0.0051070261512830605,0.004569553142004178,0.003487265786091179,0.00529669831378691,0.0044309237156718645
191,0.031088996153914927,0.029230840873453214,0.013568284518577348,0.010249063255040634,0.0024297278150821667,-0.00040683718447897133,0.004106710908214172,0.0010191868294790077,0.014052833847154795,0.010982654782926943,0.018736181922247946,0.017309105106768703,0.012593464090596456,0.010225478326735904,0.005416639699044935,0.003403969325978403,0.005912527400735466,0.0036639614159021186,0.011847621111652986,0.009606868175051388,-0.0035986862485508906,-0.0037965923707508876,0.012952418190126862,0.012973354987551316,0.005010192998287581,0.00486456922559447,0.005875057202211532,0.005825009891518399,0.004812183301969068,0.004670411484683639,-0.00048183290592980846,-0.001455118900566745,0.016863859739042465,0.01676960907849625,0.010302701328269687,0.010438110561612068,0.008853456571517728,0.0088450204940515,0.00931362554853859,0.009132525648574027
192,0.049378228093217846,0.04796255315597365,0.022074465740548596,0.018790830445532213,0.012192840633751163,0.009355216677123319,0.014215773464501476,0.01117694119183885,0.02559403954724866,0.022670753045811735,0.0261436250903603,0.02526487998671334,0.0118731831757035,0.009896252569240701,0.004562665092545241,0.002910350881054134,0.006008877721689392,0.0041982251950150595,0.013665363382614268,0.011877769132627874,-0.006620900602231826,-0.0066796568397921125,0.0014523899129738793,0.0014731806610123529,-0.0009206616448256572,-0.0009451899234595018,0.0004507395254669228,0.0004838067677795946,-0.0013541515470819883,-0.0014278885118056788,0.010082024509172756,0.009555835582045782,0.003915558583221642,0.003662118819816594,0.003741821469532675,0.003262517805655772,0.002688544126002603,0.0023009724161454858,0.005154157608107591,0.004659709721056204
193,0.05359452503875861,0.05063901445601003,0.025754130489041217,0.019675098732065164,0.016060453798784034,0.010926534923629301,0.01709965257882118,0.011690370206774154,0.03334132155597387,0.028248299304342493,0.02965408945145955,0.027680689720144407,0.01980547027896676,0.016165431257129853,0.014964241200468045,0.011865754640437631,0.015068762516685028,0.011753189563279259,0.02382904843180588,0.02069515328529131,-0.009459954171163822,-0.009869158839031644,0.006391569612698015,0.00603840423488448,0.0037172625467490755,0.0028589572366543724,0.005109693494965487,0.0043036106976571285,0.005387650125011645,0.004580962775819594,0.0019920997033731585,-0.0006954548513329429,0.01212547148836916,0.011287784475871428,0.013704831579985078,0.011998180529230714,0.00902680577583691,0.007178376745349142,0.01142373334613459,0.010013987044476124
194,0.0552916496421499,0.05232798674329052,0.022901298286100085,0.01746614699909805,0.011405373341694319,0.006848964164534918,0.011810236248180778,0.00693828237309556,0.027903999067173092,0.023220597157839782,0.024351395980571493,0.02255720261689188,0.009178585870311224,0.00612586029613941,0.0009161699143078342,-0.0017285473798499817,0.0013211231184797226,-0.001503152774732081,0.012224788818522143,0.00951368598419398,-0.001917210539065627,-0.002281943117604444,-0.0011262774175741365,-0.001506569365650073,-0.0015220960799416147,-0.0022330822474161084,0.0005837698018237211,-0.00019181118835630422,0.0013634430565016378,0.0007369022537165755,0.009017393149201918,0.00811102293188511,0.0034269353198489844,0.0029472967022874837,0.006126829621814514,0.00513378041461725,0.0019221896184754533,0.0008306686238314813,0.005008749074288678,0.004256303420192968
195,0.04740037762072001,0.04439874297539861,0.01790442390069962,0.01128332170315698,0.006372665520323968,0.0006501795727461733,0.009551753460793485,0.0038028464204160973,0.02274624782361486,0.01703575954709014,0.023750491203151255,0.021986915243707404,0.010494520611415833,0.006824584271972661,0.003197799183641465,-6.994796150239567e-05,0.005614115490128905,0.002345726935454382,0.013403824173704507,0.010076547213736058,0.001153646886399589,0.0009251577147127721,0.009441168090150068,0.009128908136122577,0.0011173699621701801,0.000510728882785104,0.004236154095634454,0.003698974232048409,0.0024493026643073674,0.0017701816660721,0.005942539610598106,0.004937459732540092,0.0084476201472357,0.007988486643308942,0.0021569556421779904,0.0010010784317363204,0.0077992984032761795,0.006940878199597903,0.005591708752719296,0.0047769477895165035
196,0.05839166240167265,0.054709853144171906,0.030496918768834157,0.023537589145855898,0.01661275214721932,0.010342413349496626,0.01820669892650954,0.011741546961813714,0.03332763286706574,0.0270706086276929,0.03176458837686171,0.030064112496762812,0.018768288304302883,0.01577736364511962,0.00846771690648853,0.005660059121531317,0.01023715092669846,0.007375753169912684,0.02014665040303718,0.017404056380720612,-0.0019436525689618493,-0.0023942330123805167,0.0077637046498384345,0.0072647214604601735,0.006972085397828298,0.006130730990879141,0.006432862909701483,0.0054811770341675605,0.004954531110750723,0.0038731467426370175,0.004929991036585198,0.0036745036787362182,0.01140144149229735,0.01084206009794739,0.010548996355126494,0.009619029054087768,0.009471808556777551,0.008481105978677706,0.009269537078621753,0.00842873986118393
197,0.060223380556072216,0.058134004029843825,0.018914580812346135,0.014188836576315932,0.0007721126694151985,-0.0035550746818390337,0.0058798625233465775,0.0015203156988848599,0.0281964045660892,0.024446034655393006,0.033283042050339384,0.032187642968832135,0.010624013326809373,0.008233812284819685,-0.001919151914254094,-0.004180805949727822,0.0015970433763002599,-0.0007041552683577626,0.015305257161577143,0.013405216183086804,0.002637220697942971,0.0025059435983004912,0.007474523345767284,0.007272998437442198,0.0032480872137714244,0.0029012228230223653,0.005412171256079188,0.0051734801308581675,0.006784722480381288,0.006590499385090891,0.008447749215009044,0.007479711381605992,0.005903215204257331,0.0054107811010318824,0.003717406853569305,0.0026279662421787612,0.00562230492298519,0.004736968557690437,0.009480738796662221,0.008829571086843447
198,0.04908167233063772,0.04647208490369264,0.020672077444557395,0.015681785533866704,0.008416175086595586,0.0038718674020701517,0.011590943218912015,0.006892093969862097,0.02511537866707967,0.02056432763684635,0.025159288208998376,0.024386148242182052,0.013420984385935707,0.012166426941927716,0.005879614735642537,0.004710415623648399,0.008268034545521772,0.006932833841670915,0.015840425839125115,0.014569434338785233,-0.00654519760804622,-0.006455398903103501,0.009667210102941094,0.00995654176741105,0.004705063553278945,0.00512113449116031,0.003907766650593227,0.004385119584342641,0.004798113084353719,0.0053884090927621975,-0.001028196103091803,-0.0013759083811092383,0.01170892022404747,0.01167336569396527,0.007242005698895349,0.00734027038726795,0.003962250659683795,0.0039397038377631316,0.006960561971360383,0.006998783212723606
199,0.049063521263667795,0.046417466531238356,0.026601365128623534,0.02134320645425353,0.010736516957840558,0.00576278934858168,0.012634018525557011,0.00763289445545198,0.02933735588985758,0.024374019203793364,0.027248419484665033,0.0261304156234801,0.013932104026534334,0.011793132131210032,0.004726970238238247,0.002621666925594407,0.005705314542627958,0.003553075011306378,0.01506854017135816,0.012881104903170251,-0.004422333023187103,-0.005039180776636706,0.006415683619356509,0.005612124446932396,0.0011313690090367988,-0.00021707361314258618,0.004195376109243277,0.0026885103159104053,0.005001023304977141,0.0035302103195517624,0.007115720883626854,0.005887830374632393,0.00732621310033352,0.006844346148706151,0.0038860819825783056,0.002628494132368527,0.0037260416559320763,0.002540721235468768,0.008483176881555223,0.007731969543509044
200,0.04680563248216024,0.04460091490429508,0.0162635868831131,0.01140780256635146,0.0031025611325585477,-0.0007402496976868695,0.005135001194712917,0.001049268233319552,0.02033421699088405,0.016220494243011883,0.025165003574239037,0.02423997359856026,0.0074203816534175225,0.0051728469469768685,-0.001474475743559195,-0.003216607592781009,-0.00023390627254796307,-0.0021474542381606553,0.008963673988457948,0.007099556602944102,-0.002417017346408356,-0.002754616207512973,0.010775411504094333,0.010323670216732188,0.003964959103309134,0.0031399799759094667,0.004803736671382725,0.003872204864427764,0.0056028135081182635,0.00478300783430241,0.009503236107807608,0.006974734485218181,0.009638571381839076,0.008661592732153969,0.01165661933725157,0.009755278920700819,0.009168744443635983,0.00715261365396643,0.010711860878162815,0.009049764369623457
201,0.03832852531670805,0.03556131368426453,0.019247870041727618,0.014179955587520424,0.008107647072993742,0.0036030176555453923,0.009239517888314624,0.004568801046198945,0.022459311353421253,0.017897418305661626,0.018669742313198408,0.017993418203543478,0.010427176173867122,0.009331335357622646,0.0055699968996609905,0.004362371901449938,0.006815276689250046,0.005582819829769259,0.013682363948923346,0.012641638897235416,-0.004061561291724035,-0.004196311558066622,0.010033653636930939,0.010045969910847783,0.005052259421615813,0.004986144919627863,0.005726378756155093,0.0057441777180897045,0.005826281741504235,0.005814630951239411,0.0004928594996894295,0.0011072640816995718,0.011952053773522727,0.012226095240735058,0.00780518431461352,0.008602485848090464,0.009853566609108615,0.010858388278372304,0.00920429059549791,0.009770471763833007
202,0.05456004402319973,0.05117436651109727,0.03137772137385823,0.02423810273218503,0.014286061994170004,0.008447189094498864,0.01826139834965618,0.012203132647764688,0.03814676370722788,0.03204669403733164,0.030747837283352737,0.029317866003115617,0.01822982139291491,0.015426815824874856,0.008089757766561933,0.0056173263414259055,0.010363209236944072,0.007771753487227878,0.0212234220798721,0.018710419331847715,0.004476603392994982,0.004056040856323719,0.016382825891830308,0.015867677111591566,0.01319091794343416,0.012315574971452706,0.011659218891488873,0.01055988759939236,0.012544088864440906,0.011495715071471261,0.004278143063101142,0.0026232729531510566,0.012785538646583581,0.012181123612258007,0.012975830384931488,0.011798900359853773,0.012007177452035668,0.010875626249161044,0.013853165363011396,0.012893660797117876
203,0.0476931518505517,0.04658268378767866,0.023308818164845573,0.021100008547747663,0.011951288154483932,0.009888680245463757,0.015085438021132833,0.01282821478235242,0.02859204271015848,0.026673318191845957,0.02615940397055508,0.025887718490591443,0.01411088793465915,0.013730478949580061,0.006832849790429127,0.006229637197426764,0.008123710005745372,0.007358499393601989,0.01662172748994737,0.01606813596242857,-0.004064043766761594,-0.0041199787626024905,0.009007087659228358,0.009041237158998924,0.0017223701173958727,0.001617243544763803,0.0025107558329989605,0.002501763582632743,0.00364755831098742,0.003683224495757938,0.0008847766539873857,0.0010571284651877282,0.010527471951784162,0.010548251095592572,0.004630416295167422,0.004636590410509045,0.005016873699613974,0.005334560427483585,0.011037236630888946,0.011247485934984102
204,0.04311767266231278,0.04145963227807764,0.017665833662997493,0.013542338097939985,0.0059996288583479395,0.002047218428447947,0.0076121949058492264,0.003657919467704526,0.024347211268831197,0.020942463574722812,0.02347728805961388,0.022859345483736113,0.008335912077323673,0.006863381520241957,0.0012475419432101805,-0.00016182985824523947,0.0028499267877064908,0.0013826171713084978,0.013160619409810587,0.01198209337850884,-0.010178136189275985,-0.010171893099192131,0.006648550202053162,0.006727962592450498,0.0024871745751363595,0.0025503663145545617,0.000346468080321064,0.00042502237306728236,0.002215741943353126,0.0023822325538399927,0.004069003615983093,0.003726928149277568,0.006584441169057762,0.006380858374997729,0.0033453330313425616,0.0027266885452316503,0.003986521692803705,0.0038737658861006815,0.005130964399767538,0.004887074871101906
205,0.048705024532832805,0.046154730195272456,0.01443418826632786,0.009248249253407542,0.004490500591236381,0.0003194621556647686,0.008615648984719624,0.004259642306565473,0.02039831626008028,0.016056060581426355,0.030652991712048206,0.029417061780242504,0.006838391382208975,0.004458998534006785,0.0007019359103387513,-0.0013889912623539823,0.0034383395368697877,0.001198327705115686,0.011055105695816816,0.00893224208133409,-0.0033965617150896353,-0.0036051502218041333,0.005644443876736205,0.005570513481580054,0.0006275719672903811,0.00034117241070846566,0.0010594505707484565,0.0007766871411710714,0.0018132578611351623,0.0015816356672090303,0.005321245499371779,0.0036242154126351995,0.006292478443506425,0.005627183871336954,0.006319399437584849,0.004813311388792617,0.0055133818211730735,0.0037568477494773897,0.007386680296530457,0.006260392738259792
206,0.0545403234099192,0.051812415888436894,0.023096917583581282,0.017329906100774457,0.007675469352822456,0.002971903593247658,0.012421970163735321,0.0075861920085747315,0.02895348912385106,0.02414292122539303,0.03165301559476322,0.03022869219176304,0.0145853158707922,0.011398502982518186,0.005881735610538804,0.003302742028707136,0.009359379612280925,0.006634574153088721,0.019698123980124604,0.01703766675945454,-0.004306968010472815,-0.004465067185129355,0.005238420156654364,0.0051926427174544265,0.006269825598526879,0.00616940931871741,0.0055821297540308845,0.005512604407427691,0.005359050272007654,0.005254122768733655,0.002829918569133891,0.0023468339545576603,0.011345059533496155,0.011225938550095503,0.0076194352720945786,0.007424762302730946,0.006342710578331167,0.006121178048298984,0.0099020641251016,0.009769569414726918
207,0.039988550150613054,0.03730607707962388,0.01884609148265436,0.013181652359450163,0.005856394697974439,0.0010560458763672735,0.007974339638739097,0.003147425450733847,0.021055447069916605,0.01615648386083697,0.02213373151283854,0.020729695266875733,0.012226705174940174,0.00944161382194631,0.002766199482322253,0.00030854338551672574,0.004470320552390543,0.001969446109520062,0.013774814948055908,0.011258756516782143,-0.009330961250542589,-0.00958815179740654,0.009815852100285244,0.009632629549936003,0.00291798575801742,0.0024370622323374347,0.0024495788336640527,0.0019136742157085068,0.0031742763141865797,0.0026189851566817603,0.0007082370770277152,0.0001844030987618406,0.011712583474424006,0.011645263854453169,0.008428669050720296,0.008356466013091103,0.008176613485777886,0.008090300608000527,0.00922132402630888,0.009076561936107046
208,0.04593093816709893,0.043189769689551204,0.024509047641066265,0.018781858234913774,0.013499791308132133,0.00870872253788069,0.01634949089552595,0.011388644585597204,0.030074706344058212,0.025324025670085147,0.02402746282822544,0.02240099416181738,0.01671363935952979,0.013604512503631044,0.008581793464654618,0.005901269514019878,0.009916163762226888,0.007071277114041388,0.018644044462958483,0.015991261819831945,-0.003422791490603272,-0.003463250951721271,0.008514266989813073,0.008629350083027594,0.003551157246820153,0.003682250856150772,0.004047566429325667,0.004252788958081009,0.004269607040103202,0.0044674415761435035,0.0007267066816543775,0.00046981056793715686,0.005519101273329578,0.005529334111607533,0.004710156570367238,0.004635086447657656,0.004461845055554247,0.004519820308039292,0.008329963656263007,0.008502333759364506
209,0.06139883767627293,0.05999759619487174,0.018583891683812383,0.014524305512250169,0.001789810277598193,-0.0018133312201065147,0.0052661555191899955,0.001408664990238438,0.020255109164246193,0.016604864147633146,0.034117795766204016,0.03410234246935571,0.004732616876379646,0.004176023147728236,-0.0036519400065873667,-0.004185527699546323,-0.0012864686332848048,-0.002066859681601323,0.008062876920152458,0.00753294733625313,-0.0064474273819710645,-0.006393226944042718,0.002604863279678871,0.00271795103322596,-0.0011715261541747845,-0.0011159294708597582,-0.000518140674174125,-0.0003910000978557716,0.0017383367965964458,0.0020237069758661055,0.002012498500355893,0.0024308359543269817,0.0035162523237611994,0.003649531221546659,0.0025259718384306627,0.0029403995622259093,2.1923432100041735e-05,0.000286761175956433,0.0017338690497215197,0.001955922670396982
210,0.0485956709392921,0.046154257471759656,0.019071588042976942,0.013765630673690346,0.0033999453861315978,-0.0009869900482106998,0.006313139223453254,0.0017374535571696784,0.022099034988685737,0.01761557543101946,0.024478725273944294,0.023746862560543376,0.009961680634799705,0.008411962005282759,-0.0006610116779947527,-0.002011332242161551,0.0009945734514445032,-0.0005238050715174041,0.010527990581000147,0.009237350737594973,0.004298278952843363,0.003934136517883555,0.007867222010609961,0.007215555059721034,0.004002576324176753,0.0030503263188887153,0.005135449191282322,0.004002822589342413,0.004909965548973557,0.0036996031154063053,0.008409108033687903,0.00692517431511641,0.007289029378684732,0.006666131006334439,0.007329661753797259,0.00625076281724236,0.008914311694426249,0.007643420331655407,0.00831463050073167,0.007311957819570625
211,0.056445483894037786,0.05425189067884142,0.0259555445037018,0.02093852834363522,0.013185593647785192,0.008974320136211673,0.016733009828127563,0.012424163230572906,0.02861790524409829,0.02417257708817251,0.03655272245159576,0.03562896955131803,0.01826783148106932,0.016144981091781,0.008654685650706885,0.006841538011550892,0.01092069285720061,0.009029094962253912,0.018670418247194124,0.016744262876216356,-0.004746251904733661,-0.004951568407801447,0.0053388028474437394,0.005049427945324614,0.003257313889815949,0.002764251797259446,0.0028024998493964225,0.0021918722579171617,0.004120643954962896,0.003535244983780741,0.00500806613020994,0.0036610007372926945,0.01210156699111367,0.0116260453084185,0.009124766044393908,0.00805180476651277,0.008357095759223894,0.007149174676301285,0.01035262213005883,0.009402392262426722
212,0.04198354886662721,0.039555481594662496,0.017964258184623126,0.01341389443878344,0.010639887490544848,0.006989210760827795,0.011480449230211723,0.007627203919236969,0.02211406921684967,0.018148926250369724,0.022436497242883817,0.022173574650048405,0.0026409634498533578,0.0018857931591581708,-0.0010794220585624921,-0.0016124962341133545,-0.0005030143500398337,-0.0012221189294692064,0.006197662846670103,0.005583420721219837,-0.0027008573838297836,-0.002553623965449009,0.008291925012885056,0.00851392984433072,0.0027535968367608044,0.003015001507415956,0.004124335460439405,0.004541829888538585,0.003535874148082646,0.004036124765866967,-0.001172887011787188,-0.0005592821587459173,0.005344449319472442,0.005537792900149939,0.006778834303711475,0.00746154094887611,0.006271752419632133,0.006861520664368731,0.004131268230353587,0.004478140820685107
213,0.04321929629989272,0.041213907980250195,0.014937013395223218,0.01067789723752267,0.003284804333924153,-0.0004174330197417553,0.005484329055408081,0.0017398176944568911,0.018483180478788802,0.014847734569879537,0.02065652677441257,0.019471801173471658,0.010891011631602386,0.00867687484638092,0.004413342851301721,0.002493113472115316,0.0053191142075309766,0.003319613479317113,0.012269041545607307,0.010325010908384826,-0.002551265633959899,-0.00304602570061588,0.006558902352642411,0.006126282885469633,0.003909954865807542,0.0029267049016846623,0.0033855857522095668,0.0022588979210203678,0.006232125181641673,0.005131062198059628,0.006030458076342627,0.0035747294055726566,0.007620141645198146,0.00690184901161702,0.009565180327817287,0.007947562374076272,0.008170752506624546,0.006509424630359062,0.008441092372299883,0.007044493109161959
214,0.05185308710866644,0.049949605420745405,0.024170854224926146,0.01988085276490077,0.012425615179549978,0.008643470117277603,0.01603235020779064,0.012256906028054229,0.02978789967190214,0.026006984875855753,0.027725223994415887,0.02676290854733706,0.014892298485443638,0.012952587213096934,0.007199153506641656,0.005393199593906834,0.009230601370155184,0.00737115117585158,0.01821284656975389,0.016326209801725677,-0.0071180474394671785,-0.007467941053220168,0.005271748642428598,0.0048060057960904136,-0.0027103419768552033,-0.003646205081342073,-0.0016172384166420434,-0.0026696943714413887,0.0006626476216949643,-0.0003869197342249214,0.00021801427002885297,-0.0008308684952774165,0.00919200692034646,0.008913674355445121,0.00272957816946389,0.0020017605445146443,0.002479855632907674,0.0017337794023926552,0.005313215589160999,0.004673677279461731
215,0.06007625113493,0.05738988206765189,0.02406215870269962,0.018311663423038867,0.014644914900805453,0.009772388072333105,0.019643294851947553,0.014771349599217585,0.032044560332999975,0.02714229007315076,0.03489872482431278,0.033466022842520156,0.014007012858467399,0.010924947760172941,0.007119436173486915,0.004358006649147965,0.010230619711384788,0.0074899310179244675,0.01810829970288138,0.015274722358630083,-0.0023084704385101665,-0.0027990061217063925,0.009827119079850944,0.009221347064010581,0.0026724491178320335,0.001653488794889783,0.00335777167313329,0.002203026941211659,0.0021435521618888924,0.0009492126508167064,0.0055445538592369375,0.00412987019631679,0.009234039620508708,0.008750957838675386,0.006185877886792307,0.005121175971620888,0.0065043179455658694,0.005574554777602096,0.007281919410236641,0.006465921499572288
216,0.041980882467004,0.04037804300362956,0.016642332684445663,0.013476264519832016,0.00398641776230633,0.0009457927082487354,0.006348737047566997,0.003153940452529568,0.02079657187518382,0.01788880527596332,0.016820928829264666,0.016771109797172327,0.007298803816322969,0.007327587278087357,0.0008928151825273107,0.0005493502299588006,0.0016880814907226226,0.0012161140344560672,0.00967067332327155,0.009431390373709166,-0.006593672136065684,-0.00653788382118182,0.004282817861521957,0.004463432107416296,-0.0016317767243260086,-0.001405833537207648,-0.0010512272075853548,-0.0008226709560694758,0.0002547238953070463,0.0005303848078388656,0.00416736428626876,0.0047713956386682445,0.006026781584183039,0.0061992412909773545,0.004523865443982405,0.0051452536557668625,0.003735795911780479,0.004128377547116152,0.006443716867083447,0.006770318766004197
217,0.052719674550426476,0.050443244913334684,0.022942509020831427,0.01785865655275313,0.007496383680660433,0.003121285195983772,0.0104588588741814,0.006033092643916202,0.023904798753051654,0.019372992693156614,0.02372589354575677,0.022874109752212386,0.011739147802101207,0.00987961980547505,-9.795915048379611e-05,-0.0017996545561459226,0.0021704679764299054,0.00038566007196699683,0.011676314860978653,0.009918109416852026,-0.005587821137380137,-0.0057408476846673075,0.006217237884397717,0.006121802267984809,-0.003614573917870871,-0.00391639654195189,-0.0015896027619056493,-0.0018679188224579647,-0.0005037865469902739,-0.0007468719863113738,0.003096500749952194,0.002209408102473922,0.007819430629182545,0.007495264263414021,0.0022229098965006805,0.0013555452706587997,0.0038035973475869208,0.003124666538293311,0.00403043211732211,0.0034172018322666184
218,0.06369024469789716,0.061928594101278954,0.029032122792665194,0.025480618724784167,0.011955839329987018,0.008752889208178852,0.01677935352625686,0.013554062795706113,0.03276894908803741,0.02958296847550005,0.0321374961815169,0.03165098715088722,0.014319677594341409,0.013487522534854185,0.0037629572714835214,0.0028990900842711413,0.006639931034086606,0.005727450930424735,0.016046967388656526,0.01527217915963626,-0.0033654948940669677,-0.003572532276948212,0.011155434936554607,0.010933696646307995,0.005376672354270073,0.005003219730598939,0.0047049587787658335,0.004249294153279984,0.0069561986951461475,0.006523508067418617,0.0011975001241171545,-0.0001192270802980797,0.011697188858837717,0.011424352568208571,0.00972035332808946,0.009366154996503763,0.008379993484677339,0.008034399877693485,0.008386451772587573,0.00790408808656769
219,0.060808799212898626,0.05833830825045068,0.02483150758428089,0.019816904905241378,0.012882064971492213,0.008740610888330688,0.015753117506473884,0.011355756997285464,0.031157058104197683,0.02673895889561091,0.03187263682850964,0.031204172077918403,0.0135679990562112,0.012307947528082858,0.007158637739288323,0.005921529309302694,0.009137585356533015,0.007811585663034626,0.01718586392790533,0.015991937228183144,0.004607537917885858,0.004353821285501447,0.012691430868611017,0.012391875740870785,0.00886389140493471,0.008460674561577688,0.010863255681165699,0.01050301063615042,0.011554658867146187,0.011183198276484039,0.006385265913635058,0.005282714758067501,0.013694998543529308,0.013278068000716228,0.010534412794061905,0.009722861796523685,0.012043439722776446,0.0112238523823317,0.015405375815825687,0.014822466066028573
220,0.04498524753015291,0.04221843859916544,0.01963509681177184,0.014144981143733627,0.008586073186108958,0.003976834783090035,0.012269338023914356,0.0076171125195548545,0.02235064557943867,0.01757690329097348,0.027483583135834787,0.026169559093989558,0.01230200204521941,0.009767356307090923,0.00656573574219563,0.0045987414278559876,0.008440981119594735,0.0063147194303155435,0.01451203690669863,0.012273504637519948,-0.0023565021727452212,-0.0027745278351684593,0.00991102153342836,0.009504550762514805,0.005659812584796793,0.004901262565211915,0.0075369523619624335,0.006757309620745625,0.008656397026230445,0.00796140138411202,0.006587216291970658,0.005521253101343007,0.009006336473716865,0.008486257285689677,0.008545222039116892,0.007680981876313981,0.00923670137919876,0.008125252465239912,0.008977655620838817,0.008101992497723191
221,0.05328693831815369,0.05120163371803852,0.02401165636094895,0.01883390635986739,0.010969773245686116,0.006937412909710425,0.01431644901663325,0.010171978348224234,0.028566170567822624,0.024094721003265616,0.025604092828148135,0.02458783645252502,0.01409170544944334,0.011510341607341771,0.004936201658025064,0.0029655232059770825,0.0072773496515848215,0.005237586134584824,0.01505385783317476,0.012874188096339912,-0.004005791586305028,-0.004147361046510124,0.010517065703535373,0.010364927195258378,0.002479312104479485,0.0021335714883120435,0.0029918162980869367,0.0025173187032520696,0.002751133240177037,0.0023484957428267913,0.0027601688467546173,0.001835707775941716,0.011530811535971746,0.011261573796936732,0.008755861505573882,0.008287725955509782,0.00782891554865796,0.007301344876635807,0.008243557626589518,0.007735655422684942
222,0.04201659154016315,0.0399296644037713,0.01985194876325138,0.015515565338044681,0.007792062598793473,0.004202361943014607,0.011929502816425564,0.008149705461711067,0.024276782649525614,0.020565890233651525,0.02424911744008175,0.023421280428970882,0.012419439545167003,0.010674108567342216,0.00584392440450245,0.004321004290173249,0.008220694296398596,0.0065333795956160155,0.01529960381098637,0.013716460029110172,-0.005782587293991884,-0.005970938540488424,0.006478426974603836,0.006309521563665739,0.0022576271360602762,0.0017790851217692008,0.003292866930236278,0.0028799090547766202,0.0034710168534028605,0.0030220011759378228,0.0016743451664744241,9.436174650571342e-05,0.0078717063775349,0.007282731731836611,0.004985354050251894,0.0036061729416181298,0.00536028185164119,0.0039176960071865535,0.008132192846275577,0.007204630426699436
223,0.052995781973523635,0.0504822215412948,0.023370084902369054,0.018093262661229036,0.009868806669510007,0.005597996969077866,0.013336120027386388,0.008889756658781422,0.028268509581707367,0.023802756019295386,0.030624073077637225,0.02927327551023513,0.013993258634383976,0.011218689813629359,0.006564103397868244,0.004457064862677856,0.008198064161981095,0.0058983298290319775,0.019200273417959362,0.016961738695883858,-0.009124807471243826,-0.009445329617735946,0.011986852505755392,0.01156102441728582,0.004889459577119046,0.00430435952083061,0.0042568724194952876,0.003464880272693886,0.004512496785598297,0.0037128061917562046,0.004327807406114622,0.0025997371505765096,0.011538441380905758,0.010977943802730124,0.011734690341034585,0.01080960401201409,0.008883323696203243,0.007643384622271042,0.012522667273360308,0.011714442726367059
224,0.05432761513112305,0.05250527782785517,0.022747646141347843,0.018255798047559828,0.006827931471844911,0.0031965549334209372,0.011249740413828462,0.0074745898436601715,0.026418546259857612,0.022584927254197827,0.03150710534341922,0.031130864389252243,0.011956066266235351,0.010968154984752487,0.001941389361959489,0.0010841254052275245,0.0048304298671036795,0.003800492605522481,0.013750263799461909,0.012830606298017902,-0.005114794606854654,-0.0055354588297069265,0.008750132497784247,0.00813364299215912,0.0022020919066224154,0.0010818710878911764,0.0037261071358179465,0.0024072928644759727,0.002810773672145505,0.0014487508968731705,0.002180281094791134,0.00047471941156252936,0.012740247339091232,0.012257161171875601,0.009026096293606945,0.007875073625135209,0.0070189223534911195,0.005979028400323926,0.00747985455827378,0.006640749239968544
225,0.059270797105417806,0.057222925614858054,0.023715724332140125,0.019491937946193593,0.007501123744497127,0.0038492892520411853,0.013374705734997019,0.009688124128233989,0.029289303478296752,0.025564010066917785,0.029029500401670183,0.027344496753951026,0.015213694493492141,0.01210620298146561,0.003296266791534624,0.0004779087119062251,0.007358525962683865,0.004511194033354185,0.01617924891791022,0.013259137242788788,-0.002258851911869803,-0.0025821833612046027,0.005190976711638606,0.004949341757975203,0.007536497086531037,0.00709838746266776,0.007156701346497029,0.006587836051673427,0.005402207248760138,0.004727141769181069,0.0020881867423317812,0.0008024512703275997,0.006500095839836935,0.006149246583671042,0.007197026366309189,0.006251377342721296,0.006347078824068588,0.005475950154161945,0.007141187800446468,0.0064188460698845
226,0.0544937311370375,0.0527241423719506,0.017735366712205686,0.013836964797182102,0.005216158304226641,0.0017294400310476563,0.009817337319410716,0.006248013501074854,0.02149993487017616,0.017957094192039915,0.026054237241225166,0.025957734667355452,0.005378365469994884,0.005430057413267673,-0.002777981473041732,-0.002913049256030541,-8.775075051324528e-05,-0.00032518899355572567,0.006153392839429583,0.005994155786859122,-0.003921472285972083,-0.004104363938701747,0.014391276779046724,0.01416571236012885,0.0014701890663996505,0.0008543649131223551,0.005065346013292215,0.004559465209701198,0.005206561216406302,0.004741368162396159,0.010299806461608108,0.008881080527646957,0.00861216346083164,0.00795544721866696,0.004037890875342065,0.0022236587628489124,0.006034637754115514,0.0046958460175124655,0.007046168068305636,0.005804080533084227
227,0.05915914566385923,0.056484896446907316,0.022892290899038124,0.017150120138555845,0.008515658632585623,0.003103867811836701,0.011881412511287512,0.006425225131296055,0.026468667050350485,0.02129646671548347,0.029903596240920614,0.028356848122458644,0.012412100184641364,0.009430707705363979,0.00302747553221645,0.00012200463378498225,0.004926973720219829,0.0019981827194840906,0.013322126244219693,0.010428124490337903,-0.005984771375097003,-0.006120454173901944,0.008232896594953703,0.008216685647831614,-0.0008937023852047211,-0.0012674070002106827,0.0013003033489082292,0.0010028573861671898,0.0010566302956624151,0.0007349084536572354,0.0072328714651768615,0.0062672529792394144,0.012745153445756668,0.012354503278976258,0.006255401567927919,0.005343508758280829,0.007955353116254383,0.0072780534849592555,0.008102497055297855,0.007420539661039409
228,0.043827594854908516,0.041011764104163614,0.016134015756193294,0.009780521439676164,0.0030750151050175046,-0.002339549158456601,0.005846393443372092,0.00032345351511007126,0.019329476096921972,0.013830548635652168,0.022436996229408583,0.020862260293322433,0.008634255058135577,0.005280666229063048,-0.00043289944857983424,-0.0033833231254626296,0.0007192797561655765,-0.002292817331941942,0.009798335183740908,0.006832537531269242,-0.002481062288952789,-0.0026840928870051767,0.008047624713903474,0.007895580757636175,0.002270213490876455,0.0017756919765896662,0.0021010437466279625,0.001525068400355285,0.002545911844698797,0.001961678900375913,0.0030218870848278305,0.0016101066481824724,0.007665457766133513,0.007227451787584738,0.007805218433474192,0.00685060245992809,0.007305283611093121,0.006349270942780349,0.009545814296663915,0.008702552608862648
229,0.04929397572376872,0.047233236068059625,0.024684297961720753,0.020353587783325265,0.01148754582128379,0.007807095062145937,0.01466118124376641,0.010830781518832633,0.027220298158051836,0.023406206605032055,0.02979795067580915,0.02893147107621864,0.017782667950054495,0.01616625460645524,0.010001636416264278,0.00846620657381535,0.012321285640137363,0.010700289194708874,0.02043659616262295,0.018931787059405007,-0.0017631432274065086,-0.001959699405983814,0.014455944911013346,0.014279975408815182,0.008796723161260692,0.00840450124546196,0.008473044670853452,0.00807888382656798,0.005355211635365377,0.004873887188954321,0.007490631727390035,0.006159504129201519,0.011579822804904513,0.011046757555144959,0.0097298858356127,0.008591036132805029,0.013301832449566592,0.012396710464602799,0.011493495405197713,0.010506995635985436
230,0.060990808237928074,0.057970985175645376,0.028839192091771222,0.023021390189348352,0.016407763927890475,0.011287495047122066,0.019848945025351263,0.014492246756818542,0.03518918623810945,0.03008589608187088,0.03591467841937318,0.035037672468261616,0.014470521683578092,0.012899744635750252,0.007325473007590978,0.005750981041960956,0.009572855485566897,0.007853714003059205,0.01854429862655459,0.017179245938905567,-0.0007340831261732783,-0.0007369018731327365,0.008887829497136563,0.008999136777084433,0.003578132312480056,0.003701218012919261,0.0028735326550022268,0.003080010479047347,0.0046407572232342684,0.00494905176156257,0.003269278079079555,0.0012830145422632205,0.007203495961101931,0.006463119549447146,0.007435095587655832,0.005777668914688681,0.005819658592912309,0.00397583540433967,0.007544711534011516,0.006110662927427827
231,0.04271631788272536,0.040573030270191046,0.022722448340695898,0.01863430347046128,0.00996657826427139,0.006021581809786947,0.012032078007425414,0.008026271144189873,0.026781153162433513,0.022968764220609336,0.01874046313772288,0.017725447316876943,0.010113935384563509,0.00840083298736005,0.0013542557078096752,-0.000433549530589504,0.0027570060898214352,0.0008670410721081177,0.01181426751666286,0.010092851366799672,-0.005174500975314646,-0.0055057764454814985,0.005322372063801052,0.004915674305353837,5.311819914172117e-05,-0.000683980783814814,0.0012129278286309038,0.0003315213370535732,0.0014055122377526635,0.00045256459648355577,0.0023187653946244564,0.0017045803911742833,0.008677379785673118,0.008468434855923492,0.005900729706046991,0.005555928383487426,0.0023877940835472103,0.0017308880231396693,0.007247927400796256,0.0068849790541708755
232,0.04373822014629421,0.04123270023206563,0.02001552314356439,0.015139983238837099,0.007382467834320783,0.0031306904032266554,0.009763521761259853,0.005337641711249201,0.023956579466867932,0.01965237816819363,0.023645583324775406,0.02264947637225693,0.01078010326789553,0.008966169189657602,0.004120039283854628,0.002491840208579101,0.005846337153678928,0.004130666288165545,0.013203156796258917,0.011516932972503998,-0.0031498752801922313,-0.003066812637791425,0.011668576562241715,0.011888309266418566,0.004878690168645585,0.005263304823962118,0.005039640027179772,0.005509402837747795,0.006712107887337816,0.007267793451053708,0.002554027313508129,0.00261162625442846,0.008243292737391397,0.008226668684783462,0.008311045510516684,0.008616140232067806,0.008523787849065784,0.008592661569777556,0.011190335596982846,0.011332063013851907
233,0.05238873375842229,0.04945951656188842,0.02331405080425546,0.017365726515655985,0.009576343481309436,0.004668575165397144,0.012392846599913293,0.007182484656128804,0.027509709090720404,0.022187910710536097,0.027598704370263256,0.025866636350512506,0.012988702414685777,0.009791442125373272,0.0029747858560542203,0.00014527419565497506,0.005199078170734455,0.0022276504707417787,0.014320892652940087,0.01129110090799242,-0.006657801799982738,-0.007059062117339324,0.007592376206516818,0.0073280303415326695,0.0026554521293105588,0.0020992609243769152,0.0044685346507366665,0.003943312376523658,0.004657114571650652,0.004006869168372175,0.004816191079530115,0.002271587732565426,0.013317917117046593,0.012501519708754849,0.008920737574703467,0.007045758520206244,0.008893915690802903,0.0070574223797305186,0.009610357871937217,0.00815467435857287
234,0.04690996417601496,0.045439874402549596,0.014160577102587052,0.010703648244804806,0.003801572328835324,0.001111136054774514,0.00709558660797307,0.004192639399482922,0.01954092459618313,0.016680168084822873,0.026597166575992915,0.026513810219101902,0.007796093475784527,0.007547574105197424,0.0034433965464872895,0.0031093350842277268,0.005152710730195851,0.0046843139680465004,0.012926040755080182,0.012748036362706666,0.0002657337166281961,0.0003308777493638525,0.01179732775426131,0.011976280835471588,0.005160654145386992,0.005498561121830683,0.005109618478388634,0.0055427386388624406,0.0031804209324635064,0.0035295905972119166,0.0017701516345530923,0.0013284894311186507,0.012805566097936164,0.01273171963244667,0.007877505124071477,0.007878889029813367,0.00862120473167519,0.008587641709350332,0.009059482306527547,0.008985208877970805
235,0.05491470013666137,0.0518050962447696,0.020011330776011377,0.013793448789731,0.009579631620004954,0.004373301754393823,0.012830733050588048,0.007559945434254432,0.024058176939571498,0.018547861784461557,0.03404180985243359,0.03246109633038746,0.006414054923611939,0.0030896668203085793,0.0006874938719364965,-0.0020390636412221256,0.0028374886409342683,6.106080731409103e-05,0.010216893145222224,0.007252516749224605,-0.003118111454819634,-0.0031663942489858258,0.007641095900266806,0.007611006207670773,-0.0002556058173865288,-0.0004228909546287847,0.0010622412342075314,0.0009267494287986793,0.001278533923350463,0.001257099916518017,0.004341201219077571,0.004480758044382929,0.008626323148072258,0.00860560682847061,0.005941538483058221,0.006141384670749905,0.00883364036884719,0.0091551961365836,0.007646121857606029,0.007720147861970476
236,0.054781989382925986,0.05156309563299386,0.029249073450044943,0.02255565350712311,0.017209783464584037,0.011360065056465165,0.02005087302935098,0.014219399792179649,0.031430391061840354,0.02547927152172927,0.02975883545225763,0.027681307613284106,0.017639850252591436,0.0136656690542302,0.009340775722125591,0.005770070220494977,0.010833335375644852,0.007258906053325745,0.0173008262705317,0.013608729644561954,0.0005441009751537185,0.000158389424280379,0.01276809371884415,0.012268891927969677,0.008954958405230813,0.008139995000236868,0.00941199951895291,0.008569524002075782,0.011219290538054452,0.010409801681846697,0.004655277290582427,0.002635863160901375,0.014880428615391883,0.014277185823076823,0.017025691224312425,0.016104032149620025,0.011296276136177822,0.010008505733998292,0.011707882991135796,0.01057348279887671
237,0.053087930489121304,0.05130788850442551,0.021263333081315384,0.017488894271271774,0.008032927649907338,0.004666729231035758,0.011183164449761284,0.007609927818465517,0.024021589640944183,0.020524823567401096,0.02625459226666968,0.025479589396362905,0.009775002867227957,0.008272924546096768,0.0016027155643054119,0.00014989442290512175,0.0036480576076076436,0.002056630479387458,0.012009831951270613,0.01060033847727218,-0.00926994690993303,-0.009259850201001044,0.0021387107170427735,0.002252697337082799,-0.003158973926355459,-0.0031667553608934035,-0.002044846911979531,-0.0019632647941106186,-0.0005481843964039491,-0.00038930192129432196,0.002505423351287206,0.002330703274361561,0.006129177592747339,0.0060846083329172225,0.0039424150789397865,0.003939661325672688,0.003959989774895102,0.003923161855718742,0.004941796322656872,0.004944876389935781
238,0.05331633863901712,0.05063044694512815,0.0190356011005776,0.013593567197333322,0.005293588354315472,0.0007150266106569815,0.009392376811180393,0.004692492128293449,0.021896229934013283,0.017194094384243668,0.031037430715983038,0.030397452208627752,0.008408506304280625,0.006857705400658396,0.0005734172719016793,-0.0008301128976868289,0.0029110273306830548,0.0013540911719584412,0.009946985947982694,0.008506479740087121,-0.012570999661718738,-0.01258076442863595,0.011956363237588506,0.012176077481955082,0.0009020106846530801,0.0009128845624744765,0.0008663919665446773,0.001030349895012167,0.002256656673151454,0.0024393844544439874,-0.005081172390615393,-0.004356601237702646,0.00985375872921371,0.010243191991156602,0.004383977554585345,0.00536120336174827,0.0030229617409970647,0.004000929981876968,0.006716773040362743,0.007496975963528584
239,0.06627064854590321,0.06166460781491876,0.03247626202887902,0.024168476812272865,0.016322550053427365,0.009015936520343389,0.020556433100695375,0.012992779284850528,0.03809375874186083,0.03077703388380303,0.037877663957305636,0.03594072283132792,0.015097294124436073,0.011490724903727382,0.0032276084024670847,-0.000330569251616298,0.006741014660315532,0.003049009148548585,0.01803630569554031,0.014668093855566227,-0.0016763807815020064,-0.001454467314749817,0.0028059024410335793,0.0031229252552387506,0.0023968558488289705,0.002938110786286504,0.003103515728051914,0.003833337615825317,0.006058458748989881,0.007086249993197473,0.008449898358645305,0.0076881221950481134,0.0074908390668286156,0.007135785318845227,0.012888346963989092,0.012559361981082396,0.007880519790580862,0.0073957278419384525,0.009852448191831616,0.00938176076727943
240,0.061724613327025765,0.06035762282270148,0.016939060389738476,0.013418412593432572,0.0011143969921691207,-0.001788184472329098,0.00538303750513103,0.0023271040205541218,0.0229179226417188,0.02001982746358827,0.02585884369913157,0.025397655925133118,0.006347707269885703,0.0052170223026665,-0.004010499437818098,-0.004920843629985747,-0.0017362787043262242,-0.002767250958007041,0.009277526621587035,0.008382276725709887,0.00544094401237,0.0054683486341976645,0.004793173850641135,0.004793650582252527,0.0036034897159917118,0.0036644312693505715,0.005623309953986016,0.00581290323411055,0.00823484883574318,0.008533289830656609,0.010334239424932692,0.008695276541161081,0.003651096082697798,0.0026936183798447516,0.008880671999649214,0.007071428927107455,0.010476679530051314,0.008799183263222852,0.011271323703065094,0.009945518396811194
241,0.051809693991949915,0.04940884412585059,0.030339815485407977,0.025651529503316943,0.014956821483323498,0.010569197383432106,0.017702766407355346,0.013309594043277556,0.030756339503497165,0.026431086112052943,0.029337967422614925,0.028223938166017676,0.017734273338459644,0.015752643841298798,0.008165302854764278,0.006149041422619799,0.009815479459881232,0.007735244806672439,0.017886380680012845,0.015878320267084335,-0.007994367356331106,-0.008859495544179728,0.006090330321634063,0.005298743746835988,-0.002209245069074066,-0.003825578167117878,0.00041261187628468404,-0.0011779637133038329,0.0023105461206002404,0.0006065396941281772,0.0017863858216801542,-0.0002783490096304957,0.00842916997224699,0.007699548670931182,0.006306528196618487,0.004706586494721703,0.007791921442953087,0.006406178060053875,0.008558742525753667,0.007440451630247738
242,0.04127449355786479,0.038895496068264014,0.01332501576923047,0.008769904895023665,0.0023285756701578626,-0.0014769171416724634,0.005569624139615527,0.0016159065545239902,0.017342508245827882,0.013409973014941689,0.017297944126119836,0.016718296536716915,0.0034369640903783904,0.002634476358667766,-0.003161454929863517,-0.003987202708709082,-0.0019178754460908386,-0.0028565299162071046,0.005792483216443644,0.005009730880412619,-0.004060882395910371,-0.0044000679942484255,0.003460308186045944,0.0031691466044529346,0.0012358701578897527,0.0007197020837474753,0.0012412631905796476,0.0006022523775818832,0.00297353426947957,0.002440220062937645,0.005514140343763201,0.004305566997013616,0.008023818145167835,0.007558215144265891,0.008340804713879466,0.007250526418920577,0.0064084788817735435,0.005322989174105637,0.009168190861908655,0.008357284195693544
243,0.06219776441607812,0.05967692911466307,0.02540864272398759,0.019786388826568673,0.010558159806467293,0.005212704851274388,0.014317605423474202,0.008808956298397863,0.029859097278221357,0.024694090445410884,0.038488237898247415,0.03669664963463311,0.014988963243820106,0.01114441597070139,0.00818317871895857,0.004634434199910492,0.009829562487059063,0.006176218448376414,0.0190560459197373,0.015534814189824086,-0.00169966547646324,-0.002043504343113277,0.010444702052533407,0.010202060343336792,0.0011817027866094809,0.0005874734105976635,0.003465050281652428,0.0029895317498414174,0.004733120311683976,0.004160110527824964,0.006163207728553613,0.004398131198242324,0.01449509975562754,0.013762276801759279,0.006958984399075602,0.005530166057082996,0.006535737501674167,0.00512972652487279,0.0089824906941515,0.007669176592993751
244,0.05474991449746804,0.05175297625593983,0.02540616555893021,0.019484449236366868,0.015322945047351561,0.010107157496376692,0.017390129489983065,0.01200664694344317,0.02647952526565787,0.02096718490310162,0.022626663073276845,0.021257623458540063,0.011431053423990756,0.00884842452775421,0.005662236365197186,0.0034012545965953628,0.006527307583933209,0.00416490018355586,0.011518396783607806,0.009065941335066312,-0.0013591245772528115,-0.0016758530605247867,0.016163073854216878,0.015820937561410404,0.011923258305287999,0.01142691045924105,0.010197330786317235,0.009609134367681413,0.009196920558137544,0.008646447089914694,0.0030086154586281256,0.0025190218451411157,0.012064456914312271,0.011853934539624605,0.010406908544146203,0.010190342238606225,0.00927177142852829,0.009074490636816031,0.010159099213841031,0.009940798428294758
245,0.0710025860434891,0.06709463402407843,0.035667313102137874,0.02762066539077787,0.02022838912813859,0.013579975110104087,0.024094880754662533,0.01726965417362298,0.038884210424362756,0.03197092275524717,0.039542275297199204,0.037687236303127106,0.0181404687685525,0.01427162918210267,0.009567790068255404,0.006212534914144259,0.011978880981521731,0.008523889763837115,0.020399237289814166,0.017058812415516572,-0.00232572489600045,-0.0026272809740415987,0.017113921264401144,0.017018472994077362,0.00696649643708388,0.006550653145795067,0.006841795608648689,0.006528014569428522,0.00636877654399499,0.006052147470042279,0.0013858502881987187,-0.0007105527439155393,0.010027502047041514,0.00929166325068027,0.01296366616422159,0.011650209467537592,0.009684585243971923,0.008308284479543892,0.011294503601351605,0.010076893865084872
246,0.053747231175322194,0.05198245665873471,0.019621909970143868,0.015471309299647015,0.006037390267504831,0.0022264516090365364,0.011738886495875197,0.007944148602436484,0.02689708392774221,0.02350401761343331,0.032609671229205835,0.03144645634419862,0.013837849021172743,0.01135940785709703,0.005030457062551922,0.0027587101348043918,0.00817118426343354,0.005859554583147982,0.017772143357868263,0.015690511092847678,-0.004589369622152927,-0.004833824136417498,0.007002895531505768,0.006768466437094925,-0.0016902380536662404,-0.002290995152620057,0.00024464128124481165,-0.0003710425456733958,6.212326674261675e-05,-0.0005283412892055663,0.0035259930739567117,0.002713011353631053,0.006170291561401864,0.005899641880872495,0.001211740628285332,0.0005734190885027405,0.0047515745731191595,0.004199721116661839,0.005653738076866306,0.005295359711617483
247,0.05300181281904594,0.048462554146112835,0.035589644139062855,0.02755160270108284,0.017091026942894258,0.010125636559152492,0.020131873923546657,0.012959170090562955,0.03715318542473663,0.029915661673711923,0.02845713593445818,0.02622332716017085,0.017919476494656805,0.014240749910967443,0.007297400742495524,0.00404433834382671,0.009445454377486945,0.006036173985249865,0.01838623368484961,0.014917359287798016,-0.0003393028664409054,-0.0005924617330637864,0.012295003643013972,0.012122880491985517,0.006506289182236643,0.006374526052300981,0.007330440560277951,0.007127492043123572,0.007370964812696499,0.007171763403829849,0.0026282590890636783,0.0010530800234628043,0.009787659688517584,0.009215046297996587,0.008845268755910594,0.007683963533765066,0.009629828953676624,0.008334666688332337,0.007981402490271513,0.006961481336377799
248,0.047970300853667464,0.044111367135544095,0.023699974112336913,0.015964785653185192,0.013878774320299821,0.007635228795760604,0.01544810439160348,0.00915221664624912,0.028668025075702663,0.02219380604967291,0.022629083076165783,0.020917234489066475,0.0069809124081863985,0.0034992567912608464,0.0017015771189314605,-0.0010415935830521954,0.002563401488252815,-0.0003331712054212568,0.010997164770301063,0.008088141938144552,-0.006066910687011548,-0.00613053975739381,0.0006512536121291325,0.0006548054901915916,-0.008482388812824685,-0.008851227526918004,-0.004746046905017835,-0.005032638452862398,-0.0023291219251778328,-0.0025526944256923758,0.0010080562977316785,0.00034467273483165296,0.005756181947849769,0.005561347343927102,-0.00027915707696411416,-0.0007856124968008091,-0.0024360916490151177,-0.003070156169572657,0.003238130150761126,0.0029485769360543465
249,0.061280217790250405,0.0592901671043501,0.019262052788119592,0.01491446393590736,0.0040330611903902705,8.532784813712475e-05,0.008221622935642565,0.004263618513492706,0.021781844172397334,0.01778612265247517,0.03638967720681198,0.035273402593966906,0.010931960385389287,0.008560889524321021,9.948067766221648e-05,-0.0020769799294468845,0.0032686769237836753,0.0010666445111060321,0.011908705078211493,0.009599784753664515,-0.0014280517281627034,-0.0016026993141620386,0.011122552884072932,0.011122725017344248,0.007766715310288087,0.007769948392992146,0.006402809962465327,0.006365443363461854,0.006699680643280847,0.006618098469328761,0.006004470029319868,0.005321165490351962,0.01149345788956899,0.011242122524716782,0.013343386342994479,0.012971166751716404,0.009596784196468578,0.009151448297066194,0.007903023922062704,0.0073754188094870025
250,0.055739525909719444,0.052327426852312675,0.024699192490610988,0.01803936446813215,0.010997880853614656,0.005096256918044825,0.014724828032339696,0.008778539381703443,0.02895165908543291,0.022963428965450398,0.0272769136974939,0.02538613906894311,0.012457736839840538,0.008792785790235062,0.004490372244911776,0.0012263464420134013,0.0067257529460436295,0.003431574321456664,0.015042962772111973,0.011728442662630286,0.00016972549946793442,-0.00030900989247175254,0.006134047023146788,0.005645644076293691,0.002456574058712841,0.0015473931948100821,0.00492314923885947,0.004032390586743675,0.0034740806190507187,0.0024697818736802548,0.008627229692218475,0.0068359498398195455,0.00809918314198155,0.0072978720930868945,0.007702662570394582,0.006118783271912965,0.010354131715713078,0.008817800044236082,0.009494762992904634,0.008066639247305999
251,0.05344946919155395,0.050130044223828774,0.02216883873752997,0.016022810815324053,0.010197724530398704,0.0047586606907974475,0.013767415207949496,0.008274328298430953,0.02856074248871242,0.023285967912101753,0.02901226909092658,0.02760040895375001,0.011910579735025757,0.009523741726240454,0.0052861894347221,0.0031047150262118774,0.007204456415295759,0.004900250166181607,0.015139485686357517,0.012965690463464968,0.0014922733562122632,0.0012913413275249534,0.011751234916326634,0.011601032963834596,0.010988648558685626,0.011006777349594666,0.010307677794719966,0.01016195536557549,0.010739074417471291,0.010779430077649395,0.005039809243547472,0.003916163203721116,0.013686422071018754,0.013348339119338318,0.011290792612675599,0.010688041859797142,0.0120542935443403,0.01149148699350328,0.011528929585163236,0.010945120645001166
252,0.05251184226285162,0.048476686321640185,0.025285060323319952,0.018054678541902118,0.00931832049943264,0.003047471132680407,0.012977298198634923,0.0064952200734285735,0.030407955919252133,0.02406586908257039,0.025007625231199964,0.02325353489086892,0.014139440539585236,0.011346873774643811,0.005996979134959017,0.0034009695400966816,0.007482635051619437,0.004769890596609005,0.016551503111049467,0.01400113503768596,-0.0022693948859807455,-0.0030459995661565814,0.007660362970788101,0.006970435183639041,0.003393309193595452,0.0020554296191223126,0.005778313142700992,0.004478751360317146,0.006421791971529865,0.004870546705054722,0.006851482730813953,0.005896571238844521,0.008949902210228972,0.008613654064990787,0.006950306461233982,0.006132282765055319,0.007155824680191411,0.006384845538198664,0.011517306080927832,0.010883845791681127
253,0.054848078234654395,0.05176913629993339,0.024690951589999753,0.01890298868641873,0.013317717681974697,0.008427868723630438,0.015957446034017053,0.01085510947165098,0.030354717231410238,0.025337811186153598,0.02833300857729625,0.027241066163889265,0.01347936976380655,0.01162794875655171,0.00540409132585989,0.0038363392128216594,0.007196867581599702,0.005450041668368244,0.016010158406504483,0.014415806255632251,-0.008282133999216531,-0.008068755989486547,0.0068511179303158976,0.007232188323636349,-0.0021245816875716,-0.0015955377252725856,-0.00010324512324918636,0.0006114694629975453,-0.0019916670782243297,-0.001208684172182193,0.001079747834695248,0.0011073179751380751,0.00786237760549425,0.007917428550035032,0.005103284754403339,0.005286571808036666,0.0060184964741284,0.0062754263922742415,0.0069028956701985954,0.0071248690171689995
254,0.05231356410961322,0.050871354383236256,0.018086880909722616,0.014453669729322442,0.007469114432012344,0.004374083111187876,0.01208738522187798,0.008821968936303017,0.025818790538398993,0.022804598014523357,0.026256745157165244,0.025819282051826337,0.0131522449279791,0.012243271204668947,0.005560413032187997,0.004546631276551234,0.007981336814880731,0.006796833562257123,0.01646748838572681,0.015541244385536251,-0.0028266701952852856,-0.003148932762930516,0.008828675728702955,0.008319598031578347,0.00935887019646896,0.008736817522941438,0.009260373608902191,0.008571748375190995,0.006725571781510481,0.005792309038061908,0.0027763274301914856,0.00189069355474339,0.006058135803154991,0.0056379345286190355,0.007105630297329982,0.006449508046959778,0.00881231592766193,0.008220202070103657,0.010379738598494549,0.009875672367888739
255,0.0476242722191524,0.04460874104678806,0.029417718541977188,0.024002979552323236,0.011391492528152723,0.006402288194960812,0.015090686640120582,0.010031128838332145,0.03097856417779347,0.025914273423513778,0.020578047481809116,0.01949832951558554,0.016740402618776767,0.015230390435537922,0.003430033813939591,0.0017314682353658244,0.005985741886800312,0.004114997594537439,0.016155930367109776,0.014511413603983406,-0.0070051610868507915,-0.007509492950945285,0.008158059680879865,0.007474299059544075,0.005710987733006768,0.004686741788939226,0.005917658766312244,0.00466141888357274,0.006348062463312082,0.004987928419877237,0.004202856750089764,0.00251418564943202,0.010266475605313952,0.009604382012554516,0.00791204586214078,0.006644408922087978,0.007516170307691613,0.006136197687303981,0.007721733494110447,0.006579828983408137
256,0.06375634510117947,0.061076017477724544,0.027701299552099497,0.021459473868353555,0.017885208494222045,0.012570477982160136,0.02102220908980011,0.015646768372123088,0.03503404149058145,0.029844062686266704,0.033997765036015606,0.03313457052788197,0.014091938257850373,0.011903464550615875,0.0077566277376508504,0.005842471268344776,0.009620284551510937,0.00767502973202538,0.01787626200892693,0.016094887377294677,-0.003712798966357104,-0.0036941912203515637,0.009010345603233213,0.009115790228026766,0.004811699671004187,0.004907953867756433,0.0035657286982957344,0.003720808307067413,0.0046687379511035345,0.004887609666270207,0.0024426515512258064,0.0016647363849571141,0.00766842628706142,0.0074128310826529955,0.006529023417011453,0.005872149791119808,0.004765589763371185,0.004290255462639562,0.007440681082929471,0.007105463510204707
257,0.0684527125558826,0.06507121131914398,0.02964296018949797,0.02272116835404508,0.015031986527370455,0.009012723805604413,0.021689189114987937,0.01580607026612959,0.03772737988685667,0.03212016695736633,0.038813797505251005,0.03697053526929776,0.014211191766053588,0.010653706136862489,0.006450224711473135,0.0034354275646279963,0.010451948876944962,0.007442147612539134,0.019678131260820592,0.016785440309071517,-0.0023471286699468146,-0.0023836043810585017,0.01464589017610649,0.014866285498887851,0.005839184532166123,0.0059727783615956855,0.0073792133033967824,0.007593879051318751,0.006237597566477307,0.00644794385682484,0.0032842223955670538,0.0027850929413598935,0.0127282826450331,0.01254504449667609,0.008949892949568484,0.00865284137887468,0.010995296746295426,0.010812201194481435,0.012228675949383245,0.012106776588929304
258,0.05669604856893277,0.05474408950884121,0.020266445801510845,0.015183383659036574,0.009024088016513578,0.0042782364004472495,0.012800785055445518,0.0080295382743189,0.02411907486060014,0.019479358116068473,0.03586176678902156,0.03480315792669018,0.013215762024261266,0.01039052715673805,0.005760794348354802,0.0030688600502151485,0.008886049140086925,0.006180475544455388,0.016887610861251033,0.01428954975716262,-0.007104308669720945,-0.007528654887061728,0.004402180897980621,0.003942129221621974,0.00501031779787819,0.004309260601918376,0.00460725160926601,0.003778561623249009,0.004988319092584851,0.004107911853599249,0.007848480034359218,0.007048374304778291,0.004074770778531379,0.0035414410280104067,0.00648866897989583,0.005653511581362966,0.005351005254676608,0.004388107305325091,0.009501822366859846,0.008697456445311882
259,0.054873324269656035,0.051565992072825875,0.02375457880109967,0.01804833753876238,0.007057404869245843,0.0018318209895429975,0.0107999664304125,0.005459751429962808,0.027642527519204863,0.022357220388356188,0.03368906825462068,0.03195049505955607,0.012978334073958871,0.0099429699015245,0.002147775699368208,-0.0007352531684583499,0.005047568180344076,0.0021001565216763555,0.014814002115844471,0.01190143453504414,0.0023734431104154236,0.0022501709551252212,0.006693295979271203,0.006661946530502195,0.003374107149572371,0.003051978161945418,0.004645879168402137,0.004505864776898903,0.00408356398485304,0.0038793748960050645,0.005718932440279297,0.004705761172938296,0.009443445810957142,0.00900397453694854,0.008661835989875553,0.0075682374117749225,0.00908868026385508,0.008309861140585208,0.009254078340189233,0.008568545360536015
260,0.05560436471005501,0.052670722054302246,0.026563313835206825,0.020325470951922282,0.015175189934441663,0.009951833375297845,0.018803234896879732,0.013484630796719813,0.03052264029313297,0.025128397393204306,0.03166305740356218,0.030566741456240193,0.0130286694125508,0.01061380352311402,0.006122141675364954,0.004124597192632895,0.00898132198605164,0.0069332125232654225,0.015500896135535017,0.013461897893886654,-0.0002525958603774394,-0.0005280164586619108,0.012615888020559917,0.012339734905523866,0.008428729347639639,0.007932091087183294,0.007605978811299574,0.007044364030634004,0.008001602204657742,0.007440245500342758,0.0010929846445222467,0.000363212037783496,0.01525240892502873,0.01509221863802906,0.013574676235900265,0.013530917948837238,0.012020506813994164,0.012042832789714483,0.013126968713455594,0.012900068317391752
261,0.056379321710327904,0.05330908033002546,0.022947823008896126,0.016459910124793312,0.008328617949363133,0.002675991699742255,0.010634707362703485,0.004882042694327467,0.028633327236527784,0.0231122080660612,0.03541286761542496,0.03341021160470781,0.015359331901716622,0.011342058514846475,0.005168979512517539,0.0016665399498490441,0.006701117308369663,0.0031316921765914205,0.018023398093426454,0.014476257569824475,-0.004986261474483693,-0.005436154916264311,0.006761888129036431,0.006300359610915254,0.0013194715972340986,0.0004517572022873867,0.0023323028804033224,0.0014599796376702754,0.004800019017640399,0.003940525911676707,0.009658408791887299,0.007651455889652448,0.008928728196263617,0.007937429987517326,0.01058766562562105,0.008472919514124074,0.0069251950868464435,0.004934507843654031,0.009376156277450847,0.007699148828773418
262,0.06571119321338538,0.06274218461565229,0.02781374008938674,0.021985586326038597,0.01245917072134801,0.007523753771487248,0.016654375480304535,0.011550990964424707,0.030458764979698728,0.02518148062764567,0.03736268662063734,0.035878139877593626,0.015079969812835561,0.012108831233113262,0.005408541210038721,0.002937847530610803,0.007826479138647103,0.005219444671223615,0.016017506691070563,0.013301488342485046,-0.002038184155053792,-0.0023982037425030675,0.01049217061300008,0.010161294925634334,0.005818008440641449,0.005187696151628605,0.0076926234474662515,0.007087608236707876,0.006906703105890482,0.006396593984840884,0.005610483705803212,0.004816643768252081,0.01224202278596922,0.011793131984047047,0.011339847759915157,0.010674659413117803,0.009591124327971285,0.008802734413973622,0.009399124763676802,0.008691907883118027
263,0.04895127710468819,0.047802167606350525,0.01606433093308039,0.01327597419444993,0.0006565957313876945,-0.0018584421036424391,0.005216463708715149,0.0025641808993855843,0.019707380911665053,0.017178583414373175,0.02729503728389355,0.027195016108327662,0.006048498235118686,0.005582675436296289,-0.0024442366610581364,-0.0029734673363050112,0.0004101754708198389,-0.00025825071523869386,0.007626146035261327,0.0070417863487596405,-1.7271768187209513e-05,-8.329169563707416e-05,0.008025784736199144,0.007944826948712201,0.003214592981211237,0.003045774851838121,0.003850065564630326,0.003643268162408525,-1.1362609260083252e-05,-0.0002285258825452316,0.0030484520546184657,0.0027943045380211633,0.00798802298144156,0.007816356495648883,0.005394412297019285,0.004974719536797447,0.007132635893898093,0.006813690402976311,0.006539049742222344,0.006260033894573106
264,0.06267744307584355,0.06083606230259851,0.03403143762789098,0.03029675425126894,0.0154828368258642,0.012027786196862837,0.019837546746088706,0.016341798744774705,0.03667746476703473,0.033380096920204626,0.03237588038768948,0.03189561659300995,0.020105987007454664,0.019275293133106164,0.007120060827162933,0.006155033505426289,0.009568269288353042,0.008536964457608506,0.020703101887671504,0.019923557537079407,-0.006087139718986436,-0.006373324987534871,0.007848494683987269,0.007617062968321507,0.00015694631426859586,-0.00037151270536372305,3.716208655867915e-05,-0.000581188186306708,0.0030022539536451033,0.0023957466802197974,0.0034698050535224177,0.002721574601323361,0.011568497078672475,0.011366878575957692,0.0067988064342679915,0.006465961900793631,0.009334234687714993,0.00903756367859204,0.011249962118346453,0.010958516912891658
265,0.05527762298777741,0.05256352253411387,0.02291040082636936,0.017204067406399647,0.01025392062644923,0.0053009771393776545,0.013977147521778055,0.008939850329735708,0.029905415773648192,0.02512487640282346,0.025773690518330172,0.024238755087089094,0.014453047826941363,0.011730666294945572,0.0057291659620416924,0.0031604045982458915,0.00795776604386203,0.005282255074374231,0.018208674860885697,0.01577835443627411,-0.0006081150166114278,-0.0005163922851489422,0.00593791534085285,0.006164001717527507,0.0022919967006658423,0.002492719498404674,0.0038564326868301786,0.004175053328310583,0.003504731951396442,0.0038798451463312074,0.0023226732740939337,0.0037220315432509887,0.00869355236908671,0.00923591810239395,0.006684124745905716,0.008143148750317141,0.004429657945719255,0.00560656628022891,0.0058388792612507085,0.006765656360155821
266,0.04939900179768231,0.046504638116274116,0.017361894791377626,0.01122669639746551,0.005004277512495934,-0.0003503257781968591,0.008631693417182512,0.003207348007891715,0.02223898366824179,0.016871405969305787,0.020461707161460067,0.019587843837268946,0.007800684594384733,0.005987648204057029,-0.0016065254045792812,-0.003225472726205959,2.7335261664675724e-05,-0.001691223159791927,0.008967183013867827,0.0073934299950209875,-0.008063186366422694,-0.008180120281743999,0.0030144541118893803,0.0029769694743777045,-0.0011467887492828787,-0.0012441136076543115,-0.001398109669120865,-0.001614315346242294,-0.0017587812842582249,-0.0019879138114898345,-4.753275916588718e-05,-0.0009753734070543654,0.00673258992347571,0.006528235134172329,0.005581850622112265,0.005162431937614395,0.004031801174457326,0.003515258919152095,0.007140856280865237,0.0069104320252063286
267,0.04600426931627904,0.04491209018966407,0.018966846346382887,0.016407487967500894,0.00509041303263828,0.0025477466773307657,0.006907629884361358,0.004257600615879579,0.021822152686962963,0.01951686321032805,0.019735258753993224,0.019310384045922398,0.007285530222559006,0.006239897504729068,0.00041878016219161745,-0.0004924141604394138,0.0007233799808175451,-0.00031478019874132333,0.009499906951775213,0.008566678486864317,-0.0008356273720144542,-0.0008444681743141081,0.002871110101858223,0.0028648664087787363,0.0020085961049430916,0.0018798088480678726,0.0022312407846156014,0.0020969605535339285,0.0038736208728644044,0.003952489200093164,0.0033419366009861395,0.003125367788937669,0.008231740358446048,0.008100243763590337,0.005784583309079426,0.005515044265226762,0.0033840674203062804,0.003046275999767878,0.007088922071892841,0.006937522660067032
268,0.054705417062712945,0.051601540654027445,0.02590304989487644,0.020097022444387706,0.0118302114872842,0.006922248359299427,0.014927584626588502,0.009848535119399662,0.031104491409218595,0.026207071232309465,0.028691537654616482,0.027654441240758477,0.011052660685544622,0.009046390554098182,0.0011190134743431037,-0.0005516298295764279,0.0030585383145116524,0.0012236836747893077,0.013484816272695738,0.011763694896818945,0.0005533178646142115,0.000321937877218856,0.010224036225614819,0.010094580238834746,0.005991420898304221,0.005725061417625936,0.006837954620748541,0.006532505269601437,0.008133199477817049,0.00791855698843942,0.007483290091615281,0.007499830665641934,0.012519311009007269,0.012488890286938715,0.012166029539655508,0.012390501714393399,0.01290333023934807,0.012967911576668767,0.011452366209570373,0.011509927670870997
269,0.06172040674387806,0.060121241763839386,0.023299094881146298,0.019727361518243846,0.00915839255470938,0.005751897848767007,0.01206616279025272,0.008441702430730691,0.026403240907033866,0.02303161802324372,0.03353850334776729,0.0328288542454052,0.012753371417370096,0.011449508238491378,0.005307786720568067,0.00380687233361802,0.006536091042346913,0.004898519215958278,0.015331711069317504,0.01393193114003658,-0.0014092317855233575,-0.0019170033043860398,0.005300756412024035,0.00462002813239849,-0.0021811778912286814,-0.003456686278425678,0.0020806873581275523,0.00070522288321195,0.002434211226527409,0.0010163962502957994,0.005614163648884533,0.004972808060495884,0.008434681993907164,0.008130450771955618,0.004247358435511677,0.0035938407071980233,0.0046573617484525365,0.0040507621664594715,0.008591248395122124,0.008183736921876725
270,0.05862319527018629,0.05602073967145926,0.025298717470569203,0.019614903122140294,0.01099818166476196,0.005839069502949835,0.014538342916729452,0.009152591118291486,0.029477967816690497,0.024478326837394485,0.027506947296804807,0.026459506679230287,0.011508587893234428,0.009193587788206118,0.0019728868032492857,-0.0002459219763224982,0.003637636250806653,0.001252200212664621,0.013803914454580294,0.011749044395493029,-0.0009610293538387081,-0.0012078308215347675,0.008919174906525286,0.008718198887271208,0.0074398298322569875,0.007204836226157656,0.0064686771462395196,0.006173581763543635,0.005293055062232923,0.00498679291481094,0.002322220307394172,0.0021212417150325825,0.009102660410754942,0.009099883493267255,0.005988697438414486,0.005897853212313232,0.0064386120400318474,0.006482356426468222,0.005389537155668897,0.005290559493204672
271,0.05093737501075507,0.04934127131031783,0.021290686806448498,0.017851121347316014,0.01040651066766061,0.00733873984433805,0.013888973951833744,0.01072318739130011,0.02578208527539922,0.02259891480016423,0.023596509361163417,0.023377532161959057,0.013836385023842166,0.013377772490661586,0.006796072774649463,0.006079992646909745,0.008533202103710577,0.0077384723200799865,0.016282752558375267,0.015565071582962761,0.004142873178259607,0.0044207965145978394,0.010035828705866818,0.010390785315302882,0.006198456522887902,0.006693172385992864,0.005484843846369677,0.00603598147397537,0.007246067507183022,0.007957140367262805,0.008396634381606073,0.008654096375059536,0.010705918360014484,0.010687182711557715,0.011852866527143468,0.012106236207158722,0.010666638113153586,0.010775183844834169,0.010915484198952646,0.010929668266517843
272,0.05389931438233268,0.052746432819713786,0.020673423755767188,0.017554539614202596,0.009122980175908697,0.006444728241056781,0.0119040415964435,0.009025422009411983,0.02565917209878482,0.023031588728636414,0.028215759868036993,0.027836270789047223,0.009794825521618712,0.008627096781461313,0.002558670814277478,0.0017259732622671273,0.004174776080869484,0.0030985283065759093,0.012522576118506734,0.011556285928846843,-0.0021783319770458257,-0.002164096050840236,0.007653261417904855,0.0077412182669939055,0.001313928982333927,0.0014346785590164445,0.0020135273229766742,0.0020956774891782155,0.0021818287584349934,0.0022353497869771984,0.0030829839323727325,0.0026648347173565384,0.008059157491380576,0.007935232319970394,0.004951905257484795,0.004641174286201607,0.006226748986591537,0.006140594086730398,0.007442187376463292,0.0073249876756244945
273,0.057938827093306465,0.054771605535798205,0.026182517601304613,0.020118479077232666,0.00937128268675106,0.004099181899999571,0.014093163553722523,0.008658233148442223,0.030116780119207025,0.024891674349838272,0.0341232699702359,0.03236250131711367,0.017694884365780407,0.014527510985052733,0.006399167846235428,0.0034857352299615214,0.009356944778140853,0.006283704832072019,0.019669370833679027,0.01672648609398368,-0.0028995592779352047,-0.003159415890874556,0.00655406577833096,0.006335310821202755,0.00017637793946840438,-0.0003520353074075039,0.002371725453116285,0.0017585536174480447,0.0014331368442432723,0.0009390501939779072,0.0036629015672236163,0.004854565794504854,0.007098831785899947,0.0074755031641389426,0.0038189301678793136,0.004672797320715102,0.0042158772389763845,0.00512908284997156,0.004470682366410966,0.005111479466717748
274,0.040529675447059085,0.038164948910180366,0.021963183201535515,0.01684459773978131,0.0091647443424095,0.00468769488515622,0.012679016253011955,0.00806283466957521,0.026453705538835064,0.02196678265836587,0.020046562866205025,0.019013599322404456,0.015344561666393908,0.01303948517819008,0.008441122399169311,0.006548002556499025,0.01083040087826079,0.00882129945655194,0.01763825078568076,0.015654120033502892,0.0023667486008925515,0.0021172442065534596,0.007206709791901601,0.0067510899600480385,0.0048012982539217585,0.004153850136583011,0.006324001982364154,0.005717253998710506,0.006469270449073925,0.005904569866588588,0.005669178112702092,0.005665597812412756,0.0066935564815858075,0.006612024066021553,0.00835168482456206,0.00850576696107455,0.008300921106468637,0.008584093777285234,0.008496699070947036,0.00849815914661234
275,0.054750572576010945,0.0514714806519434,0.01755481283014757,0.011078429241775328,0.006637168121500716,0.0011274832951659133,0.009238431333873046,0.0035053932801151363,0.025707861071597206,0.02026107305189514,0.028629644452068875,0.02748199124997691,0.010933981025432218,0.00882138876945999,0.004748789410575748,0.002746883388454815,0.0059424410745268046,0.0037555627761390806,0.016460535797403298,0.014531634974465146,-0.0019127307993828517,-0.0023688971834259142,0.004268787667444297,0.003790850963619529,0.002858875931325662,0.0022383367791923995,0.00397158648135928,0.00326103404272672,0.0052321570171375625,0.004574304798513415,0.004813415220261074,0.0040788780481735235,0.012163788691375537,0.011732266805641916,0.007109458695722044,0.006320785745286278,0.007039611878007941,0.006435702068097312,0.007826196974939654,0.007143123321462119
276,0.03406422095280544,0.03214756502872949,0.018557131923283593,0.014449884770139218,0.007761944617810659,0.004156493893487059,0.008629318044126501,0.0049380268449949844,0.023124564782801185,0.01971273947412191,0.016322572660134725,0.01580065564744716,0.01006360119191228,0.009180236785718061,0.0022449213604621206,0.0012684427446819063,0.0030488043828257065,0.0019382620229179148,0.01222083117745279,0.011382435237774147,-0.0005605643521197324,-0.00042455906903228046,0.011747429707160386,0.01213963156454826,0.008334265438703876,0.00894362321764004,0.007020477525814614,0.0076612628450035344,0.007380781621124174,0.008199281341235615,-0.0018454712061235935,-0.0019960473762475075,0.007017508127747593,0.007095462045057196,0.006119038680232707,0.006461942539549318,0.005250074500612451,0.00546174257851571,0.008199537589959118,0.008501897606020516
277,0.049232425890833466,0.04673988202504161,0.023062765797594687,0.01785790438505483,0.009516783746573726,0.004870514392096792,0.011250174209477052,0.006428206908972621,0.028419425901953836,0.02381386382352416,0.025746083995503953,0.02469190512367967,0.014668867252187268,0.012778147288775082,0.0065811153623367025,0.004795766863684233,0.007666092392093296,0.005764888421830874,0.01852261426514471,0.01682798927266268,-0.0022160032641034993,-0.002501875142106415,0.010829960466333662,0.010384981900011086,0.0063261470829265335,0.0055383941741306685,0.007034651337774511,0.006227883057924386,0.006118028494800172,0.005227253762710783,0.0035619750905235307,0.0027500261808186275,0.016658235014808193,0.01634901646628675,0.009954525078665026,0.009293672364988221,0.009605535879411774,0.00898072714283162,0.010166231040420358,0.009612378690285923
278,0.05916316245763337,0.0571913842832638,0.019464416933696927,0.014649504556107853,0.004900022339738707,0.0008059949427636605,0.008634690394060455,0.004234860769445479,0.023997158896663165,0.01982729043989121,0.033033508129753614,0.03141937988712451,0.011415876414154405,0.007845374889839194,0.0009162867246422311,-0.002326397145989392,0.0030481680956818994,-0.0003688589179345543,0.014473666261608217,0.0111655047987693,-0.00540659363542602,-0.005617716984401035,0.00309696402065618,0.0028809079590617877,0.005601324691420222,0.005345644618583377,0.004770074618229933,0.0044005407291757125,0.006096413996668054,0.005805251493763972,0.005890458326445651,0.005388039548429374,0.00892305693595199,0.00868783275898902,0.010927575273562034,0.010833992188841738,0.005471212924437119,0.005080770206765827,0.00860582692828769,0.008225085580032198
279,0.05670769313484473,0.053235811096370135,0.02364257960403557,0.016720927893260698,0.008462549372131256,0.0021277793930705707,0.01286369470050806,0.006505506028158146,0.027509166866449376,0.021338331947620862,0.0305375624199125,0.02835889791658096,0.013483310116289024,0.009575817952007489,0.004916731737528661,0.0012878822565260029,0.00801697162252622,0.004392620846724598,0.017146961816870206,0.01361787819537133,0.0028707087012974607,0.002416189857691161,0.016121025041137663,0.015672658187788218,0.014276870697267918,0.013537656599517705,0.01338754574088378,0.012689898985036927,0.013167914722553182,0.012553991798250983,0.008679729357990568,0.00823285030087264,0.013689051477190562,0.01324462822412605,0.015134737258664016,0.014680923913889168,0.015308273861414045,0.014683318429089797,0.014972808883031496,0.014447862538574139
280,0.04336396430060813,0.04029139496469143,0.016919369430015655,0.010463479010459974,0.005075858904129079,-0.0004084411931824486,0.007065830898119784,0.0014772475270974274,0.018254483690612076,0.012650790132096235,0.017025376472595506,0.01571625568590153,0.006663222853834828,0.003836387557360865,-0.0005102787296218088,-0.002973231915534477,0.0003384543438161062,-0.0021953767870166617,0.007009540373948628,0.004529122034919311,-0.001280472756248507,-0.0017335599267112045,0.013400927946380717,0.01287381579843797,0.0066600781672857875,0.0056791289743083236,0.008972301354316106,0.007951813468037949,0.006845906546339831,0.005826430207444798,0.003426645259794109,0.0019413386612739294,0.012229646927441865,0.01175637382240714,0.01085037130641119,0.009970430701706102,0.009756046986673445,0.009014272840547066,0.012741108446439196,0.012016306834838012
281,0.055817615190802874,0.053216311536113704,0.02543296805620885,0.02002440008147007,0.010834049604983778,0.005781926313561783,0.014267671549240307,0.009192235505967636,0.029087084569820877,0.02429303337819836,0.03306933985490425,0.032004225134065985,0.01482059548946495,0.012560056690000371,0.006225348279183606,0.0039933691719712715,0.00814806516269231,0.005862777524254322,0.017458741392189298,0.015401946381331275,-0.0029529469304722827,-0.0033488146623794324,0.0026888793573439534,0.0023227500677307326,0.0008013391538147796,7.469187998670351e-05,0.0031892112799820236,0.0024771889228224642,0.0036814716415097806,0.0029321227504022288,0.0034406366190382716,0.0030962336014102028,0.010213299223491401,0.010170098388064434,0.005900223352632227,0.005819602473610186,0.0062992235619558235,0.006252878398048427,0.008081106336741497,0.008055399239618823
282,0.06917660370367114,0.066183018254902,0.031318608004829024,0.024644576036661613,0.014779483277820199,0.00873910701298519,0.019728653032429832,0.013597847294023533,0.03424375610855383,0.028165513939954867,0.041313903917040935,0.039972514881532625,0.018991042156905787,0.015853882893515345,0.00842084610629312,0.005548403311353843,0.011857701288985664,0.008890011799577673,0.02151192408065543,0.018649427634576516,-0.0002531110510262807,-0.0006252902425936112,0.014424982256455545,0.014045444597442142,0.008461343653352939,0.007863987764772245,0.008261298073635757,0.007625069055394193,0.00592105967467523,0.005130801178912555,0.006125283910803145,0.00443495673216142,0.011229576943722256,0.01077559282931059,0.009421772393777714,0.008530045888785259,0.01048130582499335,0.009641419186166145,0.00875173844630738,0.007925236877480127
283,0.05063405514339199,0.04888685403419849,0.013793824378048547,0.009605224324326766,3.454889649375139e-05,-0.0034766444757786093,0.004915186197370279,0.001245804991428047,0.017658950919379413,0.014085642452583758,0.03271249691965277,0.03193009964019491,0.007982048728787645,0.00597305352463426,0.0008901609237686684,-0.0008239389289150911,0.004512166582559283,0.0026943416726245054,0.011201280998675553,0.0094989126609344,0.0014270908216650194,0.000986708512573632,0.00960037333398569,0.009041458087987331,0.0045774676689807284,0.0035906549837105375,0.004983924270789144,0.003963846602550688,0.003982552688182,0.002862752097085486,0.006635005505755584,0.004972723216825919,0.008146162563484799,0.0073131395936774524,0.008589550795627043,0.007133915747045543,0.01075888326004422,0.009252256779347757,0.011850505479102765,0.010626884527045969
284,0.0602945788595778,0.0580500608575533,0.026022177897834647,0.02057900034870612,0.015902197936742874,0.011236882408302161,0.019400306181750093,0.014787516519181667,0.031229332426798827,0.026558027390681395,0.03221262388026775,0.031305703693014365,0.012625291950167913,0.010539557367472183,0.006555486404557523,0.004644532891073847,0.00853982220155557,0.006597315408114267,0.01528391379748761,0.013310279466361184,-0.0013796310963202787,-0.0014515343930014035,0.0061617744302924615,0.006080109803320076,0.003808240998897424,0.0035726254768761916,0.0037751433480054672,0.0036377925804869384,0.004821935677626522,0.004675726572655335,0.0024121013486415625,0.002757777470563852,0.00813630023330717,0.008227375313823683,0.006540206055185549,0.006869607864838223,0.0054072550980847865,0.005645072460511791,0.006762265342444984,0.006982608106777392
285,0.05427108138819962,0.05263536755694216,0.022112595974448587,0.018188494260944647,0.006964585558272729,0.0036812665801092435,0.010774707437356767,0.007324833197604555,0.026396583482172976,0.022982459462971644,0.032144215623568693,0.031393573941420325,0.01358992513882717,0.011811375055126513,0.004367593146103887,0.002883648769015803,0.006790408688847391,0.0051019623397065075,0.015349521777672856,0.01374898659457843,0.005099005889056371,0.004983847728940612,0.006592499369248353,0.006414548975244761,0.007320542283932936,0.00716628632353748,0.00635546033263491,0.006185679412194739,0.006510857942512126,0.006309950041859374,0.007822053191924302,0.007148993812199184,0.006679218251781431,0.00626627066987717,0.010739627701012434,0.010479097784985542,0.009379855260538722,0.008802507168763709,0.011139625112620705,0.010640049573314178
286,0.05075120311962041,0.04790049790729729,0.024342257408062347,0.018835684322780575,0.013292694293401113,0.008203808668279449,0.014870268734930234,0.009676397290566624,0.028431969969365655,0.023553110790541714,0.03133139043723445,0.03005588718420372,0.013981275134352406,0.011645360426796291,0.004530239904370729,0.002064599146213882,0.005553260221721869,0.0029884253155959225,0.014146424083428727,0.011809220979196646,0.0007302465829534931,9.067943511466365e-05,0.0070000364647172745,0.00622827565898962,0.007937950973313053,0.006635385422516062,0.00835570977566592,0.007039801481685986,0.008620349343133209,0.007269891342598848,0.004859477379620314,0.0031664805147678713,0.008407106898807973,0.007635594088788095,0.01062545577165382,0.009549290407285119,0.006363002680718781,0.005029499736376422,0.01144898606250969,0.0104004463496888
287,0.05324127196491559,0.04976324797476371,0.030286914380404945,0.023753956190856067,0.01976647178072541,0.014062009065912562,0.021563136770614656,0.015779621977227352,0.030938539076255527,0.024896058792626945,0.02921448502428752,0.027899332584456715,0.016630523276589627,0.014160046216662291,0.009264392087695427,0.007087648574721444,0.010585958144682838,0.008253069986705866,0.01822922602519008,0.015937133679785213,-0.00943559520957744,-0.009217538845817242,0.005910257642158736,0.006285361983042073,0.0024154865733811127,0.0029741695031927765,0.002414832867237848,0.0029851234016131365,-0.0006101432026119019,9.711146666330672e-05,-0.0038126680479334332,-0.0030945695481746555,0.006473312558920585,0.006782262768354912,0.0023895918218343076,0.003091534411375172,0.0033689717562623367,0.003971338175485608,0.003364566360606621,0.003947756582540665
288,0.05868415345279939,0.055010268968727495,0.030025925424560652,0.022892620402045205,0.01489335042839043,0.008823988300162677,0.01948522547499315,0.013229151119246135,0.035674229918956316,0.029558329557491537,0.03150612080105551,0.029164452270077856,0.017189765516357168,0.013049036188910106,0.006893369657997368,0.0032423880993932763,0.009712444785190639,0.0059853896810582894,0.020375088753865716,0.016749162173906592,-0.003225814097085162,-0.0039417302769948655,0.006136326746757233,0.005381285143260508,0.00045059744589866425,-0.0009307919119252092,0.0038279960506365273,0.002307641401384079,0.003946297306820049,0.0024493376570473646,0.007728218172652461,0.00482541691518518,0.006771779721406715,0.005774687286186003,0.004551043358621744,0.0021104152272909656,0.007638406336589941,0.005535392534997036,0.006433344243552745,0.004497657126691032
289,0.049738517609091856,0.04778807125962873,0.022597838630083987,0.018353108545301013,0.008877765506351384,0.005327903651506338,0.011593996161604775,0.007816167052285179,0.027457263225820316,0.02401110931548811,0.025792585471933787,0.02550039043209166,0.00777969592640604,0.007038859114800383,-0.0012778676137447703,-0.0019956354655513214,0.000907520620343447,5.185787877670777e-05,0.010362430046516454,0.009879163217176882,-0.0014603241748641616,-0.0014157209529908166,0.006386690738184519,0.006529874686843939,0.003968368908098879,0.004195484516675164,0.0033057642008946174,0.0036228622878872554,0.002826121658463794,0.0032089505557707522,0.005143248947960662,0.005402872861775076,0.011412353490541812,0.011317233296438923,0.006950674726697086,0.007079629077403225,0.007158266362813163,0.00719101797272777,0.00843682398949648,0.00843699999793163
290,0.06760147651943145,0.06599007549449748,0.028897820924699995,0.02484232254070099,0.011736160660824158,0.00793282781987052,0.017152246992496588,0.013428273140019648,0.03375241672452422,0.030331320845796483,0.032609635695525864,0.031634517784286484,0.014357534036811243,0.012048994236393532,0.00323045721527421,0.0011252496622622767,0.006307005108540563,0.004178292346465341,0.016760781282213495,0.014779481826728901,-0.005151379733486057,-0.005469183888463865,0.012086554365994297,0.011522922750412803,0.004679860682091421,0.0035584995478363268,0.004766160489707624,0.003557497578072217,0.0042431518666606795,0.003067553290257164,0.003638208134456192,0.0012967309818121618,0.01185643393022361,0.010967531368090977,0.008193572645746801,0.0062775433253193765,0.00769393359112309,0.005881534327865961,0.009085512121428304,0.007626011847949227
291,0.03772814735065001,0.035268289962980294,0.017116602036539797,0.012152443223128803,0.0064058974454368044,0.002349718679856505,0.007799528259507885,0.003592722083997828,0.019606426632124734,0.015189926291239789,0.01880490679565517,0.01741155441728138,0.01029313191931273,0.007485296758646426,0.0038946372270249026,0.0016911024957722732,0.004458904496582792,0.0020827872975360154,0.012766633240028882,0.010260371531467893,-0.006265953290467303,-0.0067913970238335595,0.0120204533259636,0.011481976386754331,0.006942561353716288,0.0058716386089145535,0.005979988405234185,0.004790345713135151,0.008721106450392516,0.007623372012826148,0.0029466979372585363,0.002193417124866208,0.011520840503502761,0.011268709838279671,0.010114280195570594,0.009770171915051173,0.005935231652481025,0.005293391277775731,0.01139076608596105,0.010994474195215698
292,0.046367613917751835,0.043849086349635955,0.021087183199951894,0.016336998846847983,0.007154452964068058,0.0029550134783693843,0.009823429043077567,0.005440362693270207,0.027129672203672527,0.023060194445135213,0.021582007473205548,0.020362920163504876,0.00926438559642058,0.007138971414382939,0.0014503832048110082,-0.0005127373700660954,0.002647883616089523,0.0005335088242527216,0.013863381522519544,0.01199359221043339,-0.0001743240822496284,-0.0003782060298429459,0.0031524794271644654,0.002941220289423167,0.006363085179153108,0.00602452268256608,0.006569729692247205,0.006278616458231442,0.006667893803779311,0.00635280075774374,0.004684262824346742,0.0037364222240289778,0.014979829201239997,0.014697692285660582,0.011459584515212123,0.011092424533002075,0.008805611907925757,0.008229663838992762,0.01153247565236089,0.011140603285920304
293,0.06226908011907063,0.05943532393718274,0.02588333902050475,0.019960766120281526,0.010692334232423335,0.005809121730430132,0.01575669863921541,0.010660867894653158,0.03375101123846445,0.028967625329933834,0.041042638145768216,0.03945192633638369,0.021039401311954357,0.01787496100979309,0.009864361922318546,0.007172582024017694,0.013263369813322346,0.010418408720418718,0.024936714795583008,0.02218187402713211,-0.0006583864953795506,-0.0007688802959752211,0.011141203587129934,0.011057584912040484,0.009060054117362017,0.009013913320784606,0.010803717300831805,0.010877159751689701,0.0066756520193655775,0.0065629673417652735,0.0018829995560038057,0.0033694895513862568,0.007242140572432898,0.007596846852318591,0.0031021387861739917,0.004252345740610843,0.007414814352041413,0.008688782738949175,0.005354423042666595,0.006128476752492741
294,0.049302056497554834,0.04645367435732461,0.030414001641729676,0.025028607085184347,0.013415116955715742,0.00851892518161852,0.015666403955374594,0.010603258021484614,0.031884987483248216,0.02694447379534749,0.023692416326571843,0.022754187446124598,0.014037622691528879,0.012309371923003857,0.0029010713098697443,0.0011373288273737105,0.0046313852975161975,0.002734752164126874,0.015122355683388416,0.013307501962792456,-0.004905476758948919,-0.005075337620262666,0.0026206140581454154,0.0024750042191440586,0.0008063552742093177,0.0005128775517844302,0.0018865866585651113,0.0015774940993240985,0.0032151023721646533,0.002938411357311997,0.003919346833931397,0.004273664270267894,0.008114776938733498,0.008199896247894339,0.007170010002628684,0.007377369412228174,0.005983576354513536,0.006070865861050439,0.011563242021068343,0.011760430378721091
295,0.047742654600967854,0.04525067292149283,0.021028879132255686,0.015644970485144426,0.008436117221466869,0.0039627211727570315,0.00984829290456396,0.005071150781780538,0.02559023065753837,0.021051318191949164,0.02498666538136744,0.023829663496328868,0.008584678435211495,0.0063171832002462056,-0.00020350842537580766,-0.0022723034997048455,0.0013663508329069575,-0.0008670445437680306,0.011297740758147684,0.009191441447995578,-0.008268172095888652,-0.00844502646609214,0.005025231206860657,0.0049992446956730946,-0.003732035542618876,-0.004006207980967929,-0.0017465846006689985,-0.002025238495081677,0.0007720656545782223,0.0006335830167677135,0.005588082727257698,0.0047346418206035135,0.0072813313350799545,0.006931775270133267,9.18991315092145e-05,-0.0009440344299981287,-0.00040050994933061917,-0.0012857076430810297,0.005770138008466463,0.0051632506366127585
296,0.04137560369256492,0.03930926366111874,0.013812872418394576,0.009400448344318708,0.002991789965624295,-0.0009572398134885301,0.005801065652097046,0.0018580699373099397,0.017697723813305276,0.013663898116311298,0.01933879769149654,0.018377018887442354,0.006406981318293481,0.0046697931411468245,0.00030417522907122017,-0.001339021770197205,0.001615160899936852,-9.877766321614683e-05,0.007901549424552241,0.006146586548980003,-0.0016845760830411448,-0.001881257221525541,0.012768218269543774,0.012529904202778563,0.0072682909439360874,0.006841654024105727,0.006079987744954531,0.005583200340945208,0.0057999587565977255,0.005207934822478933,0.0004957310944447348,0.0006497024875329255,0.012260125605410833,0.012398703880225364,0.007697306039318648,0.008091543446650118,0.00850118791750001,0.0091830270230043,0.006851885125990322,0.007127581993658166
297,0.06635972504628816,0.06374226070802551,0.024002477402984473,0.01785755808133566,0.009127184991747734,0.00360457946474991,0.013046765995334808,0.007439061279023919,0.026977619873382413,0.02184267516119407,0.037414824020645984,0.03629147394877668,0.012880500151494747,0.01022273417390713,0.0031979777349142743,0.0007139593495859959,0.005982501442586257,0.0034251911745114072,0.014622842041351575,0.012357083117649634,-0.007928752852727752,-0.008291742663421192,-0.00188288436176147,-0.0024236243049440623,-0.006347899417886135,-0.007395749813532258,-0.0038211598670955292,-0.004830322990032468,-0.0027126667424040227,-0.0036776434660135277,0.0051629322672423076,0.0035700962984322633,0.0056270675805870415,0.004837768758359454,0.005190940569565197,0.003657620204300409,0.0043168226439930105,0.0027355486328913972,0.00450873644476862,0.003148340464919442
298,0.05049283340741133,0.04865267210856437,0.016312618205199046,0.012295000246148028,0.0015745312221012574,-0.001783155086628577,0.006797954662719113,0.0033819233985440235,0.021083438473371574,0.017744887909295456,0.027420624620234306,0.026639973728304577,0.005654973147144954,0.003972504326607956,-0.0034422538022236666,-0.004933261830648078,8.434218459903411e-05,-0.0014267302099410521,0.009188024857132413,0.007750788485742984,-0.0009747180320229393,-0.001010144539231345,0.004314788918981338,0.00429049064352872,-0.003390889156866442,-0.0034690695866178103,-0.0007601815993608916,-0.0008604947860106902,-0.0018103342360241907,-0.00184582983738532,0.0044280638714383255,0.005461430975419821,0.004474518429740262,0.0046675362680589265,-3.1855391393513335e-05,0.000360075444911433,0.0033646668934344025,0.0038122751981883697,0.002746390032299042,0.0031201942028799916
299,0.06853645790194213,0.06467804211402248,0.028170695114869963,0.020116158137586826,0.01218080788295266,0.005317987608806818,0.016554932645247142,0.009368934023015963,0.03245825391643171,0.02545423212186788,0.03748504675143924,0.03601450789121375,0.01757712075463956,0.014568962948008668,0.007069673141851013,0.004329939753209683,0.00975023627676638,0.006797838970746213,0.020086645671375768,0.017318439250961937,-0.004436143588000316,-0.004808690025416869,0.009445508174534994,0.009249527620117456,0.0022067707642680727,0.0017227681321542215,0.0024345763305341807,0.0018767747099583086,0.0027351372076879093,0.0022889306598293073,0.004270449034137068,0.004167468852770796,0.008290343932547803,0.008141661736044265,0.007291091658344587,0.007143804844862942,0.008050799354775082,0.008080840116072055,0.008497767463624,0.008445948196944233
300,0.053923365154238415,0.05150332288701035,0.015949701610926223,0.01071409275139588,0.00028519656824535554,-0.00413135681539565,0.003924595828855247,-0.0007623600077062297,0.022404645237847028,0.01794999939274262,0.02934840111063173,0.028427094758492567,0.004623239062709758,0.002495566735131539,-0.0054635522221013165,-0.007285733167659979,-0.0032935885103173137,-0.005289209752896599,0.008914599703019048,0.007138772791971474,-0.004510586581721394,-0.004610195325368922,0.011453286157858915,0.011404339010982036,0.001304646602479767,0.001146144678585312,0.002167225736542325,0.00201343352733383,0.001534741579439708,0.001308301622446468,0.0038443343920675638,0.0032624502480899666,0.007383953492693511,0.00717219190378963,0.0027569376568337993,0.0023251883364036386,0.0072116305358006765,0.007031953708193086,0.006200457387118002,0.006012638151728011
301,0.05234380964086778,0.05130546856624958,0.015443984150057094,0.012680589052956142,0.0017175254731029294,-0.0006377060714183361,0.005290735662839353,0.002760615831281822,0.020078679699724294,0.01770659717581784,0.031270959771818825,0.031259882531960784,0.00621748376073238,0.0058678048650714024,-0.001457904562338323,-0.0017589886886597253,0.001077277908858666,0.0006342413398808844,0.010988713238617661,0.010730244965344799,-0.004966123771951608,-0.0050698336992828896,0.019403882695544307,0.019328937817961613,0.010395538696161642,0.010329626473695392,0.008844664492406363,0.00881305196960115,0.008203927941095522,0.008096138498574598,0.002238893124779212,0.0010794480841273915,0.014665057788600907,0.014276923053631948,0.011308370209350707,0.010797443764165682,0.0128981550248841,0.012414889524867544,0.015502681725144848,0.015059121122615093
302,0.04832075350386262,0.04653907638550202,0.020864249674676014,0.017469056224923694,0.00904362389366746,0.006019336836632889,0.011729016445264352,0.008537735142815268,0.024026812138807203,0.020980388626464806,0.029468067667122778,0.028297291590337705,0.014969115607298175,0.012842534254680604,0.007331783439464011,0.005464812178395124,0.009952148336650117,0.00798360558015744,0.016112377744347532,0.014160305864749572,-0.001956956139295671,-0.0016107001922649254,0.008748130104141596,0.00917414616091242,0.0033918660416184868,0.004141119412821135,0.0028489204182740946,0.0036320495006835728,0.002520834522778303,0.003307398856251799,0.0031350794618424348,0.003993890366506689,0.011433111640169424,0.01171108767168737,0.008890739593639096,0.009909322969361836,0.011766442746086713,0.012754663089869365,0.009867300337700034,0.010539626101649735
303,0.05291622664558323,0.05069737056149658,0.021616561879532654,0.016025407975865977,0.0067593243175182215,0.0020664773558232664,0.009840708875175429,0.004978537676468471,0.0248071551000754,0.01997966855279464,0.023878383182154413,0.022577743813008273,0.011479398021366067,0.008504351920765159,0.0032261944788997,0.0007359217507032843,0.004559495028028455,0.001956170417703654,0.01369851125610915,0.011045537024692836,-0.0037328913815887982,-0.003612081534454722,0.009701112203371273,0.009869502463567558,0.004912119507690791,0.005227501069154074,0.00659469790533179,0.007094925617128748,0.004726574523407917,0.005263599000665974,0.0020476922184536617,0.00047629983058550436,0.009470824702008416,0.008913362219169758,0.005904158180313602,0.004870817654306723,0.007923910037727253,0.007097281378470802,0.010736969293743634,0.010084065579556736
304,0.06678547807759272,0.06414306484571275,0.030990760509726878,0.025289769620926023,0.015655476032963665,0.010292240876193372,0.020513607682943462,0.015157931498457932,0.038603454971905996,0.03363961285267451,0.026782017330405007,0.025702065951292975,0.01226227665819345,0.010088881678512119,0.0053142393019162066,0.0033713059768129563,0.006568824641745961,0.004481277339910365,0.016266911743065684,0.014393768111196827,-0.0025019847501301417,-0.002596594232019444,0.008124747772519626,0.008178004926636544,0.008540940145889148,0.008602136039418961,0.007499963920341188,0.007524994538391625,0.00733830122284765,0.0075111525357570205,0.0035203964955774656,0.0034374193517385165,0.009968793243148696,0.009929144671184142,0.008704306660245945,0.008780227391443286,0.007679897682301229,0.00784858443175456,0.00945543191112577,0.009696712772386203
305,0.05862258054222978,0.05468722341930203,0.03513150788715362,0.02752619790605264,0.01846954544275701,0.011329106317005195,0.02139361584267639,0.014073858703923576,0.03800280937572274,0.0310012009241613,0.0341472740352746,0.03157977940076109,0.020281889203042115,0.015532110485097695,0.008284719597556358,0.0036116594877110705,0.010818553530365056,0.006100509607176218,0.020355064564771798,0.01574684538105817,-0.008694791881997257,-0.009275485650091274,0.0033260383255655722,0.0028456079330583606,0.001960112553428889,0.0010078019098664014,0.0026201256528674416,0.001590239822059364,0.002383750611647776,0.0014682894689563815,0.004750804412899178,0.0035449359893772237,0.012887547820050365,0.012552570347635478,0.011752356354365568,0.010900987037020351,0.00998641754064751,0.009292412894875595,0.012638873508350423,0.012149462659251481
306,0.051724394257120276,0.04954954581270059,0.02211454631286911,0.01719750596514008,0.007062192635926152,0.0026572032872694425,0.010686001429214503,0.006288969489718466,0.02913605122808699,0.02505387047194918,0.03027022234409043,0.029296264686500862,0.011960723183512453,0.009792209635289068,0.0007593707693741913,-0.001228909350037426,0.0036431391033995087,0.0016427866934609029,0.01607052245523428,0.014361800745359471,-0.0037180809661092502,-0.003850527986974226,0.009651544921017965,0.009594815188558467,0.0011814228536617213,0.0010240976081448997,0.0013158394592025714,0.0011499055914983955,0.0033728213185157904,0.003204291683467856,0.007436622542320852,0.006507998833815767,0.007632473316049698,0.007252299059552089,0.004966511265098861,0.00392577398631269,0.001856123615461567,0.0008385241518567201,0.00669795119182171,0.005893458542448588
307,0.04836332575189299,0.0459087210418955,0.02402293709154296,0.018955767402680058,0.013533537360891431,0.009098841881983365,0.01431903541372477,0.009686285226203609,0.02945233805433291,0.025057726144528135,0.023409085876169574,0.022552182786808473,0.013271910905153953,0.01182140281510139,0.006926269864960996,0.005409352987173639,0.007594613850770171,0.005907794914519249,0.015350755985909662,0.01376081982352429,-0.0020853119722007694,-0.001963043483345765,0.010727725662725621,0.010979310701641865,0.005548946242397322,0.006059299780124827,0.006230997835290032,0.006903978493866238,0.007181067334206979,0.007908787065918953,0.0017115853555171134,0.0017861823953686472,0.01314239585489795,0.013182310484328514,0.008558703908660727,0.008905868807764382,0.00895836463216535,0.009411765316733187,0.0110417734854369,0.01138218777194203
308,0.04893624209581174,0.04581115997801356,0.022593592931745527,0.016018430514959,0.010361010549922712,0.004889506239049117,0.012870707907899953,0.007319677933367541,0.0279848569337742,0.02235651829215601,0.027641393303878926,0.025946572043384308,0.009911944299004126,0.006230764277802824,0.0023590896719770304,-0.0007564642753582482,0.004689448732219559,0.0014981506906167927,0.013955647695379597,0.010823337969630696,-0.010795542074930813,-0.010940623583747738,0.005464337697542859,0.005463202232000231,-0.0030383711601355374,-0.003248456541917271,-0.002714035335397074,-0.0029152469958910045,-0.002686430562732356,-0.0028336694303645617,-0.0019105593063304539,-0.002786169828189398,0.004457552855563046,0.004298741005452645,6.534145022601655e-05,-0.00037452643475896193,0.00023632585914670672,-0.0003734487856048789,-0.00013486033361971212,-0.000566600841677392
309,0.05081153042194094,0.04821670318073097,0.01872278069095456,0.013736905750777753,0.009004130520867048,0.004793582111970069,0.01201670806204394,0.0077022744484624315,0.02443638980861108,0.020151174067182434,0.024023167620952295,0.02295997058515832,0.007299148672319983,0.005465387654248298,0.0014767628002907251,-0.0002113370126410468,0.003517879618642642,0.001735859315942717,0.010623471393202119,0.00892541418441291,-0.003828059137453245,-0.003881072274988462,0.006084945822858981,0.006252851876943409,0.0049111497043954795,0.005079156197685351,0.005603661729422931,0.005859834605202461,0.004941783817949016,0.005132088888886517,0.003918568832711475,0.003068826877235599,0.004337132950844661,0.0040113843137921405,0.008437139025699762,0.008068651904008838,0.007817939926176692,0.007316538886287384,0.008341720457975443,0.007906840330544715
310,0.059521827335628455,0.05550941087603811,0.023904671373457326,0.015798836022586464,0.010666407105796388,0.0035916668088600543,0.014301280575576647,0.007230362148325645,0.02906939801945287,0.021893697528463714,0.0352539926379989,0.03324684898401507,0.013830786753425878,0.009729986821047856,0.005676977930831375,0.002051908265423113,0.0077768745143847766,0.004144303924679504,0.016345707051965263,0.012629866440658975,-0.004829336865645438,-0.005240404765751632,0.012527170263922815,0.012213345546157928,0.0036915824117330727,0.0031106126305848534,0.0035779990903249924,0.0029304219703635745,0.005210301642329265,0.00466500440884659,0.005060058993986973,0.003442171952479587,0.007147826135326116,0.006585610049279331,0.008561310868686093,0.007477948205704914,0.007618767444309976,0.00644330201311487,0.008256372053366401,0.007387945298143769
311,0.04787944453013358,0.04611702626965882,0.020636494621151098,0.016735238593530783,0.002831385455289939,-0.0004909141168216259,0.00576072003978159,0.002223378448923142,0.02722755878209875,0.02397959106175872,0.020832193536222506,0.019860791803923628,0.009083004828504031,0.006902865022683276,-0.001443311900299861,-0.0033170030647998614,0.00025420022721802125,-0.0017803253410568058,0.012653287978222964,0.010719707639309763,-0.001020392672971459,-0.0014471501274033625,0.004800408386161473,0.0043172908696672025,0.00010917977079161182,-0.0006707192397544504,0.0021973952283258933,0.0013523865222114758,0.002800735323679595,0.0018535925173578098,0.007486336125644058,0.007427817057499014,0.004138139353420426,0.003948724227484075,0.004859240781776843,0.004685734696825276,0.00499144136898654,0.004841306189953156,0.00649728341020557,0.006262684021070561
312,0.04904459081553644,0.04549348855047764,0.02445313885338298,0.01777983375451522,0.007626735697498645,0.001981576657937339,0.01131844605273817,0.005553912064511925,0.026648688999949634,0.02086304954539877,0.03025467978862878,0.02908471460253461,0.012860749309947924,0.010747361115860544,0.0030147807930827053,0.0011961564775297465,0.006250860474790959,0.0043110091975269525,0.01481965832829743,0.01290500519193819,0.00017592799933304612,-0.000273607446042185,0.009586541221847341,0.009095664757033859,0.0048578011186285195,0.004020356982855305,0.00481001019617116,0.003840168666047998,0.008551654918690341,0.007633535434885747,0.006853092556558149,0.005788519080271727,0.009329428925051644,0.008771421434206391,0.005309168867265713,0.004024767081029843,0.0068589947259368,0.005603431978440545,0.007932996429108618,0.006922750371393717
313,0.04758795874543567,0.04513538085109286,0.01640101850144908,0.011468404894645564,0.0060152167365664,0.001647413760065003,0.008390221343488876,0.003804371239179491,0.02329960536466902,0.019075470901596482,0.021110723674239,0.019910391922108285,0.005003771814640135,0.002671868185655765,-0.0013602801641700213,-0.0035463057863604993,-0.00039268893717033117,-0.002753724358835909,0.008422309554323174,0.006205485798131234,-0.00549985432033249,-0.005460507493485163,0.007375463707868719,0.00755602209193693,-0.0026747640606856996,-0.0026431361362957945,-0.0007666610618021758,-0.0006900630244011629,3.375478074225755e-05,0.0002796828319258638,0.0020099984736219436,0.0017250637282840802,0.0055703034419562125,0.0053788994515021294,0.005556712401611908,0.005339837023048568,0.004073016368585007,0.003765770357526223,0.006065345265524083,0.005913691358261008
314,0.050696380511864425,0.048132286572468055,0.025847739373110624,0.02119096026359369,0.013264731400038404,0.009270060716678345,0.015306950215470478,0.01121592000118484,0.028352996613141508,0.024216559460910815,0.03056596940748968,0.029698022008830482,0.01328151983814983,0.011846142773737392,0.006495695431043743,0.005216099402203662,0.008083917157545653,0.00670787580450342,0.01626575559059042,0.014972873501442755,0.0036906292732176564,0.0038504249188179253,0.00777315674644449,0.008016229489959517,0.0009956244775810143,0.001306391593071477,0.001787431916248483,0.0021995317310086705,0.0037379904887356124,0.004260801358585665,0.007153472676046488,0.00792050788165248,0.008412161842771193,0.008568456497781828,0.0068652746778189305,0.007568004164388265,0.008391821335084202,0.00905959882468467,0.007835008033220486,0.008268678897404569
315,0.05731794194686576,0.054747814625042815,0.02012709577489142,0.014471528262866257,0.008305855211907869,0.0035988786024664593,0.01054652508832588,0.0056307387782654214,0.02354951187407544,0.018692540722459513,0.03316284224635908,0.03185475971464133,0.01195036763249172,0.009057700404553708,0.0035594590794746665,0.0010294376946948136,0.004789412004673234,0.002119847269042946,0.012550901650164564,0.009918093650109441,-0.004336898265314605,-0.004762083084317503,0.00821154140226012,0.007659370823099004,0.0072088325201891635,0.006487250287480815,0.005097485187977011,0.004237138666987819,0.008087507511511698,0.007305761911566427,0.008942965795704676,0.007037013001086734,0.00848591938210753,0.007622264297139608,0.013779380839882355,0.012242235839953784,0.009173472304328968,0.007597984454433879,0.01203571062520375,0.010745253779102435
316,0.04888609574408548,0.046662329836475565,0.021666633918182514,0.017459603729602473,0.00730801214796044,0.0036422526726594814,0.010005937011979658,0.006172116974434742,0.027487046162700247,0.023998738697578577,0.028661304458841158,0.026798285782168047,0.014974963647770368,0.011754471167432792,0.005501775572056814,0.002767352688770577,0.006601161616692832,0.003708041598557138,0.016581200003576754,0.013769640731121599,-0.0005219235613639767,-0.0011384891341284559,0.010548148913352632,0.00958644318461177,0.007448813809423723,0.006230799488178651,0.009843415897705562,0.008576353415590963,0.009031140878688514,0.0075543614153721,0.007219973233296489,0.005030439441436369,0.011166395754494598,0.010207479335412101,0.013066538822145543,0.011478764374969457,0.011196801842292362,0.009189314030965613,0.012547107172980299,0.010997797956747612
317,0.04279625107936521,0.04167925358678345,0.016605808448372443,0.014051901149418006,0.0008176196502977006,-0.0014050334971722693,0.005487841946469866,0.003124546372609839,0.02072581262264467,0.018450168138792404,0.023034899217780784,0.022827041990972345,0.009790621196661974,0.00943419841939967,-0.0007667005651179391,-0.0012038702212044793,0.002780262565288887,0.002234821854574233,0.013172937160089016,0.012795844168899517,-0.003169586216567595,-0.0030231446219099443,0.018769317501317127,0.019158766426386527,0.003799078022738497,0.004209992231552394,0.003247057089111564,0.0037179645211851873,0.003733653524101564,0.004308829769509604,-0.0019395580305726439,-0.001670645121896392,0.017049611704656003,0.017333835531353644,0.008340231310347234,0.008950582247744598,0.010062544680536153,0.010691459189219085,0.009985119251302313,0.010520902532925291
318,0.05272706600491946,0.05172394750063373,0.018492128971906125,0.016143514022230455,0.0031422179958279068,0.0008727400562427801,0.007271072097137439,0.004770935191285156,0.02101402412794578,0.018822684545342565,0.03219600083209543,0.03201275108336321,0.010717708140088569,0.010282807919241667,0.0016687788455851927,0.001039364106450042,0.004634094000232946,0.0037691111242510065,0.013203229830627689,0.012593253247065773,-0.0038993069543171383,-0.003931234075548014,0.01215176733156089,0.012239668492129981,0.009186740568043316,0.009259547615259892,0.009519218001876235,0.009734511159565893,0.008775546418109806,0.009007832704146176,0.0009317542428359104,0.0001235584172758244,0.007341890640961207,0.0071112400199341425,0.010923638149149229,0.010757965512205732,0.009910201354427356,0.00956434847375921,0.008537202078873936,0.008271128788861746
319,0.04247418680330549,0.04083365912386221,0.020635095551610673,0.016520122733232202,0.00768705289549858,0.004136815496149668,0.010395964110990977,0.006761552863404333,0.02479464534523901,0.02124141221455635,0.020947479979058943,0.020702572788421615,0.01192567700983205,0.011247837777554321,0.0025353773699071285,0.0017092946768974535,0.004644909784006159,0.0037388448346643262,0.014056770305466305,0.013422004794400177,-0.00014908462105951467,-7.612428904952106e-05,0.004719902896723916,0.00486655640637817,0.007348170037811454,0.007569153757611044,0.0057257118510663394,0.005971604438002555,0.005640759646001662,0.006019119173700597,0.0012476677411044212,0.0015211352775440679,0.0064178553066963975,0.006467696608633905,0.00775259579622818,0.008275149937737768,0.005868827795962558,0.0061945631960214536,0.009980449245628525,0.010280120089632978
320,0.056839006043815955,0.05367885357016698,0.019253436111464718,0.013224137454174131,0.010106252165229276,0.005172989182376596,0.014135659771676056,0.008993626410880954,0.024585410685607274,0.019483169909341885,0.03602453444578514,0.034509173651176964,0.008965947430368295,0.006143705911507015,0.002544158843281124,5.094692734607788e-05,0.005450048652322437,0.0028173776627781885,0.011699747607307905,0.009121120018515474,-0.0020888352819463316,-0.002489614802182446,0.010681064813181176,0.010405450071706426,0.00595034956850811,0.005468248535543568,0.006381916597724234,0.005811931118603735,0.007304480499594396,0.0068574986136937886,2.1860809435696876e-05,-0.000526885071537964,0.011066276369355995,0.010890845604245478,0.010536012789143718,0.010498013262279563,0.010488183620801393,0.010315810576295317,0.010924440654962186,0.010697882504228817
321,0.04138644908986635,0.03788989447151998,0.02344224701313343,0.016677392398943097,0.01392442253587734,0.008125584875127776,0.01469204413695481,0.00886685441304991,0.02717430727329543,0.02124473076547308,0.019209400622465428,0.017240380124693762,0.01206744562500925,0.008318302962842342,0.006606209232637097,0.003451332255899004,0.0066404214794863305,0.0034033770777435065,0.013369657188197279,0.010007954482603169,-0.007728128351317505,-0.008225438675648646,0.012607118735152651,0.012002326116778476,0.006574984362259664,0.0055847180124862245,0.006396273941042511,0.005176995659788153,0.007986384280333339,0.0067926998118436775,0.002185879135599925,-5.514561228156811e-05,0.015505238966763247,0.014745591293674499,0.011603936891422275,0.010019856640378865,0.01139131654917591,0.009860657488830901,0.012097959248202169,0.010904846218999856
322,0.05182484097697735,0.04966745015308051,0.015571561857357665,0.010776547492126457,-1.6314278766501114e-05,-0.004305948052323797,0.002726432052878694,-0.001885372917986547,0.0185201062116498,0.014249930615062434,0.031339793774326656,0.030227953966109982,0.011569440064025795,0.009198685505892612,0.0008912290122750508,-0.001262625770927664,0.002770029198496168,0.00039587071695414117,0.011640011483292427,0.009359394430539677,0.0005369163309540398,0.00016820934836315983,0.01624443119067435,0.01569597996624832,0.008434020952111224,0.007491542869981796,0.010682448105579436,0.00967411233144645,0.00757367847192932,0.006541622325446858,0.005138685410544502,0.003087938372106469,0.012208958555137952,0.011494404710159967,0.007535586974731287,0.006078356033839323,0.010902055447442617,0.00971679078898748,0.008551314375195584,0.0073869176236680805
323,0.05570635765208093,0.05230074397314997,0.03172983812390797,0.02518221547147101,0.01684260372311496,0.011139949556364378,0.019558303911365017,0.013800596596688442,0.03335710732252674,0.02774725697564582,0.026979070847594454,0.02530093380613414,0.01698576338164661,0.01422082025887301,0.007454912089004012,0.004895186777193334,0.009554877078566197,0.006943397253000749,0.017632476654663266,0.015128340981629235,-0.005042234109276453,-0.005291677297901765,0.006231452234487381,0.006086331527575622,0.0029631517826827977,0.0027217982475449733,0.003340260555787805,0.003086452388237428,0.002265897325581682,0.0020114156457959496,-0.0016087063977956184,-0.004280487546415692,0.010740340471234242,0.00985814517903902,0.005093130513264889,0.0034964342402396195,0.006775761735959149,0.005219487856305174,0.006330456741046836,0.004912136886018182
324,0.05965675108495009,0.05728882846184526,0.017266692015056526,0.011837136218048546,0.002607607959352491,-0.0023028332188158454,0.007062350012118949,0.002020494898334688,0.02102927145580055,0.01616663614947717,0.037319104936532746,0.03665749289886304,0.011243710180741672,0.009633978608076531,-0.0006119108232061384,-0.0022977625727805748,0.003708010688702941,0.0020011834820628286,0.012199908683350337,0.010686388811928762,-0.006041421576274948,-0.0062798149078959874,0.007986649662013234,0.007695848995361158,0.003660537736928002,0.0031299365749556498,0.00414982475174929,0.0036827071987769544,0.003236585682719991,0.002811150166115474,0.0025886091991702345,0.0018677248852135592,0.007938198845252408,0.007628803608087627,0.0073319144070591435,0.006913989038234275,0.005188386342685346,0.004813100053339261,0.007624215900369595,0.007220507725074059
325,0.054981588624869605,0.052666392713975906,0.01785736922671395,0.012509177637887675,0.007319270832164437,0.0025538858047686385,0.01234887237942076,0.007512993142408322,0.02261672954068324,0.017728651700184013,0.022607213099548436,0.022036214521419975,0.003831917353753357,0.0022250886988486054,0.00028397117547997717,-0.001127011895349004,0.0017753642450704782,0.0002661925777048649,0.006982958163308242,0.00544509816036806,0.000804672521148384,0.0005292547603936078,0.008623412510658941,0.008182307375582296,0.008009909927676856,0.007499496550831514,0.009804940334154034,0.009356744291754104,0.010284857586158578,0.009900234698823977,0.005089265350744428,0.0046054285775485185,0.009273348775004464,0.008869438814287752,0.008607635126771495,0.0081233276024707,0.01033122160285117,0.009811557685777971,0.011999301831736909,0.011503166161497618
326,0.04743759021482671,0.043966471188314635,0.02682144499977492,0.020384005178881094,0.01090193399104476,0.005186605225680045,0.012724546832530725,0.0066845562944126136,0.028571895174531448,0.022763291684627204,0.029153767215479014,0.026821706398616148,0.02153855325530859,0.017592496391017974,0.010364301462862243,0.006556494934253558,0.011731855120539059,0.007728038478639317,0.02018510362575683,0.0163404476250354,-0.0023651812719360566,-0.0024495015000758533,0.009344226825986134,0.00937548320177114,0.006503294512619504,0.00651688957627206,0.006942283099433168,0.007084225044542496,0.006616153875529243,0.006775223958191643,0.00045882829460404986,-0.0011431368318628053,0.003967311870899939,0.0035018996398397937,0.006232641767234036,0.005235915508094208,0.0043154140382568335,0.0035082348405836537,0.0066804916079851225,0.005963548184432567
327,0.061260582462385006,0.05842585439603515,0.025221302615663643,0.018761878926556175,0.008985147088542858,0.0032880445851718766,0.013531578132436098,0.007640926532442005,0.026277301820338245,0.02042595483584771,0.032866242636433875,0.03128026685947619,0.016105299633182052,0.012770650123982347,0.0051629059623481055,0.0021394485875734955,0.00839797551585466,0.005203973400403241,0.016402544198078357,0.013092626063506186,-0.00886089666925587,-0.009136811949918361,0.005825523256855205,0.005604610496493588,-0.00044762129214317574,-0.0009782723925156765,0.0021713887931575117,0.0017286871165976229,0.0012275939719261916,0.0008182182906846603,0.004444852226954291,0.002420043172417753,0.009662043932140077,0.008717681103663256,0.008331950636452801,0.006685815188523692,0.009021769857501333,0.007338471947231145,0.00615546054227417,0.004643202487883093
328,0.04803433370369932,0.04442831496819556,0.032750419010759334,0.026040198707408164,0.015370502730622907,0.00949391336367948,0.01774383776112027,0.011688527513861869,0.031913816000365726,0.025890796568539147,0.03167892978486319,0.02982302169430629,0.01934236200940671,0.015899983220713357,0.00848814161621516,0.005437392793348532,0.010480894704924092,0.007311761745202709,0.020367817190239498,0.017198290886370524,-0.0014358792803267574,-0.002332995816516244,0.015136933584067976,0.014045835373132181,0.012706121262459171,0.011325054621394767,0.013850428764697328,0.012313867091400586,0.011820995294643335,0.010168697724202614,0.0035913790498413763,-0.0005334609072013922,0.015779511552503168,0.014375130890191745,0.017502228878934246,0.014769480187564622,0.015403109076824104,0.012721587071458767,0.015930703114945197,0.013526793940141089
329,0.048809517914281966,0.046234473086869746,0.02097941574824216,0.01566901064866611,0.009689262836608339,0.005077203918978995,0.012602098028186723,0.00788198933519423,0.02666379640577774,0.022190733605047974,0.027470757767374156,0.02626166655795678,0.01231927407719569,0.010120524510189716,0.004523100429997545,0.002399721031440883,0.006524040898771682,0.004302246847685357,0.015839583377700535,0.013845293274996303,-0.0009096566878314446,-0.0013435534745669553,0.010011975722630012,0.009518298839390881,0.003957985236311136,0.0029546877603075865,0.0058499283641619704,0.004863854308473026,0.0029554747504732005,0.001715737629318967,0.0012893265080533693,0.0010101922580849382,0.009163281650596315,0.009028742975742536,0.0050949842662090395,0.004847981569707645,0.007901019073442924,0.007716721718030725,0.006663991135232516,0.0063618092707941705
330,0.0632782261453531,0.0589466603854672,0.040225824829735045,0.03268317850431039,0.024729305479920645,0.01817740473302545,0.026445633223300912,0.01967593973019738,0.044703971358555895,0.03806814648910049,0.03923700833962731,0.037110733615525,0.022908016978393765,0.01912907073167606,0.012839146786522223,0.00941809613966968,0.01425358660937322,0.010625979903018643,0.025768892960409972,0.02235269717730468,0.002136092815262599,0.0016150435502621078,0.0033301571651769843,0.002907995977432009,0.003071157339095098,0.0021465650241915984,0.005253602254606247,0.0044148948998092635,0.004083314388828125,0.0032328292746799277,0.005227560991544996,0.002243566685891224,0.0061901157093247235,0.00538117023524033,0.010375904731100217,0.008473030346517283,0.006927369640717977,0.004995150561566968,0.008043089142756223,0.006457601380069122
331,0.05110827673729571,0.04785002694839988,0.016163697835718104,0.009892163542329347,0.005704136774969474,0.00022685971970653104,0.009843235977056167,0.004274938155696387,0.018415812694405294,0.01277298152154723,0.02972210983652106,0.028097002165855856,0.008249042182379221,0.005235906108696616,0.0012112420613063738,-0.001515107740133919,0.003960249168777691,0.0012036075098805874,0.00892840848327214,0.00606317954657319,-0.0018989914801556412,-0.001987905058629568,0.010746106823801331,0.01086250243774797,0.009129729378158497,0.009182285124393605,0.006956607201462198,0.007149091058211571,0.007603007775599355,0.007794711752677401,0.0014580485577055948,0.002301877997557197,0.01004366994788511,0.010367350910887743,0.011137556537572925,0.012357683068381812,0.011299155964991576,0.012431446286433213,0.012651414064487105,0.01347022047317412
332,0.061565863893948435,0.05917654655282841,0.025328343062285867,0.019945576215914303,0.009949411738316073,0.005049616301025699,0.014212006498032162,0.00927658233555998,0.03019504512808386,0.025488388520847522,0.033559207359748704,0.032536521210776624,0.014621723402605832,0.01251735574718219,0.004863176525424325,0.0027989401693131804,0.007689173679754505,0.005565215532268476,0.016696290551048543,0.01472699999110196,-0.005464802371900471,-0.005610253078307868,0.010116368703378915,0.010069688874638764,0.0032512441726757733,0.002963400591777574,0.004418126242980882,0.0041163424487612845,0.0025958786865845082,0.0023998362698954704,-0.0003564709874754789,-0.0010141680731776835,0.011112666261376913,0.010959064381154208,0.010991202519525147,0.010875065246308064,0.01077348144120711,0.010540230362808496,0.013048707649344796,0.01287039263027292
333,0.0533764015552612,0.051651113277531704,0.028505268850307824,0.02480989560734094,0.009988324699819976,0.006524979454443171,0.013501021296851292,0.009780990824938832,0.03113613225544743,0.027874673195226567,0.03546244244267914,0.0348113400972498,0.019082525520288857,0.017676145252629415,0.006869676815543672,0.005231513155120432,0.00973715231932019,0.00792894061744349,0.020623354244240704,0.019265729624567938,-0.004069170100036659,-0.0036397289929406954,0.005073349801963103,0.005767727708361574,0.001286935009718668,0.002286347688381604,0.001198246285891789,0.0023782234552173487,0.0006440460432083449,0.0019149134611980805,0.001523129774356446,0.002604725796448596,0.006272151622444278,0.006568734785064688,0.005240541689090437,0.006266384179828435,0.006398539092908856,0.007543533821051748,0.007482142646899584,0.008155106264381798
334,0.0406477698676775,0.03800824261051118,0.02267536188553828,0.017328219798535344,0.007556241363373942,0.003030513687006915,0.010689123112935474,0.0059994635009307795,0.026372573297621344,0.021813928555827183,0.01993220750615821,0.018635586001367076,0.013530971796138672,0.010965248358724547,0.0052997216732047405,0.0030466279276048737,0.006764029915214025,0.004419557399338622,0.015340830813654085,0.013198673008702705,-0.007088418153477487,-0.00706579122640507,0.010501897593649365,0.01059547540889386,0.000964255606782621,0.0010307219150029006,0.0015624536123943105,0.0016769367626369633,0.0034789884667471025,0.003646198570190022,-0.000539422108184151,-0.0007651113861062407,0.011821839452300566,0.011804306316217497,0.007853956151514808,0.007955538939511706,0.008972562590404288,0.00916221468848713,0.009155218362056145,0.009193708145514515
335,0.055424529370977214,0.051777998755689524,0.026325966922667154,0.0190172909972846,0.011228906784613052,0.005076625090832012,0.014152589102859364,0.007827005073601302,0.030011862007703193,0.02374585008286089,0.030204629644212038,0.0287335851751536,0.014102624595253632,0.011239612049450015,0.005368031985585076,0.002959759428966566,0.006677228002462264,0.004048358940802441,0.01750855624354123,0.01505661047762045,-0.005920312747760527,-0.00639843446342382,0.008276370377197367,0.007713568072064464,0.004836262015459434,0.003875157623717378,0.0033957984644163225,0.00213427028245969,0.0018347915490575367,0.0005589335830711705,0.0037977177351375376,0.0022410609204229458,0.011732820704089923,0.011184857716052786,0.011616290935416416,0.01059675485774211,0.010108753032919984,0.008911571378355366,0.008662275067876105,0.007723186099149473
336,0.0576877628797555,0.05456686564144829,0.02970798018657058,0.02338532454604839,0.01237670347455398,0.006516908934251069,0.01698362925361204,0.011195467708023585,0.0381890154895594,0.03302318724581244,0.034757966886637105,0.03361289260553198,0.01842307472808647,0.016320061202544693,0.009082683525140462,0.006906778948678862,0.011875148003922177,0.009715249410162111,0.02473460316757689,0.02311329907827248,-0.0025011264564580556,-0.002592297549617742,0.005122140576506091,0.005141810562740047,0.0042729581999022565,0.004222188075707842,0.002863066650260803,0.0027956869028071354,0.0032878861390407987,0.00328241345931119,0.007344101624836834,0.0064637588593209035,0.009781173663780292,0.009362475655760368,0.00834158604004496,0.007447385816170883,0.01038436672021736,0.009799814748014722,0.011271950087795999,0.010744698822292249
337,0.05153010404699422,0.04918551786363945,0.01531576246731313,0.010453560013171331,0.0017067713656142448,-0.0024226511210981407,0.00639787857720366,0.002128829389820292,0.01881414909526979,0.014366606150409814,0.030943046301662492,0.028911629704408904,0.013089479341284082,0.00919171565693173,0.002940989698959854,-0.0004022886541938852,0.005462614239605871,0.002003497397220709,0.013806997083163042,0.010139226526809686,-0.00021077148156202645,-0.00040237059006796913,0.011173700981068976,0.011083515796235678,0.006414968416643463,0.0061658946264826755,0.00585370311489221,0.005639583900920624,0.005162899278308648,0.005004960978334116,0.0059827122581161355,0.003941266832936622,0.009581501768900134,0.009000018759866437,0.010423785450894396,0.008838551198952084,0.009092310974414822,0.00761814182384323,0.008001469289926164,0.006794959211487835
338,0.06422214470678536,0.0610102888761308,0.0333065992074071,0.026907507316235958,0.017082351352934583,0.011506878151579598,0.02143194691682267,0.01566544882771074,0.03702799180920399,0.03133373615901426,0.04132974073387922,0.04023636483651087,0.018786029264184628,0.016392056808672607,0.008349760862352031,0.006128124689108309,0.011930565510878371,0.009519211055013705,0.021488103265307992,0.01921077769277561,-0.0007230475677945859,-0.0010815942431336837,0.017963260037845003,0.017653566035922743,0.008577119381488611,0.007960335503359771,0.008416121204929818,0.007728686574495526,0.011503048866848314,0.010962481210960051,7.00520783993559e-05,-0.00042207198537740277,0.015379046251460981,0.015321437668332818,0.0123577474840041,0.0124371856062975,0.008511982480017095,0.008406949267538755,0.01208505835263996,0.012024437637126864
339,0.05501485267896663,0.051459120076801576,0.032735222310226665,0.02608433031091839,0.018062795127855975,0.012336023451288317,0.02160557922170274,0.015671162033344538,0.03632264508312034,0.03036723415448689,0.030447650274132647,0.028443165371942518,0.02111146199938409,0.01749923607055158,0.011047283800819183,0.007853272579496324,0.013648043974749507,0.0103222501144631,0.0228646243364563,0.019603470772638035,-0.0033410251099457626,-0.003124197239670054,0.008401455549877384,0.008712470013864096,0.0005107325038762589,0.0009240808038349122,0.0007392288005332138,0.001279418757729448,0.0013812595315636932,0.0018866651476655606,-0.0010859710371503683,-5.12694140418645e-05,0.009182729945052627,0.009510041896874828,0.0013891913259501463,0.001995788814043555,0.005072424925034382,0.005837812058837602,0.006942285834952683,0.007684112686746576
340,0.06059500328109715,0.05812578887230102,0.029381063893706445,0.023988015383096258,0.014796088942566402,0.010133192109462657,0.019525475263959462,0.014656711587869613,0.03539074540575983,0.030723433629364045,0.03206818646299206,0.030713958144557414,0.016443065771902153,0.013699226827847633,0.008378022123634216,0.005923201382641655,0.0115999506918226,0.00900315015935054,0.021396636796892018,0.018935114234066325,-0.002754520623910558,-0.0026858230259271024,-1.4056601563730652e-05,0.00024982274326194214,-0.001063092352805497,-0.0007635051237169955,-0.0005455814585811494,-0.00017902524338460276,0.0014099594520687177,0.0018857454034932046,0.0051532091417205075,0.004484827838812616,0.007464476557362143,0.007041945387026909,0.007947628486717578,0.007315295949401762,0.006975700187071418,0.0063008765943789475,0.009082120945711031,0.008446028705109295
341,0.05204932104131917,0.049659883969896984,0.01676657140521323,0.011070601731805695,0.005981537747458411,0.0012286430317425662,0.009133962016557421,0.004361713411987688,0.021716784992969328,0.016850154624994833,0.028853475593643135,0.028251705523887127,0.009760408697714718,0.00836676006740617,0.003986245160844853,0.0026868449607037486,0.006058929514593069,0.004711109122437609,0.012937194570109941,0.011735588953587225,0.004166838268751542,0.004102578733356621,0.006648102806105523,0.006596316594233455,0.007938233329047858,0.007891166024177148,0.008055591092306729,0.008000052757707215,0.006026717073223549,0.005986739582537521,0.005857794538329306,0.0059255582078251556,0.008223423763940876,0.008134481301292623,0.012015009570220486,0.012229959664020119,0.0073729148769865775,0.007219505775335991,0.00592765818566319,0.005736662413042087
342,0.0709712481429839,0.06742243192100646,0.032834836401488834,0.025385064090294535,0.020348105814391067,0.013909991723166707,0.024507128818369528,0.01794883763650263,0.04006812283323004,0.03358867116933695,0.039410033682430325,0.0368534378975515,0.02084805385548357,0.015775604608348558,0.013629444308983666,0.009290580088120544,0.015259711945418013,0.010822854157896354,0.025342602858624146,0.020900559129250595,0.002637305375881587,0.0021084153885120647,0.00990328728865095,0.009284940810437962,0.007554360568178356,0.006615354308455975,0.008145246605846613,0.007170714410844115,0.006884382142879841,0.0057955064163393195,0.011132431685505071,0.009396067186312789,0.0065612185899316475,0.0056359140671658845,0.009262930111109211,0.007719711671852004,0.008310988144105495,0.006744340307205991,0.009324327809296781,0.008169627399447713
343,0.04189236491760495,0.039870179353014595,0.017286360541467847,0.013266990240930837,0.0031164964341403385,-0.0005447460303532861,0.006079256409044292,0.0024748544009228356,0.019546564742812418,0.015989200388603582,0.021570981104135127,0.02049604775480288,0.007924499538620896,0.0062019644219402535,-7.448525150267492e-05,-0.0017635010438528578,0.0020035199315700672,0.0003044101790750615,0.009512275851164046,0.007789722509767089,-0.008782719565372184,-0.008767771433855502,0.005593948733109222,0.00575467001525182,-0.004427564490694343,-0.0043560335223257005,-0.0029495734426861616,-0.0027877463901481237,-7.945293432437984e-05,3.634498640539691e-05,0.0040736296500342,0.005596097706075093,0.01310910299614923,0.013558895048015187,0.004150380635062371,0.005266121638111344,0.002931930190236871,0.004007010307940996,0.007557498098553943,0.00851462268621013
344,0.06454165346236965,0.06206615097291104,0.022703355916615972,0.017462834938785914,0.006237364937334419,0.0016936316165145743,0.011970235453262954,0.007242730879355526,0.02631264806947589,0.021633603616413026,0.03814245126539963,0.03715051434662637,0.011100103121870613,0.008701369448265227,0.0016363012181184896,-0.0005581862881438197,0.005003097930524868,0.0027520089027166543,0.013089196684344823,0.010998957623586955,-0.004644281234271705,-0.004928902748242444,-0.005925760923025153,-0.006107811714880779,-0.0068839780232680834,-0.007398975049190276,-0.0042945358552845345,-0.004720637646498039,-0.006105525356457054,-0.006749985279774365,0.007416161678433032,0.007521260823634785,0.0002227672995500521,1.2156583936196255e-05,-0.001154338171309385,-0.0015822245261455428,0.0012272694264711039,0.0009486243165412096,0.0029271012154398397,0.002707274553620181
345,0.05287869671060454,0.05044429563931539,0.024013567896379557,0.018648541063430956,0.009874933431734324,0.005467695186352007,0.013001419930819635,0.00849007955875662,0.031238138979771356,0.026784805658986936,0.021970297953007808,0.020705630506674188,0.016288586236318035,0.013785709735916876,0.007795942017099752,0.005739105607156709,0.008648829046508788,0.00643690017488117,0.018553265541358346,0.01630443478695786,-0.003073839012136168,-0.0034626922156690506,0.009781882234526725,0.009285152141980136,0.00555838799365506,0.004719115920914108,0.007701779633153138,0.0068261641432312975,0.008983507812826834,0.008111293345433809,0.004757533784826731,0.003679380704211211,0.0077342349662624125,0.007327058360571796,0.009815477953079885,0.009197183003319565,0.010164022614401809,0.009543501724314762,0.011358639485967093,0.010757063692390784
346,0.04971225967646903,0.04792125930867899,0.025018231714124484,0.02150321548192062,0.010370777252490087,0.0071162532758852525,0.012479274349026218,0.009075785302449702,0.02718757273574765,0.02406930494704234,0.024689350284825433,0.024076921092104957,0.014725729832607387,0.013594654094944958,0.004427023729762902,0.0031733425005953607,0.005391020444621992,0.004013876482088461,0.015433644904450173,0.014283794293323424,-0.004796467664099727,-0.00515091094965056,0.009596028928445719,0.0092964586055517,0.003295122931162191,0.0024840357555754337,0.0035709688577436225,0.002787887056476258,0.0023343764844313748,0.0015400769827369372,0.0025174690122758726,0.0007058911235825115,0.011596252189283217,0.010907226888399981,0.009263123495022054,0.007718598428531266,0.006246331199496108,0.00491799320990796,0.0055566210457853255,0.004299711386057844
347,0.047737789752833104,0.04574056993545572,0.015340279627803391,0.010876967808548361,0.0024514471274902955,-0.0013256322622215845,0.00616953543463363,0.002234040087911867,0.019489707165886397,0.015512834827380969,0.020816274463489114,0.020508593169179978,0.004597851750261969,0.003956019862024417,-0.003924302987544014,-0.004533425845319007,-0.001498594762588117,-0.002266437569974457,0.007304548684263418,0.006658988530990851,-0.0011098899927494063,-0.0012876020741535267,0.006720525492912024,0.006517810480988593,0.0015205899459779146,0.0011561669223519506,0.0037765386404798955,0.0034570770496878183,0.0027790102743266653,0.002420995885043142,0.0052769731974375,0.005123872213542087,0.011202237061085687,0.011122709153587398,0.004059895186093747,0.0037467633647272013,0.005112894253491577,0.005229925365488449,0.0054124981407925625,0.005297691710674276
348,0.05155270377321073,0.05025035042507268,0.01733469520694232,0.014325123098915033,0.004434073527041569,0.0014681419195401069,0.007595120540099748,0.0046163296571558226,0.019073425086199948,0.016325257483820316,0.031360568479854925,0.030943161351386157,0.009439710411477797,0.008190864422871692,0.0024060483873772497,0.0011265661849777365,0.00488341485121452,0.003624497664641728,0.011982751256653842,0.010997061051482713,-0.0006492293113576185,-0.000871353981691606,0.004833432133180541,0.0046917408511794765,0.0019641848325982147,0.0014515934278277374,0.0009301380870490993,0.0004739497691520952,0.0014265403091156446,0.0010265411318334523,0.0014047702858647042,0.0010946025578283977,0.006534157142994071,0.006486410958131568,0.006108566878618888,0.006210687422505575,0.006194029237434136,0.006243770154004352,0.00856938017192025,0.00856189906031139
349,0.03554977531659451,0.03218105217078875,0.020276761211322464,0.014263628142446111,0.009892200733293308,0.004826520650781332,0.01167117875556213,0.006272352095042561,0.02196169343992361,0.016478953693820395,0.01935556066102007,0.017787102143207896,0.013302329952128027,0.010577583282117163,0.0059559986645028404,0.003520754592245265,0.006982087232977191,0.004341239093615627,0.012650110563656622,0.009968750523619094,-0.0017811616868319148,-0.002523605815925478,0.006487512988390243,0.0054818128758602385,0.0005154437172813613,-0.0009654254030788437,0.0024510479387047793,0.0007646553538238989,0.003051802310514143,0.0011887152305538626,0.00891938765853471,0.006925638034982045,0.005338220155066116,0.00437601223645841,0.00528204637713572,0.003411313698161178,0.006486411015165809,0.004454824806284247,0.008312437294468348,0.006817768799902532
350,0.04548850675811753,0.043262969285068585,0.018154796691804625,0.013700206261896808,0.003921514162123444,-0.000415298228150896,0.007177306609067545,0.002929745620852308,0.017815292606975248,0.013525095912299256,0.025745689910616938,0.02528855210498267,0.010102535635362394,0.009056776944571908,0.00027363277404615773,-0.0010818596477297168,0.0023634735560872934,0.000990968657978198,0.008671156530961076,0.0073569545695101645,-0.0021662367124662893,-0.002635296206619251,0.009400124126546465,0.009068030583195327,0.007792621998396696,0.0070711908884108984,0.006319386268403773,0.005577172685156244,0.007569197860749666,0.006788056154893976,0.0007083434160054698,-0.00040308233311407563,0.008110974885377254,0.007748896151504403,0.010304707546247393,0.009738919191410612,0.01041171540194492,0.009904298941930569,0.009767313012049972,0.009252285620015416
351,0.051077691004151535,0.049434419789602196,0.01787720553071838,0.014365328015674186,0.004063684866016386,0.0009403519536788132,0.007966834869181332,0.004605715050322426,0.022206645468540225,0.01913267876626537,0.020404611235879586,0.01990908899010766,0.006702819667310134,0.005971409765095209,-0.0010373436010328002,-0.0018954517846048505,0.0011431057430023178,0.00013066057050324314,0.009056459928152745,0.008352346945189684,-0.0038252373645283493,-0.003933905871940795,0.01076407298657248,0.010841751013106292,0.0021309633801551266,0.0020174238995915228,0.001835046855150303,0.001678362188970759,0.0027694969530315545,0.0027707407907793563,0.0005136261675222686,-0.000370259401797533,0.0130213339645259,0.012839882709960995,0.003858655169186003,0.003472710173025481,0.0064086715610913916,0.006103783316694646,0.0075845663727451985,0.007291784357534264
352,0.04443686690678168,0.0430927553279658,0.01808580090980606,0.015173701856357812,0.006114849983772061,0.003756316411813257,0.008189449304316511,0.005609325117265794,0.020784232235266542,0.018207961687678843,0.02198101822237001,0.021931047756442175,0.007267361281863585,0.006978093364176399,-0.000360506608290766,-0.0006083682517375424,0.0007832390395891327,0.0004026114590520597,0.008573188612264544,0.008291753901927483,-0.006417005416338753,-0.006492395049649466,-0.0010398666727811953,-0.0010920111938708273,-0.004356993652938527,-0.004550374077193791,-0.002470187404936457,-0.0027027344159734124,-0.0046312579364024865,-0.004855468125446102,0.0063039914423331025,0.005826439469123281,0.001783568384026292,0.0016700355918072515,0.0033894806419779806,0.0031496103554882436,7.542390244156718e-05,-0.00048273733255632786,0.002291283321255818,0.0020218619492329707
353,0.051417508182645656,0.049304297874973105,0.021859445007171942,0.017873559954038738,0.009883316085213712,0.006128511706509425,0.0121863745048949,0.00822556754379681,0.02513545098789959,0.021347506774759627,0.027897140935788028,0.027553247028540135,0.011009694740833024,0.010448752852152786,0.001720837810541672,0.0008170355143129156,0.0027031222164408657,0.0016392977644134321,0.012992179230354808,0.012127843871631554,-0.0035674090249497017,-0.003503989512548325,0.004616782710477083,0.004804929517174995,-0.0030446021267150976,-0.0028860539610640673,-0.00029075343264302827,-3.0922156175864734e-05,0.0015719974018093695,0.0019426337112777303,0.0025875470260976214,0.0024812127121850895,0.010489004263825123,0.010475373708919706,0.0027300695656765853,0.002684412248568315,0.0028822821920754358,0.0028846714489888124,0.003978244664705496,0.0038256314101304976
354,0.05262701439688082,0.050225481808739925,0.01578542819746885,0.010431143233453403,0.004670638279139733,0.0002591269106873915,0.008525479648675024,0.003976904555451944,0.021048059235820184,0.016574978230693586,0.02880640397668798,0.027739501013763136,0.008728998933232823,0.006406992437501787,0.0020205375742630835,2.3319274485181537e-05,0.004392511859652458,0.0022588856467906,0.011451003497537589,0.009326594270324468,-0.0028568807473200626,-0.0028294887362971454,0.014616214487120218,0.01483830407716739,0.004615398698956457,0.004821855508656466,0.006281510126389669,0.006526190938457385,0.007999568937118959,0.008405825540197191,0.0015546106239710139,0.0004467015442569655,0.008885354140904139,0.00856800874715169,0.00575665330412021,0.005183668421792351,0.009324080579728722,0.008812175725401345,0.010825359550608246,0.01035810498549508
355,0.06170622012974112,0.05853570451517311,0.02386565888319301,0.017351230044167765,0.015054477306758837,0.009494320373443594,0.018374864867953575,0.012636954898465183,0.03108346681087837,0.025383261987228466,0.0370419092116043,0.035307229263788584,0.013140053215971479,0.009676371343593188,0.007713827570288681,0.004750721136245193,0.009785815308460576,0.006617032568788211,0.01731798276989509,0.014151866237126188,-0.003909146843613394,-0.0036900282028543055,0.008003077540986009,0.008368467088133075,0.0026247015093564647,0.0033424442407902952,0.0031452470082280874,0.003969697756167703,0.0020895437245712313,0.0029912526323392957,0.00530999139273384,0.005136802095063209,0.008217740950239963,0.008143630110802198,0.007629165156398778,0.0077645309257039444,0.009858532173457234,0.009976394332570929,0.00870766276074433,0.008704031715673292
356,0.05875662510937864,0.05520482853673255,0.03231954245341881,0.02595108537415361,0.016988380363008947,0.011584065832367402,0.019603909579249616,0.014190029322371048,0.03570853154062536,0.03018461469404849,0.03422169478673996,0.03192310601162463,0.02356030367263182,0.01964282245221723,0.013178900254451861,0.009763075152176491,0.014863709468329305,0.011474011835982284,0.024670239455487318,0.021168559446334674,0.002681641907267586,0.002169081409450088,0.008869383750808531,0.008401672119411884,0.009553125306779797,0.00877361420039338,0.010127332715368587,0.009371364187652735,0.009960746982398037,0.009062158061159733,0.006928558178315386,0.004298684425135434,0.012210208873880753,0.011370383164097306,0.012274511142524269,0.010404062003346908,0.011685585369449965,0.009853856532672681,0.01095277211252991,0.009314256790414574
357,0.045707768162402226,0.04350453543422036,0.0194052020938097,0.01481212969002731,0.006613868109433614,0.0020624776873814617,0.008995163546041305,0.004308426272074717,0.02109654362570124,0.016489762941169963,0.022252372613277144,0.021032593948722377,0.01169639844706323,0.00945091346408398,0.004577098842968206,0.002152258346878046,0.006359140136202787,0.003873849872287284,0.013009777456328666,0.010573339486282729,-0.002839933857145391,-0.0030559653438257347,0.006418948553769013,0.006172266569885493,0.00039281638845230763,-4.3695570868303686e-05,0.0013213771340994426,0.0009240343334275177,0.0054149294643953075,0.0052163007394680746,0.0063235832200684875,0.005866826583246011,0.007230311183390533,0.0069867475214689155,0.00406132666198621,0.0036824606918590503,0.003678061707171701,0.003197827271352717,0.006204476558951808,0.005949952423562675
358,0.051677172784594584,0.05067486856778034,0.012765222355874007,0.010276508181434395,0.00013018173458599077,-0.002002397617319045,0.004296153761408024,0.0019550777933495973,0.01966600649462138,0.017652998672694868,0.028714132728333553,0.02881367228107215,0.006226406043591333,0.006255619372245204,-0.0012359137661489157,-0.0013401298391007416,0.0017606275867129834,0.001473333810662933,0.010714956688778978,0.010662568674034683,0.001754632466495656,0.0019406523161836192,0.015426617707852263,0.01588864772472768,0.012103430192945252,0.01276502098066884,0.009356629847819384,0.010084460336279633,0.008040209531389049,0.008797808582006595,0.00042555562260484055,0.0029202403579185673,0.014142434431760192,0.015092481697801318,0.010039167927999602,0.012344851058526876,0.00886467262711875,0.011237996363990204,0.010962698388041509,0.01276899763114693
359,0.06009325354165253,0.05797883793945792,0.025439565748374145,0.020877438048616324,0.013355288477201497,0.009315422811438445,0.0169837109249139,0.012762359697338776,0.03153164387825298,0.027507543355498442,0.02880788713907863,0.028292236251022135,0.013410493639455928,0.012203063316567434,0.006446238075173768,0.005218007398953432,0.00811805476883488,0.006760625265667402,0.017187287781531422,0.01596944340535056,-0.006875466674138461,-0.006779043970725376,0.008009336742768875,0.008292403454548144,0.002604744419416798,0.0029415682231464747,0.0016768391132411953,0.0020956480890945467,0.003792264980637227,0.004356695169771468,0.003953424535211266,0.003640957127512226,0.010608552776252545,0.010513626091373466,0.008180904142910157,0.008162272681169234,0.006379799347130374,0.006225327755777138,0.009147027996010016,0.009070128271527126
360,0.04731483856273762,0.04406845447765347,0.02182268067716057,0.015244653350641976,0.013004751734655392,0.007329055130799522,0.014585686873723344,0.008696528844855774,0.026916803797824823,0.021011667409588625,0.02525007210684165,0.024434813555464157,0.011517373113346097,0.009549678571909564,0.005528158612811267,0.003717667342641548,0.006320441895767704,0.0042796275528398705,0.014725820894947481,0.012820442245071123,-0.0036020731586073676,-0.003903545158161844,-0.00013307412317074084,-0.0003778529200223527,0.0013788507986543248,0.0009411400024291379,0.0018457824906756965,0.0013384917774995053,0.002745076337662348,0.0024453251508175003,0.0010736211068304554,0.0004459031020407118,0.009200226393115424,0.009184532174869347,0.007590819579477548,0.00796633558862076,0.004986876923139453,0.005167594397591317,0.004728163999371774,0.004715592668687528
361,0.05899370483760012,0.05533229341315889,0.02395083821699521,0.016416643674768732,0.00786622313038951,0.0017512613784876462,0.012328629044831159,0.006018124536353292,0.03030238213714654,0.02387486432221505,0.033790016265080464,0.03148270146168531,0.01526092039009223,0.010536053917231787,0.006930988807764648,0.0030782451326128992,0.010150126564565636,0.006207457174869925,0.01990229575313542,0.015843812707312416,-0.00508918803686831,-0.005005349689047048,0.005776010181334674,0.006005226143606459,0.0034329408223971237,0.0037242177756517656,0.0044324045571421875,0.004894433381830185,0.0011968138290109978,0.0015833553184349957,0.0016564164082134112,0.00172704264832997,0.006023357862679308,0.006032875414334657,0.0035610848647120745,0.0036435309035663444,0.003291321356974053,0.0035195534548286547,0.00723262723521844,0.007380764193261978
362,0.052781881166897096,0.05031344717820543,0.02919263629272987,0.02434829347004559,0.012920105583036273,0.008305886174564823,0.01813753410253011,0.01353352768858462,0.030479443887997067,0.025881916965295505,0.030639249625128623,0.02924213306918738,0.01780596406065153,0.015343974365731239,0.007772314956033433,0.005159758959352413,0.011059880116633255,0.008472996588142467,0.018678789375332773,0.016192575682918535,0.0012050665954776846,0.0005887105338364818,0.013743929248523907,0.013260476138937206,0.008287328773513937,0.007363937023384207,0.009012207089475569,0.008010529979197887,0.008542427079544983,0.007443139400026512,0.0008600557537775253,-4.3011569891225883e-05,0.011309712904529704,0.011092904679477385,0.012043323645359361,0.012067074751693194,0.011540487907405883,0.011285393119384575,0.013262514917953286,0.013073900641615238
363,0.058548136650273044,0.05632416794475993,0.026936172950677174,0.022134214184468853,0.01635194066391365,0.011989701472397144,0.01802995912078485,0.013639142294942608,0.030481244547906145,0.026067568774017686,0.028130966916188903,0.0274532772305004,0.013071356404447305,0.011701303787770007,0.00519566595173161,0.0037398064794152202,0.006182305618062746,0.004641936032773608,0.013529702728895875,0.012101138456300866,-0.005167311730479259,-0.005426501783388785,0.00724704364876771,0.006928334767176414,0.003055005263393112,0.0024939572396512457,0.0037689180863740906,0.00317355230804076,0.0052539253469262295,0.004571007941329273,0.007262809921184246,0.006413510994725297,0.010077729783070418,0.009544524363811957,0.006125311619605255,0.005301860096927466,0.005617190694279734,0.004656095271463565,0.008904487909078744,0.008080711839158282
364,0.044169957673985766,0.04127833073828833,0.025106480704539143,0.018877685669880486,0.01490324478074127,0.009729119308115014,0.016547337569257657,0.011254726074590129,0.026841744221852926,0.021358048979195698,0.022985179300008363,0.02166368616453826,0.01307831380738891,0.010256293537510713,0.0075032306516292415,0.00507744239279216,0.00846116077725466,0.005972820190301545,0.014340522505910207,0.011822688842652862,-0.006712783938551738,-0.007176374601794748,0.006554498983933901,0.0059622467153118055,0.001564067388979963,0.00048351130594877624,0.00260013420939809,0.0014392081287268796,0.0026773683295061843,0.0013732887087966636,0.00024078603537292927,-0.0016976564835043788,0.008242037362427436,0.007641726607619232,0.006782782387762512,0.0052855978178532395,0.0041571280035219895,0.002750519010174761,0.006883866700516869,0.005727748142241505
365,0.0473135506546763,0.04415559188662925,0.026726337598394777,0.020662741841084374,0.01174431443971286,0.006609934941999898,0.014939227385018294,0.00965882393268543,0.030559914166709324,0.025253926603134004,0.02198246687301461,0.020293540141064985,0.01746380424447242,0.01465693741566024,0.006937090770498084,0.00449464993040993,0.008972459281575982,0.006420533664736772,0.018844032827178343,0.0163200062086436,-0.004415847672497252,-0.004926986993452774,0.010082502678597397,0.00979195353258055,0.008567980924004107,0.007974830824122727,0.009721086923176666,0.009105730668223348,0.009799485132043578,0.009224735002075869,0.004586685583729077,0.003413483235091523,0.007927135935378731,0.007613165072010014,0.011304158323864309,0.010859649886094965,0.01175688582501073,0.011306193266469892,0.012278938639619433,0.0118796408203692
366,0.06193605610776137,0.05919930885669398,0.026524241485274852,0.020917852621500747,0.012054003331606675,0.007477685297592388,0.017165727038382032,0.012542629185619228,0.030906631323080348,0.02605947453621978,0.029976030485715767,0.028762078615879455,0.010211323082712836,0.007398511760528968,0.003151435733299017,0.0009013073987936592,0.005949111432824468,0.0036682873381528244,0.0140329720239134,0.01167608789359555,-0.007644143807412478,-0.00770260115794783,0.003563069538062616,0.003606806271954445,-0.0003049775756863706,-0.00029049555716035587,-1.0297737247133478e-05,8.49474491184726e-06,-0.001051982793051394,-0.0010278415068013193,0.002864173937210716,0.0028605845164683353,0.0051707073378750735,0.005135125232575448,0.003679901987732225,0.0036582808157523774,0.006077950308877053,0.00590281671426122,0.005939829783086328,0.005983220414612374
367,0.057752987777536215,0.05573193090416092,0.026612481130522503,0.022244133921430986,0.007026605897450085,0.0027784476167000095,0.011221217076225753,0.006844371810973618,0.028343407328818498,0.024382674160022766,0.035011472879947006,0.03444263781765251,0.014157402525239404,0.012808537865497316,-0.0007557709974585118,-0.0022560458172007753,0.002486322387036925,0.0008778357302159923,0.01498518218560895,0.013713376638923669,0.0076494484846367184,0.007366403659242553,0.007524299572621636,0.0069750302009370406,0.012155938751519114,0.011525121442362389,0.013247308750706807,0.012511311826108578,0.010055371273822944,0.009204344856779553,0.007114616176804157,0.006231542280186445,0.009056998853061047,0.008560938845348125,0.01338821626815279,0.012881629158691493,0.006978697024241457,0.006198890533463208,0.009380334146439401,0.00877937309371148
368,0.06134455242287122,0.059019289688962515,0.023762120026130252,0.018799373253851913,0.0069328430892354,0.0024938867654149682,0.01037079263589067,0.0059827951050459224,0.029576663699481715,0.02544909333913431,0.03204716199577341,0.031390699145969134,0.007109893097236156,0.005582012416216758,-0.003940092497835859,-0.005446927749104083,-0.002405616578961306,-0.0038813536065613026,0.00992423754001825,0.008678181826399078,-0.0027781648017249955,-0.002597748712805235,0.0009061402530441196,0.0011854065827441754,-0.0028096101055697298,-0.0024677807792266512,-0.0016901333575436537,-0.0012063237041263063,-0.0005554866723708141,-7.636894166143928e-05,0.0044674358425005715,0.004664610931559081,0.008578671833631235,0.00854583949039,0.003420556979987714,0.003258301816360194,0.005584772324977122,0.00558496728581778,0.0070825020020893635,0.007115584337721614
369,0.05675559915536362,0.05419289999459487,0.02562816947748934,0.020241165973765136,0.011880533396407987,0.006863340329422256,0.015466393355917735,0.010334835932110703,0.030899282382003096,0.02609474705448165,0.027858405565289866,0.026543499196673915,0.011620201168986563,0.00881756247042573,0.003376351015852873,0.0009356600719766708,0.004875826144357874,0.002233909581101896,0.014900038828531198,0.012336570871339941,-0.005176636162457138,-0.0051960523053503445,0.008621859419811771,0.00882066811586745,0.0025030629729517855,0.002734269167891085,0.002712747416422916,0.003002938215231606,0.002656271384542073,0.002793030669027521,0.0006665636464690376,-0.0003393429115634828,0.005711780236419862,0.005415335009025672,0.003705158127638143,0.003174563639903595,0.002680524054178346,0.002246070538287635,0.0042627485883731135,0.003801988258990154
370,0.04917755178990233,0.046672883844229185,0.021275790524390666,0.016397420287741674,0.009238469912305498,0.00504252389478769,0.012604715272640395,0.00841150276318883,0.027738949889371412,0.023678763906717432,0.025303123051566723,0.02423765670142451,0.01128749842190763,0.009339598281422315,0.002856922374677976,0.0011246739386309833,0.005076277668386682,0.0033299470736483767,0.014032390121153879,0.012375145976834447,-0.005782896247767851,-0.006088737721969858,0.004180621500772918,0.003958094541386841,-0.0015109702972688787,-0.0021159598140678515,-0.00055212923995079,-0.0011353704467313506,-0.0005380048945656899,-0.0012064249278592979,0.004158204163636421,0.0022802681996432835,0.007734556837669773,0.007117833984194373,0.00402432745952995,0.002431401543037258,0.006938983783067519,0.005541936709895416,0.008852273511881075,0.007645805299213141
371,0.05987165228275737,0.05663047211611059,0.023032359571857015,0.01652238539287535,0.006739047385690251,0.0010537433668404554,0.011962836235189529,0.0061182849955334325,0.028174833584269643,0.022387620102727525,0.03221691444462261,0.03034570930492937,0.016021743086573913,0.012466944308505831,0.0057594830718647495,0.002568364392841068,0.008144995739563848,0.004834323314436809,0.018057900520170082,0.014808701071950226,-0.007286747477118874,-0.008164735167563702,0.00971828494531908,0.008914140347336832,0.0042189772270333405,0.002834975771936451,0.004275407693829764,0.0026378556167787,0.005214296730666002,0.0035293706255793414,0.0014840633186381526,-0.001082067407438932,0.01183195002466913,0.010961793652550126,0.012453617813523115,0.010719231050875373,0.010818975749523417,0.00896968814473122,0.0124399523542623,0.01095276024966308
372,0.045183159030173656,0.04348164111333853,0.019771714699538916,0.01600414588159148,0.005404026001305923,0.002155813979933743,0.00673639194751761,0.0032514693015444837,0.021465748646200766,0.017919343122249225,0.02440619700061834,0.02347491380306311,0.013130557786085895,0.011190852628729353,0.0049321757619333675,0.003215722221530825,0.005327983856343026,0.0034213425755484903,0.013831106344384562,0.011893719176487499,-0.0036100843434882213,-0.004073358775378149,0.006518280822122973,0.006017708245041724,0.003906408477710259,0.0030848662448324667,0.004832656526977776,0.003854328057178877,0.005921705860366408,0.0048525965744204026,0.0022714755758817167,-0.000552818616709419,0.011290694978066623,0.01038592534936243,0.01190519188712511,0.009918258098580098,0.009757487951044535,0.0076814653443429415,0.011644930849532636,0.009801062991483903
373,0.039957256850906724,0.03658027773097283,0.024514587204210923,0.017377369304562917,0.011899674019447776,0.006135115304350999,0.011982020693755344,0.005808175984221692,0.028142892990656622,0.02198671835195918,0.01562703801615058,0.014487692264248564,0.014054103823947575,0.011750552351148743,0.006780576881782227,0.004817749120580931,0.0062225004836134155,0.003979868453318778,0.01537302700778358,0.013292418953715909,-0.006095193893929551,-0.006484521334059088,0.0027397366822189627,0.0022645836956592122,0.001783698692271746,0.0008634437481947307,0.002485908678327295,0.0013716610083601307,0.0030632407464152938,0.0019732636942369516,0.003874746630566933,0.0008562296170998646,0.011125906535781953,0.010165163309250049,0.012839968554860632,0.010794461292139672,0.011400159918988177,0.009376360339386708,0.014266729277663228,0.012616919154358747
374,0.04214298053173242,0.03881393539886614,0.02097483080394249,0.014851938405339608,0.008777023156968489,0.003779871897085977,0.01120434823976298,0.0059085689419942486,0.021657994797266347,0.016257728339429303,0.02429640220534325,0.02197756723873245,0.014998907307641963,0.010721931700166389,0.007470835511467995,0.003980733224091334,0.00923752035865169,0.005578532239629807,0.01612539618108249,0.012429177395629817,-0.005848997574606462,-0.006075100724061591,0.010948720836927616,0.010860553829837928,0.006508358235220582,0.006348748112249239,0.007135088627558579,0.0070471858414519264,0.005434249035214734,0.005319104683348108,0.0012661591805777411,0.0008724205950837116,0.011791088569776887,0.011651241442075647,0.009911624420400464,0.009959037187454459,0.007275298867201113,0.007060896119314731,0.008420172853745729,0.008265782313354494
375,0.0456398830563563,0.04257816672254167,0.02167861428563648,0.015315578624126042,0.005217842430043162,-0.0001714679863311312,0.008687389685636614,0.0032162047663386673,0.025691051414731835,0.020132463984473114,0.02512120536414063,0.02403045460530047,0.011585198411936348,0.009291904326258583,0.0030001985090257507,0.0009980005591945095,0.004647545845865635,0.0025182314977336005,0.013302231380369988,0.011250746504337366,0.00046504247719617725,5.727283921208451e-05,0.007963967353877572,0.007514133907581595,0.007299409525504818,0.006501079504284278,0.007820687780873161,0.00685669725376391,0.008409092763317413,0.0073873976898396546,0.006204932104232333,0.0045983688172175075,0.008416369330278183,0.007821266109059314,0.007509370706157648,0.006110091019294642,0.008788942881656818,0.007500699297703273,0.009760990926219317,0.008759864749900825
376,0.058010373366354895,0.05552599395698756,0.023116548550065556,0.017642460175751436,0.007903027802642085,0.0033251353044646977,0.011924415971325772,0.007127014869864919,0.025441620510242836,0.020625933069252787,0.03191364508401166,0.03056455586462974,0.012517610718486186,0.009661925367863072,0.002107535193524897,-0.0003997795923063593,0.004888316188744652,0.002274470527025408,0.01312600170667214,0.010473618508069616,-0.007564645336180446,-0.007836482982083857,0.009711366053633716,0.009576498154613387,0.0009995318296777945,0.0005274695040661059,0.0017761982902955089,0.0012592344346398527,0.0013025354652970876,0.0008292240439828173,-0.001748304512430911,-0.0023439067366042054,0.01188267847516047,0.011659148620887693,0.0035354233992942,0.0027911066404409045,0.008270309716699332,0.008022376044557206,0.006208649804042417,0.005802596117784299
377,0.05369232811637843,0.049945412979466745,0.029174024621300577,0.02256466515676683,0.011506106302276527,0.006075689000857756,0.014925148261873716,0.00931324747576404,0.03041189997285802,0.024628876364848555,0.032735751871454166,0.03097582691107658,0.019300847933932056,0.016089527021278225,0.007391258031660281,0.0046525416248156,0.010338211455192488,0.007518246010404135,0.019898166766165636,0.01696303349124334,0.007122273456746851,0.0073561195522268115,0.005310111748061522,0.005532146890273007,0.004442994450660617,0.004861100735074635,0.0069483122921105145,0.007550885841100173,0.005907279419561851,0.006465602655002836,0.008968441943800793,0.00961257586753183,0.009448784108970694,0.009388420877775139,0.007197618595783448,0.007381350113876567,0.009288972270040215,0.009418094243073655,0.008097347881968957,0.008105006139513461
378,0.05421702364579266,0.05137499124567798,0.02383556506589863,0.01784348619889814,0.0074385690710224665,0.002276991930963732,0.010934182820704661,0.0055357779256091045,0.02861172703979097,0.023282121059705972,0.026205738812058132,0.0245698976988241,0.01256073416006431,0.009141290264580463,0.004505118201496114,0.0016149631886815125,0.006469964561011313,0.0034660251012730305,0.016915064161785405,0.014002975370175566,-0.0087470015781898,-0.008702610593563382,0.003577033023264567,0.003709502736880961,-0.0023671588627576265,-0.00217734907749772,-0.002340109263441774,-0.0022006255036912782,-0.0011888635091762156,-0.0009182054719270086,0.0034927488289514933,0.003104663553771626,0.008389809806575131,0.008121329856306352,0.004852245484594188,0.004209435078652259,0.003594165300077936,0.003199075236203253,0.00812519564252775,0.007899901472142269
379,0.04889794511315986,0.0462902518885112,0.027469563041290668,0.022481415889228,0.008918883108998864,0.004806027159219273,0.01273064140656576,0.008438589675792835,0.027054274788038478,0.022718264711768653,0.024533747386741616,0.023362894708864466,0.01572313743891767,0.013775764464081797,0.004321231554539137,0.0025138899247071833,0.006152820340856304,0.004229032928978677,0.014090852587416191,0.012243986904518856,-0.003817633055756421,-0.003872863851935029,0.0018449485739485782,0.0017853285385744972,0.001846878165257226,0.0018048424268825869,0.002448647244869172,0.0023721641664923815,0.00045550246558701685,0.00027668800609461286,0.007066905009351152,0.007369784406140176,0.005516577028183478,0.0055715958413772,0.004432111829395916,0.004669858641859142,0.0034917659351091047,0.003505582170991036,0.007126547210625526,0.007312699856556438
380,0.049295653202233274,0.04746448208768651,0.022884027909256463,0.019293762251336964,0.00840907322817334,0.005250251257288193,0.011266373685339786,0.007916297814264858,0.027605739550911466,0.024399573377254395,0.030634768698496528,0.02952926771601635,0.011367492785090371,0.009258711468559905,0.003848380856104369,0.0020042136074695308,0.005640053084560383,0.0036545395656884284,0.015570332318076297,0.013614048935057178,0.00010643955067923661,6.813199709856763e-05,0.012675336218411114,0.012756682458720633,0.006260582787234933,0.006425901617919047,0.006620773800650089,0.006861600325820359,0.004564887743181372,0.004825074037343478,0.006502610988708001,0.005664731558635333,0.010298763790952918,0.009971524659033292,0.00807853879658196,0.007286340216116407,0.0072221815910563,0.006510777170419146,0.00703964175760346,0.006451441827148215
381,0.05476937767864938,0.052293774488861446,0.01832642761807786,0.013028525805154591,0.0031207740893531392,-0.001275390073888524,0.007231376521173905,0.0027145396009260413,0.02344333645528672,0.019026622526439448,0.02879277901632548,0.02757607364345207,0.011942283249065364,0.009397009255864626,0.0016758045581772199,-0.0005036270304399487,0.00416063410883015,0.001876303554111765,0.01256840107658599,0.010350890558284769,-0.005472602222183227,-0.005750878430293354,0.0036460078223862586,0.0033734185841286547,-0.00164905065186404,-0.002232767959362781,-0.0002207698575370163,-0.0008332577167825093,0.0032903739152434176,0.0028024868973053644,0.006208452341856644,0.005192580406085504,0.01006399647470214,0.00968872086836097,0.0084490029366962,0.00785065741011446,0.006170746421709403,0.005408872652067478,0.010428785804089366,0.010034277560608425
382,0.058244137443372646,0.05524931283745164,0.029234542222107494,0.02316973382283588,0.014856855275050495,0.009596918358171532,0.01654669982201199,0.01122950425137908,0.03193843951019376,0.02666499236486562,0.03298838000443306,0.030768901518514958,0.019942675375969346,0.01563749460480417,0.010545843874354312,0.006871434632802528,0.011177504055499493,0.007450194300073756,0.02119058406221104,0.017429008172501533,0.0005541604557434722,0.0006143570841155326,0.007973022247272924,0.008118813555020636,0.007860234271190942,0.00812851898893421,0.00896030132255338,0.009306390092655473,0.00936187142785513,0.009821768155713728,0.0076485672356678734,0.007938726628751402,0.007104028309056977,0.006994939649470416,0.009349755987195004,0.009373738360002715,0.008178708855560334,0.008098778122242505,0.009191483664390822,0.009286468978981314
383,0.049869758849677134,0.0483238763493027,0.017789320994847355,0.013875351302605976,0.008110598673277052,0.004722290368718502,0.010351370954007068,0.006841959934524874,0.02315138326507873,0.019864461190086242,0.026346433445776023,0.025753602739773795,0.011404159152220001,0.010157350018486003,0.005024648583336776,0.003823844729552237,0.006422746545460043,0.005095724777761683,0.014469195479758676,0.013297668210783709,0.0032155119142897965,0.0033336924097668356,0.004617658545938081,0.004844109899891405,0.0012492264237820474,0.001585160004955065,0.001658559437978397,0.002056775628805802,0.004253818857277913,0.004717925655825493,0.008395394053191218,0.009119308793924452,0.007013223035534019,0.007134440911444667,0.006464261593610357,0.0067410470325539856,0.006482097179197205,0.006799714869413473,0.010877655833447656,0.011239527052622173
384,0.04693648336810918,0.043690862624629984,0.02293770901351941,0.01662613258314905,0.00849977706757888,0.0029583235417676565,0.012304651864303254,0.006686703369866387,0.028936523821050508,0.023645267041623366,0.022875635154136317,0.021708337491118845,0.009965781687118255,0.007722511927297994,0.0011366842988150077,-0.0009653340184663586,0.003804153831774193,0.0016876827621656646,0.012951431805319713,0.011103956414953908,-0.009100917401549734,-0.008619500199521677,0.006369161076851017,0.0071240279546734165,-0.0034698117841450403,-0.002489919627769031,-0.005156811370152952,-0.003990631156868514,-0.002929210715209539,-0.0016233527402525765,-0.006595566167380311,-0.006145305943414637,0.01201597250851427,0.012444069138971144,0.00378235047460959,0.00481750058044054,0.005544297041843046,0.006635464954089151,0.009254213734828216,0.010242943227014151
385,0.04874513066215673,0.04637979892078165,0.019141046780110714,0.014039364051726974,0.009395146988415615,0.005244508959209892,0.01266088845131327,0.008486722442403505,0.024045738261503857,0.019621328573719732,0.021170523974269613,0.020272276405843538,0.008749863154263644,0.006638274283566127,0.0029539141969771128,0.0012618913816930942,0.004782699245359745,0.0029941155841420927,0.01203082689839825,0.010126330940898149,-0.004583286260495362,-0.004863590451909862,0.008147151587050188,0.007901258991269014,0.0030017298510819244,0.0024971821508285893,0.003329801592326453,0.002729829191623476,0.0035587627138619427,0.0030158980477715896,0.002986470511365735,0.0013101895382236816,0.007814765864724047,0.007422248088829114,0.004635593844515229,0.0035612562796416684,0.005953280465685063,0.0048134067706325345,0.006383866069174557,0.005558393719925894
386,0.05423555652125348,0.052772664542849144,0.014101697769767576,0.010294897626505078,0.0011183803057021866,-0.0020616703408689826,0.005792355014911645,0.0026061007249618406,0.016418229378602208,0.013110698469430184,0.028030053485504684,0.027687142967879837,0.0071284643564040896,0.006006106369454679,-0.0011840195542695007,-0.0021028137066574967,0.0008664331233928331,-0.00016207613952233733,0.007916827615641086,0.006933735666790916,-0.0019285512766337963,-0.0019396750361215232,0.011262118573551793,0.011308010165946748,0.006257279024479145,0.006268679338241076,0.007597696372160899,0.007716888850688469,0.005313378258661575,0.0053305637260545125,0.006309884114632,0.00623053484978789,0.006813866014997357,0.006722463327159848,0.006719113663106823,0.006590786411142567,0.008975524839432255,0.008999827832916555,0.008382887861639463,0.008275125622058222
387,0.06245906421291769,0.059235849838987296,0.029013114806783237,0.022577901643794543,0.014235597090793856,0.008790076680423862,0.017626785637301294,0.012046422331278648,0.03091976910919505,0.025236966010514887,0.035269299661774514,0.03327644545905205,0.015374518064774762,0.011399371665339608,0.006585825321565715,0.0031345038118408496,0.009108168791776646,0.005619645119919819,0.016838123599685825,0.013299755001520605,-0.001399609454493048,-0.0017890526604796297,0.003888344742246986,0.0035122798533234814,0.002797513236037215,0.002217321283056361,0.003334747224556252,0.002627651220215364,0.005694167617399079,0.005069893547097048,0.003415725424664117,0.0015447621312871297,0.007217483481154514,0.0066736361815825694,0.00835477054004833,0.0072110837583415355,0.007198699205952959,0.0058879269345101185,0.009802748958277098,0.008865975843151325
388,0.05611075241180154,0.054220148271812374,0.021436581214364103,0.017271627775041657,0.009685066955888496,0.0059310401161766346,0.013012649320960561,0.009143377703313863,0.028681052374277306,0.025032556729808593,0.03206487081572834,0.03128370215660233,0.009716204533246803,0.007996208083688752,0.003347175108596813,0.0017798494011751515,0.005142271120818435,0.0034908667941569624,0.012965248240885787,0.011469710602654757,0.0017992153164596361,0.0017510673227624895,0.012940836687577029,0.012955821024353428,0.0027211700444932504,0.002639613188391171,0.0030792999227912078,0.003026159207200569,0.005014414888754215,0.005016202709558612,0.003391168613266729,0.004107563288015849,0.010153532078938193,0.010351105408177786,0.005157400879217978,0.0056273991437940435,0.005059575970942568,0.005547985741791429,0.007912892417561088,0.008261726464172912
389,0.056205585193398286,0.05319082450474263,0.027690437105628168,0.021302406947097775,0.01145908153319185,0.005845484870441423,0.01601238543694368,0.010370935896054145,0.03012633708388825,0.0244390108753008,0.03758168201251261,0.036352736309225794,0.016799209419776556,0.014148549365116819,0.005560019024266899,0.0029575459402675633,0.010021696240694213,0.007401566740360704,0.01913574158184602,0.016641912015391176,0.0006520594430966538,0.0001664564756113744,0.011950671490133171,0.011399237530342573,0.007679960792647546,0.006971180870524854,0.008261801937562535,0.007503113701337846,0.010052579502303921,0.00921025523423628,0.007559635726695699,0.006322545904939733,0.00996972997854673,0.009439653376767984,0.00921477286736395,0.008467260355782543,0.010761904402140454,0.010168037115180712,0.012715094689019973,0.012145856412944443
390,0.054310275309230126,0.05208578140292297,0.029702345895539224,0.025317692298640136,0.015696515682491162,0.011475212924581141,0.019553003086071517,0.015110366068888308,0.03135429938696386,0.027111304408606506,0.029551673170992904,0.028644064833654486,0.016100286713847896,0.014337648559042335,0.007374346369120913,0.005553201668237981,0.01000038805952434,0.0080300155847973,0.018903140874404978,0.01704663876919699,-0.0007864198508890279,-0.001090857539413375,0.012171342875021526,0.011893637268732616,0.007023083694551376,0.006387491717297725,0.007285078917928181,0.00657732860370241,0.00421555096897194,0.0034597975657946083,0.0056797863542083875,0.004150250030706295,0.00978300646729329,0.009144423716900945,0.00886126123800476,0.007480395695250291,0.010959323661146998,0.009756210786803686,0.006990318042105074,0.005852839517537461
391,0.057519343716182,0.0550147121087695,0.02504845836715059,0.01929414006848854,0.006496565653896153,0.0015911251972015254,0.012768208013375585,0.007830047484581779,0.02846237925812148,0.023376546662031355,0.030025539723231763,0.02875039276254653,0.01642242969500161,0.013718330452363972,0.005563062114811745,0.0031993998565794227,0.009489091157112706,0.007051750565792912,0.018781390175198722,0.01633312605589707,0.0007866027105781737,0.0009667293396381753,0.006569684839054196,0.00695427861401321,0.003680038460278474,0.004163292269666925,0.004177881640673692,0.004752368163538838,0.0023163678364309633,0.0030558961363988096,0.003290559709171715,0.0035616518876615245,0.01207725333453786,0.012213311118061806,0.007227159337067286,0.007847527785691002,0.009503373280492217,0.010183952149719932,0.01095410017107681,0.011516188860666316
392,0.06219462993660718,0.05906469814122661,0.024400775230800927,0.01785690090098046,0.006261785365819572,0.0005746620844275372,0.011705724561170189,0.006015099542253851,0.02745020245070747,0.021598768100748143,0.03618752458318835,0.03499687296610132,0.011199938382919775,0.008852984877317603,2.629834358742055e-05,-0.0020986710746175924,0.0033920764780506125,0.0012035385042553446,0.012675869985256527,0.010499703812675966,0.002301653139332975,0.001796775726838521,0.012568775595614343,0.011824354781161223,0.008518405127506418,0.007409158698779328,0.009635380040497302,0.008422588737229906,0.008459873344863257,0.007249564741985152,0.0057948360723938785,0.0038899871318519783,0.011733929635750326,0.010962371001001142,0.010432240931144292,0.009140433119682944,0.007678484000852148,0.00613111009715205,0.007820974789652713,0.006532584425534385
393,0.04318056235931123,0.0417728392251012,0.01622930618957167,0.012875382788693397,0.003727872189206138,0.0008210402982340541,0.00565186065174052,0.0025574526063062908,0.018160390301988648,0.015172258826189344,0.018010736724099783,0.017406227490041722,0.006865431772150095,0.005388537317484446,-0.0005363634612294418,-0.0017768015952805756,0.000640966626581158,-0.0007202002616973457,0.008572853426208765,0.007296648719965359,-0.005173536634239321,-0.005040859075662185,0.010404076501705656,0.010749928765552322,0.007281157836514296,0.007734028307776165,0.0074330536622697185,0.007988639150069381,0.00805538405316446,0.008609778239145502,0.0031350612741726765,0.0036421222702221834,0.007403977323832245,0.007596515206525966,0.00931681914377038,0.010015616340847697,0.00849108901652559,0.009158434148293535,0.009284146314619435,0.009793885987382784
394,0.06489139311673457,0.06132686459409622,0.032119448137024026,0.02559472431620377,0.018824378217058603,0.012905785738261524,0.023701542491434118,0.01773826925228223,0.03519845660994734,0.029465281137627225,0.03861411879557986,0.03653393858924474,0.019921106523398666,0.01617901397689411,0.010377192836450637,0.006850188812382818,0.013408525223712359,0.00981126940138581,0.020820762767800906,0.017426093281665295,-0.0034231432749740978,-0.0036412208207004305,0.00782234734109577,0.00767545753963193,0.004697119718451843,0.004420685306528845,0.005890054148039503,0.005650056656666631,0.006573278686656481,0.0064410846239769766,0.001750999847180123,0.0006780723178952926,0.009393132881883589,0.008962170420268142,0.00803703336016373,0.007277192395632831,0.008061909646280844,0.007171504667196557,0.008323962523794332,0.007574301258043435
395,0.046726105097383744,0.0444687892903658,0.016557736614816382,0.011785158359218128,0.0048423136326394105,0.000614694915846146,0.007320191398438676,0.00287286592009571,0.0208659581788554,0.016507121560610967,0.02794430765702579,0.02676241992910176,0.008764288377167202,0.006170727394418675,0.0015304199238964152,-0.0008492356118848506,0.0031211634105283124,0.0005476517845613563,0.011701014011908262,0.009245395442578935,-0.008790142641667699,-0.009348180021232066,0.012012574762567493,0.011391903250608801,0.002757246269846501,0.0016599787169379247,0.0036550715325943187,0.0024172738531920215,0.002504307947072524,0.0012209610332444484,0.00045258431860636966,-0.0005764544930489362,0.008238860139854122,0.007923106728551786,0.005970138404826276,0.005381448892518794,0.006750501027051247,0.006286247760030793,0.006198185927288042,0.0057283858592316874
396,0.049110487139275356,0.046706556393167134,0.019973713492994583,0.014566147864722444,0.007781413617071057,0.0032161063252880936,0.009252023109551515,0.004590887843327468,0.024023794596770526,0.019379218984922533,0.024944846705193587,0.023660520967463787,0.00964174305121323,0.006754662625384633,0.0010191769494871362,-0.0015301111707203452,0.002172604872703103,-0.00039556065414315673,0.012125602994714334,0.009603091823994814,-0.0060941563103188694,-0.006283197502412454,0.006742088750203592,0.0064955007025084225,0.0027626131502879276,0.0023369918583628396,0.0007151827012091875,0.0002182216366370748,-0.00018715860591805603,-0.0008137628775537666,0.003190789547524859,0.0013014095236573054,0.010396182099238645,0.009570844450781182,0.006396822045035862,0.0047576983510190405,0.006022571576781433,0.004191584543535615,0.008219983026701936,0.0067921717087463945
397,0.04512930074223055,0.044017978237328725,0.018344617416358726,0.015380128240345676,0.009384495253681954,0.0066983989491656735,0.010754580264303221,0.008012947368026158,0.022488458783367107,0.019879481076626935,0.023563464162554417,0.02345950714089634,0.01055394627819725,0.010205024587447445,0.00421821054929517,0.003772206989268287,0.005215970577425756,0.0046750434848545205,0.012433057219389627,0.012168602241992468,-0.00010878257298410389,-0.00025333348355347873,0.015630482540501485,0.015380178319475735,0.009641276854402126,0.009317148326965174,0.009378019391990181,0.008975151936299993,0.010287199356733896,0.009887649184923774,-0.0005976336415846927,-0.002273816545122267,0.017376745139651657,0.016911186201071692,0.01545718338914783,0.014790287821821546,0.013419831014115518,0.012696429413985402,0.014773869574025811,0.014151552086745595
398,0.051192674485737374,0.04751640907510617,0.023009001480901924,0.016391288482928795,0.009070271676604685,0.0033134950101003134,0.013158467130385394,0.0071715589899628215,0.02973921472971936,0.024071472140102385,0.024232540032159102,0.021800070146402537,0.012431105939115223,0.008186599144322996,0.003643036112086525,-6.586720858092013e-05,0.0055134015260524145,0.001627465326948618,0.016884677423018794,0.013252129378012224,-0.0051264810428642655,-0.00624040713601661,0.008393404673829128,0.007328886515610286,0.003363083312093665,0.0015361638135103941,0.005879762024847241,0.003908817280413984,0.004208351562275564,0.0020576444709339203,0.003320813053685638,-0.0006703436662675456,0.009001929126365545,0.007597273808450528,0.010646239663995973,0.007758186642465711,0.01063747134586701,0.007586704479044788,0.009355492655562857,0.006825303218507208
399,0.048399363486936145,0.04698922827580996,0.02298386274257766,0.019765014956686262,0.012311318792972054,0.009459372222681613,0.015595562243709138,0.012711115361640043,0.03032748669909685,0.02776731590264413,0.028189948183070513,0.026977106000848922,0.015460345104915674,0.013021007363750763,0.007493456925855892,0.005162867369589916,0.00962222211596785,0.007259946025195291,0.01912006351896229,0.01689532673011961,-0.0016456594099877504,-0.0018804664360812882,0.009829787432291816,0.009601606742703894,0.005875064271048505,0.005573469504474488,0.0072374777455115865,0.0069123529058768285,0.006239121567730237,0.005887356468013179,0.0026440575664513567,0.0020098049363714418,0.009715452942003988,0.0095732123576452,0.009092004519832714,0.009069611449176503,0.011905335675990723,0.01198716531343453,0.011597423783716617,0.011556517838076753
400,0.06286010497205388,0.06051267533420086,0.02066816192505597,0.015067496001978741,0.0068463533336487635,0.0018716289599184789,0.010358353620905161,0.0052860216227327535,0.027736702513394572,0.022951541276793566,0.03498629202035229,0.03290679771787905,0.01514572669031713,0.010505840709893978,0.005881050558670687,0.001790579925068062,0.008242158855418956,0.004133498939145252,0.018900060108529154,0.014923039075419614,-0.005368423720162367,-0.006132388415648935,0.013393424367248793,0.012445690646999854,0.004621703856297183,0.0028714553498944487,0.004263349935429989,0.0023158771625185026,0.006717271565411076,0.004774257346702292,0.005532246092845754,0.0027177228516076816,0.012374714238066697,0.011366547437309544,0.007761540220090915,0.005467756110243267,0.007821704642106594,0.005671536004824651,0.012523103609514408,0.010709833906610292
401,0.045431445137284275,0.04406876628081223,0.01681342927680965,0.01351883744563663,0.002302882873626624,-0.0007430798009877755,0.005277455300126234,0.0021344011717953125,0.01920780053325994,0.016207502500242492,0.02437278501527246,0.023627228555437845,0.009536645586567092,0.007684605105892672,0.00019194346179670176,-0.0016219348470136855,0.001645550350830062,-0.00020018246245626282,0.010002996386212038,0.00826597354404672,-0.006790861707526265,-0.006823131364044044,0.001628726043965119,0.0016962236723386023,-0.003821077085159626,-0.004004315460184609,-0.00391343143918241,-0.004085376208851953,-0.004576294740426588,-0.004663267165407992,0.003515929753556081,0.004507367391401426,0.0036189405085365737,0.003798508006009762,0.0013205133378722284,0.0018288605154116084,0.001405913851874991,0.0019840043815853347,0.0024000100805638878,0.0028598830437440714
402,0.055351884031096275,0.052648440112749606,0.028096369455260544,0.022606840148029845,0.013828377320595725,0.009047560686942561,0.01629978434281896,0.011354841549357777,0.03260916883846372,0.027883880351111112,0.03293910976102455,0.03127957967552179,0.016569569191050827,0.013292216246482672,0.007277965436622344,0.0044177861610807485,0.00879899998930955,0.005783688972153686,0.019202538762213197,0.016193605149520063,-0.003371710429318954,-0.0033743001803331505,0.0019189827034804263,0.0019982388147374098,0.0026560725428301387,0.002735650740995325,0.0018030987762107952,0.0019282717328128764,0.004132096296125789,0.004467928629777325,0.004846045719454446,0.004942603711447003,0.006960851920331074,0.006938800148663576,0.009765633896363651,0.010136971847871096,0.0062389484631836,0.006540308708519231,0.00708855831219952,0.007226107377741131
403,0.06056215099382396,0.05886296665130195,0.02324257365759439,0.019280942749897844,0.009690130611495446,0.006273046495977773,0.015013307658576266,0.011486342235037608,0.028329548962730718,0.024950171551104527,0.030191112513416617,0.029519174150154658,0.012997094464064851,0.011620226393814234,0.0041897617393729545,0.0027792160208990327,0.0075345933800129595,0.006071890160341475,0.016458046482444658,0.015214632540962775,-0.003776143961255589,-0.0039619015540174685,0.016042366594003626,0.01585150007154138,0.0056504304814364355,0.005178243272938712,0.006303359981449178,0.005836645613131172,0.005965528949474785,0.005536477480188121,0.0017458622764740714,0.0013346709386234921,0.012469921896793395,0.012332952090029081,0.007013421158403496,0.006890988950528494,0.011305526565680476,0.011207119364942642,0.010385806883091046,0.010261955378054875
404,0.06235019295634172,0.05968115209360059,0.024433218288925317,0.01896992966173955,0.008946591729503631,0.004579021942231943,0.01373630767150496,0.009174946835070441,0.032314402408256435,0.027728534144737405,0.039206167317161304,0.03749469236545341,0.016862386035448904,0.013223954576164886,0.006581084443174535,0.003756994216156856,0.009629995982897011,0.006661436498056714,0.021637034004565507,0.01862939474465057,0.001279796380448181,0.0010339186477669254,0.015128438393804903,0.014959317063347502,0.00765981750525614,0.007303597648486908,0.007251772306208265,0.006837160091028073,0.006065554336391515,0.005656910040990764,0.008960197218479304,0.0071262821440641,0.01139359545744253,0.010661907527450352,0.008919244546594953,0.007283020335137412,0.013301362261575102,0.011915007671944167,0.013360364295260056,0.012258583519634873
405,0.07298264570947574,0.07056150471113512,0.03452539164034602,0.028837903821913924,0.01882008732594268,0.013941280952323781,0.02382122950556296,0.018893804603383326,0.04023922366763836,0.035383525702766656,0.0436304439918045,0.04243494735507601,0.019836858535391865,0.01733822659522894,0.01022115414022853,0.00799633639139451,0.013127482395783823,0.010808370738383038,0.023187005567415722,0.020941818898150902,0.0020046194254810684,0.001927176200434897,0.010102936013230205,0.009948714896978945,0.002486451347942005,0.0021431371169800873,0.004437187904194302,0.004101125795537061,0.004750127559061032,0.004386894987765397,0.008083739494148309,0.007458755437825947,0.007753882619512098,0.007421784388698488,0.006551415615777637,0.0060141110548590495,0.007618394056573432,0.006965388773991492,0.010359116799304348,0.00986710193235908
406,0.0488814150245195,0.04624504955596953,0.022284074813459703,0.016797267762991237,0.004598575926951264,0.00012320378811590875,0.007833959278663639,0.0032721820521638438,0.024013669473439306,0.019174863042337776,0.02430896169665305,0.023519056828306635,0.010755779570444187,0.00922877856299866,-0.0010150506234147647,-0.0024213995422933056,0.0010698713857809716,-0.00045319140987353494,0.01245642855504002,0.011019665298733343,-0.013466164595529472,-0.013619075479603952,-0.00016263287195231703,-0.000267713173420607,-0.005513812556029887,-0.005762902568415226,-0.004666350582769573,-0.004972612079546386,-0.003522700739343229,-0.003842212640159716,0.0028512075543218256,0.002945085506679335,0.010733947154424966,0.010745937762017418,0.006135780731298229,0.006385753281087633,0.003141154759343779,0.003118430118617621,0.008657367648298574,0.008882879532829884
407,0.04545315630294083,0.04213300194530315,0.022008138407706095,0.01603626797826909,0.01161303704947387,0.00653633007532477,0.012188525766845256,0.006986165014286082,0.02684382889817294,0.021635201919023607,0.024985192613836173,0.023305734916591173,0.01257954252192697,0.010023734796441544,0.005753776670186349,0.0034814987472351817,0.006866335055832678,0.004459326115345161,0.01568655192466262,0.013341670090036839,-0.002508369930270368,-0.002953919172834263,0.003105283339721675,0.0027612631619028894,-0.0008788869945038256,-0.0017059922822976448,0.000779272794789426,-4.863456925484606e-05,0.004328151235170018,0.0036246704193117992,0.008825252462296068,0.007124022946058223,0.0076846349735450415,0.006956437908595731,0.008493816901162476,0.006855335043581727,0.005557253107021417,0.004014762990971523,0.010096213677059852,0.008871348968863605
408,0.04629031763822472,0.044389865987981565,0.017626568205466084,0.013802273413073413,0.005481114864441776,0.002058110683521542,0.008645361414579089,0.005121748335358706,0.021274717041273573,0.017676611766511544,0.023904887279500298,0.02266006019078634,0.009342902081496376,0.006738158115098189,0.003184656674842694,0.0009320731262945469,0.004112818985243116,0.0017926080920665911,0.01090082779790175,0.00843095848645171,-0.004505733875500345,-0.004938269639135025,0.010616086641888765,0.010056442220276223,0.006551940125952072,0.0054712881641348675,0.007679763005096592,0.0065343514541522955,0.0068251779860434725,0.005603740923803997,-0.0019466953580567791,-0.004024787785904619,0.013008575826187854,0.012456894331993023,0.012345946620362595,0.011086150003010737,0.010594241088473424,0.009512376816825114,0.010200510078390306,0.00934003881068039
409,0.04551337316315192,0.04295481746088281,0.016304587871857422,0.01114878286152018,0.004675709848841519,0.00010150600854319279,0.006976543748298767,0.0021946057324717253,0.019979266840919514,0.01539141827010867,0.024843875711376185,0.02390089625214854,0.007293489027199602,0.005400935405305561,-0.0004953385181022413,-0.0023330495098818358,0.0008638053572363859,-0.0010972224662812694,0.009022871392107355,0.007326497500574583,-0.006066444973743387,-0.006682914409335762,0.0037499028122410945,0.0030690636198442843,0.0033238383378755274,0.002287946849692576,0.0033145735392158594,0.0020608010808549366,0.002252846873167717,0.0010246239735417304,0.005324803944932061,0.0030312403397924673,0.0061965062356982275,0.0052839499482148855,0.00723301996232809,0.0053347064372887285,0.005559276791858326,0.0035501911204244563,0.0034764161913334694,0.0017852648608415137
410,0.039077190568800615,0.03699632529710471,0.013078070501076816,0.009079476679298232,0.005063307477514604,0.0016394951651306042,0.006770020000754875,0.003191492284821195,0.02033595442144282,0.01687093902966711,0.016570811716238042,0.015792954728649576,0.004980260135726929,0.0035695517932926935,-0.00028690070228530763,-0.001485965095718945,0.0006020725233295226,-0.0007413225884402144,0.008407434252288898,0.007100668248488368,0.0012437158758755607,0.0011466359723636356,0.008146868232022693,0.008087038318598803,0.00520907524519227,0.0050603343066706686,0.004715479083577488,0.004491307681185763,0.005293295933211801,0.005147388150489799,0.004855684411825227,0.004370039322329616,0.006124592715241714,0.005943952891634978,0.004992527994697865,0.004785729059818479,0.003036396560195516,0.002582455143790944,0.00540212025055154,0.005228525137532141
411,0.05658601192853574,0.053588340137175304,0.028446517516102044,0.022438073352104,0.012898215751902023,0.007739862142483458,0.016744757681681294,0.011500003435305762,0.031764880945991295,0.02649075682159615,0.03143356444707229,0.030059578212405364,0.014362819557679454,0.011518077102326144,0.005151116002874897,0.0026645847881626513,0.007690661989043448,0.005154449214745746,0.017125241677349173,0.014589457418446408,-0.00419525972815323,-0.004229439800812193,0.006527877787414389,0.006529517030416762,0.004364529583480568,0.004317569438528226,0.006214829661451087,0.0063017709324451636,0.006010977456997152,0.006141220829734771,0.0019044455819744136,0.0016741721685945153,0.006898501868490494,0.006742319901231236,0.0066398109998144356,0.006544500456995545,0.008792408680170538,0.00859131207668788,0.011240263033270697,0.011199607441484582
412,0.04388590925623128,0.04202210518784706,0.02249655836819204,0.01854005675995206,0.008514913929688507,0.00484573860806297,0.011359176683028119,0.007625319931038418,0.028352722543419594,0.025013394336977957,0.027499574476892618,0.026556049300091932,0.017735879492486197,0.015797872588055078,0.009557715518754239,0.007631348101411845,0.011528542291582282,0.009522395393872087,0.02189185195207418,0.020197620349325308,-6.498445449874975e-05,-0.0003614230504615547,0.012649540320513217,0.012219081189165319,0.007203146757271292,0.006429159186018542,0.007842689909637681,0.006998498166359358,0.009883932764193125,0.00908089797934995,0.004869386872554014,0.0047714577067997635,0.012955030785976054,0.012980729625369062,0.01190228198389264,0.012280673556083387,0.013138926056322294,0.013522949423414787,0.012978370217006971,0.01331736008677833
413,0.06889137344426773,0.06631670348858051,0.030456538433028126,0.025610542006845018,0.013241589317852099,0.008746024670381066,0.017032222615574,0.012402097262263382,0.03270836632228995,0.028302449352239044,0.039164946192680995,0.03885578491734415,0.014228423733576408,0.01340702888774043,0.0037428576917682655,0.002757450273835566,0.006891915568787224,0.005820401536861294,0.014246763563434295,0.013347210499839567,-0.005004698560689304,-0.004868307395364831,0.004729836898482561,0.004914216575895,-0.001601545641530574,-0.0013585511089757953,-0.0012881699535337958,-0.0009479021873351064,-0.00020020332098289947,0.00020771541572040878,0.0037079022970491577,0.004542825078551562,0.004642097290287,0.004936365222927846,0.0043101756568775735,0.005277304461847673,0.001870054291933042,0.0025589895722502353,0.004065767163669833,0.00458223584107314
414,0.05569835092807216,0.05274363196779357,0.018737898624937185,0.012210159287201709,0.005323313478413095,-0.00032275113618309933,0.009516521439669731,0.0036873155000105907,0.022766682682522722,0.017095269733955372,0.03001444402106842,0.02782004138395607,0.011105471855663709,0.006745377572687959,0.003269170165933015,-0.0005410709820997349,0.004980748626612495,0.0010175751454129707,0.0141202145131136,0.010106544210643125,-0.009425355242142233,-0.009940780116733872,0.008460688965042141,0.007935860228878443,0.003446468594988425,0.0026021236523995255,0.004793536093546628,0.00375985902587993,0.004593493326221411,0.0035246779663428,0.0010981923926297473,-0.0014469892744939396,0.00803774601639615,0.007254828069363878,0.009881063684401028,0.008117243288336486,0.009345841727748013,0.007637572916142907,0.010949712839755496,0.00949531515518349
415,0.05058490818543946,0.04720542898221865,0.022826615995646764,0.015930826984198204,0.011095829043653808,0.005399387620880731,0.01126969991415275,0.0053506121834650784,0.02516169235826447,0.019161206294427642,0.026489086764082913,0.02529462805991469,0.009783124399100805,0.007178529218600113,0.0026156353593440257,0.0004422973072267794,0.0028041046888480025,0.00037905030203120736,0.01119150531189377,0.008924066426927274,-0.0014721276071395864,-0.001915746370401681,0.005993724485809768,0.0053743668598757385,-0.00032750275220097655,-0.0015869311479065683,0.001715935535444068,0.00039094112309984305,0.0023151346296786833,0.0009670400959115297,0.006889875503215094,0.005748754688023909,0.009265405351314251,0.008875250590886095,0.005134429039272137,0.004076937783943812,0.0034830654984392938,0.0024935221539368483,0.007295261697963726,0.00660545468245185
416,0.04521791149749201,0.0427399548048298,0.01859673569811237,0.013477368824312653,0.010416915312430077,0.006154934430910243,0.01248770377378658,0.007938675770594966,0.021276188605106338,0.016665079281884192,0.025385294562879645,0.024864541121182054,0.008210155640364054,0.007034882051127109,0.003185682673106518,0.002088464013981068,0.004840976926442838,0.0035190489700402763,0.010748191402722823,0.009603207406718123,-0.01191449413857551,-0.01205306894106828,0.016028013315359562,0.016130825459338544,0.00467604514023016,0.00462977950126327,0.006382050250476254,0.006402379582089041,0.0026678377090454458,0.0025131297395344096,-0.004091359134393274,-0.004892278615402725,0.009867824601182549,0.009802283141636043,0.008535793268932487,0.00864727267204605,0.009575926139199298,0.009621559445925451,0.009552900460345487,0.009638145222442796
417,0.06480511095422076,0.06276606003295185,0.02578015188726094,0.021046322925361193,0.0035549297437204156,-0.0007626380255600272,0.009373715728295236,0.004985867561773883,0.026723655772161146,0.022540756086075153,0.0379243827159184,0.03716405798974183,0.015548983393515136,0.013739771542284776,0.0018511510741040355,0.0001443718673622924,0.005625300584308576,0.003830938228732864,0.015929466192409127,0.01431340502446804,-0.0026175967869779423,-0.002866946766667218,0.000296487517179881,-0.00015958184717681338,-0.002901304735262223,-0.0038435972774454666,0.00022888117521302278,-0.000617444997771802,-0.0014438901992373172,-0.0023362393288838567,0.002414304110563827,0.0015074736768124113,0.006395048001098183,0.00610575333622609,0.004911794570586266,0.004272942767809098,0.0033891403818508644,0.0027275353320319975,0.005729717122008328,0.005228904696411703
418,0.05176658356033883,0.0484394923245996,0.025917349662309082,0.018904350735313623,0.013268700960328639,0.007360867934343891,0.016075660539374963,0.010025527408164493,0.03210338955519403,0.026154895650614428,0.030944358465369186,0.029093349179439378,0.015808032116251956,0.011807554781605537,0.009324140429808178,0.005993213640697585,0.011147483264730817,0.007673272791804126,0.020200034499670706,0.0167922029453606,-0.0011179293701861959,-0.0017541059044087072,0.009627019267695781,0.008892202662704577,0.005587793097265449,0.004490347659074605,0.006313064080117758,0.005142820595089298,0.005068200503134817,0.0037275359807309102,0.003944531842517264,0.0013245083751947423,0.009215176410917991,0.008376614578291364,0.006241779636531971,0.004484051320856789,0.008003972350972251,0.0061982079992838925,0.00785388626798426,0.006370326833178013
419,0.0652071420604583,0.06402682113457381,0.023235217640920385,0.01989349264936354,0.008317473093529107,0.0053274807715292,0.013201191595579368,0.010127582331451734,0.02682012638586756,0.02381252139713879,0.03821859602232816,0.038161417590631096,0.00927296338764153,0.008426277581764497,0.0007911765478202055,3.4162993353519425e-05,0.004396118927597965,0.0035764243144691525,0.011502887277384207,0.010774921468178461,-0.010734246848713613,-0.010880047651253132,0.008798604572582785,0.0087154522552835,-0.0007589352708140133,-0.0010565245958992758,-0.001351604158777169,-0.0017427628350807276,0.0016047930929574115,0.001288560016092984,-0.0009639321801801562,-0.00023827141334419158,0.012449393499070097,0.012692437873094672,0.006162316991356613,0.006750033478916539,0.005554208459274432,0.006137710657621409,0.007948526006211458,0.00844723163913633
420,0.04227371231549816,0.039341807495419864,0.019245451882796128,0.01363374559828206,0.009060724864660256,0.004354489807916188,0.010945401436582219,0.0061198690013860215,0.024030765251065477,0.019050992091243463,0.013393369753770062,0.011909458096948673,0.010096361480040582,0.007498368762296095,0.00277642518978174,0.00043869238229527293,0.0034452513224304247,0.0009771952026734546,0.011231681523191145,0.00868684256285671,-0.00419356150537126,-0.0044571383377026725,0.006157021070351055,0.005894482403389344,0.005116991715809219,0.004648986973013336,0.005344801222379946,0.004885581401715529,0.004780228778755433,0.004366666572865888,0.0023364147474070106,0.0012965724246655388,0.011270355263869705,0.010845637835209223,0.010641354505137023,0.009934047736234717,0.010324682252059047,0.009580306683223383,0.013375689030765442,0.01281293097435839
421,0.06244825320256124,0.06009040091086445,0.03160556593709516,0.02630591001294198,0.018915345706517175,0.014252369339661031,0.021639600182528487,0.016902846751097246,0.03639984324181731,0.03177319909639516,0.03431496046153556,0.03298273150744242,0.017078703975581224,0.014278045669554634,0.008689439372714816,0.006039082973755253,0.010591068780315738,0.007873800971765847,0.019266477910639526,0.016585081966034497,-0.007138826539378203,-0.007355157413035164,0.009119425293584308,0.008956663732295976,-0.0008249694303710342,-0.001393169507378,0.001640406608337764,0.0010933866911452825,0.001846006207705245,0.0012949721675516823,0.0003298967316292986,-0.0011599138775558852,0.010177104536342529,0.009689311795798017,0.002481766929987319,0.0010842787994777834,0.006481358689760558,0.0054548960149711145,0.004948419315933955,0.003938953073074106
422,0.040631716031253026,0.03968773752895091,0.013042854775709966,0.010483596626123002,0.00037953499422712386,-0.0018111087518936804,0.00211648632389521,-0.00029403318676588647,0.016880250636598985,0.014759325082838911,0.02068568896709474,0.02029809610366163,0.011029087135967622,0.010152269585964921,0.0018896588448060747,0.0010633929563540771,0.00287993879049406,0.0018344993538220058,0.011763201819541972,0.010886114729471782,0.0016740337925813104,0.0015788336686603857,0.006661860996606553,0.0065639239956415355,0.007561534160266855,0.0073803967979772945,0.00664676336275426,0.006445942121080685,0.004848624509713505,0.004651495204115202,0.0063862482919650534,0.005886340686743015,0.009136748357409843,0.008856117374566711,0.011662592527428782,0.011249681238253342,0.011295254722750144,0.010900545818808238,0.014788129310649326,0.014510525692975113
423,0.048920053782390255,0.045875228680925265,0.017674540794321035,0.01170158555689745,0.003916135633073968,-0.0014119743933477757,0.006992747214523594,0.0016301229816620996,0.019374019069083866,0.014028137893182866,0.02883062694428119,0.028056752334287997,0.010093066722351555,0.008496764100255138,0.0015764437895048275,-0.00015595741423882095,0.004082640321727509,0.0023317548155088247,0.011926725487871416,0.010343006698579413,-0.011521250429781731,-0.011707598041885873,0.008973578391129566,0.008981403554934328,0.0010233251035890619,0.0008520591023792788,-0.00031905131319532963,-0.0005480264719745175,-0.000617665631797093,-0.0008497505854411049,0.0006030727676648747,1.9621517292055288e-05,0.005102362048138549,0.004939873903940737,0.003868046916226929,0.00347155901245621,0.00404930384081927,0.003941088922842157,0.003894108707257097,0.003534877072056016
424,0.06356256879508801,0.06218217590993412,0.024025122852773077,0.02064564808919559,0.00886372971644948,0.0059073531598108926,0.013215195028547472,0.010147329873759478,0.03032490679708681,0.027554812107054294,0.037004153230986575,0.03679734799182002,0.009970728304504411,0.009317807729740163,0.001596628850430396,0.0010393559643250034,0.004740142676587572,0.004082753637111932,0.013081836005403705,0.012644188609049478,-0.003018241440981582,-0.0032355013719230843,0.008118239755122051,0.007884093344673552,0.0026000731780102767,0.0021164594844104573,0.0025050036930640627,0.00196964231512711,0.0009990552869275546,0.00048187942720738866,0.005417000719671069,0.004829913319455194,0.00923086343442144,0.00896773662898363,0.0043694527142607905,0.003604413313348127,0.0047248068841810155,0.004125571601642382,0.005157175826672066,0.004586060987112091
425,0.05780164120642574,0.054768737325102346,0.023586383537656446,0.01729481544189111,0.0118544865514936,0.0064472173492284065,0.016513011279494345,0.01093491996819784,0.027891587836449162,0.022199069103627136,0.029370965824668572,0.027236460551390906,0.012957632226229615,0.00846863840240677,0.003594580131865285,-0.0003202871246047169,0.0063451652112349625,0.0022689744475483144,0.014151829145327458,0.009979408973405964,-0.008168133720523474,-0.008469693950180109,0.012930300372999127,0.012852771233963977,0.0028896664492563404,0.0025238676524460615,0.003801534460793199,0.003452937739555964,0.004274077958467739,0.003851585415023526,-0.00019522260124455967,-0.0008521571867661087,0.010833948998946144,0.010828214009008503,0.0041621040065492184,0.004049924185759549,0.006178499251571717,0.006064270948838314,0.0060916570824617825,0.006087941317973112
426,0.05548370967285439,0.05394671482837356,0.023134110511538034,0.01986731700288327,0.003906176664985327,0.0007858856037012346,0.008225310679167824,0.004993037039002799,0.02187319226266869,0.01874117442772607,0.034154937249752854,0.033658228894712226,0.012072132813868073,0.011035183243795786,-0.0010648660860717067,-0.0022480124606048947,0.0025419699313475046,0.0012813428947169535,0.01096753804971103,0.009833517906643384,-0.00452606913165522,-0.004702850060137182,0.005320377961802217,0.0051431612884032885,2.1888078811064518e-05,-0.00035096076798930376,0.000924753644870151,0.00047675739300308663,0.002547541508385569,0.0021241785503461827,0.004586921453268771,0.0046152191619235694,0.00913300064981812,0.009054743434242122,0.006784976583733879,0.0066657280311939295,0.005229892253937158,0.0050760340297467945,0.007760804499937829,0.007693722374867649
427,0.055370181714110144,0.05313209848647614,0.014025900471512514,0.0093732080593463,0.002311279432792209,-0.001732568571617795,0.005559617521216781,0.0014114206573640343,0.019931954748196583,0.0159375432417622,0.0322123811884784,0.031415796766579615,0.00880666339908461,0.007027744601233302,0.0009129376128463983,-0.0007975956512198404,0.0031732532479682276,0.001372841417377576,0.012088483366085364,0.010401849289044206,-0.0010892019709285116,-0.0013215701227629593,0.011488553734731377,0.011314781380443131,0.007837713140350148,0.007534628348821787,0.008186115895589558,0.007851250001040425,0.006611159252203061,0.006318633091021261,0.0006531247699413889,-0.0002532743471565824,0.009176023197569627,0.008943261732117899,0.00835720093687341,0.007898646125952945,0.006827795594490807,0.0063617097728504,0.008637945940489888,0.00820876201063173
428,0.05176424358182994,0.04956010436734961,0.021177091569597677,0.01657162579632451,0.005903513895144632,0.0020721154613228764,0.009895280555742616,0.005969678349685217,0.022731118049477896,0.018639138114761745,0.025947338128592234,0.024764735436455125,0.009600811688436815,0.007121938486638781,0.0016530691400335452,-0.0003066153032876338,0.0032383264266248003,0.0011087120842986158,0.011055494938964783,0.008859732865383843,-0.001401030026226133,-0.0016923021295378294,0.006570422894025939,0.0061961187587015595,0.00018530472640722922,-0.0005318843738831805,0.001807424638173994,0.0010534096595166713,-0.00017891221676564486,-0.00109988777191503,0.004800655787007319,0.0036056869461179907,0.005098413152321143,0.004573498345844905,0.004731674968344563,0.0036018591625293465,0.0055341290603705875,0.0045961760461316,0.00401129199580025,0.003089005861023506
429,0.05696001595236004,0.05331765493124677,0.029251449031927813,0.02196573262142185,0.012386566255581188,0.005722063453612555,0.01611874717491226,0.009395256757807951,0.03371492172464668,0.027318907003623216,0.0345747187323073,0.03259482471120815,0.01690552195362561,0.012931264425047264,0.005918509828499733,0.0022744903421317926,0.008334456705839923,0.004606635960456619,0.01942556628305569,0.01595340888464484,-0.00906570722363164,-0.009456169056875656,0.006569823419166636,0.006246768409591456,-0.0016531719400669207,-0.002295600145558847,-0.000825528788937889,-0.0015613878898156522,-0.002132689325203161,-0.003241158039843412,0.009250267261754003,0.009442583152843392,0.00744435720942328,0.007366539562398779,0.0023535025693078816,0.002173748381302545,0.00485316642681449,0.0045236535858951205,0.004042617340374513,0.003684044388625356
430,0.0501109479655555,0.04778856570298372,0.018588741435114645,0.01324243395948691,0.003762076071169638,-0.0009032752762715507,0.007895256611504342,0.0031585362017611633,0.021152950112127783,0.016341180428929396,0.02579122156973407,0.0250877919546811,0.00879444451021186,0.007186229660598552,-0.0008191506811451622,-0.0023834022682943483,0.0011517423709979974,-0.0005105834039268416,0.008280856032662653,0.006732382142287033,-0.011318824214642613,-0.011289573012302111,0.0014916154589146265,0.0016993458893820204,-0.005697796142553908,-0.005572700900797884,-0.004831490500550988,-0.004639651938681912,-0.002815856820314859,-0.0026235995215528446,0.0017610790897333883,0.0017359095234185384,0.002948679239200706,0.002996382445827042,0.0016895168679952016,0.0019160531487907209,0.004326861017476728,0.004419070877055259,0.006132064256153689,0.006348719173274996
431,0.044204486947920944,0.04202859275414799,0.02171653417307159,0.017267655581158475,0.006845589050274964,0.003087990170889027,0.009123434674318687,0.00519517617443222,0.025275937334889993,0.021653720292440965,0.023339971397350223,0.022686782913238283,0.01024916274078502,0.00893857190078582,0.0015036586693351933,0.0003137869063163299,0.0028088115877688427,0.0015219475240222718,0.01323496019236874,0.012180865153110544,-0.004297360095215119,-0.004200713823326038,0.004845846749307135,0.005111619443462073,-0.0001960509352113989,0.00011461161964388998,-0.0003291370841008701,5.110424813225207e-05,-0.0002675988651187879,0.00021754894081273666,0.003473953583543002,0.004250976050413097,0.0128924906496177,0.013141088534928524,0.008377878068075696,0.009181071575337344,0.006774315961466335,0.007616025588762371,0.0061518271756381086,0.006593304940379694
432,0.05100693759781538,0.04832543191750253,0.027344978592421555,0.022209660106172865,0.012187469377790732,0.0075663956351363585,0.014683266225218922,0.009816956612267386,0.031613866780680636,0.027045625164537068,0.02333335507843409,0.022098874364665143,0.016838521250254392,0.015003351112866752,0.008413922785852094,0.006700760508806057,0.009216102170347056,0.007257036047194866,0.019922647538755205,0.018210769817661884,-0.006427252984701731,-0.006708911380056559,0.009251940381526148,0.008972409470158784,0.00676546279576216,0.006207024450142773,0.0060499810955965405,0.005507615323955305,0.0029136157427356248,0.0023871853839853813,0.006600158381889272,0.0064824441498700066,0.010186687077349692,0.010131249868536706,0.009458056825925511,0.00950556560546192,0.00919302025860984,0.009326991097084252,0.007417333503195217,0.0073657921757528996
433,0.05141915138752776,0.047128625493933166,0.0317992640452686,0.02340285583100395,0.011397548091459006,0.003894229661482612,0.01470994851588904,0.007163134156796813,0.033108092148344835,0.025491766369103906,0.028970747152801197,0.027380255189758184,0.016418667436916678,0.01325847978568396,0.004208185124222266,0.001306253900869164,0.0062116046500754075,0.003201633540932314,0.01631827470874981,0.013289250093362914,-0.004174351929072015,-0.00426821650719191,0.004720323765302735,0.004721153875465515,-0.0014436426729756324,-0.0015533892721856229,0.00039197925637243764,0.0003068211316694392,-0.0005628117554516787,-0.0006356754349490357,0.0038544421786619347,0.0035894212085279395,0.003712816999566155,0.0035727593070396676,0.0011316396683657007,0.0006932191726303376,0.003702173462003088,0.003340569800983206,0.0037396817897501094,0.0034935167377944712
434,0.04740247320085007,0.04431238170037264,0.016232131193816324,0.009923624105308598,0.008110570112982218,0.002855778974086007,0.011482054778856415,0.00619102184057099,0.024506060294062968,0.019381252905284654,0.02519880222628349,0.02377197607833384,0.006452466583094803,0.003624833641441285,0.0009834499803453764,-0.0016057111475221157,0.0032790830775120115,0.0007443935811694053,0.012646669955891903,0.01035970873523286,-0.00262255337324884,-0.0026303540035804733,0.010203904346840527,0.010221759075015536,0.006245606005513236,0.0063942253161075645,0.005433632317595036,0.005631442101420357,0.004111277801927176,0.004369483839070953,-2.0857277923849337e-05,-0.00011594968442072303,0.00890880958677737,0.008988596599571016,0.006547758446992508,0.0069028853052835555,0.00865763093198175,0.009043893261095327,0.006862446470510071,0.007124602560668256
435,0.055244240784820285,0.052097568343432654,0.02372821077415438,0.017573261471553976,0.010058000877470679,0.004510669589858009,0.014064400447993192,0.008532628554429987,0.024695764594219516,0.019302122600555884,0.028198476857430505,0.026406363239607284,0.013657838166665784,0.010360353739108553,0.005204384317280584,0.002181042769596007,0.00779809165342483,0.004783479074013139,0.012854634075873986,0.009804244974440369,-0.0025766430743798985,-0.00238581269665856,0.00801440500951973,0.008427763424183263,-0.001526358458658239,-0.0011635882970205606,0.00037142071114206805,0.0008867698937995867,0.0009379935412591959,0.0015221300304349842,0.0026316099446128324,0.003178886441827318,0.008022770060690401,0.008010027230733748,0.0024644042509158063,0.0024169394856361367,0.00739402421104148,0.0076976139349216625,0.009028625671529936,0.009168392880448017
436,0.06582597890950716,0.062041155995118724,0.030497636956406178,0.02286945225883171,0.012290577496504237,0.005233406415871866,0.01666579742878089,0.009464153534236266,0.034227419709210664,0.027437616795554898,0.04376562448519834,0.041697841374197735,0.020116282279316968,0.015769519177705773,0.008478093467951194,0.004384127507701225,0.011605314892859039,0.007393818371402608,0.02317237269619124,0.019200395887654115,0.0003074634419379001,-0.00017489641620630267,0.014753412376824432,0.014298184054887326,0.009871358562641014,0.009162563014064708,0.009123551619857896,0.008299507151681118,0.009508120804882739,0.008785665477644644,0.0006895377139739169,5.576250765158107e-06,0.012740377010591766,0.012569150154611328,0.009866800549601394,0.009946616246409275,0.008106294835820456,0.007939086256450742,0.009287278626259722,0.0090666035379641
437,0.05826435221890669,0.05523270329179878,0.02465223911825516,0.018551803155516147,0.013016760507665565,0.007955738939092977,0.016155165442546752,0.01094156747318892,0.03002162760825309,0.02473628121556173,0.02722265150208175,0.025525957686156443,0.010930708576756928,0.007634530815296338,0.0035424726844256816,0.0008154488649447751,0.004954568052098844,0.0020962834583995757,0.01450941799339803,0.011659691271594039,0.00010920185224101257,0.00014408366915800685,0.0027427646001220276,0.0028640213539184675,-0.00042157092521892694,-0.0003207130719175535,-0.0003102717868189137,-0.00015669783513490315,0.0011723383927632496,0.001434451565142541,0.004116280824724072,0.00381456982679551,0.007324097553481032,0.007179113193585172,0.0032114730479300795,0.0027583035460746162,0.0029714136771523962,0.0026507293494747704,0.005213275124808838,0.005011816450178195
438,0.05580151727996731,0.05391226014565405,0.019550375796458595,0.015790032105816188,0.00904981723709523,0.005705280157996455,0.0118571537756225,0.008332301184351404,0.02666073823227107,0.023485881850211453,0.028421153416559874,0.027289624351506697,0.010486381958730489,0.008185536751541581,0.004869746813444899,0.002970169356591954,0.006411624326017785,0.004404288345464193,0.014154863122341224,0.012290569577864539,-0.005970118874787175,-0.006091382441633455,0.005123996950401526,0.005142193319504345,0.0020135721413470364,0.0019429712664510723,0.0017271370232534854,0.0015197522094463137,0.0015900441054142022,0.0015501961270832003,0.006094311096262121,0.006235563613887838,0.010140893493410344,0.010121994736961404,0.0045133494934849454,0.004408495937319555,0.0039753821568515955,0.0038199394564642176,0.008438819900341293,0.008493822113034202
439,0.04083435100743364,0.03852036551565426,0.015334030642825602,0.010590572460225014,0.008060889081669468,0.004131220607988996,0.009230036757517556,0.00512223372520239,0.020070817861713258,0.01597218443973884,0.023048947880817915,0.022355906901286585,0.009697297049636101,0.008139989776514112,0.006002705022437356,0.00457947047523322,0.00691686763745779,0.005356745142157331,0.012343815282691548,0.010846022909822423,-0.0027309453511683555,-0.0026938408147772924,0.011407398053878226,0.011653591768352903,0.0058757643933019955,0.006160583694386358,0.006094382226779708,0.0064722341878607325,0.007714816614437519,0.008157036184456106,-0.0008764825910873069,-0.0001248695829937551,0.015795083367335337,0.01624426568229674,0.010034411162631537,0.011256143928093482,0.008045931347735485,0.009125497320133479,0.012211184558218796,0.013143860835985424
440,0.05015985956626472,0.04878397354365986,0.02404819077227023,0.021208120342131164,0.01034418500988373,0.007675031905638919,0.013949185131029334,0.01124919129677575,0.02648787297545948,0.02393681295998864,0.030094855829246654,0.02949918287561018,0.014051100693319154,0.012810961981412943,0.0052938321096531165,0.004018813838576973,0.007388998314485222,0.006051446508479236,0.015526817020007582,0.0143125017220772,-0.0035391976356320834,-0.003669230604437848,0.010894734537435526,0.010881644960235349,0.004986489835656151,0.004846021337735316,0.005341150114614295,0.005272643450318437,0.0027607945145719055,0.0026707011082790603,0.00428376680916693,0.0032146567967733957,0.010836065844221318,0.010452408550922391,0.006601516795896561,0.005863603639562905,0.010384541752760995,0.009875070077765443,0.008270946058303332,0.007755344895895898
441,0.05193982604871088,0.05036810587269429,0.022768718171007608,0.018662499483687825,0.00925497632910785,0.005680987464111662,0.01110016736962575,0.007378058245948771,0.026982758874235298,0.023473612750951268,0.030417757411118945,0.02955758090561806,0.01250493315163218,0.010265665456395196,0.004100666765644937,0.0022530943890925375,0.006199420906219949,0.0042533708275096175,0.01497449540303196,0.013045320993692525,-0.004243474010026254,-0.004337887969123382,0.01140333242428563,0.011334789617745627,0.004688894952146676,0.004430579353863901,0.0037499616768785367,0.0034537847678870895,0.005881260152188825,0.005604738616724877,0.004503521637024157,0.004708616650791615,0.009456715142589923,0.00963367669842142,0.0023667198286188495,0.0023556664943765364,0.0031985330511319723,0.003387114552947753,0.006966690404216718,0.007099895463504889
442,0.04082301849049528,0.03731626585958599,0.01774928424217363,0.010256405639861924,0.00736435616366542,0.0012325582053481605,0.009768530230127042,0.003680164051955795,0.024591248060799833,0.01845818098469239,0.027236782124394544,0.025397247076741607,0.01434975000758002,0.0102618574328179,0.007634686383423299,0.0043449729734473695,0.009457880246113081,0.006107364943719511,0.019207739978710038,0.015880924645123907,-0.003937765818295147,-0.004397131912967016,0.007905997716805993,0.007304866945554681,0.0010377954079415041,4.51088588813652e-05,0.0029128002301236785,0.0018850364940770838,0.0028483843529969973,0.0016686638277063925,0.0006561889616044062,-0.0011256037899333982,0.009040559257196436,0.008482690191461199,0.003191178301776127,0.0018021478417619206,0.005327960931783969,0.003981471361584403,0.00781407344342325,0.0067959159949127265
443,0.061078567939728635,0.057709312046124284,0.02631018116000648,0.01987781543718011,0.010785819832325908,0.005093885459546221,0.015327181739808371,0.009496382919597729,0.0330948425478065,0.027540539277955984,0.03750591498003768,0.03661684017307741,0.014731546386873542,0.013025191039022388,0.0023843394482268845,0.0005487996394359958,0.005852662238533953,0.0038781035368372343,0.01659459720330489,0.014963752937671031,-0.002656898687671192,-0.0026271069722419074,0.013702650835039725,0.013841611612495194,0.013563072032504776,0.01393852516744119,0.009950986819893983,0.010429716329254515,0.008674817689531305,0.008998121463801167,-0.002003062753369923,-0.00258271374535795,0.01427709555290205,0.014268772464574808,0.013145529965370235,0.013403557031245438,0.013767802879312263,0.014226188891903043,0.011267655371368136,0.011262570921332853
444,0.05110868625431407,0.04930526684821861,0.015977881043491234,0.011622772478900359,0.0037670189577493586,-2.5812421480410777e-05,0.006706162715285483,0.0027829056293945166,0.019711236733951205,0.01595115709280088,0.026180505699242806,0.025123376625248058,0.008457255254948056,0.006006621762005421,0.0021503650490179264,-1.3898847481405445e-05,0.00383146146095582,0.0016286782470551395,0.010480617637943218,0.008280689064547955,-0.0023042222582214575,-0.0024322112877863712,0.00859650249859191,0.00853174553924699,0.0038618121190092405,0.003650637778632342,0.0037514718403953836,0.003479450997692735,0.0035053069197953507,0.0033165578990831017,0.00863865401349385,0.006701322370034917,0.009545483885886611,0.008783298556655727,0.0115301647201483,0.009804338587109423,0.010703695329720219,0.009109329628862803,0.009986611909839162,0.008668065162925348
445,0.04182758278671218,0.039349813424109356,0.014462116146667914,0.009099857934003336,0.0018367537431937166,-0.0028709956510091458,0.004260214417719224,-0.0006628763059770413,0.021569271830077508,0.01694916337689369,0.022381690105406103,0.02140612612871805,0.004688298689513682,0.002372940997254213,-0.0028787455489853757,-0.0050382217484553045,-0.0014058773321793258,-0.0037687182081736657,0.009285447542568319,0.007145444282121413,0.001501476721996969,0.0015000464381772116,0.00831160454669842,0.008402401691261477,0.009426012376987602,0.009619570976408191,0.007904825613226033,0.008105070120078573,0.009712774042477952,0.009964880075570295,0.010120516869699838,0.008367664091697516,0.008908472650864975,0.008133459282164277,0.013345121420624712,0.011947725391843782,0.012649653953786805,0.01120371493253861,0.01512094647823731,0.01389875412444581
446,0.05178873897180571,0.05007731759638008,0.020903011737353806,0.01723066590689743,0.006270090954812703,0.002909951960180072,0.00928054375952971,0.005783805943126394,0.022459113052610096,0.019200914426411995,0.030605760163580065,0.030144153489173004,0.013555807380832735,0.012745209426927261,0.003784498039036254,0.0027593880894467146,0.005456449406889295,0.004335630967341587,0.012535283508427192,0.011557105808351283,-0.001456674938233753,-0.0017440341927948365,0.007565100515311942,0.007332591019430031,0.004764025312290256,0.004359353335749081,0.0060595720402525826,0.005658594649409732,0.007754711321830189,0.007388541114065705,0.008265918042836055,0.007200447546298764,0.010276827860337883,0.009855329689411574,0.012615556450145685,0.012106054280941376,0.010336605867642458,0.009733110546446632,0.011700927380488049,0.011064778249370945
447,0.049241560120617436,0.04685306181614178,0.020269738961734077,0.014779072908196317,0.0076477332290713265,0.0031898230920456676,0.01033806544459998,0.005688929081090642,0.026273587218625327,0.021473321415658015,0.02767940150508575,0.026713229816988537,0.008643996223532036,0.006468908849313848,-0.0002168143065065212,-0.0021079248705824023,0.002097073408932129,6.85652170306356e-05,0.01226303329657991,0.01023605280357977,0.0019886440580515266,0.0017096560836637423,0.011622853595501154,0.01118534924665553,0.010739597201588968,0.01029357201354,0.009254011668633346,0.008620851870829487,0.009570355028044441,0.008816814094944869,0.0038812140562474056,0.002832113037609892,0.01070344401364354,0.010343595286372551,0.009350257907755745,0.008814392726757613,0.007929524070514806,0.007178499065805611,0.009236905541879921,0.008607075028649947
448,0.04769966356295415,0.045677948402571236,0.020151786033735998,0.015470132546346655,0.009902658532977301,0.005781767485815172,0.011589884208631798,0.007374929258380225,0.022711047678592534,0.018638694483147734,0.028052010302451365,0.026617139738461075,0.00953213960722755,0.006342282217337812,0.004263151600548092,0.0014853191679491688,0.005496602797616279,0.0026875538064343287,0.012707100315619845,0.009919277119862815,-0.0015837235773622344,-0.0018334862432301002,0.00758530539473738,0.007400013956271881,0.004930020731209423,0.004702467002226428,0.004229925555688682,0.003885781971368384,0.00581661744539253,0.005477027999422328,0.00952282092668648,0.009290977447886954,0.009513172511966771,0.009289257507078593,0.010652127197012123,0.010472503294646753,0.007844367408539032,0.0077151320876158195,0.008702371627517013,0.008355411453546051
449,0.04677211617185641,0.04537654310018312,0.014087466109935009,0.010827140239809485,0.005306946182086851,0.0024119623295850933,0.007336427135032403,0.004211245375452878,0.020782897178966975,0.01780212251614957,0.026947957362995233,0.026742965611740423,0.007091984728144954,0.006432636722952844,0.0009609359514591486,0.0003979695071873178,0.0032890174693874412,0.0025606333998872506,0.01095051722344188,0.010214846038811174,-0.007863566934298143,-0.00815030415882169,0.002596359852815868,0.002338352907789113,0.00043228718985040027,-3.706721675514721e-05,0.001735552913602973,0.0011966066657539156,0.0019015632706427307,0.0014282845430689001,0.0031470935991032576,0.002466747477112132,0.011480770705863189,0.011333376108464506,0.006872728535416582,0.0065243179547303885,0.008436998675166904,0.008283673815055445,0.008301149896136558,0.008033646826834913
450,0.058177420654880276,0.055331562654713104,0.01612421657214666,0.010028789144551254,0.00034876776743110016,-0.004761354532015663,0.004426314280035938,-0.0007563365107735651,0.01943990791999698,0.014379211063349027,0.031352501718899944,0.029850035978259408,0.007921198235208145,0.004878413068787916,-0.002292749371041549,-0.004775504755900521,0.00012323830435216084,-0.00249666314203333,0.010316660861475011,0.007801817414873809,-0.0021227894300952406,-0.0025947238195650093,0.008609518963717516,0.008129827286004612,0.004153385004474416,0.0034514954825237225,0.005955405053781172,0.0052069076293102205,0.005133544652704227,0.004432229375292192,0.00584243994799785,0.004563882812424876,0.010516958594067743,0.010039195330687336,0.008354918794299232,0.007492907264663827,0.009559875852506665,0.008695918366753175,0.009849628390781105,0.009077759429467352
451,0.05897414659136154,0.057741656137748024,0.024060839134460887,0.021089230067319442,0.010975020563734197,0.008000175347442708,0.01444400352294165,0.01138936539250234,0.026348372491708138,0.02353067091857323,0.03300770414958648,0.032966754529594244,0.010881293741028596,0.010476552435798515,0.0037448312946884157,0.003213804343249682,0.005210481484039539,0.0045755758776925325,0.014143130482051708,0.013764325092541482,0.0026983282153630263,0.0024227823677493406,0.001058539862496702,0.0005867706923670766,0.0005039778514485621,-0.00035214303835631684,0.00219013862475397,0.0012827945812889914,0.00040576455089875167,-0.0005384742715139969,0.0034325590528647455,0.002430572267011831,0.008075555088337448,0.0076484566490545745,0.0041421434616518375,0.003120174413364201,0.004867680355147995,0.004051598671809088,0.007252025270228793,0.006516026646698064
452,0.05545284578037729,0.053424788068679695,0.019332094631800044,0.014494857859208237,0.004370480910278215,0.00014488602918327238,0.008506570847873537,0.004200418684620524,0.022307222406014054,0.01802728197606316,0.02856282186756414,0.02756041703302674,0.012462875076390758,0.010177398786271314,0.00173856552096252,-0.0004014080522093913,0.004679242602157964,0.00247539697815687,0.012849023027585688,0.010637790486435194,-0.0014018056235061292,-0.0018428524497694717,0.011515569940091074,0.01104500865127817,0.007653111333101373,0.006847536694094306,0.008490053951473175,0.007722064480771609,0.006309995121708573,0.005343410340784343,0.003654122112835595,0.0020199329960010467,0.008263323318813184,0.007711716933695503,0.007156064011237653,0.005916340949506683,0.007830140569174322,0.006768642411943077,0.009108826333004798,0.008261133044017712
453,0.043522255328346346,0.04128169133104511,0.01673084300439118,0.011800543724328256,0.0006370167040305117,-0.0033927565117372756,0.004204775766981949,4.445986906622124e-05,0.021157509671939002,0.016985187304692513,0.019545458213572113,0.01863927124145992,0.0091859042541098,0.007126064579567303,-0.0005550366086534298,-0.0022435976409248626,0.001042207435234888,-0.0007477791979189992,0.011500404678820696,0.009768848669860972,-0.0038737052970205846,-0.003941072127741358,1.4903222693511404e-05,5.035290070576216e-05,-0.004250116953261162,-0.0044470846580156155,-0.002648891192363949,-0.0027982652678449757,-0.003582727593262824,-0.0037411634077022813,0.003382869074166734,0.003122817898378844,0.006153320384520109,0.006061778629859022,0.0009766405586000056,0.0005406334749286934,-0.0017098745761924207,-0.002071941195289396,0.003004416332748945,0.002773552634910674
454,0.05798726931502183,0.05531898080018475,0.030507798646183602,0.024909366459921003,0.01888812707123686,0.014265187274066254,0.0222292312994034,0.017627269728598467,0.0327073528934181,0.02793950904877625,0.038421912161780716,0.036932503222717065,0.018965042679464254,0.015793551995606506,0.011364317893096058,0.00866398392973564,0.013217007957565807,0.010447634522128043,0.019975249845260702,0.01710349952074366,0.0034799563121000856,0.002384529326760673,0.01348116016798349,0.011907471814558356,0.003966291394256895,0.00152686305979665,0.006672334084699941,0.004169450449249551,0.006088650738149566,0.0033071516669885585,0.005915032816914118,0.0024005857400851956,0.012079844477636386,0.010463627066084407,0.0077697277667869965,0.004510830440325203,0.0073720080288456795,0.004408415541168334,0.006819532848383503,0.004255509888045664
455,0.0563131718879624,0.053412592002802205,0.019727409789750912,0.013985767416680357,0.00010627592832589681,-0.004880657476971902,0.004469401148197268,-0.0007630917708707769,0.02094250447325648,0.01573857372718663,0.03382904136078668,0.032536090440702554,0.013515292965253311,0.010975858723678697,0.002218064479244394,-4.327436060443321e-05,0.00475873823551363,0.0023650632698477146,0.01501309432078407,0.012741195839869551,-0.002520869049840244,-0.0023279462848834046,0.0109700748945637,0.011303290174541765,0.004180600041339902,0.004815266458587265,0.004911929444118289,0.005636713696950972,0.005115305101398143,0.005887283651875632,-0.00010705073977564493,-0.00011680367751559705,0.00776603153865357,0.007738849388058039,0.007608435923048429,0.007776731381750186,0.010158054268553873,0.010256130106234839,0.008450196693012089,0.008492169282145485
456,0.04976354027368812,0.047029572617381436,0.022160698638604245,0.016905689712878088,0.00696166278414063,0.0023239820706528087,0.010855472834790523,0.00605882027993853,0.02617220456181853,0.021710258473630846,0.02454493552733012,0.02262519476059282,0.012547359206678193,0.009256357877196714,0.003334918170188797,0.0003568144616595757,0.005099708019479017,0.001981161227776365,0.0136233459727706,0.010635192663902025,-0.006734356605017913,-0.006564460515012494,0.0035454161995640576,0.003923450254965016,-0.003085917483413564,-0.0027682786725686053,-0.0005009358869184137,-3.9849704487219995e-05,-0.001972350521420659,-0.0014520250770011234,0.0050038591543826545,0.005606736509016397,0.01112859400401016,0.011280749990729018,0.0051495192490979376,0.005544342524409361,0.009205616803060465,0.009675634306021587,0.008902230783763333,0.00929063994623554
457,0.054670088141171705,0.051587449272188744,0.02723819131116555,0.02155340387747645,0.009622748811924434,0.0046339373139183595,0.012742813936961205,0.007546555604162763,0.028674810131692773,0.02360651357733422,0.03373355088433928,0.032900814169445736,0.015638896208443397,0.014201348621673899,0.00545104309051088,0.004023658767361865,0.007682858275627103,0.006158295216036028,0.01572886608561403,0.014344383167858049,-0.0031567283938897794,-0.0032644531350469485,0.007410268422361542,0.0072478863699075875,0.004986152981232461,0.004683867368211312,0.00408558658195954,0.003695475634488228,0.0034107787278724474,0.003014794842345538,-0.0005090015705270066,-0.0014701701807086215,0.012439843750722202,0.012202919159783297,0.01126820466240159,0.011088606677377027,0.0093352902880512,0.00894238442413522,0.011194871518575197,0.01084916432575597
458,0.045581006443863835,0.0444715931152421,0.016239405092360083,0.014008914764110791,0.003288218670482281,0.0013766821274152268,0.00677245821438006,0.004643730889942436,0.019329515011045552,0.017279619635488606,0.01973426525930947,0.019459885823371534,0.005499107951304363,0.0048985855748503605,8.17801987651417e-05,-0.00046923498104391284,0.0016107362552314458,0.0009082226943136568,0.008661938748327791,0.007992911036819034,-0.0021255833998133993,-0.0021273779067998064,0.0016430074628828659,0.0016913186005945327,-0.0006937543325954121,-0.000684619573980952,0.0005006388996040848,0.0006064856116860941,0.0007988482580947186,0.0009131277400434934,0.0018731228979911377,0.0011055859055410717,0.004782481397704897,0.0044938854190743616,0.002981842476545062,0.002587651523636141,0.0045615627616273115,0.004175213486441412,0.008120392552044425,0.007889942086452136
459,0.05327927250987215,0.05146325752610732,0.01779627847445128,0.013994386975631929,0.0039908668922834884,0.0006136700625296945,0.008529466373506472,0.004961395857722655,0.021310516723078505,0.01785651951016277,0.03030644412789152,0.02934456883253623,0.00983080986142435,0.007910585641656954,0.0021971984962245055,0.000545876574336833,0.005675378781601047,0.0038899318294195262,0.012422336279333115,0.010631434853010354,0.0009596644563345438,0.0005379024427664978,0.005911569123091218,0.005502959152383195,0.0032386112761696962,0.002404016561988998,0.0033437838359348707,0.0023144574912662666,0.0029275801777564,0.001961904182306076,0.006994450821514611,0.005540163424098044,0.005964053078463476,0.005387311129391187,0.006935963204970816,0.005488455750597805,0.008033675597395182,0.006632036052219988,0.009231053845022482,0.008146101353081471
460,0.05827624445894346,0.05636496131212948,0.024030717128815028,0.01968186914592766,0.007138852976206126,0.003392026151448396,0.01230625952461381,0.008358426245520238,0.03133745392541083,0.027768711202484204,0.03217061998486038,0.03136927006824618,0.014865729484397277,0.013392047595184245,0.0022736416254405868,0.0008024462430821918,0.005293210187551946,0.0036788406813594208,0.017842672526890084,0.01650114020189221,-0.005975024080835923,-0.0061933938613930725,0.005547002936394006,0.005177910287918221,0.004473252399285961,0.003983047975719635,0.005394077353522754,0.00476337241907295,0.004462566526789129,0.003796220821608301,0.003629462494961967,0.002102090281088328,0.005120827567569513,0.00452018178895254,0.013115701570975602,0.012149311240433449,0.010045150108147449,0.008889591755250031,0.010448536091073154,0.009676921611208079
461,0.069099271360496,0.06565337825332832,0.025501913231874708,0.01852315603332899,0.010479258123018505,0.004826437585221316,0.015201253205714457,0.009314234123679127,0.03181194401275929,0.02581580843809138,0.03772146244143114,0.03685090024225561,0.008563339371118379,0.006305749090454005,-0.002584148104410982,-0.0045094673174205764,0.0006645021586117322,-0.0014231514274160248,0.012181182290884243,0.010277762178904266,-0.005914362082451296,-0.0060878718387628195,0.011444578338748094,0.011389887687183391,0.0006365134197049532,0.00043481020480466486,0.0008180255242764085,0.0006241906274447952,0.0007392653594687642,0.000564943356639074,0.000461566715409147,6.799609624094953e-06,0.009453372296102887,0.009318959904993313,0.0055974626740978185,0.0054331059729897995,0.0060783537117227605,0.00582407006798732,0.006663348335281792,0.00645740282047387
462,0.0473373068898818,0.04550236680481407,0.019451988988436135,0.015735891714716167,0.002138797622477659,-0.001264412687759286,0.004454186121554713,0.0008418664451803953,0.018794406661002107,0.01513323801451245,0.028135369250246473,0.02750483321327247,0.008232145226917283,0.00698271018263197,-0.0025476860600747936,-0.0037954510682049365,-0.0009833767415090143,-0.002409341336823685,0.008861817809874353,0.007475088491985739,-0.004426971208699165,-0.004500608392524192,0.0055889085609560395,0.005565586583874385,0.0011809964482944676,0.001104866146411486,6.09693768624716e-05,-6.526694234552481e-05,0.001777497355304415,0.0016374046051295034,0.0060939245363757135,0.0048551182270396955,0.006488928638954794,0.006034437588575149,0.005432500319622578,0.004497735323246285,0.0034710186580074556,0.002474899719697245,0.005481936010051031,0.0046052604759283305
463,0.05475816553880482,0.051389266733666505,0.024872533200127566,0.0177780733567635,0.012467536141608825,0.006507983066606962,0.01542261188496164,0.009351603182464523,0.029774526375595058,0.023744234198844562,0.03217247774889905,0.030637610827055583,0.014372274500120668,0.01120108766559846,0.005121898785136577,0.0022975918850177304,0.008170434178355614,0.005304232334180484,0.015853222070321655,0.012982956758639428,-0.0028938479371728217,-0.0034444067689438974,0.00598114035122773,0.005289213748044747,0.0009978862326696111,-7.345845909404772e-05,0.004230893403527082,0.0031224832348792906,0.003293482248247813,0.002002653154000819,0.003403233735722701,0.0017762509109540189,0.012658865187193205,0.012049641779228343,0.007917062367575412,0.006573147116068154,0.007358058307237725,0.006191908258629829,0.008749022211663782,0.007788501483827197
464,0.04814840159768068,0.04641126679482618,0.016397604814566834,0.012449451723795912,0.0028561353951051327,-0.0007263083575703434,0.006425269794686636,0.002546191216485504,0.019009534986919922,0.015185593553902638,0.028252248351974808,0.027839193882900265,0.009103033595136239,0.008044026065405106,0.002202234960577359,0.0010238178476357782,0.004179374453519231,0.002814331500625831,0.01069892535896241,0.009449527844034461,-0.005858649854067083,-0.005860427981785887,0.01144350149762242,0.0116996924836784,0.013032642152887497,0.013383963881388414,0.011686914872608794,0.012057141494968695,0.00877007928379622,0.009104318524689823,0.0005867293961452646,0.00018298919638932016,0.013677051197420177,0.01357610770084973,0.015019572898915192,0.015181345718220735,0.016877164897498496,0.017215528046207997,0.013010243922188627,0.013052525100355868
465,0.05301188511586856,0.05020793918417636,0.022641958228210784,0.016795686567079807,0.012407502408645679,0.007609246036504971,0.01480907435006284,0.00978939450865222,0.028427047692899426,0.023318138119922303,0.02811419880495978,0.026264975415132452,0.013723035374619583,0.010148885365780836,0.008096987369692877,0.00518016502257101,0.010049786052087374,0.006959623989656866,0.016967032418735605,0.013761929065493958,-0.007671420447135491,-0.007727139493449935,0.010232873972130912,0.010336739160009559,-0.0010515250884189109,-0.0009930570271983676,-0.0013460402000151951,-0.0012981899812712383,-3.923094147026147e-06,0.00012267705845572774,0.0003252270825641261,-0.0007586977034229185,0.00982521410873832,0.009558866392586438,0.005440031208192953,0.004812821306409605,0.005322599454409467,0.00471261125422077,0.0058230531745726505,0.005312796423510079
466,0.049453202848000685,0.047592369588427226,0.02090219354864793,0.01700542039455323,0.009424399279903049,0.006063964136147887,0.011332410054008948,0.0076636044008558555,0.025147156431813054,0.02172022111857177,0.02808144696219154,0.027097992796825322,0.016161783321709568,0.0142060938278882,0.010254017069654862,0.008622624149120305,0.011450085241971482,0.009541314098762814,0.019385400111328693,0.017582904147376132,-0.0023160151022323587,-0.0026457605893026375,0.0040755520442161165,0.003790784950670573,-0.0007103652850509798,-0.0014401076776195242,0.000510083631172356,-0.00025263945294322295,0.0014298818927478021,0.0006974224407130987,0.005040554420194925,0.005159732252605192,0.00487058776249275,0.004704681161104831,0.005571406229438347,0.0053639667914802715,0.004406052803091287,0.004208946697103163,0.004899299863779362,0.004714682836023986
467,0.05534826788855428,0.05188569928529245,0.026604480654980424,0.020168486733029383,0.009240511732937474,0.0036190262902668427,0.012998018350660213,0.0072666522859970075,0.028935804312888218,0.02333304572284005,0.03654026361542766,0.03546154267172268,0.01897178362004222,0.0168472796618687,0.007116169230773498,0.005024702566974985,0.009726804605690139,0.00751353294043045,0.019906423708739816,0.017879308387444025,-0.003497539635562023,-0.0036076116117245956,0.00801826238129123,0.007977330473764813,0.0043982283501064435,0.00436079729350781,0.0063243681429341085,0.006356535593479944,0.003785920613616911,0.0037338076738732497,0.010353625725808053,0.010446751142502476,0.012166600369256441,0.011939702715189227,0.011972828433464904,0.011840537360503486,0.010270197640857962,0.009763206147594902,0.010834948511670247,0.010496791733952052
468,0.06031886372900595,0.058125231902026356,0.026232976235337213,0.022111836406137793,0.01718352819673744,0.01377355149166675,0.02074461790168239,0.017092861626433854,0.03389855972384855,0.030294982874881488,0.034348676389793206,0.03245210919315887,0.017808314375540993,0.014350150703102998,0.010503108393213393,0.007704150012143128,0.01299602170337676,0.009933701063690677,0.021715289896777325,0.018632153078279007,-0.0035256588886741222,-0.004245154016483016,0.0070418896455077635,0.006248622378308479,0.007074383183271635,0.005841145025791372,0.00836229526136602,0.0070253457281712495,0.007489308554301124,0.006028948626225059,0.0006618259502063464,-0.0013704586227161091,0.012360106253972825,0.011808927888118725,0.011991154898750411,0.011060872538761682,0.008122172774300699,0.0069866570254804835,0.01015209100603017,0.009247107616326957
469,0.04099439058140965,0.038640466760139866,0.022324426340814475,0.017835121849054614,0.009270458247649601,0.004941146632535481,0.011671230512467747,0.00731180726758639,0.0240254400418012,0.019776589576225405,0.02233889705783715,0.021359529954451336,0.012341812309036687,0.01059678659277931,0.00427695606860691,0.002432844537751672,0.005508366320429116,0.0035923408604378857,0.013584848326720803,0.011785473291720246,-0.0023013620300548028,-0.002668565673745742,0.0073706092673023905,0.006844467249026457,0.002041407966794874,0.0012078810860315613,0.0046887029568779435,0.003857295199330357,0.005344596529694737,0.004562978634250387,0.004812170938040891,0.003518195084463744,0.004918513592635282,0.004353933213550862,0.004859137044483526,0.0036848128850666185,0.005365904827988417,0.00442044489268106,0.0068515625143715855,0.006122966343847298
470,0.05671082351376185,0.055479393883322584,0.018170823205373974,0.01518750880159866,0.004405109293443837,0.0017778444850513574,0.008073868465810083,0.005316756074189894,0.02119758085582061,0.018605827445854,0.03421421753620596,0.03370637176063473,0.007735946993151775,0.006464472413061827,-0.0019581669796496343,-0.003196816870683658,0.0008632557764161386,-0.00045732450922306123,0.009194281466784863,0.008001734549595817,0.0016074108571490122,0.0014983568792819734,0.020066221771953212,0.019933076213921534,0.009742520723522682,0.009509393289678073,0.00968408628937453,0.009510986550694548,0.010240538397234458,0.01009819184173018,0.004566857425747923,0.004551045634844972,0.017447429186000084,0.017276541094226116,0.012577994117817386,0.012460057399560298,0.017713192063460136,0.017656692180427407,0.01666232225678498,0.016473866466055916
471,0.06109965249479089,0.059480566014402214,0.02221655344163885,0.01835698743898375,0.011961310552387677,0.008351798620012904,0.015022705939398204,0.011334073715482368,0.027384717844105448,0.0238652967004558,0.03662234264823442,0.035907805250264074,0.01453928454394037,0.01273047986543959,0.00768040920576793,0.005901026230356286,0.009284873615032885,0.007463126887814912,0.016858794918530866,0.015151043331667965,-0.0015522134575926023,-0.0015507590955593166,0.01274001856569163,0.012837535662572019,0.010935266586988835,0.011147396193728584,0.008949026304878569,0.009199474299660313,0.008501458537168657,0.008772739150704612,0.004115401419628157,0.0033645088090074444,0.01332731336475323,0.01305117408050479,0.013221020630549415,0.012838747684832643,0.013593140359343104,0.013242007553545454,0.012796596846479841,0.01240206543178317
472,0.04974294410717446,0.04787273774897823,0.0245139081865759,0.020516811089976373,0.012340397908433727,0.00879361709001084,0.015433995882717816,0.011551588042575011,0.030578841257884126,0.0272269614579184,0.020551800024263225,0.019726555515885903,0.012368245967391833,0.01085776283963553,0.004491001883900286,0.003174884782248669,0.0065340548004170895,0.00505179141072005,0.01563900031264868,0.01447406469721187,-0.006425741547537033,-0.006661467679706305,0.008617406636699488,0.008726434755148893,0.0003100725377592498,9.474089806937186e-05,0.00047117872056955817,0.00012415038092034242,0.003539823457505105,0.003305185127414218,0.0028222232981017477,0.0024638536489512983,0.009583255843523143,0.009627427851046384,0.006819369997130844,0.006950709481845762,0.005703579056216777,0.005957414762540904,0.009612750806511881,0.009842090830321972
473,0.06490467016159203,0.06246150406931752,0.022050890063012453,0.016854033234250543,0.007972279965506212,0.0033999767520360366,0.013297644189483888,0.008551928188235237,0.02826703710772057,0.023792352162966525,0.03852095402657989,0.03705415801971138,0.014710828047082458,0.011843668630831744,0.0037386673715896364,0.001069015140589599,0.007991828417087444,0.005238473796815043,0.01782807265840714,0.0152659618788068,0.0008526099083241392,0.00036827298877013245,0.010668732526377156,0.010247736948895952,0.0073161840984564495,0.00653576871093043,0.008381205377561297,0.0076739416222354655,0.0076110789284524845,0.006875512143476098,0.009856655855711566,0.008743107175419049,0.007988964104383819,0.007524601835753962,0.005915025637550711,0.004857902011165109,0.00945600832296232,0.008475213493289481,0.00993396959191412,0.009136861673402412
474,0.05922958223818411,0.056748363769457,0.024554820224502914,0.019411375723985234,0.014461236593901089,0.009998861211541896,0.01700275333039636,0.0124094000882222,0.03058702805049373,0.026256948768512707,0.025908634818864112,0.024886698380226387,0.00860934550958312,0.0065282832100011425,0.0026520683546008925,0.0008650237920715993,0.003566421975108921,0.0016241496311963418,0.011690866073756877,0.009887546608347942,-0.007621565461351842,-0.0083165877554994,0.011706444154006764,0.011023886035673582,0.001625455503768656,0.00031776942222305147,0.002997792165950626,0.0015759819222530501,0.003229062029125606,0.001797471976631505,-0.00024448166460055385,-0.0015630570254161944,0.009015931117523884,0.008561812603512563,0.007254534323854684,0.006283905108165395,0.008015326381287307,0.007280940992184934,0.009011029101848846,0.008289240982487605
475,0.04922659130201217,0.04754666805854019,0.010007362972655245,0.0059669218646820465,-0.004048464072103069,-0.007571118521075268,-0.0005987586021217242,-0.004297201352837664,0.01515121631175895,0.011848643000445466,0.023232802844717227,0.02261625929635574,0.004511056448535307,0.0032061646550534707,-0.004189210485282968,-0.0054779671754972385,-0.0020961246155592425,-0.0034741150537352617,0.0066066909127897285,0.005482971626202676,-0.005407747160204113,-0.0057057812999445545,0.0034269041301992855,0.003137511528964427,-0.001702434227037131,-0.0024917652936404305,-0.0006136560273299755,-0.0013977785567252474,0.0006127195570454073,-0.00017624428152398236,0.0027638848983494264,0.0025958032220942027,0.003742956783645345,0.0035684554893998938,0.004834986729316222,0.004628197825540724,0.0018913104768548226,0.0014526200031363104,0.002917477344941979,0.0026142838059181476
476,0.05024953986377105,0.04673481815490093,0.025588698899088002,0.018825709623282328,0.010182813895502251,0.00437363739945156,0.012539465652437704,0.006489460334733378,0.029752090406661262,0.023551201246098278,0.03053853405213981,0.029292087214799666,0.01504032910103301,0.0126603919287813,0.006293607314673294,0.004191509279137919,0.00780817747784662,0.005495256665460715,0.018191286934522856,0.015995041378508858,-0.0012678405074792998,-0.001668497611715192,0.006890418148088187,0.006324086304260269,0.0034677267352833793,0.0025008848026128916,0.0069531513120469155,0.005837559568819547,0.00573076253024034,0.0045707955807257235,0.007805094275082839,0.00580888354855374,0.01161634031574599,0.010882950588439421,0.012532484281719158,0.011179827810831324,0.013175585657507764,0.011877866980307943,0.014165878387529512,0.012989252336286386
477,0.05586312438844828,0.053106466798348705,0.030945018881770224,0.025273282873874592,0.015410033261580141,0.010315200096768302,0.01683247774149315,0.01158397976139414,0.032751423821630904,0.027690382235128663,0.02956673813247494,0.02869912671875551,0.01510914304714669,0.013361833252162983,0.005075095393265256,0.0033220339041572094,0.006780044669770624,0.0049091498816107755,0.015306889692591304,0.01360786559630248,-0.00954279757519574,-0.009573108834483006,0.002507348459075098,0.0025034597185343605,-0.004836650419960743,-0.004945359705941186,-0.001951961414757991,-0.0019978926345407275,-0.0014754499339186356,-0.0015051125330151254,0.002358992559087507,0.0021866880027840777,0.004355137199000277,0.004302212484797211,0.0022876428452520115,0.002212161639194423,0.0009095566600625735,0.0008489423158883865,0.00414235040477111,0.004016477589600065
478,0.053022050581064475,0.05079936739954949,0.01731127653519683,0.012075084458393625,0.0066943384647014425,0.0023248323847768586,0.009672050922074502,0.005047258096917298,0.023359393736769988,0.018760689887357386,0.02823369007383512,0.027079588840010903,0.008718116108123078,0.006000460758878323,0.002253534609721163,-8.402115416690652e-05,0.004341913152023931,0.0018808347512103093,0.011913848685074885,0.009429838041904722,-0.0026217513209546924,-0.0027962010197180804,0.004198889597163367,0.004007737322565023,0.0025403327228579113,0.0021572694595530734,0.004405358501896741,0.003942681496831214,0.004597816051543477,0.004207901320812757,0.0030321383053182735,0.0031687990789559623,0.0089205334261474,0.008861486801376727,0.005634051354452114,0.005622106161191435,0.00417367597314274,0.0041720546807124965,0.006991597833105353,0.006939916063965659
479,0.03653504906467764,0.03380615854271711,0.0220504002804115,0.01642471690289001,0.011849518941543045,0.0072032612048892565,0.013756162944202482,0.008967420941653417,0.02698905730542791,0.022300916865523164,0.023138006424808198,0.02197148696363373,0.016550372946321702,0.01440069058850254,0.011574331693658221,0.009810602486776501,0.012685251210362885,0.010782441744624126,0.020808472490949054,0.01904544100428466,-0.004807009138787034,-0.0050486049670044495,0.010316099677281887,0.01021477516278892,0.006410685262837143,0.006083518528931049,0.008165943732064597,0.00784639247229912,0.008179033926598184,0.007899494252425119,-0.0018587098499019809,-0.0035453268987844675,0.011153955640818237,0.010702759901569716,0.011563772141196357,0.010816804279024355,0.011285974669902431,0.01054856960640246,0.010783279462438091,0.01001977908540139
480,0.05594369265822472,0.05358710761721726,0.018972639961907185,0.013117372022229776,0.004331122706459993,-0.0006019275433847536,0.00813270645933597,0.00309520381163894,0.022756720062833947,0.017519616689662357,0.030801678933764294,0.029789066279588626,0.012967154548408116,0.01048269602539856,0.004352988194693177,0.0021398573328572394,0.006242712044697016,0.003959496855695659,0.014843258497734546,0.012500878266374204,-0.004064705201085191,-0.0044599354108241385,0.004982029125281671,0.004394822611503672,0.0005048985940335324,-0.0005445160184624562,0.001237808879875936,0.00010054040658226434,0.0005866516249562615,-0.0006636499139611705,0.006282238027788786,0.003684105009941468,0.007059922445522402,0.006038782160453127,0.007839645676653224,0.00564660631035114,0.00682697724379723,0.004788465548898279,0.008631884902077969,0.006942267658846975
481,0.0555452772725462,0.0524988065191635,0.021415457954112087,0.015062353035504853,0.00911399449657711,0.0037469001961416655,0.012563852999389617,0.007102157337252,0.02563074992534914,0.020087452641823694,0.030092350247453926,0.02927932257003073,0.00966486562515603,0.00799841897956809,0.0011022282699689808,-0.00038274658826131417,0.0025734351037719786,0.0009325841181814908,0.010453293853595565,0.008952749350432597,-0.004309617718110156,-0.004412760951426051,0.007106237611081834,0.007110886480507122,0.00292790458250007,0.002780842094618925,0.004314127550080901,0.004226694073945942,0.0034700172554552296,0.0034423330319016373,0.007403725867238566,0.007115530325726887,0.00820823066804458,0.007954655577853144,0.01003474266669837,0.009804195359166459,0.0070283824387288845,0.006583149742406054,0.008126718802020403,0.007818940702785175
482,0.04837649472951587,0.04523823559400601,0.01914020666226159,0.01276202392494826,0.0027613606733211805,-0.0028424326188718086,0.006119238012042556,0.00022185493390259134,0.02260497962685186,0.01700196348995738,0.0256556275524246,0.02447905853766797,0.006594295127255877,0.004021203033005441,-0.001869976888013045,-0.004187107532930194,0.00024156263535616735,-0.002286100334499334,0.008892616971696778,0.006514667394300554,7.64546544765715e-05,1.994904001231368e-05,0.014456093463282998,0.01443391678570898,0.009146287909254711,0.009073060486309728,0.008679754084892816,0.008528853868607382,0.00826166824473277,0.0081937392421611,0.0009189098487928935,0.0005080826527754843,0.010384274099227807,0.010345265336418235,0.007893897810839436,0.0079446432386063,0.008612436530901362,0.008754878145108587,0.009018767406511561,0.00908764180427255
483,0.038194721546278745,0.03696501828773559,0.019416093836164505,0.016691800212092094,0.011611330881420079,0.009271274425150432,0.011752402750945934,0.009138711373716161,0.025863481189014333,0.023540106556835062,0.019949036610213196,0.019690788632811634,0.010234498813748511,0.009698693373773996,0.00517652896364027,0.004640761748725788,0.004932944971067241,0.004132143973452276,0.013150827977514799,0.012558640146503753,0.001433086797891519,0.001399408272179603,0.007079811107670746,0.007048394882710747,0.0085790541973117,0.008657728219133971,0.006871179628821345,0.006950728928085603,0.007672092519101395,0.007880976727553795,0.0015877283082617703,0.0015193450534672298,0.011621747037841374,0.011679982443639998,0.012328207448509652,0.012692148869483541,0.006655707169612257,0.006766924343830277,0.010067698521533542,0.01026199273242027
484,0.057331522754573136,0.054877634735859625,0.03162420872313068,0.02602195775372799,0.014262360377772293,0.009422281873048149,0.018849246725728182,0.014020151464945865,0.034288293743172035,0.02928348479230659,0.02789691338061845,0.02681591247342201,0.016765741732005058,0.014418863805324676,0.00657408189204044,0.004500088782032863,0.00947513145039192,0.007369485245072228,0.01818867310917982,0.016077545133327126,-0.008568574163489063,-0.008844845731796136,0.005587525683837273,0.0052610709362046594,-0.0006116537198028375,-0.00119706408377093,0.000316891278397423,-0.0003228779947359592,0.001144718689682094,0.0003587715265028396,0.0003693306445354882,0.00013288503048762584,0.010612967530747221,0.010450908595447263,0.003665122074973798,0.0035470816502260276,0.003804155883986652,0.0035882769847388253,0.006066790677436709,0.00584015227404231
485,0.05391375932627129,0.05290312130806994,0.0135954386099955,0.01111077189259711,0.00296273437698031,0.0007446755008809005,0.005314620465067909,0.002998001991519798,0.016908628872531303,0.014756548923843598,0.025722273638287628,0.0252337735783139,0.005727934622047864,0.0046789773840522995,-0.0010045588204782268,-0.0020319889156178183,-0.0001272457447221518,-0.0012147377198358019,0.006444715630564581,0.005418656568856908,-0.010630460161942601,-0.010600029801967014,0.0105413073458385,0.01069085981415612,0.0012960059834085142,0.0013548875289889834,0.0009663520479943099,0.0010616913985262387,-0.0017318610008308904,-0.001631209643957412,0.00037197857130425924,0.0006974766259878203,0.009307882004146735,0.00941233232852953,0.005564850341164137,0.005743826480402071,0.005933138732203437,0.006264980642739293,0.00583328779430013,0.006039930800662559
486,0.06513797048561099,0.06299838241989317,0.021299549748729257,0.016383380745145497,0.0027007128489712436,-0.0020288429804655177,0.008878238940121653,0.004203863641374374,0.029697172882306083,0.025446225396156773,0.03594044745219965,0.03480634571692182,0.010058522807364726,0.007512900925914892,-0.0018915552430233923,-0.004357690751534974,0.0015728376354005168,-0.0008883820060375889,0.014764226593315064,0.012539343233272663,-0.0023059479053793544,-0.0025953807275825294,0.004959458667279329,0.004699541564137421,0.002830712784386337,0.002205499194374452,0.0032105959711642715,0.0026236587993638486,0.005468968539790701,0.004835542852294173,0.005964252128637785,0.004661764746393142,0.0060452078737386426,0.005627729851499374,0.008620583016638131,0.007728704439844478,0.007730586748965168,0.006998958046307173,0.010573203254709916,0.010021161368283913
487,0.055388896742207816,0.05241342312290541,0.0305615301090743,0.02394867520944904,0.01741125973949142,0.011881645764624624,0.02049611640746922,0.014968946604074551,0.03701458249263833,0.03163877645464362,0.025302851417973605,0.024101350964616707,0.013904956001484944,0.011387286082698959,0.00656280764882491,0.004308959609786426,0.0074729424698054495,0.005134562465816879,0.01842593629881359,0.016339734618412777,-0.0007933020411788336,-0.0009002701640931608,0.0075310655486882355,0.007305291848338416,0.0025144136480418355,0.002248603426617792,0.005302719766217461,0.005144859686847301,0.004177968548480335,0.0039556613922578105,0.009336196911449038,0.007136980002467109,0.008081122100810963,0.00698861598515791,0.010260375539501125,0.00829639861360518,0.010963315393798178,0.009367175754814142,0.010774910385964693,0.00919990378720779
488,0.045524238011222594,0.042488385345732106,0.02078373970189435,0.01492894619691841,0.006880347369779663,0.0017695823260112744,0.010563033914088601,0.005428579813660037,0.02616953917499561,0.02122456408981018,0.026161908251564066,0.024349228651808864,0.01337796101986449,0.009902903843948178,0.004290148211335344,0.0012993608861817435,0.006761654138991421,0.0037393206957169857,0.016823953378285697,0.014025962663476419,0.0010491096508895366,0.0007896270679430453,0.004870517925515515,0.004711124928605362,0.0009907381681631456,0.0005333332689053819,0.0023401883318099935,0.001898163284405017,0.00020634367399721644,-0.0003618502221032921,0.0049067578965611295,0.003165274739525719,0.006137772307458522,0.005499856395207162,0.0011019410658838031,-0.00030165791629540326,0.004689484208272385,0.0033895016983480387,0.00428760622055729,0.0032497228044172212
489,0.04839541501053481,0.047347973011210985,0.02090039402531569,0.01848236983592277,0.004001187156894341,0.0017811219199890878,0.006127459949806724,0.0036918602463190675,0.020278621072297207,0.018044510515275988,0.028015123010361333,0.027915746946486703,0.014599214200236077,0.014692984362524423,0.0027399392447002074,0.0025088276959051577,0.004822472485700419,0.004452944707834434,0.01216970358835919,0.012011256952478986,-0.0008901746209540954,-0.0009147484505796366,0.005923542607729107,0.006029591038707824,0.00048624507237856555,0.0005340736924660466,0.0013480901637469246,0.0014247853952431171,0.0022299612305055057,0.0022548121201288155,0.0029217805749514316,0.003193763124555374,0.013501881469915069,0.013650506774635562,0.005510611109929746,0.006088266441934603,0.00495240532188577,0.00531182468705967,0.006811151074432006,0.007052542368938411
490,0.05248075344776071,0.04943155286454952,0.020463135122982614,0.014409748312550222,0.00651713651270177,0.0011724861626448927,0.010463038798428649,0.005026121763367008,0.024284286978035755,0.018880230782801998,0.02313215633674954,0.021926242113748974,0.009405465678852533,0.007207621287311852,0.001816576992284621,-0.0001890141418898924,0.003647431901028263,0.001473547328711217,0.012229220928063101,0.010159023051225385,-0.0054452220784088345,-0.006339873867416901,0.007394195656292896,0.0062625334857556334,0.000706958814502802,-0.0012080465078778677,0.0029116042072194577,0.0007040699513834261,0.0018174140695388953,-0.000555590387536145,0.0036920785968242754,0.0003179419694458133,0.010043236320132648,0.008841457911216953,0.0062851105263676795,0.0037294644380181955,0.008073085031126612,0.005583303497357571,0.010793144774143467,0.008868248448946726
491,0.053305577433247334,0.05039901696576441,0.02734481256182336,0.02123268839399618,0.01470565204911719,0.00908257149482234,0.017530368068826234,0.011889925539784007,0.03291999118490958,0.027750019862346882,0.030732453430899677,0.029406773997919855,0.014925335489654181,0.01227914554987079,0.007549066862336658,0.00490282679775403,0.00925197355091584,0.006558220897185959,0.018081275973882198,0.01569126362665014,1.500671664439792e-05,-0.00016052738273047775,0.008764935583745675,0.008619447054210016,0.007957205195584361,0.007767849757238101,0.007569012342632577,0.007409543328086311,0.006192156252270977,0.0059411508556873535,0.0013912049095857705,0.0007546915423674091,0.007091341477718805,0.0068116069758318715,0.007286321936136125,0.006999054303073904,0.009368499829232022,0.00905014172115757,0.0086086185883186,0.008396749931860126
492,0.07082221827780669,0.06646582648585143,0.02919832838849965,0.02105868796035145,0.013064816032684232,0.005869226026804317,0.019129578972483168,0.011886928473486602,0.03517186015848871,0.028265500850966675,0.03646925695193341,0.03428454571165334,0.012267637240453391,0.00833438830958935,0.001984548074460238,-0.0016625989979819366,0.006324764688231408,0.002734658692637026,0.01592823401677468,0.012528614428155935,-0.0009381862561195244,-0.0010239184036152382,0.005134389239465466,0.005247046216083418,0.002562085562959006,0.0026306858156091065,0.0034719995596803168,0.0036120206594835607,0.002693940765793938,0.0029334183857414346,0.0016531014462577958,0.00041599520593390866,0.008146830357677506,0.00774211598699424,0.006605527680774404,0.005987727223231308,0.010054485477637995,0.009502816081453369,0.010048791459346175,0.009555118730872374
493,0.05720083598769101,0.052975037906553266,0.03151491616830565,0.024154345315380903,0.01375956945768989,0.006850185950369056,0.01663775925478142,0.00945808752568629,0.032133909573960125,0.025244137328043016,0.03636693477721526,0.03400267295190635,0.021526237456313317,0.017658400652937698,0.008646549369567484,0.00472471672477232,0.011264707693416313,0.00717990973427902,0.020163568499793033,0.016194479205337044,0.004649040730859538,0.0036560377827979337,0.011767135194104225,0.010776697351783774,0.008985811480395237,0.007353907124349959,0.00905784318195441,0.00724291604900343,0.008650273986271318,0.006686332644608014,0.007877377682629774,0.007052496510455908,0.01419409647995466,0.013858748383980152,0.011857480632018707,0.011621461880401845,0.0079170807181448,0.007275437317767612,0.00908225526254863,0.008542894042195773
494,0.046478117595832355,0.043689468903303066,0.019614060141809907,0.013538136096854992,0.00463427382765895,-0.0008936609826332169,0.00735997374325705,0.0017228723317703188,0.023513073039798608,0.018144485128725723,0.028280818672229528,0.02638650679724419,0.012375196373197886,0.008619805570679876,0.0026575591750089282,-0.0007971165987473477,0.004450245163441638,0.0008738942944077871,0.014970417355820217,0.01161541221746029,-0.0064394147985878235,-0.007102357012023562,0.004580315743331026,0.003731507023653678,0.0030912220299202544,0.0018130541282800749,0.0035792686154475528,0.002159116947489495,0.0038779078987128484,0.002200849372716971,0.005891691017375119,0.005199463306269577,0.011793485732774205,0.011645647706072796,0.012365785011526064,0.012617992373340567,0.008643350716278421,0.008514818951679272,0.010132097091793468,0.00993422114388207
495,0.04469208247758309,0.04277870522621049,0.019245276357349985,0.015000497051817108,0.00366533242883936,0.0001329133765977499,0.0066437058932097654,0.0028839956254260645,0.022509594460960958,0.018936618177964562,0.020662364114129795,0.019613787126356707,0.006572457206390901,0.004251774972851792,-0.004188675436312074,-0.006161772958779047,-0.0018104125671374424,-0.003910064803685441,0.008310943139820939,0.0063821913020174455,-0.005511503652798786,-0.005554186641658479,0.0032743511485391953,0.0033276444501674544,-0.005562188712860889,-0.005633107212503671,-0.0035157611852341965,-0.003605688571944506,-0.004649368551751789,-0.004774309614640868,0.0025906113892771054,0.0026392716775001574,0.0033848289428850195,0.003292312905852647,-0.0012946235262777778,-0.001580945215114178,-0.0015040027992450885,-0.0018999434704324476,0.0015711451385179384,0.0013725899404324869
496,0.05290184936379229,0.05006886067206988,0.02247893925554911,0.016633831913753,0.011142220121526592,0.006241023599983823,0.014194535523706578,0.009231513619832288,0.029250101911161647,0.02423662739161541,0.028782444755883912,0.02775468347209823,0.012710281900894103,0.01056622451668127,0.005586704037796321,0.003675409664963271,0.007979587421689577,0.006084446191710906,0.016379618216554072,0.014507429345510272,-0.004218389943116366,-0.004809782278501959,0.01707668436126387,0.01642297961548457,0.0060853433212741835,0.004846913245234451,0.007034061391140117,0.005643144060217846,0.009390210334053302,0.007971770762007767,0.006914666843766704,0.004137288272906436,0.011857057160540908,0.010740730253278692,0.01063282063928583,0.007999945094396494,0.012709978557691825,0.01050074646982527,0.010560831833055834,0.008446850197078254
497,0.05833687946402962,0.05536185965188415,0.026399038186970963,0.019913938947242506,0.013629499596955022,0.007992760396334935,0.017518664578369973,0.011869364067759852,0.031049384605948128,0.0255562590110096,0.03084938221244079,0.02897774622698073,0.016534497216726306,0.01274122263956549,0.006302783295214241,0.002926591660959129,0.008712822237411554,0.005300003578162176,0.016879912426533333,0.013494446953849598,-0.004080539658085162,-0.004419009064522941,0.009374551155035713,0.009003536213279024,0.0027605833296716975,0.002018483937974791,0.004780975783115838,0.003940065452100039,0.0020532238225775237,0.0012571816374689986,0.0023855238880538332,0.0010256053686584772,0.006521589721104598,0.005997094389148061,0.000865266558235175,-0.0005521804264885811,0.004139080289670107,0.002570334014697085,0.002529949960013676,0.0013406525882946221
498,0.04701838176566882,0.04412113478548665,0.023250261549783078,0.017332067537445883,0.008304480368608046,0.0032505661193719644,0.011866835147352511,0.0067507813409791685,0.025616764369653856,0.020432393876562448,0.022769826556841597,0.021255590569066896,0.015539679956099672,0.01300498359089639,0.003550848337511514,0.0011566199660931957,0.006331904061637525,0.003937322351156783,0.013426749988269638,0.010980903047408964,-0.0017878766423637612,-0.0020106387137103854,0.006761840047995414,0.00658392552495464,0.0013468656921646336,0.0009155015847913254,0.003296904233859028,0.0029273784873097538,0.004202841725202221,0.003787930104332801,0.007683025158677826,0.006408736269427426,0.008979098004458334,0.00845182605406142,0.007951748233446984,0.006958927625350211,0.008038497923006583,0.007016133993032092,0.010745506980288446,0.009941662035512746
499,0.07443540734217158,0.07196887699649006,0.028873886078691912,0.022909070993604435,0.015297218775353737,0.009877496522817292,0.020555758266879616,0.014979155800944301,0.03594368964407429,0.030598429208844015,0.03481123111432654,0.03377125146125755,0.014559210081665127,0.012276752102001248,0.00548303137964414,0.0031886333301419816,0.008816941840862909,0.006456120307707536,0.016759856146863965,0.014488299226031698,-7.459623274547466e-05,-0.00017274241737624477,0.012639061350915415,0.012705491988873075,0.006383710377124258,0.006474708891614384,0.008287990449871859,0.008520539793322946,0.0077205575124930205,0.007991300522207496,0.0056582164739513675,0.006156067421378405,0.01161049424623752,0.011623489150209474,0.008852635381892692,0.009423088726434367,0.0076230879852728795,0.00799312218106884,0.009646521509332286,0.009926890852762639
500,0.07211127841038341,0.0695608827375348,0.02909167987677343,0.023508864648745,0.0114970447854893,0.0065674742487948235,0.017140671797247393,0.012227404366767822,0.03366873228027412,0.028757245061341342,0.04341465008747249,0.04220037366589659,0.015876072738969217,0.013043385449233069,0.005689663413605525,0.0032612890506622796,0.009297186175244332,0.006823474523374333,0.020060937504513467,0.01761697225249636,-0.003260322184669181,-0.003971195784263222,0.009357585050816797,0.008329037293461775,-0.0005702943042195125,-0.002204667842170718,0.0033668878779432336,0.0016537797537815647,0.0022876609154439116,0.00040443585240511,0.006957283933642179,0.005284265240353343,0.007895620851717217,0.007133038790940796,0.006624892537425186,0.005029479909046885,0.010130387057173906,0.008627105402883136,0.009125028605296277,0.007945367266224046
501,0.04597385178723354,0.04475533718721813,0.013112258945191246,0.011075623756838194,0.0013362535529185138,-0.0006654957422753726,0.003769455932738461,0.0015095842568951842,0.017962269477664012,0.015899409633626856,0.0232158699426804,0.02242238204544091,0.006910991628384067,0.005739608382694822,-0.00045062378110044684,-0.0016200049949451991,0.001146752347094599,-0.00016667449551394027,0.008809493286804814,0.007548938228040871,-0.00556989025134184,-0.005757323240457947,0.005389033147514563,0.005230609886092571,0.002340576225499664,0.0018263390972687056,0.0009279301004352376,0.00030523449814724463,0.003138854454682376,0.002646078855816057,0.0038792667479498636,0.0029775961292696634,0.007411271659159642,0.006961689817678886,0.007684342832571184,0.006884556999430179,0.00535713153070592,0.004562325594491735,0.006425529805724345,0.005785259694798636
502,0.05576886524163667,0.05254762062524378,0.02745342868371395,0.020297175732037452,0.013942755694054667,0.007708438925999912,0.017619960428802917,0.011369413819601265,0.03561457070755507,0.029490305197553395,0.02777378568489907,0.02677985011831724,0.015152152396975458,0.013103948247224903,0.005171258141196206,0.003059074079949726,0.007409208868400038,0.005287008819330455,0.018932454465097844,0.017095623192079384,-0.004074384275629975,-0.004647944548919232,0.01448575266952164,0.013885392736670416,0.0032362333350819095,0.002071090302672297,0.007329177534824062,0.006055704961232035,0.0056351691822905505,0.004236296490759442,0.0031013620406999446,0.0005810171521924695,0.008107712057867278,0.007371044394304392,0.006174980147466375,0.004597780694803929,0.009036147209689456,0.007597917390777349,0.008289758830797272,0.006956623844737797
503,0.051856191793624495,0.04927851193315899,0.021386077398930822,0.015522543824122728,0.0059511104918793375,0.0010115244985057265,0.009891797083638031,0.00478443204696658,0.026319356567474878,0.02129637723158225,0.032307993387140535,0.031391174652903475,0.014147100929559675,0.01214572399642129,0.0034794014988805536,0.0017093732937849334,0.006329422052799809,0.004396256909782648,0.016568703773543383,0.014809986191593825,0.0007445228556673762,0.0002447128086412774,0.002522373749996597,0.0017974041443537057,0.002424862374659419,0.0011700226815016207,0.005535743216904888,0.004271435388528362,0.0069583985419206075,0.005737418171587368,0.005947176962639659,0.003953935826894783,0.004254045621211886,0.0033660098787706787,0.00620470563731673,0.004537512827868297,0.00704626935653079,0.005341656437110352,0.008869426677994572,0.007511873403458849
504,0.05426077347522151,0.05206418359063645,0.022982455594647504,0.018497906864413192,0.009629419530071546,0.005524697005450401,0.012069441712522447,0.007809542569189082,0.027190245300053678,0.023294591202409926,0.031840260163562284,0.029814962160992914,0.01339123304834781,0.009477391902209649,0.005871862647938946,0.002353607799146307,0.007206755277507948,0.0036212143412501104,0.016563147348820133,0.013139759053361727,0.00029189612822979737,8.45189007876857e-05,0.006548085883614252,0.006276663873744421,0.003068876011115431,0.002553800567906912,0.0045891694563346495,0.004021429081870328,0.004593328191336317,0.004009006523906882,0.007983725013998216,0.007883630434472488,0.005658469219781619,0.005370921468709384,0.0065791081382807325,0.006061292085898224,0.004250022465261919,0.003651171812998879,0.005863600897147388,0.005339898169081381
505,0.05135167750752032,0.04840652239100319,0.02534132282473357,0.019353812438333146,0.01175174803163829,0.006318028156884608,0.015425290159651448,0.009907715351338806,0.0311161292847139,0.025806611139558934,0.03284723648499662,0.031603044225982105,0.013365102096853343,0.010826870549199579,0.003539821961352136,0.0011053170784953,0.006929120645379249,0.004455921262528169,0.015259864639278147,0.012856906847880606,-0.0006081065458641295,-0.0007360587736552073,0.012545200320202695,0.012398617328684362,0.006362007589000995,0.006234466130992815,0.006362824257049296,0.006212268620482278,0.007007053418410158,0.0068293543519882165,0.007862987686574405,0.007514607883621081,0.012430532847701757,0.012102653647393557,0.010416814865017008,0.010069069214627023,0.012577750852731138,0.012269417953890508,0.010321870960033171,0.00992450676313198
506,0.05218496606554577,0.050465295860934956,0.016553469396804302,0.012697948455485126,0.0023319563911675,-0.0010973303778907665,0.007754847266175579,0.004281360206753834,0.019739752434134682,0.016367781767921776,0.02715975877569281,0.026601273997070417,0.006896547825931616,0.005424359016121991,-0.0018273216461746297,-0.003180170806544323,0.0017364438474919911,0.00025325938264884743,0.008864965606071787,0.007545618483230767,-0.00036008433021070556,-0.0006445179150725343,0.003604648258473289,0.0032355608305448397,0.0032254211300363723,0.002610957437556384,0.004587565053463144,0.003979355989428267,0.003478218008024983,0.0028168866358798325,0.004346036508203379,0.0030899367549808683,0.008873844223485016,0.008353463494552736,0.005377310289397042,0.0045051104447044925,0.010453579016125347,0.009631970840924256,0.0092488228254761,0.008519330372243549
507,0.051182722344601805,0.048549810722695104,0.024176354098484884,0.01888642175400117,0.011670863174686314,0.006731308948907594,0.015008004472686581,0.009843545747741014,0.029034603497344602,0.024309115705285992,0.03533817780534419,0.03362149124840854,0.019474011866413683,0.016276606557501877,0.009934625691686084,0.006676163162515694,0.012426041939857932,0.009033331705158413,0.02114170773269364,0.01802650071279506,0.0011226184753074108,0.0005951824733904931,0.011351838009039742,0.010733400144871952,0.007801575059241247,0.00666148175257554,0.009122218244529374,0.008057507703067613,0.010416772074673893,0.009156251541525776,0.007339900608598561,0.005174865268289521,0.01093091150659347,0.009948778758666808,0.01292060559586149,0.011115832591985442,0.0098087944844821,0.007768556158788088,0.011611815410008,0.009979254651815987
508,0.0461415474915241,0.0439909732662686,0.0189871867106268,0.014932664899870388,0.008650790133701434,0.005339795402349759,0.010476136090583659,0.007037258569469454,0.02418858967937848,0.02082236371964897,0.02671545791286271,0.025724453670099668,0.011661144880319689,0.009680784299947077,0.005208067245879111,0.003667534297848549,0.006571132888455418,0.004917965578977302,0.013970326955765297,0.012348890257083245,-0.0005750039716086893,-0.00065203286161899,0.010745037675516808,0.010816316053944602,0.004314172482904848,0.004352756159663148,0.004730637727568714,0.0048661446545531905,0.003942243979261252,0.004033762784235978,0.006243368179723259,0.004937899291553406,0.009486904827712988,0.009132744218557753,0.008527192085196965,0.007920393839948272,0.008083558143673189,0.007497736216723806,0.010793264350365667,0.010337428443475584
509,0.0536747268978481,0.050536346372615906,0.028797050359499317,0.02222211866137662,0.011239921661015511,0.005368348498841946,0.015857310183522717,0.009894518390451546,0.03465424304171965,0.029132394956989195,0.027069983938972298,0.02588792228853164,0.017105586296833345,0.014475608369168669,0.0070989283458328094,0.004624752699969236,0.009275879885076197,0.006720340561331117,0.019723801338810985,0.01756872660448245,-0.00487123997121712,-0.005178426027091185,0.010390905135839557,0.010287932124312477,0.004022265926796079,0.0034881529756037644,0.003600297892032614,0.0030399794285687455,0.004774609004743644,0.0044257718144760805,0.004343534385052943,0.005084292678191651,0.008097237337192604,0.008259796175311482,0.00853792240948927,0.009224157350665783,0.008843221449011946,0.00942290769591139,0.009978641284663626,0.010414526395269286
510,0.044687825821440444,0.04237690643104288,0.02158434537751166,0.017211552385840503,0.009921119426418228,0.00622555493025473,0.012052404839845987,0.008112083308445227,0.02694886434359351,0.023241262286152357,0.027906985602066076,0.027364354919448976,0.01522534118909868,0.014620533808459332,0.008364998649551477,0.00766724521957241,0.010035669823020791,0.00916119896390645,0.01911660034544836,0.0184950403753139,-0.004500273276997066,-0.004584995153211971,0.006459763540644009,0.006457731327405095,0.001794488674009646,0.001742718292870067,0.0026427862205308677,0.0025759840736167923,0.0015606168342317298,0.001478723348731474,-0.0024356509993102965,-0.0033500901696963195,0.007226374396729407,0.0070917867056345275,0.005005497672966317,0.0048360336831083164,0.004556537251190025,0.004279464545897071,0.005215512078703381,0.004972409396159515
511,0.05676988468258058,0.05285833303639735,0.031977669625004965,0.024524983902876923,0.0174452026600442,0.010969573479037813,0.020897914869176946,0.014298179212116707,0.03757672196480685,0.03123438826431919,0.03308218563096549,0.030857821860623903,0.022046381235267917,0.018162925704521507,0.013199239282752651,0.00971852743896468,0.015886659577405017,0.012297200024988953,0.02578214237585042,0.022281215771971126,-0.006612464775820594,-0.00649265477709717,0.007792713551539002,0.008105103752080936,0.00107112368034545,0.0013395274297315653,0.0011714730719669742,0.001503764349544797,0.0019158762667177997,0.0024652051323276643,0.0037670595193872993,0.0036084726531523067,0.008473040778371363,0.008303804859303404,0.007799456642127158,0.007702636990996425,0.008178814798230655,0.008017951129936932,0.010647953112887184,0.01058577827795622
512,0.04368051701113221,0.04054812891605376,0.013649731953022059,0.007393291922440201,-0.0017553561760922977,-0.007066345072348443,0.0015261243293852524,-0.003929075370024561,0.017883107439105633,0.012352305807806063,0.029796382224691935,0.027544511093932522,0.010752720427166077,0.006451926054022897,0.0009431019352882257,-0.0027648092134861624,0.0030617535867096366,-0.000779700445884427,0.011700783586036411,0.007686508740587084,0.0009139026597561037,0.00026685568882618834,0.004711125830965562,0.0040775885834963815,0.00333282573457772,0.0023797830718576833,0.00488410914056151,0.0037700551964345514,0.0046353371727569665,0.003487835572714167,0.006168523624589131,0.003218742266132904,0.004508224147817685,0.003622900077766605,0.011155063764859538,0.009332251587626815,0.00917919018547471,0.007367426022799139,0.009894639330007783,0.008358220516242782
513,0.05507110799700229,0.050651785926478746,0.02911496046557836,0.02058590554098534,0.012731678407580807,0.005498122602519796,0.015213972969219159,0.007845969003547934,0.030207017534535176,0.022422056699179474,0.026985164094887142,0.024737473818840065,0.01855256818788404,0.014486648988348705,0.008525193883635238,0.005020388841787171,0.010615467423242389,0.007009698296461956,0.018428462938980587,0.014644991010907821,-0.0007091166936526677,-0.0009069462204041943,0.013804445420512002,0.013627537804329954,0.008007731689893263,0.007642510586457987,0.011686569629890581,0.01149259719739406,0.009283945736376139,0.009027812551877531,0.007486071898171227,0.005968349000296381,0.015609769352246575,0.015000482504049359,0.01702497595580216,0.015883925279049745,0.01661654238258963,0.01564700623643763,0.018041627781308488,0.01721446867940956
514,0.053332271232033754,0.05054353123281881,0.026027870255035383,0.02054625774538759,0.013150816443332885,0.00873854379141947,0.01755099281675406,0.012902456117023328,0.03015201913505855,0.025505822869044938,0.02483509468523868,0.023843493985656217,0.010363274482868494,0.008441995818974844,0.0024246562859236674,0.0007326593655781595,0.004896414690188227,0.0030731424405330754,0.012516726108043705,0.010720445875947015,-0.0016033159088884418,-0.0019212732400424413,0.009858860250643892,0.009554786972482025,0.004837624034135807,0.004339626760807458,0.005902499104505135,0.005308599307076505,0.006942557535124664,0.006459824072501318,0.0017241184372703976,0.0005793710483258405,0.01010912988623716,0.009785748371540209,0.010114708363309539,0.009574274794592764,0.011265658672849677,0.01070116199441484,0.008390034847088525,0.007766902871460329
515,0.04436003622824059,0.042720217436001205,0.01617356126508238,0.012249831562642137,0.0028927826718670837,-0.0007095630475813744,0.005940146298008999,0.002321126447580016,0.01897562635197002,0.015534157263221613,0.022848872980543937,0.02240400617703439,0.008997322231566263,0.007857299714666602,0.0006791340502615513,-0.00047972080311541466,0.0023898273543085115,0.0011312627814242635,0.010319656751326246,0.009132820586038376,-0.003284349661608449,-0.0034038099982864273,0.006993957157229716,0.006854075806914789,0.007189591525669337,0.00701613854731426,0.00603817876834838,0.005855070994493625,0.004863169188652394,0.0045009591377291585,0.003821561241551104,0.0035704198025354474,0.010251130541106785,0.010123262725352158,0.009593247172632761,0.009429345958420822,0.005560302870707146,0.005292977954926404,0.008994620757328977,0.008737299705264441
516,0.06421896777905176,0.06182110500541542,0.024018932727821712,0.018768921857538066,0.01096862896927535,0.0065366357176819614,0.013825252748673775,0.009251243758432332,0.02654279115142496,0.02196867808241553,0.03247989210503206,0.030660159972144756,0.013122750271693828,0.009495552966065753,0.005636251292754094,0.002641518285075078,0.007454408594521003,0.0043821411579913015,0.014366423365217523,0.01108642445517364,0.00266268755067056,0.0019828995501053348,0.00649003596693504,0.005728385157996257,0.003234827737239507,0.001898898499642505,0.005160487781453073,0.0036165118618465405,0.005826440839443186,0.004262054483521072,0.0020315840095432173,0.0006805948998102583,0.0037632818862378035,0.003261458061434659,0.0034019885094224685,0.0024576170069794115,0.0035932142887843918,0.0025791938165048763,0.003554267522968342,0.0026989444566331545
517,0.05680267041535647,0.05438963422690128,0.01916061740681334,0.012991507668196886,-0.00027575291129345876,-0.005625044836174969,0.004389606466867324,-0.0009875282910383977,0.023153371349886594,0.01772647074501552,0.029808288686479674,0.028880049888359256,0.010547549144979722,0.008275693540423788,-0.0029094089102357085,-0.005001784135748715,-3.361687565922701e-05,-0.0022470324993059437,0.010604901806629659,0.008444406066983752,-0.005266570427183423,-0.005516671831416921,0.013346783956342746,0.01307811468988829,0.0057744149937397375,0.005297444560585174,0.004518996453545863,0.00391429438109585,0.0062572933021536655,0.005806244957458298,8.322130745088055e-05,-0.0014895997731537824,0.014181983068594509,0.01372513305466958,0.011212691962000705,0.010462967830947504,0.010214788992540014,0.009514991150805525,0.010099802905092351,0.00938999641995036
518,0.05021243300551102,0.048290156899519085,0.01725997703164172,0.01248168603792868,0.006246930869648282,0.002023492258886149,0.009059902851841937,0.004663855916742198,0.023906697424480264,0.019672289669904225,0.02807259757659446,0.027149932790190644,0.012916059962310166,0.010940165973778887,0.005268864710526509,0.003424329492698935,0.007156183553178158,0.0051256088072352745,0.016079821471942823,0.014103711109449638,-0.004469927328012716,-0.004613391022724629,0.010375389349856764,0.010218697198975519,0.005729486496864239,0.005386849633325265,0.007420176395916407,0.0071592156745111865,0.00650950280894132,0.006238002818921104,0.005867472458041405,0.0050676940312843295,0.010561716310605151,0.010250310685113877,0.013454745308742569,0.013234043574471156,0.01279527481577065,0.012428999802084128,0.013415307618644706,0.013026830301109505
519,0.05635208485025789,0.05425831159178984,0.025146076653517112,0.020845234250264306,0.012561640915534824,0.008898346604616122,0.016129753155118245,0.012275389984507935,0.03061854455752929,0.026855649837220698,0.028829437483781806,0.02784134421335894,0.01557421539088737,0.013799407736614191,0.007956317364751367,0.006368692518389811,0.010147344325206758,0.008403309678994015,0.01939094412107304,0.017747603020062164,-0.0032909913728868833,-0.0030605434294966307,0.00975788871206305,0.010085026074146054,0.00377327574169293,0.004090804463419879,0.0045247367110337056,0.005028807727267484,0.00545417568193589,0.006056750044706811,0.0010651027563674295,0.0012844058212073215,0.014397431599821741,0.014512395581783563,0.009813771556363477,0.010451557756521759,0.008783261388981323,0.00920642982378708,0.010296255393432121,0.010596473876104033
520,0.0634339256064287,0.062439913946575186,0.01964155104946238,0.016914825469014592,0.009446477080737682,0.006910652687222839,0.013052854703271475,0.010272914834857913,0.027535965044836862,0.025299863240085697,0.0358939417861561,0.035871723483326484,0.010538013549782644,0.010198913332178264,0.004138481671196695,0.003731443138394896,0.005846343082202046,0.005207114164058788,0.014536066752351784,0.014264568403516647,0.005995605222249585,0.005849867749261399,0.007281305249403565,0.00702858131442947,0.010533242348016501,0.01027811363617364,0.009617160563548869,0.009297839578245244,0.00855950677243365,0.008289162832138153,0.00659488523681567,0.005585494944697423,0.009904266404294324,0.0094080081033347,0.012241278385485202,0.011482917279630023,0.012135514744376142,0.011417272498619188,0.010912067053165986,0.010166039243978688
521,0.06381233756095497,0.06192216897418411,0.02749463944654369,0.023588977686023218,0.01400823485742951,0.010518985773639336,0.017452584730595137,0.013724479918811506,0.033021291936648024,0.029800948368046677,0.03439270234670615,0.033950484084374725,0.013557858054500188,0.012575356555239229,0.003897803980178289,0.002702940004329725,0.006465595016450771,0.005180358680537655,0.01590735227964366,0.014946587199329415,-0.003895064350444787,-0.00417442884201734,0.013714598902378545,0.013633516377894197,0.0037767467927185376,0.003474978756477462,0.0057487616962382596,0.00558597066065697,0.0058905325555729466,0.005533483964936998,0.0023489781317171258,0.000694644078614222,0.010275265587176874,0.009663838277613824,0.00860035622873594,0.0073955461079818485,0.0097370561052652,0.008650614551423562,0.011981051490346731,0.011041617101141953
522,0.0636823512441567,0.06231739708494492,0.022304506036224813,0.01869143052542632,0.006702631552328688,0.003664393386968444,0.011371454725373842,0.008222968951515017,0.027114927615665176,0.024099302796287983,0.02748605036136188,0.026808077157249522,0.014003098513806819,0.012448828132509285,0.005263487176694337,0.003982379453073925,0.007146230331379319,0.005715880019066178,0.016684075194995186,0.015359005790850056,3.352629502827732e-05,-0.0005481332930778036,0.003091594010087244,0.0021290887853010125,0.004606014434038545,0.0031385137488218508,0.005514689283960753,0.003811073483740439,0.002959156104953184,0.0011130727229076566,0.005532410968287353,0.003099537762936586,0.0029623652700020717,0.0019130728616730975,0.005619093859774165,0.0033936865867837942,0.005828892270296102,0.0036644609468533184,0.004729071504952475,0.0029779874903598813
523,0.05996985784017224,0.05643103547622973,0.02966971306021734,0.022709527860517262,0.014802020450456163,0.008543653868176649,0.018170197075361293,0.011959228157513139,0.030064388019728862,0.023904912073257456,0.038384988043993394,0.03620339820515746,0.014574133979062796,0.010318759491401003,0.004044825636499066,0.00014416254710238825,0.006935099498072754,0.003087194559568897,0.014909694617869396,0.011076593346345514,-0.0008727367342381616,-0.0011398116124039241,0.006671672639383663,0.006460500907337084,0.0057298710285203355,0.005406640985748238,0.006050477336498021,0.005737040798407729,0.004672773779004562,0.004342461055428971,0.004515701985032384,0.003608018920574741,0.01315260572133658,0.012824042662496676,0.011631613428590034,0.011296847252096417,0.010434283328411457,0.00997221265875162,0.007995908097986138,0.007329252600731728
524,0.0478697562179869,0.046881093903140644,0.011211517907629032,0.00874121535065135,0.00020974478559506417,-0.0020085476885391665,0.0037053961289680486,0.0013697732841299413,0.016143677923289818,0.013972896914272906,0.019526330525680518,0.01921367124563327,0.006353612622321729,0.005484625674142989,-0.00011318512996026191,-0.0009531441570959264,0.0011559491228752144,0.00024660724032893826,0.008803385308231357,0.00798254345212213,-0.0067217702663294795,-0.006484702533608227,0.002344831646477633,0.0027169398017222067,-0.0016496660484016212,-0.0012593354186492562,-0.00046991465593950593,9.818173237809746e-05,-0.00012122179269847553,0.0004779805528333246,0.0027803828857570585,0.003294125805480751,0.012604000982133507,0.012817701246993819,0.007158467571191008,0.007876517659149757,0.004629204724828089,0.005230565402468667,0.008361588872743332,0.00885243145316
525,0.0510963932933175,0.048806014249858504,0.025791066136136402,0.020941963875504687,0.009789359225354793,0.005425722345122415,0.010746743354701346,0.006227920348740171,0.026624074531172208,0.022151845344768367,0.026035836661719786,0.025100323839016742,0.011964185992685842,0.00996426211645783,0.0023111205576437743,0.0004130220341952851,0.0027861674760924268,0.0007650389522669153,0.013012176744101985,0.011000820571852563,-0.004357290551599573,-0.004600042470647876,0.003823664730857891,0.0036631150184039092,-0.0005965141497612252,-0.0009518681457439324,0.0006699840735038211,0.0002155015830984746,0.00103072509811007,0.000754030313590466,0.008601447029518455,0.006852730158735179,0.009556102782461318,0.00869613325139269,0.0071374171666184665,0.005256060286625575,0.005062854760189823,0.0033294832818874876,0.00939804692967515,0.008025641733950862
526,0.04489780149988348,0.042123286911194976,0.017181802439978636,0.01140627164411089,0.0036774767979436693,-0.0013433017762954763,0.007000100831384207,0.00192786573244613,0.02151502087673369,0.016572174966215002,0.018520660586702344,0.01776501735820974,0.003865767055775747,0.002192245570340823,-0.003947352645416311,-0.005408438002017344,-0.003070737457310949,-0.00467794126128092,0.006924162760174435,0.005517379041327785,-0.004029754033906829,-0.004152570866586901,0.004001348687633766,0.00399850040634178,0.0022104214098950864,0.0022362057933387456,0.0029416322803032984,0.0029614735898201754,0.0014873726680681252,0.0015823089727785903,0.004129691282630134,0.002987201669535532,0.004414266371763276,0.0040790597656159555,0.0042308912262179485,0.0034919816340004384,0.005730404872528472,0.005116696665355165,0.006598248725911675,0.00613299227643354
527,0.048590153909530365,0.04633907524517884,0.02739020911511152,0.023220044161210297,0.015416372873886978,0.011681603007337055,0.017234876000251434,0.013355433164031354,0.03048963419995524,0.026684281817746364,0.02602230679492944,0.024543902022159527,0.01475416598314357,0.011978715985723792,0.006238794331694391,0.003781714775770207,0.0072153344537670095,0.00467303590312184,0.016840818136720344,0.014286646652905022,-0.004927562779102055,-0.005248764807315608,0.014805051148338622,0.014586981015404066,0.0041756047360915855,0.0036205163536149423,0.005013124314436458,0.004452024448118643,0.003223739616115744,0.002732982176825108,0.0037084822620479254,0.0023927467338378237,0.011259483837190038,0.010805979206148444,0.009948481239518657,0.008914521061207135,0.009166942016435019,0.008253783501214284,0.00610901283244675,0.005239500817459166
528,0.05911922360141799,0.05730100442272464,0.022518572385869448,0.018559540276438417,0.010850110748756685,0.007355281810740416,0.014977785968730681,0.011362526575465038,0.029713483375258604,0.026254404076017302,0.03199413659757242,0.031915233098706926,0.010960413851585997,0.010669141175013856,0.004013367992973543,0.0036173167624246,0.007484755881022848,0.007019139601586605,0.015832596923749522,0.015651668970389238,0.004980704781685765,0.005228525614431887,0.006926712107695283,0.00739806753248321,0.005588245780288915,0.006378833620090873,0.0056578198972585805,0.006522238469923443,0.00604081319177729,0.007006367925202653,0.0042662418926136935,0.00475240514605955,0.005945660621711323,0.00603185266716311,0.007985978256197814,0.008417895286510355,0.00916046845867529,0.009645828496559235,0.007906461583081928,0.008268457322317815
529,0.055469337805125654,0.05249552898571529,0.024606874820591096,0.018552017663416766,0.011507199851324175,0.006603789496992826,0.015215899570730182,0.010197104729740263,0.030071287291092437,0.02508274304508702,0.02685836563277203,0.025323418714106212,0.013030937999626558,0.01002017832686698,0.003927685506525205,0.0013789135697519189,0.0054285146562358605,0.0027734898037250714,0.015628332278953917,0.013071229056904415,-0.0033981795438438904,-0.0038989140804608032,0.003938679136847876,0.0032946584686647253,0.004165445797445458,0.0032455775636404624,0.005450908715570887,0.0044247133051915875,0.005671869402791623,0.004548451713853321,0.007296212122113786,0.006258410854668925,0.01096865677515092,0.01047735862658172,0.008863852960361737,0.008304594997518688,0.009785002047146746,0.009112049482625758,0.013022621820660458,0.012511758688233727
530,0.05589249327896906,0.05239940658213256,0.027370982914798135,0.02079996906585694,0.0150851174845229,0.009495724766321151,0.01866816859212064,0.012871180261551287,0.030782948511575387,0.024850493595089253,0.027868761511692493,0.02609289848179013,0.009693790977571216,0.00632697202859351,0.0012944028213843742,-0.0015687445884959717,0.002593831153200922,-0.00044894699457334754,0.011412650071557338,0.00837908704602501,-0.0064606187769473645,-0.006527293615075494,0.005865624742300355,0.0060041982600272294,-4.290727913771708e-05,-1.3513125277842724e-05,-8.439466661549098e-05,-0.00011540219571454036,-0.0005438640983122994,-0.000509766283039357,0.00015021857600608168,-0.00042960143187720565,0.005452733846891124,0.0053099521628459986,0.0036689389766237485,0.003250826822020569,0.002305152961363496,0.0018833989081626413,0.004521816355734798,0.004310792021103092
531,0.05725059887300395,0.05255645121231452,0.031281358143627015,0.02214641195213211,0.015481587746885106,0.007204070091505059,0.017213379099693144,0.008982097567084442,0.033753461208631944,0.025331791684067972,0.03533623933714654,0.03335312450447243,0.014753111403111748,0.010872315616795896,0.006567297877567324,0.0029549349621593815,0.008770157584920467,0.005134359664195879,0.018286408045804732,0.014610359590415439,-0.0019513946769619233,-0.002271411932777128,0.004654062621506349,0.00445264800074731,0.004110625715677598,0.0036659817867737894,0.0031249690596134106,0.002604410598964822,0.003518241872813182,0.002941610935032998,0.005834491075106338,0.0037953486503589386,0.011936828970174297,0.011149413155116156,0.011819226630715416,0.010238976431059055,0.008507452593483535,0.006714826939652493,0.008938192176112683,0.007522416237864454
532,0.06896730420939408,0.06662901011225064,0.026156204946488282,0.020637680560174544,0.012679045085761611,0.007922555831169593,0.018511156747223406,0.013656845560995385,0.034247524289100974,0.02958701862064108,0.03182049630789797,0.031243891673813244,0.012127810700042322,0.011071044182578578,0.001717726198533475,0.000504388388721894,0.0058634869945748975,0.004546896945218775,0.015721855641390142,0.014720279080244997,-0.0004680595572527823,-0.00020745073987818108,0.007806148839869259,0.00837618298414736,0.0017473052287188169,0.0026096504374393857,0.0014678012983345605,0.0025754809649435402,0.0028326051487918883,0.003958534074364357,0.00024908502843703475,0.0017261169337675713,0.011593726390769082,0.012384692278496425,0.00309747695435958,0.00504461508812269,0.006728473066497073,0.008714627215402204,0.006475249668356853,0.007974590299143356
533,0.04847450784642989,0.04547063287523879,0.02260281369092238,0.017145865845027718,0.008725102685496297,0.004177118920202077,0.012332554831494752,0.007593368485235115,0.02647489590603393,0.02163423303097494,0.026357289967852505,0.025091325073168424,0.011787348600906744,0.009633440750199923,0.0027353345820059958,0.000786975067479256,0.004997671001658831,0.002958186445421709,0.014202502749023465,0.01225805461009927,-0.0040282365241926755,-0.004260296843337904,-0.0009982434222828157,-0.0011306719036672473,-0.004138980796594913,-0.00443460943953434,-0.0014364437308286974,-0.0017058563770486648,-0.0006758461490462976,-0.0009469601224543504,0.009401607002156028,0.009484252217019613,0.0030186490691241304,0.0029450748559460733,0.0038826740118164697,0.003961743762769402,0.005064682343761933,0.005051832316815602,0.0068219531792261465,0.0067955174035343
534,0.04208234971951229,0.039412518922990955,0.014154590507980555,0.008811255222488799,0.003627931979344883,-0.0007558602517150545,0.006579976417103317,0.0019426533043326896,0.017776859141880742,0.013058987354485282,0.018436331023099835,0.01786581918078279,0.00786285937440753,0.006781406477220418,-0.00017414728028981202,-0.0012162478081139262,0.0020272754865090893,0.0009247439119689528,0.007984521687774953,0.006944364189197506,-0.001794948496031608,-0.0016542571129188675,0.004786296801918558,0.004990436379122211,0.0027265600062236607,0.003012623877592483,0.0023756199783103995,0.00281681284977398,0.0043927162650237075,0.004888120411120977,0.0025312282527694316,0.0037271504207237968,0.00622671371462102,0.006623287885428481,0.004424081735105225,0.005603059581482923,0.003957392190253733,0.004975412852126542,0.006045661342479818,0.006887403498237907
535,0.04579041442620294,0.0444063714233397,0.016224913668227155,0.012715003584407535,0.006764057393234218,0.0035476272706560738,0.009217335443713353,0.0059164312158084265,0.02344289956363008,0.02048964396874105,0.025035316948540852,0.024778595082528814,0.010882498638816239,0.010073880934980172,0.005108858025489797,0.004060484348631082,0.006484739290948169,0.005415624207853671,0.015337432746208158,0.014442904758244118,-0.0029238412537104137,-0.003060832927559348,0.008483821894033742,0.008491808585723551,0.003237811687881515,0.003107855074468111,0.00422418521824093,0.004094598725763954,0.006297519742529919,0.006283565780324183,0.0016333476170774144,0.0017117486768505944,0.00973296662490663,0.009847417216121635,0.006675789513785529,0.007017336354497109,0.007644053569252083,0.007955925267188886,0.009477345687552877,0.009717072655491385
536,0.05757972359156287,0.05392950837754754,0.026210075887294088,0.01887831896210272,0.011423497309596166,0.005090982499672843,0.01609632645126261,0.009721660137630473,0.027342248550627706,0.020782515780565065,0.03532167168356719,0.03407153557396707,0.016409751040637258,0.01372786529260763,0.006079173049931812,0.003593455959381004,0.009472805835841874,0.0069078937875181766,0.016197721341739982,0.013653239859668043,-0.004993427501861497,-0.005316343242291925,0.011316071470399168,0.011115330735244918,0.004138153737115226,0.0036937195080485484,0.004183242456544016,0.0037187742000696377,0.005338203331753217,0.004922606208033701,-0.0006047391288226617,-0.0006984388057175529,0.011032210605909561,0.01107009576231656,0.009124702432298706,0.009504054906536148,0.010712477936562107,0.011063177501410025,0.012036308646662882,0.012253928506556738
537,0.034631026961330545,0.032161596652467775,0.022341452870654543,0.01733823513103455,0.009868725862659066,0.005374004623014034,0.01186401879026268,0.007243792766402352,0.02661843167481886,0.022131098223060485,0.0195982957861404,0.018714808194063928,0.010639776379442432,0.009057847557566582,0.0026668803357845655,0.001155326267823051,0.004604323291292309,0.0029305699891946624,0.012580370082878068,0.011061319694711138,-0.005959921220686606,-0.00610149074153867,0.01060777310656771,0.010535741164380441,0.00446247919704181,0.004178505899309455,0.005549031020814216,0.005303410907795714,0.002736841248062398,0.002374316387577148,-0.0016651356787340174,-0.001664270492757918,0.010635052266490207,0.010680104330295773,0.006812017214805339,0.006955482636011788,0.008188194651424287,0.008399403630756141,0.007615787250459989,0.007725019539507519
538,0.04753557078236359,0.045523686072162006,0.018941199963686404,0.014970095112352194,0.007159898436978955,0.0038047394218728237,0.007996805413745615,0.004350146040736872,0.022963608357504328,0.019437164437019948,0.0219830511531159,0.020774852216717953,0.01006870242653337,0.0077897552793195005,0.0029550969092232864,0.0010041311560534524,0.00308256535558461,0.0009252572629402205,0.011807176484291967,0.009681118936591081,-6.788476964485896e-07,-0.0008364046951227052,0.014911827109034163,0.01389146902945496,0.009840644344978137,0.008167832074574081,0.010608350723064947,0.008716400538840593,0.009281343731735534,0.007276578535449022,0.0034282875487595746,-0.00035787681103311954,0.012338249050708716,0.011121382731455666,0.01029606186691439,0.007412556925041486,0.008186610995256843,0.005568688556306406,0.009015698095839944,0.006845246004050805
539,0.06313709287949155,0.06111804301363042,0.022808968639938903,0.01833437871387382,0.005091247011151699,0.0007763772295591536,0.01008220701281402,0.0056767078717552735,0.02704125684493594,0.022990976272305248,0.0362509342591746,0.035183020061545875,0.016615481231421078,0.01456102634556855,0.0031595843783806033,0.0009623386239022055,0.00641398782700398,0.004124316168876732,0.017151130751217474,0.015062495914563878,-8.263531638568562e-05,-0.0004388235533202724,0.007107974504327641,0.006896792609030392,0.0013843619127996858,0.0007165808276526108,0.0028268677019687603,0.002231609903140186,0.0032638484241101105,0.002540572696057774,0.011451905455863711,0.010223372320951675,0.009813968789118605,0.009242477743101449,0.009314174486582075,0.00794136188693791,0.010658696166636977,0.009621228167487637,0.011134536707896247,0.010189155131856436
540,0.06220187185762248,0.06012057206338002,0.022497959678605906,0.01797998369711744,0.007969598827148334,0.003767208519891302,0.012935343287449455,0.008679170614190514,0.025743940097239754,0.02177540169143749,0.03435236143864161,0.03344779086298649,0.00902421632067378,0.006875597292201456,0.002182107115049503,0.00025924320199312496,0.004887063844658783,0.0028468672879384837,0.012353415905792467,0.01037731997205633,0.0014563143973875925,0.0018255670108613168,0.005565185061816314,0.006202950261434055,0.004058982393574883,0.004865337985206698,0.002483755561731766,0.0034358802912973405,0.0010976340158765148,0.0020949611784707727,0.0029427850756782383,0.003824550417788778,0.004899510855575819,0.0051733173493622876,0.002797790178456079,0.0035058457160741393,0.0023343380160212317,0.0029830977127409315,0.003285129632497568,0.0038333432515723527
541,0.03829128876219355,0.03634351091451242,0.015806464133652283,0.011522222114445757,0.005899042698856374,0.0021272864623545383,0.006515147600304891,0.0026781421367861264,0.020153335110563744,0.016189143218426977,0.017380936883702784,0.017059696208461605,0.0043008327554009676,0.003416801745592433,-0.0005437385294007102,-0.0012224135119242435,-0.00016902199405591153,-0.0010538270499338693,0.006687452117432396,0.005836240471287775,-0.0033538120298962303,-0.0033671245009248827,0.009493620340997667,0.009523627227872148,0.0053600462368179076,0.005442912721066556,0.004438388408894827,0.004526760353394875,0.006313106507623192,0.006463384089780028,0.002595342278193102,0.0017248804054140945,0.008371065224135655,0.008108958233242026,0.010654404932721788,0.010578423353688087,0.010115751741822452,0.009836688730202143,0.011353634593593388,0.011098593760862113
542,0.046421503863590195,0.04448334275096985,0.021013913987350745,0.01704095586614559,0.007311797779781493,0.003798516939440961,0.010766949686401083,0.007065734017387734,0.02537247105886815,0.02189868087969578,0.030004174866781735,0.029602318070809496,0.013162277378154225,0.012140588047338505,0.005287444362097223,0.004379467112979237,0.008611654045221016,0.007599212410187095,0.017948172448373496,0.01712595057230239,-0.009475590910024463,-0.009276741706029597,0.00582717544607495,0.006251078142889693,-0.001835376153827073,-0.0014324182906235246,-0.0017236644490183123,-0.00124196667551083,-0.002012050513254238,-0.0013975621834774175,0.0029586649426710286,0.0035065994907283724,0.006081908827017471,0.0062584733801284405,0.00248537745958699,0.0028507667992732424,0.002279829384077074,0.0027920050526984734,0.005140789894257209,0.005573628533006773
543,0.056123644229976996,0.053768139354263944,0.023136356807916657,0.018097353694962643,0.00972369975227792,0.005317638655933777,0.01257140444208692,0.008007467727216087,0.029754800863882692,0.025295005381818513,0.023678241901454254,0.022833197810652704,0.009356866425956371,0.007754577507275723,0.0011608186218787157,-0.0003024015517955062,0.0021726842756399243,0.000558060154369853,0.011617313250082494,0.01004532918176659,-0.001256181694264757,-0.00128060791818806,-0.0014573290014870685,-0.0015118174903263175,0.00017321589553588736,0.00013396322873736097,0.00024208482896407416,6.495791199388493e-05,0.0003112133918661749,0.0002017357896852157,0.006616539225371594,0.006277544920429439,0.004169151410460552,0.0038847907689657907,0.004415903283765963,0.0039668922157910045,0.0031173800170667446,0.002595681004501692,0.007390034822128565,0.007062822222173899
544,0.07177297448114517,0.06881825397266486,0.03152195140460783,0.02505569372969609,0.016255490815225516,0.01096948013941144,0.020552922364823357,0.015117517562588315,0.03842398153499173,0.032966388103782045,0.03488518701626151,0.03306482752872173,0.01741145436348784,0.01355468194127491,0.009126045883089441,0.0060854659099175605,0.011239159596223356,0.008093343841309811,0.021596121855275423,0.018399293634524437,-0.0034681652641314156,-0.004644695828381264,0.014958124614105405,0.013852767132691724,0.006008851781235952,0.004043672083776229,0.006904459211960361,0.00468519793539807,0.007066610735715885,0.00459783980906601,0.012844985225822985,0.009951089330477728,0.014502261042368536,0.013569518855088525,0.01068340694156672,0.008366423270961912,0.012122318142136865,0.009962937271081627,0.0140732557503624,0.012317944366428003
545,0.039417471607584034,0.0374196336100714,0.019865767358030192,0.016365217703841146,0.008767041783170029,0.005709583893563784,0.010004318131193136,0.006723141414370486,0.021561029610329345,0.01849198648742182,0.021349263032911354,0.020284071222275355,0.00990559090776036,0.008132440370516357,0.0007742088358115172,-0.0008011982940599455,0.0019191035629045148,0.00021169414438992873,0.010035259970839932,0.008507023585629648,-0.008403036866492419,-0.008185791681060326,0.007056065412911013,0.007621733001528368,-0.0014662771776355373,-0.0006837932445679601,-0.0008691791573197927,-3.1780946392028734e-05,4.8035826610655647e-05,0.0008958218866820459,0.0009363645926286114,0.0024921572894789066,0.007895712485105729,0.008472360272957906,0.003993559153988584,0.005441235368911628,0.003162348174331844,0.004587560989631695,0.0045198486248874195,0.005433278421262925
546,0.04218273650522263,0.03986455602552127,0.018912296939284885,0.014108299995002137,0.006429796075622577,0.0023318551200566875,0.008151582681625389,0.003859409864161882,0.023795110696643678,0.019726641170995877,0.025455244135513776,0.024500810419018252,0.011932548697159337,0.010151851823620984,0.00404958370259254,0.0023943916130996475,0.0049778246226608956,0.0031998061521586905,0.014397336797345908,0.012806287473122943,-9.5397652583011e-05,-0.0005197210188747041,0.0043540867758442865,0.003918854984887721,0.003993622183723545,0.003267622923256725,0.004910950450327115,0.0040347945883085394,0.003514914451680689,0.0026615735715092826,0.0026309703606960787,0.001993351045358851,0.006615379080123598,0.0063753871266471526,0.006109003873604699,0.0057802376761337685,0.005445649999691963,0.004771101685443315,0.007482302103711101,0.007103802979098984
547,0.0697508830019142,0.06796448286216507,0.027160755720653056,0.02315667102632233,0.009552156068042581,0.005821169272650877,0.016134463914028074,0.012332731462072444,0.033178812317221404,0.02942523709332793,0.033182152386192224,0.03245626217191181,0.01482925690504503,0.013573099666940694,0.005089367575403644,0.003709174509028905,0.00800144922552469,0.006524183724453475,0.018609981928513555,0.017277918438067415,0.0017137218337158317,0.0015547219973516132,0.011855814538827007,0.011683840067446489,0.009572007882147448,0.009239950666913297,0.009331683631304327,0.009007981297504786,0.00950749073874237,0.00916177886329197,0.004432587412841692,0.0031423115413800793,0.009024599470845458,0.008596812496549056,0.012262536734396026,0.011654405262222046,0.008204041539402162,0.00746380974036982,0.009441146355397133,0.008867114980112917
548,0.04770089275030394,0.04427610815975449,0.019662625823816414,0.01308600918540415,0.009516492760552185,0.0037076672339978996,0.011313748198190334,0.005473968512838973,0.02295593465812584,0.01700330683474973,0.01836467579385088,0.016269028940179085,0.009053193641087554,0.005146895345472017,0.002618490025594023,-0.0008744270794128017,0.0031948289245931393,-0.0002813856815388747,0.01087712391916466,0.00720130005989868,-0.0038477626371543503,-0.004314976286241043,0.008196132283269642,0.007672997780276669,0.0032062431172138355,0.002347099961664075,0.004043102380771432,0.0032117667250527054,0.004757281804415732,0.0038434782351176693,0.0066502736781793486,0.004400267615583187,0.0068726270822754955,0.006077527853700441,0.010255780428039919,0.008431688095064546,0.009843624325209582,0.00817113376070775,0.010335668173511106,0.008936281138738685
549,0.05851477664839252,0.05620913719998597,0.018745763312315398,0.013627514115706386,0.004827219305711435,0.0004538462573495318,0.008485756763135451,0.003941566003553625,0.02582370884343268,0.02161019503142588,0.02960612585832586,0.028364118618103278,0.010435088695435524,0.007901820924898438,0.0026507217576583427,0.00037278764015083725,0.004694829086356918,0.0023438504284179506,0.013358632773365986,0.011193452364135657,-0.006497970996384904,-0.007016738424974539,0.00423424734533153,0.003745035031518277,0.0023577285622619613,0.001447240027806836,0.0030609746057971123,0.002012951415730944,0.0017885617809188573,0.000593247798231711,0.0051260617884006906,0.002859530053096552,0.005458492281754846,0.004603000854954108,0.0026184779937433247,6.250199342093258e-05,0.004277315621871747,0.0020958089222197353,0.0033272465271617273,0.0015738831511733528
550,0.05057393551995284,0.0481550995900484,0.02661215808766796,0.021974190165947864,0.011600152539081745,0.00745711957980476,0.014194884708528182,0.009836930026612897,0.029244046307055682,0.025083837478007832,0.024770094176361133,0.022832005654527452,0.014987803654522996,0.011449298979329062,0.005555512992275557,0.002526646298371317,0.006922760146082699,0.0037692483620621227,0.016267271028914048,0.013196026983427847,-0.0006964072826910713,-0.0011208602062605312,0.007720340086308834,0.007301503415460031,0.0031952071761835515,0.0026558873784638805,0.0031038245579173137,0.002425921211850793,0.004276557168128191,0.0036725567378580286,0.0035375179466937386,0.001467964607283693,0.013476931481219371,0.012571616931274834,0.010776790956344956,0.009091215076644687,0.010607836765234833,0.009006669349171182,0.01293452663231689,0.011738006148866996
551,0.05034650507758488,0.04810097437760587,0.015364727128663935,0.010251718554423379,0.0011854180250967803,-0.003031193828677863,0.005628872834929398,0.0012145247329594072,0.017839127439372014,0.013353207940695605,0.026695415650113696,0.02563987033448962,0.007852134417907984,0.005342285228213778,-0.0002705682211410863,-0.0024102364574603097,0.0022400876975468055,-6.503978368732187e-06,0.008605976689611097,0.00629576455142571,-0.0008089561290204354,-0.0009693029208957265,0.008474317155983837,0.008354720818536054,0.003384412788182423,0.00304626766980731,0.005948621157259226,0.00576756757800205,0.006884195398413994,0.006729620213113979,0.005005728281763017,0.004823762593995293,0.007335834777886595,0.00711233918350761,0.0063416410113028175,0.006163264451575598,0.007918189804155889,0.007820301909915412,0.007134241680913912,0.006818000611455544
552,0.05019746777599142,0.047355991834248636,0.02403572738717935,0.018232179550381894,0.008854975426132854,0.004005050246321943,0.010339159516411492,0.005235123923444043,0.029508025201271392,0.024539007385825783,0.03395711377453557,0.0325705342143738,0.013685705723307795,0.010624333488804077,0.003098548890982792,0.000553103938704818,0.005350217157219214,0.002702849474648427,0.01689010238970415,0.014265768915350039,0.0003859327549397849,-7.139543972684802e-05,0.006481352615863514,0.006012914677360189,0.006660057599071087,0.005973548881453791,0.008052828695540687,0.007360884612808731,0.008754205435131186,0.007972901855010341,0.004815505776199576,0.003491819811473723,0.010128764990644072,0.00952102781541512,0.010032933218245027,0.00901445102463173,0.006860449115370577,0.005703259873651869,0.011004422156842147,0.010101803045288881
553,0.04794317897971531,0.046155918850541246,0.013449469405600229,0.009642996686523604,-0.002502178813564989,-0.0057951214943689775,0.0013586372241909549,-0.0020835453021759197,0.0184397073440159,0.015185364782096505,0.028451240363413427,0.028062097960134796,0.008418939689188566,0.007569890022741915,-0.0034271692149038537,-0.004364186224587405,-0.000728545905319198,-0.0017613208210140413,0.01139118880959802,0.010595804970748992,-0.005137674321588838,-0.005322847706247895,0.0037912921582786835,0.003595667127348738,-0.004275215593628063,-0.004759904424228928,-0.0012433570996618901,-0.001739943242140522,-4.412654026964757e-05,-0.00043619459944399736,0.005920551646880583,0.005599516650815873,0.003365246389556682,0.0032036511527642323,-0.0003748059155105446,-0.0006963978559910378,-0.00040359258193256744,-0.0009569551594876263,0.0026546626900884754,0.0024058284680174404
554,0.0407466146093038,0.03804616136739738,0.014702396405166176,0.008798775646667166,0.008113228981918099,0.002993306129553718,0.009177588891234963,0.0038256027779769025,0.020987659090155493,0.016047562716515574,0.021459835808859153,0.020567734212250787,0.00717560995592727,0.005124360149857404,0.0031673721850991577,0.0014240751990096388,0.00442358322523861,0.0025496923785940017,0.010033847829327555,0.00836801200636375,-0.00544965101540368,-0.0058613813794120015,0.01369825941706477,0.013526273110557322,0.008879166858205197,0.008399389148696661,0.00835245324374369,0.007860874165830251,0.00862062061593095,0.008111135272760004,-0.0031177015312767696,-0.00404826317839657,0.00994116701617459,0.009822709065944924,0.010162442242807277,0.010374276905010294,0.009910208932002978,0.009966553574335209,0.010819869199129913,0.010789120305312051
555,0.054285574379638823,0.052466590737443586,0.02575698609711401,0.022016543564252568,0.011033337397542748,0.007851310303926856,0.013832559058013501,0.010491688510873091,0.02659790268645585,0.02321960726959588,0.028852546424145475,0.02833883613134474,0.011476637420631746,0.010354099681176286,0.0008458924038096691,-0.00022521856498192427,0.002699505638714557,0.0014894877046564294,0.011071582423943323,0.009896000706900823,-0.0075606669233310945,-0.007319756438136317,0.010471708372984112,0.010875918812790129,0.0023793848825962123,0.002846156605630155,0.001804076227844761,0.0022838124720604472,0.004088835285995235,0.00473140487799405,0.00209952425385625,0.003635893785235844,0.008592181019316334,0.009049101608462031,0.0077572180027487255,0.00898424802857501,0.0036101367041240762,0.004584928315552046,0.007528142201402105,0.008350021170346873
556,0.05442234053925871,0.05217504588651277,0.022589135694368843,0.01782453344009239,0.0065119726079962,0.0022769519975361875,0.009504747635873757,0.005224057184358848,0.02601771360563344,0.021889876441239187,0.031004966419688244,0.03070234080391492,0.007880842672735321,0.0069027505178518534,-0.001245231397410575,-0.002055306746801202,0.0006460806854761561,-0.0002473460012840611,0.010738609925920658,0.010059489125468585,-0.005630130578840792,-0.0057560983474075605,0.01145745124833605,0.011435506001918665,0.005280551388121998,0.005129721317156933,0.003265036333549776,0.0031574193913122633,0.006177414255709485,0.006215520343708267,0.001999147258445002,-0.00010864699877968534,0.012367512487878601,0.011678466382315547,0.011132206457814216,0.00969161382793788,0.014805265562370506,0.013542816759934623,0.014402132166876306,0.013348452781978649
557,0.044202866754998626,0.041950203407191654,0.017730197852831246,0.012730436457192476,0.005640991747574169,0.0014110437540708432,0.008104169580703145,0.003729707754443734,0.02216497995488776,0.01788352773686292,0.02458769590510517,0.023262489054000936,0.01457806311941964,0.011773976190226403,0.007462305618949486,0.0049671261025142546,0.00948878356278136,0.006927869435699017,0.017310288127623596,0.014888979893076892,-0.002164108362649887,-0.0024202799396473487,0.005730881037973498,0.005505044729142871,0.0016535137702411637,0.00121075953925873,0.002827573635276681,0.0023141205761662816,0.005027328017960407,0.004721718345607117,0.0014447376718257582,0.0001928174974384032,0.00740926719110815,0.006970599400009147,0.010169964967641321,0.009422314341805956,0.010079222886295772,0.009213415578274046,0.01024105390181844,0.009680532270910137
558,0.05747822149273518,0.0551692674507915,0.02307141297470721,0.01794589484094584,0.007971016443571285,0.0036158332195623533,0.010999790547259978,0.006308983045099697,0.028359835811880556,0.02383526007225728,0.029959251945477695,0.028557426106139948,0.01143485678149313,0.008571544798984636,0.0008463735358378901,-0.0017528255665088233,0.0032944864431556768,0.0005102634703315791,0.013824633050601855,0.011098226195854485,0.004695338455866928,0.004340548700937367,0.00939850700068299,0.008890767966932611,0.00615317800838906,0.005218270734162914,0.008143997880817311,0.007100638380788926,0.009519268612703635,0.008537890111031022,0.0067058776136664,0.005965322362755928,0.006421698668479299,0.0060399078344352,0.006988126912025104,0.006284628763180869,0.005681801676922626,0.004893026225671429,0.005871559680595563,0.0051990583813479995
559,0.047663103642635325,0.04491320229699937,0.01667398808478811,0.01057997886646463,0.002064169992044348,-0.0032351937450174027,0.004561937671869354,-0.0008951195153724037,0.01682464403315641,0.011396393510044903,0.026649345115841837,0.02540115869752897,0.01199810138769385,0.009398858432056663,0.0014854835412909631,-0.0010068026377659058,0.002717287010186348,0.00010275536670596137,0.011236161298930559,0.008707927426252161,-0.0018737924324714744,-0.002428759174442542,0.009775548489888148,0.009262349351190035,0.005141480873909638,0.00422599658134369,0.00612022488832577,0.005093254606742048,0.00400743024966962,0.002945568171315127,0.008341336011863121,0.006754401783402986,0.012327163107125266,0.011629431588584562,0.013121660912848545,0.01195753326726572,0.01143047444341577,0.010402509277597345,0.01260888720170578,0.011636134098973325
560,0.05531007064219166,0.053584171225607144,0.02114521048544868,0.01757842549242372,0.008399935706565843,0.00523379802320361,0.011711724765242616,0.008214861545535999,0.024324735055990577,0.02119185750477485,0.027447427010199588,0.027407932979146187,0.010903619864822278,0.011027112619766258,0.004008852754112221,0.0038555658426709417,0.005423423322823253,0.00501475773036601,0.01322985172378501,0.013220462728743712,-0.0018848677403404163,-0.0020497081070121295,0.007145021665579539,0.006864726191768459,0.002713906411249918,0.0023168404500156837,0.0029301766128284968,0.0026406899386230255,0.002487812765983226,0.002011219268604072,0.00455409670711858,0.0038520783154080292,0.0074587637556022615,0.007056712205722968,0.008060892658872665,0.007636259126557526,0.00835505448890123,0.007814718876318669,0.010140983295642862,0.009641879418523881
561,0.055600496192581304,0.05305663838254643,0.024431621897336005,0.019248210932608815,0.010282600214235825,0.005865384513282728,0.013563131834347788,0.009040514297295578,0.02781940886706526,0.023143022705693003,0.028512707907601197,0.0271332636335894,0.014615160626125417,0.011970519828240324,0.005289478063812587,0.0029610242757469214,0.007491286482121634,0.005075707152835794,0.016760993252402535,0.01434524604715238,-0.0021427704720624343,-0.0020711284079486057,0.004536427371814058,0.004751101530041446,0.0048942091214273925,0.005245492417785583,0.004145812622286344,0.004433260815231532,0.0018542673291475787,0.002215940552945292,0.008783983723158422,0.009012674799123316,0.009165245146053928,0.009206436834091714,0.009300920512940248,0.009542684388281344,0.007614322443386831,0.007792170644710971,0.007627492708094287,0.007693751448587525
562,0.05696081883159607,0.05360543187948491,0.021778168869128423,0.01474756476270149,0.012422927024552367,0.006311306707820413,0.017002356412158647,0.010966459110401491,0.02821849611178808,0.02213400774313013,0.027162690165217003,0.025368566028489185,0.012390545520760004,0.008780586876174166,0.0059631118925143264,0.002728806274253215,0.008605729866209878,0.005381135314164447,0.014641664134456061,0.011396628662084041,-0.00041101741981734946,-0.00027671118548551655,0.004417495357385741,0.00468468038246702,0.0006435187536003139,0.0009189745293952511,0.0017646618558277676,0.0022219132590548573,0.0009029324575524349,0.0015238118581686441,0.0007586985892375766,0.000104829603751176,0.00890299595912558,0.008795699941331697,0.004140182248687972,0.004030856044964252,0.005425237813560221,0.0052499518697097965,0.005276611670095219,0.005098988209814551
563,0.052257876268298,0.049859616470110904,0.033625910645004316,0.02874189882600191,0.01884690782991564,0.014650562768061922,0.020616089255471013,0.016222892147794713,0.03599623861930379,0.0317044765278485,0.025169737114994345,0.023981448301931156,0.016340860229508303,0.013766975200203382,0.009066602661351416,0.006973110443065367,0.00912707430195503,0.006882499237105851,0.01916676383928438,0.017008731572720915,-0.002761206934068608,-0.0030453135391793704,0.0058250801144552455,0.005432829951539474,0.004280706309170235,0.0036526135792943728,0.0033104814473404825,0.002507442847744797,0.005218817466687633,0.004418226627437179,0.004353018083408346,0.0031702303261380398,0.013224513400736302,0.012872809943341718,0.0127055587606243,0.01215492613154975,0.009356503848673677,0.008528824677941655,0.011556795528160285,0.011047870348913585
564,0.046781383337499004,0.044115510250233046,0.02570889650323278,0.020003507248852977,0.013099820959582436,0.008163418606163592,0.014821830621213058,0.00985997572877727,0.028294110760032833,0.0233302248955886,0.02634838830274703,0.02497484509796106,0.014424046289281681,0.01154922021420109,0.006556482647802187,0.004023124181591104,0.007562483585644502,0.005008737594181948,0.014601335785759156,0.01201456679111228,-0.006765427028106623,-0.006703286141087755,0.0051419102065911205,0.0053524039791704985,0.0020957512052584147,0.0023072904216536287,0.0034732756091545337,0.0038106729608961185,0.004706399863275679,0.005050368773196404,-0.004644630911484702,-0.004925558806483787,0.009305842321239863,0.00940776884049017,0.008867590124490544,0.009296975388110074,0.00875834641324568,0.00919286962065224,0.00831412400153997,0.008500016610829591
565,0.042740116660286716,0.040787813009315124,0.014584772792423584,0.01087511236753306,0.003761982369478786,0.0005178903248106607,0.005044177805923612,0.0015997559738997955,0.01859093983001755,0.015294808842558748,0.022318439321917193,0.02107289834603044,0.009471910028131098,0.007303704296016246,0.0008033508493538713,-0.0011457750988149128,0.0022178993523112515,0.00012589623163459656,0.010477057917530777,0.008426267011464305,-0.0034485709793750986,-0.0035974253803995,0.0026252989933852828,0.002557722807793184,0.000452059566677211,9.206588306746627e-05,0.0009534181710586648,0.0006547375147776052,0.003570083151682342,0.0033041826629283356,0.005972734049547716,0.005468740295980804,0.009036540713441387,0.008803278485879916,0.00409862195835862,0.0034102932560419854,0.004787430638232374,0.004299193020094018,0.005992513829523005,0.005596501863396569
566,0.06306874172886953,0.06039989591671344,0.028559906573674725,0.022733399887511486,0.015122889567260036,0.009934831503202068,0.019128892767318714,0.013868645775649419,0.034035559183672924,0.028923186465600437,0.032209417881246774,0.030861360819250484,0.014293231626841435,0.011274710751958014,0.005451698536835049,0.0027661812425407942,0.007526071547657111,0.004791654269075944,0.017540308369487823,0.01499198683516276,-0.0037297542744927767,-0.004121091735496589,0.001756252379248668,0.001207947234333001,0.002768598193029902,0.0019953236779791947,0.003353634003021938,0.0024632178208255423,0.0011109300962333615,0.00022203594982723898,0.003164525698184972,0.0012029735987835928,0.0074784875821148344,0.006592811861130292,0.008289246140503914,0.006968591971950308,0.007091279777486542,0.005540230264952038,0.006406981720787204,0.005122601234803034
567,0.053250673893089885,0.051247131797334686,0.01970124313123902,0.014641531469569879,0.006228328899662619,0.0020230284549941227,0.010490721758889886,0.00616816947190899,0.025725030220522277,0.02134182827172713,0.03019222436098599,0.029245556489965546,0.01855631374279631,0.01626676593258632,0.00809773242719761,0.006045951559390282,0.011003146798922673,0.00881836680866635,0.021526455428397658,0.019444684857170096,-0.0029422966651625115,-0.0033945827286036845,0.007220285031081228,0.006587022459146938,0.0022005197344285186,0.0009941259745595823,0.0031278211201294674,0.0017148349163006679,0.0034053274613428963,0.002060558940032647,0.0006966690590740495,-0.001329502611023792,0.0068909369605026985,0.006313469483325743,0.005611854355734037,0.004123344260865754,0.005226734950197842,0.0038546273468691022,0.00521638164637489,0.004117699772391958
568,0.05012996200779407,0.0481309971041092,0.014607773982849858,0.0099177505351256,0.0007935192013727112,-0.0031936450581763498,0.003943507825057769,-0.0002240785221316606,0.020183117254370893,0.01626940549281852,0.02689204629492713,0.026105306216701853,0.010372519980249037,0.008727968667836315,0.0021318465240075047,0.0007473816268800235,0.004464226351826246,0.0029416794090191102,0.013815143464116253,0.012453886333815865,-0.008258357250495646,-0.008289371907350782,0.0033305906455141513,0.0034153359832921983,-0.0014639884457528698,-0.0015949427769282412,0.0008769633595319976,0.0008316809759270495,0.0004602960359741329,0.0005581793095317377,0.0027898037266521616,0.0033627725161457073,0.005775335838342974,0.0058446933744266535,0.0032735379697952705,0.0034759152584565058,0.004084110638197164,0.004275310370079696,0.008501985664960701,0.008897472229797625
569,0.05096057436228799,0.04930639045101226,0.02257172933322054,0.018475296442117328,0.009584222401336127,0.00599049212473623,0.012459747840553492,0.008828146560001643,0.026714012641197504,0.02320081041140077,0.036546339569171915,0.036338251567465465,0.015019157581153525,0.01424584990506116,0.006466535535984213,0.0057491395142758505,0.0091730231273864,0.008366555434923467,0.017539695663502386,0.016818346109736742,-0.0036778664834950458,-0.003725781658116079,0.012849549104342991,0.012884006429816686,0.004292823684900126,0.004177529948921089,0.004424407215595096,0.004433476202406627,0.004442137278144208,0.004436763439442309,0.005968104525365827,0.006748630075207261,0.011732594152742946,0.011883115100008857,0.00947111292117352,0.010011276832920923,0.011608654928235453,0.012238957134270095,0.011543606184936446,0.01190277084040949
570,0.04728277090984047,0.04543594172029012,0.013158783596660676,0.008679832935165025,-3.957138906927253e-06,-0.003574403188001956,0.003795613381908242,6.76303096019527e-05,0.01708114240422771,0.013425765573990247,0.030130824742377393,0.02923031493162286,0.008920754942525026,0.006763601147224745,-0.00028316121351198856,-0.0020402332175142534,0.0022387951631561882,0.00028216116113321946,0.01044901338519003,0.008633913528574668,-0.0009755363776935229,-0.0012961693984147589,0.012228955188623323,0.011549118775675125,0.004844031002502207,0.003783134557559313,0.005788066312529619,0.004601965697630604,0.004700919374710047,0.0033564462512281623,0.0038537676050460863,0.003776201556434046,0.006927689581352854,0.006887573692532775,0.004063461486836249,0.00415513440232396,0.005370306993581569,0.0054484547994754625,0.003830394951109528,0.003877489584590537
571,0.058972619051143114,0.05612947497155905,0.029274834924401062,0.023410351201509985,0.015613110489697556,0.010458683048323264,0.01910624818889773,0.013787984928165862,0.03566158091702197,0.030584953955489363,0.03430661327529157,0.032867874435906254,0.018309367057714496,0.015346447938034542,0.009319567414512678,0.00657585327575913,0.01193283012513421,0.009056862619706408,0.02212554773442566,0.019521159856515764,-0.0020414594146833855,-0.0021991116837376374,0.004015248610732999,0.0038773231863939916,0.004326501887086583,0.0041962188670323095,0.004828392139383042,0.0047987022413267435,0.001713727202475955,0.0016364355461638291,0.003962390762387649,0.001953657628757734,0.009217348380348921,0.008621442694839368,0.00933898262283599,0.008053604207310067,0.007543491927938467,0.0061461745315353,0.009812256765340234,0.00879589384639055
572,0.0625316458209541,0.06135047945198317,0.024583772662995988,0.02153792463554768,0.010344535266611467,0.007723602520047443,0.013744645065073368,0.01076728855092008,0.0313345055277961,0.028569767943956593,0.03415439874736738,0.0339979871432083,0.012491215414982035,0.011852800523355458,0.0046017190401491884,0.003934469242170755,0.006540420344565914,0.005621930746692763,0.017412210013214698,0.016730928845621305,-0.003234751555704686,-0.002911241423191507,0.014465424003464612,0.014919899853126386,0.006584780324297014,0.00726347714166662,0.007283298177612837,0.008238151388835938,0.008477108111107513,0.009532466948326393,-0.003019937653608687,-0.0023720954480925664,0.011744028993450461,0.01195381421809452,0.00647229633771685,0.007370951098398086,0.006507447866021936,0.0073993086409746365,0.00898301784759329,0.009612075226358662
573,0.055459072361318675,0.0504079182444232,0.028512019751423735,0.018905502238092585,0.013044819936684156,0.004425311003515753,0.016989349534501277,0.008302174994441334,0.031134359649605915,0.022515477450594474,0.031047971604055896,0.028427835993672552,0.017106086039323082,0.01217913469932973,0.007441047057459627,0.0029783619359933866,0.00997785392765911,0.005486186793139171,0.018221818376703454,0.0138182004219221,-0.0028134881416025615,-0.003235784472978162,0.005394614978170725,0.005127594266988597,-0.0006693200899521033,-0.0013977445721077572,0.0006221125601830897,-9.44238201761399e-05,0.0013134446376933033,0.0005661920688903087,0.003106822645812765,0.0021131697922281306,0.005875479982325587,0.005597635108615729,0.004464368835682037,0.003644522229620423,0.005167036925117589,0.004581000938257057,0.006654778247380128,0.006212837634598922
574,0.04559467800278985,0.04324514446056986,0.020621501958719392,0.015356267604531917,0.00902887742897528,0.0044046530963397865,0.01053930072031084,0.005765284867838877,0.022375436458187313,0.01763041777709675,0.02513191142244639,0.023701993988683744,0.013883871700070457,0.010872827407060293,0.0062763861499433304,0.0034120616490095714,0.007435661606076694,0.00449854911947964,0.014447647078002775,0.011518122881208114,-0.006146355622403962,-0.006209117517317826,0.007953927255267796,0.008033477275911968,8.546975379778321e-06,-8.99373393721105e-05,0.0017696380296396204,0.0017990634797767555,0.0014943078070661416,0.0014901895901943602,-0.0009454147177146894,-0.0020860272526567023,0.009441205052471466,0.009150893638884522,0.004867233094620257,0.004385149882868934,0.004328239352986602,0.0037482575283058935,0.005990283532275308,0.0054411077178856135
575,0.05693722040437754,0.05406129047878211,0.02056407399638879,0.014635887581175686,0.00655105594415316,0.0014840696529584163,0.009508268574304962,0.004412445249190712,0.023603865441848528,0.01830086593798674,0.030124518252941757,0.02874208343296817,0.011996998942299542,0.009082872393777492,0.0019277161172604,-0.0005993259362813878,0.00401715685730607,0.0014109870422234995,0.013718024865898121,0.01105527212011538,0.0018414180417021613,0.0017009243646518776,0.008168462245961669,0.008073663877475136,0.0014242563698391485,0.001326223469362344,0.0027370866042604703,0.002580807354379583,0.00452246557935408,0.004509478190066636,0.007249715958663523,0.005937117073727391,0.005448759829220285,0.004846013229115098,0.0030336715494695085,0.0017934063980170026,0.005337524580641483,0.0042126936825423265,0.004123441102843752,0.0030276160951111753
576,0.05068985277787298,0.048477774639395683,0.015565338558347621,0.010782505916635871,0.0005566557619390754,-0.0033098548149235706,0.004746466030162058,0.0007598204693136833,0.019308072266503724,0.015199300231164298,0.02877333833949357,0.027908859481933564,0.009318938089504757,0.007356829245173771,-0.0019845521898494258,-0.00351720297918687,0.0011721683592382608,-0.0005011729318345422,0.010161236418102116,0.008448367403528603,-0.0006785214929592067,-0.000662607320144487,0.007087121378400256,0.007141808094498011,0.0017423727977131439,0.0017210669183098208,0.005067578841829497,0.005151483662029366,0.004721260244426223,0.004832989150328496,0.005791837102847104,0.00675742586384976,0.008161942081140763,0.008341407612173649,0.005923451235375581,0.0064144597806536545,0.005975637784521655,0.0065980267190198245,0.00593933111884047,0.006267299523863036
577,0.04375744862126123,0.04196667944452998,0.017560757412475366,0.014371065277320294,0.002177636312274533,-0.0006512401891199829,0.005850209243356013,0.002863030346388867,0.023188310069799482,0.020416893149595286,0.020710664398981886,0.019953881692531376,0.011398609906988249,0.010359790924843756,0.004213369366714334,0.0032073539522744833,0.00517487963902754,0.004044027760063502,0.015196511180300992,0.014221268749718657,-0.0037491808969283857,-0.0038849819182653414,0.007557584584371095,0.0074709963852427844,0.003909470518854345,0.0037551716815326527,0.003700267931467645,0.0035634905055844414,0.0006827156498317879,0.00045721109443962676,0.004844409669967803,0.004197757504437635,0.010037271919984967,0.009648088124023093,0.008911022264405833,0.008360208133492128,0.008019266935292039,0.007363095289094429,0.007936428371029253,0.0072845422288816755
578,0.06249026017381491,0.05940325051524633,0.02658802206949863,0.020408924738627123,0.01447322603108141,0.009121108171111293,0.017900992312874217,0.012555156798576883,0.031867683636551764,0.02647109817591701,0.03525512765912525,0.034169557895256726,0.012384550184250474,0.010150706161921683,0.0028028065725892604,0.0006910380490962735,0.004793450758869845,0.002591186623686449,0.015359388760963627,0.013338443321864532,-0.004626564467512919,-0.004498061475217589,0.008241102716316801,0.008463719196993241,0.0038201859263534395,0.00411644783802058,0.0021040916852448103,0.002478236636071257,0.003296189234570761,0.0037467339900966734,0.0032571505107706214,0.004553202257858711,0.01080440861192534,0.011112846228700035,0.008552636759689971,0.009849171583434162,0.007566303130957222,0.008603672974004698,0.006628054841681126,0.007389061364177986
579,0.058332892177072895,0.05471250242595047,0.028631010152594182,0.021395171153905736,0.01148272172782319,0.005144161786870932,0.01572591386869804,0.009224247041372678,0.031476627180655775,0.024935880093011446,0.028097532367861267,0.026419049523493394,0.014504726806577726,0.011175020651214338,0.0043397697231061455,0.001345929213143777,0.006573095993596341,0.003412718911279703,0.017094374267964854,0.014035349410975988,-0.0013932305577246562,-0.0016767686385118317,0.011698779638948723,0.011525844108205837,0.009068273966904579,0.008816442785497458,0.008623987350812958,0.008347651431862248,0.00980438910619128,0.009671226256822102,0.00402478858725984,0.0030653401163560443,0.005515832413083155,0.00521608824028807,0.0098134528822808,0.00960925578486094,0.009119727299870367,0.008763795618575213,0.009137446763948169,0.008795728269605955
580,0.03881003508473978,0.03675893965738471,0.014898183738125436,0.010710470722605437,0.005487384887690085,0.001833871159799413,0.005850911604176436,0.002008276336513351,0.0184512887945402,0.0145733263531544,0.0197729988490154,0.01847733364660483,0.008707460836890574,0.006016457526925302,0.0037000253292678274,0.0014444076061292752,0.00339648317860902,0.0009786040219757195,0.010676566534324044,0.0081123476737499,-0.006541779282603124,-0.006955518224308402,0.009922644499407775,0.009458966656741272,0.004030125840788481,0.003235451620669981,0.00495838770834209,0.004139200984373889,0.005209177641108848,0.004261160045455141,0.005645430491153296,0.004034706832390199,0.008638631432762653,0.007846567059432916,0.008303575607356286,0.006810341479619941,0.005129416469261845,0.0036912834242418175,0.006735678558222001,0.005433161366586093
581,0.048169076730834266,0.04586279676329197,0.02671914908567267,0.022494663480215817,0.01393891448044549,0.010151937677714606,0.01700557367720368,0.013156008522446916,0.030176618573711227,0.026443302223214234,0.025781772395343718,0.02463314062602242,0.01640120921936806,0.014491375038600065,0.007984235691154383,0.0062836209767589135,0.010001343203840937,0.008172737747887805,0.017849760042630326,0.01607236200209203,-0.001686614572362094,-0.0018117450596391849,0.010076727034113098,0.010087409850945564,0.00701029921530921,0.006964766669469316,0.006948278840420788,0.007000803186486051,0.009272058007308088,0.009355238294596262,0.0021718672269876354,0.002432043205064396,0.009228406426920289,0.009355014916328189,0.007622295203976092,0.008061529175949194,0.008731201080289158,0.0092764478190064,0.008902064089487873,0.009199366148357323
582,0.04400193749216193,0.04187417457252884,0.020850407460893575,0.01607496499824214,0.003570974624853847,-0.0005184288014411772,0.006251258283084811,0.002056836784684863,0.021427054336141005,0.017177268755032768,0.02464047072375305,0.02373161617537273,0.012185990616956542,0.00999474770104909,0.000994318433468179,-0.0009777741073376167,0.0035064837736436373,0.0014569618432749656,0.01327251629018967,0.011234444012378973,-0.001289641869979855,-0.0017256400169602178,0.011287484678808541,0.01058045604605168,0.006856868113076851,0.005886548649155123,0.009101743253008925,0.008081642061481589,0.008343965283656312,0.0072122325493085785,0.003942188100286288,0.0017821894554987672,0.01106479779653919,0.010406867045820912,0.009072121240715625,0.00784503087014189,0.011275127812370502,0.010027993986525721,0.010757156267414431,0.009694372932542829
583,0.050925190730041536,0.04887092942368707,0.01810638225600222,0.01384081169738593,0.008142089689257946,0.004431399668611105,0.011167160136039266,0.00739547677940673,0.023518671818951047,0.019700659495831146,0.02892030508328654,0.028242363156958585,0.009586684430134223,0.008018154064114614,0.002728069866783385,0.001269949620003995,0.005192469951069761,0.0037452796319940966,0.012226790413741865,0.010749754174374297,-0.00931116090710023,-0.009396331621558826,0.008954264352026259,0.009054827370645798,0.0024112299138533922,0.002354790133139737,0.00288042614579215,0.0028648373188442334,0.0034929238237091423,0.0035032326325344526,0.0004430504548730254,0.000321831095801792,0.009672290738155988,0.009664593521846987,0.00932370083243357,0.009642533103751762,0.007457352801319162,0.007696949487835214,0.009538799243961855,0.009612953959002501
584,0.046901770712746156,0.044955695898307134,0.020690031460741755,0.016526754859602567,0.005576888506920852,0.0019042253454673017,0.00971181949529366,0.0059681723332591155,0.02405943474444773,0.02054960844417747,0.027133951527061828,0.026453121057132517,0.007722711183769637,0.006077350582628417,-0.0009653433642346863,-0.0024842691512813935,0.002387483848149929,0.0008501890486599147,0.0114988457713576,0.010226215973460547,-0.0039538728421488305,-0.0038835042131318566,0.007219799354376136,0.007404796605231451,0.006661056947195286,0.007000330704402045,0.0049894320368381465,0.005400873039582101,0.005750069515923206,0.006278627460549378,0.00432738958380865,0.003827172341663931,0.009907551074816279,0.009715183355080556,0.011975246857726957,0.01192817116147388,0.008850815689880671,0.008710716627515842,0.011475580620708933,0.011242235142708012
585,0.06732946377032747,0.06410924053800578,0.03144560660914919,0.0256880545009547,0.015325427771537703,0.010313692803784944,0.01937296899042888,0.01405405401947626,0.03518111350287847,0.0301958681525605,0.03738610019166212,0.03585155902534906,0.015409847840821023,0.01301429093814363,0.003791067398197135,0.0015382208554359628,0.006657269461597516,0.004111313933218569,0.01647732656183623,0.01408034000863595,-0.004966257858202613,-0.005424834524812553,0.007521733241581103,0.007386989402872174,-0.0006895746903170371,-0.0012782674853165248,0.0010416548752581341,0.0005151329664399572,0.00017998495065852044,-0.00044591002881714387,0.002049427465776861,0.00041213231671943215,0.00600629741536489,0.005475814430500893,0.004190038295964297,0.003092578584461169,0.0031682587720432685,0.0021813971788209206,0.004627191802754097,0.0037682047470235457
586,0.059894296498286835,0.05699861627063866,0.02703203137748441,0.021014446052638774,0.014183918079618421,0.009316545496780085,0.015999397636665386,0.010962706936846423,0.030075649711469504,0.024772696105274435,0.03223680331131983,0.03056392580201748,0.015362576252014797,0.011808280801126638,0.006075207890625211,0.0032317977395650644,0.006782516785280568,0.0037593163562889957,0.016234300740396092,0.013078010992364119,-0.005054512004984357,-0.00523487919698499,0.007201272062754893,0.007074633310298274,1.6888088156803792e-05,-0.000388292884930024,0.0027530119606896867,0.0024596191775344135,0.00189654624027924,0.0015405245326171701,0.0036701611484502164,0.0028242346524516163,0.009816887865264827,0.009648688569661824,0.007225062387756054,0.006874273694417017,0.004991218454418944,0.0045466152110822024,0.006309415252842118,0.006070454650231221
587,0.04174361622247498,0.0381193103888172,0.027035921868568534,0.020115756513334738,0.012175354553004324,0.006250911455595881,0.01349933161851124,0.007492262256000889,0.03181801691223645,0.025834356135048586,0.021550574801940038,0.019437497317378604,0.020753189710210396,0.01718595731271469,0.009366526109539655,0.006162244389196237,0.01065603000492436,0.007415931942149798,0.021576331281030668,0.018378312775726154,-0.005811761980497861,-0.0061285175569413385,0.005817135753257952,0.0055261007946286285,-0.0030518084940849566,-0.0037530561342600326,-0.0007419932999613417,-0.0015396685677376328,0.0014372686188418398,0.0007747526013007859,0.0014662690949027559,0.0004140332443409303,0.008368044062159612,0.00801086916154779,0.004225476537240263,0.0034801148418633784,0.005675359310427621,0.004899501886728882,0.008098007900829488,0.007569608895949556
588,0.053063023608116947,0.04987806367817749,0.026908222774033923,0.02039770847326279,0.013208011709946602,0.007736920221315868,0.01682708375083221,0.011051991553299736,0.03114546616489735,0.025420951333740928,0.02804047480293313,0.026820381016001555,0.016634032317425506,0.014064694883340367,0.007044716554765927,0.004853591622973343,0.00930336697939747,0.006891456017873514,0.018537322664471858,0.016224820498512232,-0.002870715871405369,-0.003368242677878766,0.00555641611195643,0.005056654372267354,0.002311513663563438,0.001494354776569141,0.002172214897804589,0.0011133757747032965,0.00358327614834901,0.0025707653213408142,0.005595490657474436,0.0043826323615933594,0.00857018544051196,0.00805541442120174,0.007627467962143387,0.00673105132434035,0.0037702970500716193,0.002538631395937842,0.004783874964107836,0.0038456628091512075
589,0.04872192085232196,0.04704091901042927,0.02121549084666547,0.017819113989521355,0.006875064944794005,0.003919161666113549,0.010370148160613038,0.0072100513536717285,0.024795717356305255,0.021955459597127948,0.025698740838160965,0.02502854639377361,0.010605286056100302,0.009304040991227957,0.0007190609930287723,-0.0005049279921783663,0.0029118296401466127,0.001545478073541539,0.01179275285762424,0.01068207680695826,4.257886038321579e-05,5.712365894103895e-06,0.0026320659316822486,0.0025943978319212715,9.984515123304424e-05,-1.3676408243523717e-05,0.0025690942607504417,0.0025093083286739214,0.0018145299142380959,0.0018036431337560069,0.004884960493545997,0.004362005214588132,0.006036758731307783,0.00571754483063041,0.0055815966609986155,0.005015884040635192,0.007388395997594005,0.006781888585960093,0.007759997197701736,0.007308577870312825
590,0.04888642480453888,0.0461447542462997,0.023424004598101667,0.018017375841302218,0.008137700598728858,0.0032582049964172593,0.010789059250454676,0.00565899296244263,0.029125693410294296,0.02441351462999907,0.02935202082441716,0.028371834695154453,0.014135458249556625,0.012234279910218405,0.005225160977661261,0.0034902712671665615,0.007043315047644197,0.005095571521407358,0.018325823400120407,0.01661920244298523,0.00042590324876749797,0.00013705871510246936,0.00800048103979209,0.007589375998326207,0.005567886688876636,0.004744033265252866,0.007495944158341372,0.0066661171874266125,0.008149428994388273,0.007359637114430445,0.006946195176290408,0.006580959028582604,0.006969134501289842,0.006673404961730284,0.009810335137071696,0.009629819687324301,0.00863129734869161,0.008421371635928435,0.0101850519884732,0.00985140564487083
591,0.06017279459763528,0.05805460326131734,0.018861889085907878,0.013899428341217285,0.000496283353410845,-0.00377509538367326,0.0042315232427377805,-4.692479454469758e-05,0.021541177629812457,0.01706379208102294,0.03389109705658654,0.03308175364509767,0.011976704235660777,0.00994748608351023,0.00020777559991765342,-0.001768572127669521,0.0026264092089640116,0.0006315937872486293,0.014308979876262446,0.012335283007151625,-0.0032953001277584736,-0.003725605833526225,0.005093461498596305,0.004562835633741179,-0.001436806487680457,-0.0024773776048940695,0.0018989903152628654,0.0010216666613204126,0.0018606128408859574,0.0008898267695111459,0.004076063700488476,0.003327369135021995,0.010617351498625766,0.010284841343547504,0.004427847420213911,0.0036901827107413106,0.0066029630725250145,0.006292934667583658,0.007782299216307914,0.007291525083281468
592,0.04585499615011273,0.04228587042681701,0.030521659088623358,0.024076223608800566,0.017743371302457223,0.011658261306029285,0.02005075228755337,0.01393678854041151,0.033924925310727175,0.0279791874507339,0.0260055215096588,0.02419177428261573,0.016734019255463466,0.013656340514088686,0.008512104645865394,0.005490623847704997,0.010254475767730033,0.00721051613530128,0.01829913799234369,0.015379981050507465,-0.0032600843401486444,-0.0033487559514150723,0.013854408271200833,0.013770178908807402,0.00560064283965543,0.0053841918860048086,0.006511866060601203,0.0064273993394190045,0.006748817586776758,0.006606103114202487,-0.0021505033348685042,-0.0029876928008898502,0.012360605834526847,0.012217843152881208,0.005818795402687045,0.0055883414518442965,0.006529435581888935,0.006370593915318412,0.008298608831969834,0.008042593706459617
593,0.04526658177223257,0.04267795787051887,0.022697191608699704,0.01749561048327051,0.009176930555150294,0.004594932221373074,0.011845115626895834,0.007114644764932859,0.026268297781783946,0.021753543826303453,0.02340610939412984,0.02238050889674575,0.015431366973875824,0.013323904387016822,0.005692451330222146,0.0038797292992851055,0.006891814712297101,0.0049284009078119535,0.016264708522307415,0.014477276060556557,-0.008530672065512996,-0.008742791563274758,0.007465391284132737,0.007366553909752856,0.0025985756040081145,0.0023214247176715163,0.002465523555090641,0.002134693541826244,0.004838881158187984,0.004823189732866329,0.00039026283656462644,-0.00011432067790232274,0.015444669547314091,0.01528229695504352,0.007501981284638854,0.007305822320998553,0.008152413506170643,0.007944135842446735,0.011451938411049783,0.011364603181138896
594,0.04792156382256651,0.0455607521049642,0.02176266069861834,0.017994698287119297,0.007883795072839008,0.00442373035768926,0.011120940035429579,0.0074315645144451365,0.02566066267247825,0.022089602649390958,0.030771185855663914,0.02992079434044654,0.013726041873630385,0.012498872913901147,0.003490422758826356,0.0022899536014549557,0.006250417755520739,0.004863871573530029,0.014750913059228779,0.013432466466842896,-0.0010179984737480865,-0.0011994537558995305,0.006201575981802912,0.006142245334862835,0.002246255393022132,0.0020118489124162572,0.0036832605550368184,0.0035400583602073856,0.003641011078689581,0.0035209223214789573,0.002043935335819762,0.0025997391652835323,0.009305153218386994,0.009512831826587218,0.00716765074717286,0.00803059308695784,0.008228367937082435,0.00901905275738526,0.009157422258012419,0.009714312618043616
595,0.04938916370395827,0.047062572070630214,0.018896270870614063,0.013987679788679194,0.0066701734875396716,0.0023933147523411847,0.011065909251337772,0.006635426184791643,0.023555499987650698,0.019008689388855977,0.024727638728155452,0.02392313434513469,0.006491300635054815,0.004729058362705792,-0.002248446612893304,-0.003944738876149908,0.0010159843936408987,-0.0007773545153343059,0.007990854559217771,0.006188862168034279,-0.0006785079466107293,-0.0007416298754356084,0.004046483955978509,0.0040347404023921025,0.002724073497510786,0.002654226472399346,0.00352699547577654,0.0034506436320959587,0.002106422427334995,0.0020313258973873555,0.004618034261065447,0.006021466819944322,0.005115907918814809,0.0054138223081538015,0.005408280433201013,0.0063530735925722,0.007360113131423439,0.008260612150498222,0.00586224196484837,0.006618770633917253
596,0.05913176399412197,0.05542565273757155,0.02446578279957437,0.016900353415274134,0.004696402656099256,-0.00212087008550949,0.008882835147324691,0.0017799370088962111,0.03146402430020515,0.02486672360845169,0.03422900144022622,0.032012735438795306,0.012876098755437554,0.00863978369481198,-0.0012071553124508563,-0.0052847815184432255,0.0021932839893776344,-0.0020225003027217127,0.016840332982353358,0.012835908564653501,0.002726199674709424,0.0022883547085872434,0.0023920728951711038,0.0018012411910546325,0.0020666806369648376,0.0010441128328015589,0.0042205559582761485,0.00312571916920605,0.002444273689985939,0.0012060839641715258,0.012296127056897092,0.01211052428436722,0.005664202492389611,0.005327911154557029,0.00033666314639563537,-0.0005309711220198986,0.001176907386798641,0.0004172554954560528,0.003570663236208657,0.003012521102860627
597,0.06159956012119636,0.05986564187692578,0.030426885701682303,0.02679873131181526,0.01398058465847681,0.010958318723505969,0.019324780491435524,0.016180797434563205,0.03196658924816499,0.02880734158224681,0.035019294921687635,0.034438054501301406,0.013657784280341648,0.012485411472366963,0.0021452168590664323,0.0011761863316108573,0.005256897284905589,0.00415576721213611,0.013856348728385214,0.012794980523596747,0.004077936884149885,0.004169357127276314,0.009421147611566755,0.009633520711580999,0.005311818943750513,0.005529023020633759,0.006686611088700223,0.007055286837504465,0.006867682034857482,0.007228139767105279,0.01001311188355857,0.009621916416248329,0.011397186841984284,0.01115421455803867,0.011013541956227824,0.010759694313437148,0.010417500968291974,0.010156190135736971,0.010732673979120094,0.010410836121897433
598,0.051193484312434735,0.049604432397806944,0.022597151135678305,0.019251939441685482,0.005525272972757137,0.0021399317124752063,0.009917251408976478,0.006530226148841284,0.026238862794604363,0.023150067358422517,0.024858526118310263,0.024587403000756035,0.014595290561032754,0.014136257200245589,0.003718066563760328,0.0030186365987477466,0.005990880607627302,0.0052459191807571375,0.01512164656592426,0.014617934772627258,-0.0029827511288200315,-0.0030687240034600774,0.005312778355366247,0.005280633522252756,0.001829219552200196,0.0016960782325620802,0.0030687516332108264,0.003017938290691381,0.00232028331299924,0.0023490711540516563,0.0038210633592446067,0.0046329682582214,0.006054636955335797,0.006232723546479025,0.0016125297913979265,0.002019081265023772,0.006134483310024674,0.0066419082003240345,0.008122555834821315,0.008583803907765988
599,0.03614638321751283,0.03431918906181443,0.008954226165560294,0.005369782503691062,-0.0019553397140465835,-0.005214611046207406,-0.00018899599184381096,-0.0035150258637501887,0.012878313555657819,0.0097783029180194,0.015111763237339168,0.014826572467350868,0.004904011419450112,0.0044408015840183435,-0.0018606505999266647,-0.002414313354309352,-0.0010174097460306322,-0.0016942861793060888,0.00660630447977918,0.006150850483408448,-0.005989560417643038,-0.0062595213005484955,0.0069004982423493694,0.006642949639327522,-0.0016212643535139127,-0.002220496816182558,0.0011459615455136636,0.0004946289890991663,0.0003281608981382161,-0.00027597645088262284,0.0028992060670042933,0.0034995091872395342,0.007173537225064935,0.007369665229702778,0.002442313138769726,0.002704674324320215,0.004134779997250703,0.004538149111740701,0.0054012099178691415,0.005724308902069088
600,0.05086832310303113,0.04798720559127233,0.026775428063334133,0.021015258703554696,0.013454337026194191,0.008526499734856524,0.015371385261426024,0.010341627457780816,0.029881513425435983,0.02490948206928983,0.02770222454182215,0.025696007813797966,0.015522059204254202,0.0117264569242964,0.007626596213894335,0.004367227892926432,0.008668948922968706,0.005354104875183219,0.018471371502575256,0.015168000165570327,-0.0023939184682845727,-0.0027246147060178212,0.005420311391243339,0.005113666908166341,-0.00123659543564982,-0.0019593825494109178,0.0006304200589526105,-0.00017176079274580118,0.0011479312352650232,0.000312858329926547,0.004424207570781077,0.002657675597800365,0.00980097274381179,0.009263540622794084,0.007147998643158858,0.005910632296833031,0.0034482890541966136,0.0021086358863782522,0.005773710991502314,0.004765268914676715
601,0.040505554342193474,0.038170014863003275,0.01711658439283665,0.012423843570640336,0.006279476327346429,0.0022189028693930116,0.009029814299010017,0.004885182286805114,0.022418882623325854,0.018404338776141567,0.01681752392404726,0.016256038064697397,0.004325545352050181,0.0032347358703327125,-0.0035383030949458576,-0.004667444868936748,-0.0020874864351575657,-0.003328116631689882,0.006675559419717085,0.0056462380002403265,-0.0035003505431676677,-0.0036824640735212215,0.012050327559501434,0.011867424157187285,0.006450669052920352,0.006122037716256483,0.0057689724883612185,0.005414599048147071,0.005776582742139836,0.005395350922621898,0.007102568751594524,0.006774314264554207,0.011501728427651525,0.011281080749050789,0.008912633465936367,0.008724385174504282,0.006915289496997356,0.006696357968734637,0.00975503958283723,0.009535026773236678
602,0.04822739489876296,0.04537531898362733,0.028967356247831512,0.023804884175282065,0.0170116082782269,0.01246218686674136,0.01997875930339333,0.015387643876316725,0.03286500995537541,0.028379891650497934,0.02489903058634123,0.023922596327462194,0.013835817395022407,0.01221310775937133,0.006435889982103043,0.0049810139988458475,0.008391375188884956,0.006850532324720562,0.016153515403382942,0.014774575291050376,-0.0052914643711974,-0.005173420133687096,0.012134265732147763,0.012542028413017284,0.005092279600455249,0.005735883925704366,0.004993859011095543,0.005763195860082747,0.0033436797328474676,0.0039939149743449314,0.00018752261680156297,-0.00018143797278862185,0.010888686578724192,0.010758494732387684,0.010661063907806106,0.010886166101696515,0.00999120081553384,0.009936114819284223,0.011315154779644513,0.011293276979488665
603,0.04339579096275155,0.04115988043565976,0.01534538873239737,0.011094829191578953,0.002817179326417559,-0.0006812915339935294,0.006632159871667856,0.002911973021371226,0.01776838422456048,0.013999958009292263,0.024227638933231748,0.023303803968286324,0.010708667254130956,0.009164880818936074,0.001902281727693108,0.0005578075554128873,0.004374945307729245,0.0028285121746739403,0.011556833603452676,0.010093821406460627,-0.006553356812589661,-0.006483267302726256,0.00695296473791966,0.007179509074442585,0.0022011044629785394,0.002455455373500479,0.0006569643920560384,0.0009024087140318412,-0.00043085945088791686,-0.00018560051369900357,0.00623927961160165,0.006316839137896555,0.010847084545608185,0.010725104047751436,0.009225363885287908,0.009190826289865233,0.010463608903317526,0.010298417393577505,0.011616738605972145,0.011538721516720135
604,0.059585275788070734,0.05594111723795434,0.030836513513451003,0.02419821597921512,0.015562504126281166,0.009743241421202508,0.017643873137455465,0.01150017140224478,0.03465873206360257,0.02856345926917127,0.03112201907842265,0.02954490878554633,0.016393366218771774,0.01345575457471659,0.008474205412014121,0.005885508756351674,0.009896323289971533,0.007138096646273165,0.020338262422208847,0.01768600269799927,-0.0034845752458244838,-0.003927793076624853,0.007575980336751118,0.007253891556593043,0.003247564310412127,0.0024588847574807124,0.004107887134542203,0.003320295734983317,0.006080387126166385,0.0053485422212007,0.007654868183398942,0.005630886335039488,0.010123745647968054,0.009260453310640921,0.010829963282822447,0.008777220930214212,0.01016316346510396,0.008179228235338759,0.011857962091294099,0.010325811284564678
605,0.055654089854899266,0.052557772567660185,0.025831067847970558,0.01987036557583797,0.011051996866742934,0.005563896600972949,0.014447320665185188,0.008746121048938599,0.029668695923501742,0.024200500527645896,0.031944132158555405,0.030539388426772347,0.014865376376036807,0.012148875480502561,0.005050538022537183,0.0024962384036490504,0.006714777470903407,0.003972577087397991,0.017325398232339764,0.01481944213697256,-0.008895734508168038,-0.008804111875875728,0.010929095077971636,0.011489781704933921,0.0009610819643093521,0.001416845952771114,0.0014487716827878265,0.001932733480923307,0.002227859935517811,0.002766911186748073,0.0018027853229760388,0.0023550786122231693,0.013292404459951052,0.013717733905227614,0.0030999246909390508,0.003828456150402626,0.003444521578760306,0.00426027748120526,0.005954828837981897,0.006537717542211189
606,0.053459626566398875,0.050143638291340775,0.024446325451634894,0.017913851985845292,0.008198960533922604,0.002460011745975009,0.011545965854438511,0.0056285703723273385,0.026553871372514394,0.02055606968651673,0.03220186464876793,0.03064761764965873,0.015677537987906304,0.012652059941339727,0.004945725754412094,0.0021957164625608745,0.007487345147881602,0.004591114440359319,0.01677672885350709,0.01395826998575107,-0.0020339588203949583,-0.002071441144799765,0.007320179016729854,0.007374211050458568,0.004519212355149733,0.004597261116006795,0.004834465531562499,0.004984364598191195,0.004394787991888533,0.004466119386278098,0.0025039600962965276,0.0014596750150045249,0.008760575273120236,0.008434522795045073,0.007326510183349349,0.006520988454815246,0.00777640830315298,0.007053991239127183,0.006521294573485624,0.005904174597050595
607,0.052629744323530445,0.05076309949126291,0.022922832823169894,0.018833443530561062,0.010744692366494762,0.007224659139471824,0.014088523215516912,0.010649042386942439,0.026420572444207452,0.022996112992740857,0.02688548847861269,0.02581147589677668,0.011326404332702681,0.008991129000318678,0.003100831027182378,0.001139308351627984,0.00494039931239361,0.003014682777718939,0.012996266768602655,0.011106236389069803,-0.0034885186474104247,-0.003451911570613294,0.004661223027993748,0.004734961797023343,0.0022507643661050483,0.002355045891752194,0.0014162023230127726,0.0014673475088196996,0.002354411366489314,0.00251231415030716,0.0056122543613568495,0.006013104876770136,0.011814926808059373,0.011810628929852308,0.013388954998925198,0.013835220865050091,0.009294838226882013,0.00948070571443074,0.011126801915706015,0.011353552691557845
608,0.050243281080164626,0.047654475119393094,0.022952322592872113,0.01730187988614276,0.00503093521636559,0.0003115973319927168,0.008920144868981163,0.004057993823589049,0.026920713245525342,0.02208323863963439,0.02643574639084443,0.025201791207514573,0.017674355498772137,0.015260942099979385,0.006213396241516509,0.004149994186399332,0.008334431231055652,0.006176033050887228,0.018259437984866872,0.016121927214439162,0.0033235833722126086,0.0030108805626002074,0.01039873150208323,0.00992854967816817,0.006780782426553472,0.005969803092840529,0.01032603530748279,0.00958762257598471,0.00865542071503891,0.0077699858901648005,0.01037869199861098,0.009003396435376943,0.010833477160377358,0.010165346545805282,0.008213142600642695,0.006674982382512582,0.008187070227167465,0.006882902702557085,0.007334857430301883,0.00618021708039077
609,0.055412654614816245,0.05293305358165388,0.023843926449699245,0.01867037695157859,0.01073936831404072,0.0060719112354055225,0.014397314125697133,0.009665927967767579,0.0270227086975894,0.022485584364116427,0.03076377287882161,0.02947712158178198,0.012873157189710502,0.010282517294238352,0.003458374373624311,0.0010639202695593628,0.005695827601253852,0.0032291717996861353,0.014951852456219761,0.012609923032470207,-0.0032035420671401764,-0.0033151404115383033,0.008800306800838192,0.008808001908754397,0.00456190771034949,0.0045980457639493225,0.004490084178365479,0.0045275858705299665,0.00807532566159927,0.008311291845361128,0.0042449286318489415,0.0036628743277529623,0.007921095073399075,0.007495427706381173,0.01230148426167663,0.011883401252325298,0.013294721557829034,0.013057189303655781,0.013015883472694995,0.01262455779204798
610,0.06018212595194485,0.05655608454443062,0.037288494378528464,0.030777596328755978,0.01792930545021973,0.011964138632931125,0.02348111901030569,0.017307577084088747,0.0400304908636359,0.03418286320304325,0.034065310650459264,0.03215064164963783,0.02438906901461329,0.021465360111873878,0.009858156769891607,0.006936407887652425,0.014183816859396084,0.011093897655465125,0.02382883683763414,0.021024842244977908,0.007390260095593698,0.007378585822829835,0.012087036768308053,0.012181207756142861,0.010232746823561787,0.010344971533264665,0.01067157811223666,0.011042227272040444,0.010256481543002082,0.010590002314138588,0.00035322884822469765,7.451297327772371e-06,0.01311910796317475,0.013103245019996119,0.007645925995491479,0.007928973411592152,0.007123703593226982,0.007268874612888413,0.00959137052980678,0.009643989084822202
611,0.051598438215142185,0.04794517975693848,0.025899182890838042,0.018945957943422125,0.01297720268787798,0.006955992032145581,0.015521033790826333,0.009343274341577992,0.030268188903479053,0.024219496778980137,0.026703795106930044,0.02514681628046831,0.013484157974344813,0.010724607635672938,0.005169984842555283,0.002627971850575008,0.005908608492141397,0.0032023475091930583,0.015165326128535484,0.01258537584158364,-0.004224890107876431,-0.004096982647473765,0.0005012355913380322,0.0007302682374806374,0.0002100879087003667,0.0006189726913809821,-0.0008754084182550157,-0.00043983924732335437,0.0008142630790875207,0.0014378862186915499,0.004784107039405525,0.005275734457474373,0.009010099948664257,0.009035922685339596,0.005476504510060602,0.005769675749379151,0.004623852216461012,0.004854472213779953,0.006712321964197759,0.006885725605357695
612,0.05820997029404459,0.05503042667783866,0.030088217673048756,0.02400518125915659,0.018288781547324058,0.013147719329892268,0.02206767914950703,0.016888184972724977,0.03232977351032819,0.026900988539183445,0.03504672346029518,0.033444513402104914,0.01766724484612074,0.014694838176950806,0.010081601483572119,0.007497405531428207,0.012955371267075893,0.010362147735907405,0.018794678435916784,0.01610927927818534,0.0008562011945301221,0.00046012956552456146,0.014686964316099893,0.014280782512274626,0.011117838277309881,0.01045073341600285,0.009884717759536824,0.009223426875344323,0.008922878420734153,0.008256808167052324,0.006865799168455253,0.006370648100197866,0.015523468372277194,0.015240951296276667,0.010590758105290919,0.010142584946807297,0.013504238221789356,0.013221867554952688,0.013259262396704935,0.012933411163087053
613,0.052990538926691276,0.05055512998607564,0.02155951790405896,0.01622883134973799,0.009352917661548877,0.004672649226676276,0.013110376337834911,0.008288922005608376,0.02396470552439101,0.01910897224177379,0.03597954098798363,0.03520563868889399,0.012706455063828231,0.010684524980911601,0.006637128520711898,0.0048150836717008,0.009743231443075399,0.007851178079180742,0.015592807512644868,0.01358316598235235,0.005343663877057066,0.005284290501475565,0.01199591161462094,0.012086344831423526,0.004538166453314488,0.0044747797892446825,0.004538365151437412,0.004521575293352813,0.005840320394702715,0.0058535757101972575,0.0042171704000829365,0.0048432199589969315,0.01221480337852673,0.012300775998388311,0.007904442304955895,0.0081022218950376,0.007917574647116017,0.008228640994203016,0.010073835362311788,0.010335576466362913
614,0.04400170705947022,0.04183149258430492,0.019419508895361405,0.014742501552107481,0.007277319118337894,0.003230798024264277,0.010125984721224612,0.005985283989921514,0.024428610299395616,0.020464441973752696,0.022363904039093864,0.020097239284269465,0.010216275951630384,0.005734824193270263,0.004254017382110033,0.0004978938283049852,0.0053856513505321,0.0015687254364750772,0.014352005741387097,0.010494539754017568,-0.003287805641267826,-0.003680150627071316,0.01198075666249693,0.011538943552880735,0.008442380440139353,0.007559093407709902,0.008947650116609005,0.007971477639760964,0.009193946735026168,0.00819213668025455,0.0007430545423206442,-0.002133224050904897,0.012911149169851555,0.01197753322358653,0.010893976436756454,0.00898604763371032,0.009712355276340144,0.00777629996844182,0.011026426430877726,0.009371291408775946
615,0.049457283693884024,0.046526677551245336,0.02042844590530495,0.014709691625942187,0.008076865777123023,0.0030745146896151215,0.011941257050743944,0.006890334127537102,0.025723036282440444,0.02079794706138386,0.025863984743239983,0.024746893386561993,0.009405840451237806,0.007136825238973274,0.0009476563942125097,-0.0011876619611996323,0.004059595948102525,0.0019374647583753142,0.012709793394002165,0.010867834532771958,-0.0044346706409960895,-0.005117500045495911,0.004531879672954995,0.003965455989692498,-0.0010263201289433617,-0.0021205823178619947,6.212981009215578e-05,-0.00116694927070195,-0.002053544794611052,-0.003527471230553377,0.004643413196806771,0.003442182197641824,0.006301874514887865,0.0057410950819752294,0.005014693348258259,0.0038758173671145798,0.002229181678073692,0.0008503401310021284,0.003943552150021561,0.003005490411370371
616,0.042002192356896076,0.03989731950965871,0.021222565547801296,0.016694418185115453,0.011835702866052148,0.007720965816160126,0.01243479089703784,0.008164608874588338,0.02710416625957246,0.023057658222322808,0.021944760207125092,0.021031105832203686,0.01447422939277145,0.012747530027604148,0.009025545859906774,0.007416928959236761,0.00921191978744964,0.007401856874792029,0.01816950775113243,0.016571681299915784,0.0004784948596970867,-6.021550083082592e-06,0.0076304739098923755,0.0071142612417685255,0.006386908021882373,0.00549908918662804,0.005770884999941382,0.004697317477728407,0.006089279958984306,0.004958002691281463,0.005087536196093993,0.0030740136714296957,0.008144201389836798,0.00747461161845627,0.009182298801781933,0.007702999496920766,0.00886383551179452,0.007544017637547034,0.007421829142532706,0.006258438529442886
617,0.04455848922160184,0.04209387562480909,0.01478571745022283,0.008764710052704844,0.0014791784621428037,-0.0032792875483291265,0.0053157994461554,0.0005792371768784134,0.02067883119955414,0.015666603165143993,0.022766531696212327,0.021641818269028154,0.0077811744971707855,0.005126682848186396,-0.0004344973793306761,-0.002537870196694975,0.0022891712649819743,0.00019150878252955595,0.010716152712311591,0.00851136248744228,-0.004773819128793119,-0.004852047044558982,0.004963379262247411,0.0048207014044268975,1.856576808726973e-05,-0.00028471978572045035,0.003379302137173188,0.0031533579943745513,0.0020917601138756717,0.0018551508302470181,0.0026330827513748366,0.001176040259348499,0.010307085680947587,0.009826286285160432,0.0055372209978912824,0.004415774060458387,0.006251695443276245,0.0052626576274750125,0.008529535928141192,0.007783837675396162
618,0.050917080602799335,0.048315792325236806,0.019811579383876766,0.014327217069995308,0.005117210445484415,0.0003893250199569347,0.009097366413602804,0.004216760667495629,0.02546769552872834,0.020769682630508105,0.02926099555958166,0.02786596316743723,0.012317648071021928,0.00952511537018588,0.0021749066048621234,-0.000377072817269896,0.004292925026143284,0.0016280700116313262,0.015118894453772574,0.012530722971727217,-0.0029758122046834173,-0.0034788286045661677,0.008757416327590483,0.008177729217064575,0.002241217709421566,0.0012753730302483945,0.005018921895490635,0.003940727197075849,0.0037022274632635597,0.002580849185760765,0.0041555682220526585,0.002526250731891932,0.005913612374309452,0.00521707814569245,0.006614115156991772,0.005152771737921201,0.008241587383632901,0.006847413524309327,0.007845890495895586,0.006657382960627553
619,0.051538787501194006,0.04880722069979933,0.026526212737848505,0.020827226638592013,0.012190168181802463,0.007215660769306647,0.015688660487772496,0.010569317759343924,0.030507629024829973,0.02555052048736774,0.025787391610331084,0.024358648429976447,0.012933150772899794,0.009905618597896609,0.004782868991016921,0.0022347065133505473,0.00669150748559708,0.004031479382366383,0.015286765398654428,0.012671816280158298,-0.004053257207104888,-0.00421225990687721,-0.0016738405061448181,-0.0018984756059051782,-0.0013643413225466118,-0.0017059406738624446,0.0013245472741749372,0.0010816687201393065,0.002187290489766065,0.001859594092341222,0.004407209977727098,0.0026820324273563673,0.005246223106919989,0.0045026266849654255,0.004450045833724886,0.0028922807247619264,0.004959292321635649,0.0034393244274508344,0.009059400715837638,0.007992261175453609
620,0.05307042909966584,0.05078104282002991,0.026247530347948793,0.021461872191749245,0.013850383489824508,0.009506387587185161,0.016180428274103105,0.011732422533946638,0.029348238756976675,0.02494849317780533,0.028560574285176187,0.027346615247275656,0.01553746427194152,0.013019274276768971,0.008797958050644443,0.006474253415708274,0.010488655218179013,0.008098839641466387,0.017872089676672122,0.015486768143845586,-0.0017692128404583867,-0.002145996670529646,0.009363200070869902,0.008889157398934266,0.003179186842093635,0.0023770577155678217,0.005994803368255121,0.005164720309894112,0.004504257149812585,0.0035770716044481753,0.008884503878982142,0.006643266817996053,0.009010077135960758,0.00810840616995761,0.007693606429156433,0.005654555971234543,0.009764061033915786,0.007862683311338459,0.010899546422197606,0.00937428644897122
621,0.05470936820127903,0.05116908349451136,0.0255573809731357,0.018498983353283642,0.01028083024626138,0.003815150395992349,0.013793944732543742,0.007260523478210804,0.027986785929946294,0.02175933667940335,0.03265355815351636,0.031447485891229365,0.015022511510271567,0.012347798259570025,0.004428948939975231,0.0017573721375239923,0.007065714656576699,0.004373556733932736,0.014740563923886096,0.012223754673538704,-0.0008071970384215595,-0.0010247092099254969,0.009846147423799618,0.009763701016894163,0.0059980399842526665,0.005787477884610958,0.004617778469785472,0.004381743201602879,0.006307219435160561,0.00626629927433985,0.004762436414486955,0.003422616746787355,0.0121312328545017,0.011549891604177343,0.01361784830667095,0.012595257330359013,0.01071345803054426,0.009648284125858473,0.012245187309917669,0.011422059890483897
622,0.05433911154086635,0.05249142324107718,0.021784173763592908,0.01757373394768416,0.006367916740147546,0.002729762860303176,0.01001651184174974,0.006231081966525905,0.025994516700485658,0.02226274520725028,0.027263711720960516,0.026497813225341598,0.008298876941272817,0.0065592880782264565,-0.00186360756957996,-0.003426344698102486,0.0008731343218137061,-0.0008006925267667802,0.011340227315411204,0.009657140731161796,-0.0015114607576824316,-0.0017035920566475544,0.005361098978027832,0.0051432637041146576,0.004677243578386741,0.004391412805007776,0.00452519739150992,0.004095119292561459,0.0029673147699810294,0.0025060191918067055,0.005224429099297276,0.00506142255756241,0.009186954501299067,0.008959876349960096,0.006771540604312671,0.006309861709454634,0.006266790867824261,0.005915829344538721,0.006133514352457823,0.005756849660133933
623,0.06748251887879844,0.06505655020288867,0.03078599423113527,0.025636650521193516,0.014799746363257241,0.010147912057686654,0.020034084678629004,0.015148823914767656,0.03574519932825639,0.031266523081879216,0.04283590086589092,0.04146115268864818,0.02006167448315112,0.017361208854028302,0.009306841866429709,0.006711594915540889,0.012186501154845219,0.009351676003289447,0.021771279396477602,0.019208727007234905,-0.0022526614580530803,-0.0021743920693804413,0.009156926346888377,0.009317852553522554,0.005472402426250016,0.005648210815097166,0.006151049820753577,0.006376743450168934,0.0063577432846335545,0.006674204967106074,0.0014085382142512211,0.001720243451338254,0.010272322202145705,0.010517234886951807,0.005710648965802494,0.006405240176547264,0.0069350894624019555,0.007665893601092898,0.007380137158549407,0.007832739904709906
624,0.06229794040409829,0.059648825664810834,0.024203748631046414,0.018633342294477946,0.007845231760175308,0.003039521825664954,0.011430386563839937,0.00645672729141496,0.028203872934969714,0.023240416346990974,0.03280929068521095,0.0315318423211355,0.013365066208861987,0.010965380800562597,0.0027979133506231242,0.0005972277843160997,0.005134280030904782,0.002774363300236139,0.015046738518791397,0.012761841147671376,-0.00601322037662992,-0.0059248261153263815,0.0054371900991149,0.005653372707579118,0.0008282133687005503,0.0010463602586500314,0.0012241971305171722,0.0015499948543587457,0.0012940131816191473,0.001710677765222282,0.006132532879947982,0.005229996298546533,0.007684516555368686,0.007232741507901477,0.009610652282564748,0.008931337645434922,0.00829361708605722,0.0076221343913175175,0.008796304408331714,0.008241387557566048
625,0.0583347922422223,0.056829170158822585,0.022124115551600487,0.018528838727087618,0.0049561284451762905,0.0015642482478682152,0.009509621875062607,0.006042886722956291,0.027182042600857253,0.024074248986421284,0.033576916607614,0.03350181957467229,0.01589940265494539,0.015655244985077803,0.004260288713299901,0.003795497290179338,0.006916481817550414,0.006282376237705392,0.016950549434036778,0.016586764954191247,-0.005083170652340284,-0.005318627632436774,0.00815934589742295,0.007829214902962733,0.0025494666561830326,0.002055261004018325,0.003464846840116242,0.0029322761951908203,0.003790976714768525,0.0032786830041407243,0.00379924970671066,0.003817035850369127,0.009691579194112962,0.009718292040405653,0.0049689873138544964,0.004954665676930701,0.006599031628763687,0.006707838034706327,0.004330462374776566,0.004358752163248505
626,0.05393138049019889,0.049887302675013026,0.03005795855210161,0.022810621998794856,0.01715800268235066,0.010656485414711356,0.019412553599338737,0.012590987713561444,0.034872919746839134,0.02818764561117041,0.03017608338620918,0.027823639943838414,0.018610158827109723,0.01443115146866869,0.009211898790755452,0.005263528926963364,0.011286035721941964,0.007161517906612803,0.019560228619524934,0.015470307481147038,-0.003503906307171006,-0.004086143482187459,0.01275072748755289,0.01229802786473437,0.00703538664729845,0.00626796247640958,0.008942244274285242,0.008201894815058324,0.008352329391272527,0.007397401084950861,0.00591448782095847,0.003761176808790885,0.008845688933186196,0.00801489204540313,0.011038111058778917,0.009383319629882205,0.013135020695499924,0.011716389852121934,0.012030495916847631,0.010756907294286515
627,0.05125116243557679,0.048578937383246104,0.01847428970573389,0.013283225645323082,0.004899478785269173,0.0004613782136841557,0.009479381946429336,0.004881140633911279,0.02365025122407206,0.01925175318962248,0.02824870770889113,0.02621617861339619,0.009567401374477322,0.005540961968586495,0.0011796792113533295,-0.002169743260006863,0.0033937036015732024,-0.00012184627499010837,0.012211114132449338,0.008738465516945269,-0.0011872170151381032,-0.0015355857450058568,0.004294915570743912,0.0038422516494226442,0.0017753593998756606,0.0009755368769731194,0.003624914299318717,0.002826482770428261,0.0037454772133407297,0.0029587472741688875,0.0076079484295460435,0.003540789220663388,0.008361598937979822,0.0066117983817230355,0.010940849705275629,0.007750637006648395,0.01112166630809573,0.007800875483274831,0.011479378507429423,0.008774129718722445
628,0.048653076049461744,0.04655500859538869,0.022664470835938193,0.018326466380475658,0.012256822829808693,0.008614126655839332,0.015354766266286127,0.011608045255868393,0.02914384954880913,0.025376529143657945,0.02523757897182615,0.02457545303314092,0.012293277207954187,0.011057142780934734,0.005660758161237726,0.0044746814181130965,0.007632935272836754,0.006302099582739504,0.016022028816454932,0.014790606022972216,-0.00621362962475163,-0.006457188469112402,0.0045725693615058325,0.0042632981672914,0.00024075809754264878,-0.00035882782045347543,0.0016687083005782182,0.0010351379146818739,-0.00014924761967503226,-0.0007973150711164043,0.004263850787549138,0.0037914870659266214,0.005942817616342104,0.005680360819119024,0.003992909675181684,0.003465192705654805,0.005927408716931252,0.005332850659101498,0.004798270896625313,0.004332624554172342
629,0.05627964995376254,0.054315324202679885,0.022959280748256195,0.018710540087131737,0.009216692523669424,0.005309297981621583,0.012223054250414478,0.008335773214306542,0.022295210364103212,0.01827277958152838,0.031881558885462645,0.03067048828702217,0.015046631446724565,0.012720547275216699,0.0038430616019991945,0.0015133463169591586,0.0061885680389597375,0.0038288077994289927,0.013760564732555196,0.011331961268392785,-0.0006377407278256336,-0.0008825732141834831,0.010204131751834293,0.00999395751519047,0.00201698615732369,0.0015177595843064474,0.004128141901381862,0.0036657124451550255,0.004892650370807584,0.004508158212701667,0.0030528488447640707,0.001872746729609074,0.01063651991321522,0.0103526925244808,0.006595129123858663,0.005937139130780659,0.008049773172909745,0.007650899409018806,0.009289379420780551,0.00885510710013917
630,0.05475218609974045,0.051380333561105974,0.02778347210733669,0.02064183189450904,0.010712542213680483,0.00466727790065043,0.01482185584442953,0.00861268021020564,0.0320212219389845,0.025738801844042973,0.03590439728808583,0.03432564774122809,0.016693440749472245,0.01344298515358897,0.004786585485838207,0.0019076478569864965,0.008150131473476334,0.005174428322967801,0.01925543473747127,0.016264799179360485,-0.005378877869103271,-0.005397507604901701,0.008160933062246151,0.008215850261833661,0.0028704783639729903,0.0029733160628507534,0.003449722231232309,0.0036162616872467863,0.0048273646227759166,0.005143748041889467,0.005846404001053033,0.0059429312058251,0.011800765922598915,0.01168000273470922,0.010819820497245291,0.010962790960018745,0.011005227494450907,0.011046610298498117,0.011606764847816994,0.011617785164869884
631,0.06156094115971176,0.05681543859617164,0.03094314602331476,0.022887251758771487,0.01619980784299987,0.008976469238855067,0.019101711492013413,0.011727834963244232,0.03507090204595694,0.027779135573187296,0.03164484563588196,0.029193711006644855,0.015981614885288698,0.011968325519426656,0.006671875515092206,0.002925734664706696,0.007823779517376233,0.003923226325908578,0.018143728865422544,0.014311698910072381,-0.0010468356659165622,-0.0014995056767651606,0.010198120487292427,0.009861272810825234,0.010453117006924527,0.009925857084359654,0.008781533476967005,0.008167759852469189,0.009701229476724077,0.009035893801802709,0.008355457492362342,0.006710055128311488,0.015875966063311375,0.015286656792491032,0.014945190959090849,0.013545189624411211,0.014780102148304367,0.013564545965798152,0.01624010552446496,0.01524752121249726
632,0.07334699900306571,0.07087343044582864,0.029890635516836333,0.024705720606794126,0.017198714038383363,0.012857855091482276,0.021421205008907367,0.016937266663028045,0.03925073535010197,0.034806949150741215,0.04128128529457992,0.04003659024717806,0.019177574435186362,0.01691186040892242,0.010377855371261558,0.00838188991055881,0.0129093280012624,0.010774238363795794,0.0242238659589522,0.022183421602897338,-0.00022750128794152874,-0.0002044283496459059,0.004424500799522011,0.004434425102223324,0.005450784879685368,0.005498855562587957,0.0051701305778789185,0.005222566838688601,0.005688179109864877,0.00574584717326357,0.00477902052161351,0.004879641546456896,0.009318814067378483,0.009274918524653694,0.010233149640334515,0.010406045729914931,0.006525612276752493,0.006684581153396219,0.009563088678450227,0.009580109479511297
633,0.05677735846321898,0.05332855823912398,0.026502934972992304,0.01974854770188178,0.01304536015153775,0.00734893206053102,0.01757611794099308,0.011771737140239638,0.032046323527694286,0.0261962733322935,0.03549878539831468,0.03418702440835097,0.018866357510373216,0.016278399146721596,0.009565755074243874,0.007266591902088981,0.013144418665793961,0.010765173533686634,0.022986217221823996,0.020723150175385084,-0.0054855299089917806,-0.005467812829158712,0.010946481608062341,0.011070129272052783,3.608105520555255e-05,-6.069604571948836e-06,0.0020763653367459048,0.002117458851261372,0.0029952368119499106,0.003028226994962924,0.0036896996540568537,0.004325789195359043,0.012311093668367884,0.012472653224135832,0.007512349224365377,0.007846389488481289,0.008807705890280999,0.009338104419931543,0.011954710298016228,0.012378868202070951
634,0.04715200991015091,0.04469048849356294,0.020739837232269694,0.015390807916612567,0.008765418441745762,0.004188160078100791,0.009739046686927107,0.004996020566870578,0.026807360463158004,0.02230094408912469,0.02570519503399299,0.024273925959292925,0.009381886381530322,0.006312012894468042,0.002029359925620657,-0.0006620217962674797,0.0026235149057313957,-0.0002630263691123236,0.013878339263560868,0.011169448910784651,-0.007037924669187021,-0.0069643290803163265,0.0015593936580228576,0.0017798102369103639,-0.003779779224111638,-0.003665477624902586,-0.0019974525428553915,-0.0017473536904642549,0.00011063963137318061,0.000469976676573106,0.004505407842061545,0.004682930892512736,0.006066401318196439,0.006087613093406675,0.004499188372593001,0.004803472075345297,0.005034947230905207,0.005252579615585661,0.008283397084603294,0.008480528137812611
635,0.055165802290858115,0.05264601759962571,0.020145709741644986,0.014137655007129777,0.0060821021502265584,0.001254840896323065,0.009530497340754378,0.004512559792608187,0.02697219996194123,0.021909377199357566,0.025644022057497617,0.024512975787503492,0.009566096764089904,0.007008496143364145,9.227554425448572e-05,-0.002063321792065358,0.0016597244012984032,-0.0006184109707487862,0.012799044369060809,0.010682184961941732,-0.004028861296166966,-0.004142105944173238,0.007615883848324528,0.007507598380876811,0.005188225578096268,0.004940837479124228,0.005080332064659602,0.0048597269187941085,0.002389794786970166,0.002084180321729688,0.0023163893397970723,0.00010408709231122784,0.008962673929186208,0.008308414399826226,0.005975304157119241,0.004473087163661042,0.004233713288656816,0.002686357323954079,0.0059622129056757355,0.004844428555967326
636,0.043840552504068445,0.04180276315076339,0.018908617851340095,0.014406683230209726,0.0038151917680504903,-0.0003451299115452156,0.006855083803670596,0.002563291552286901,0.022259411200240876,0.01811997809849853,0.020506054244018346,0.019676261982547367,0.007263736028836653,0.005306215204251778,0.0002534398836981303,-0.0015728157749781556,0.0016139978529595398,-0.000336675474444034,0.011185543788898456,0.009286765767722294,-0.006031498788610248,-0.006275347039173563,0.007633391081834739,0.007480658113913954,0.0027891199577206793,0.002393163764871429,0.004574397817208331,0.004192349221822321,0.004253312123677158,0.0037776891162205166,0.0015723752478079285,0.0005877029093871572,0.010268071571745899,0.00986374601311808,0.006834662069013818,0.006304818098624548,0.008659256181899704,0.00819038946846281,0.006820060947129751,0.006182662335071812
637,0.04416752026472594,0.04169163279958623,0.02237112804604356,0.01742462709129266,0.00880200648452643,0.004587203445851057,0.013496685033464717,0.009127655589780279,0.025385056489501706,0.021085703101772515,0.027872022388711132,0.02622119570796576,0.013222807386790655,0.009971620434158482,0.004788886129415033,0.0019611728846228122,0.007798241676558233,0.004883830446485512,0.01614319810172714,0.013374705212880953,-0.004208556577231756,-0.004208680767583788,0.01103125331019544,0.011231932154907606,0.003900743290476227,0.004088516360371756,0.00399308231311928,0.004219838738767544,0.0072394721800758,0.007625205201538622,0.0033283545849086306,0.0029697519838537173,0.010345423854711471,0.010230558410136268,0.0076837293437829425,0.007683896195180996,0.009854191858654427,0.009914240425369602,0.011733269471616308,0.011708347936372225
638,0.0607959133969586,0.058399141301188354,0.023788975255678364,0.018737695167268732,0.007564937211589529,0.0032460329864675125,0.011784827035217405,0.007319043305066814,0.026876488386463615,0.02220242516717489,0.03267384190063467,0.03157752214421972,0.01606736629836826,0.0138665500634125,0.007176507517127538,0.005280467750755425,0.009156993193615414,0.0071356912393575386,0.018440300732111035,0.016364585365870158,0.001080827903210728,0.0004014501508282627,0.007222467633849231,0.0063489479113506,0.006287160143343354,0.004938717644766043,0.0073715732895888566,0.005881746776779446,0.007634552481017712,0.006092359882484412,0.00492823555284653,0.0012414825625500273,0.01002456948521169,0.008526251703326182,0.015576971075902335,0.013112468446086472,0.010870704040840225,0.008395901582130171,0.012918270278827734,0.010772639924245413
639,0.05420253526278419,0.05166139126123,0.02947782562434671,0.024696807950379217,0.013050477094840803,0.008768668532670434,0.017913939342762534,0.01348361493092889,0.03368159966342393,0.029625267515437516,0.027699726130966263,0.02582451867796784,0.015704226090768377,0.012181029290280232,0.006500312455769208,0.0035181826790796795,0.008633611855443092,0.005520013573663444,0.018475170080000887,0.015531556021418622,6.729350185547351e-05,-0.00027761854841582603,0.008220814338733617,0.007752673351045701,0.006206865087104092,0.005535825594175447,0.007978919073071541,0.007313879626154875,0.00937761723166752,0.008746219439280695,0.010112323907464792,0.00831122234944601,0.01131952221133947,0.010665733563726477,0.008914625487480043,0.007634682620458513,0.011854221233511002,0.010524729322226287,0.010849638459706027,0.009679284906749621
640,0.05538889028984871,0.053572793301448186,0.025781543737940255,0.022212615866992663,0.01099949506407991,0.00777793225243993,0.0151276411832165,0.011761106989016947,0.029582712694043466,0.02643112011476949,0.032859962572968346,0.031677793906145675,0.016118764419394256,0.01401043106105494,0.006964107119910683,0.004955991637146665,0.00969129614841261,0.00758015865486446,0.01908960417847754,0.017118980000887903,0.0006954609845979925,0.0006091052181354066,0.013533122613945412,0.013548407643933887,0.009322026076483908,0.009188471992282832,0.009157635884820329,0.009144926451535378,0.0084996710433679,0.008441301815419425,0.0035865775215965074,0.0037651912013427014,0.01196828605197218,0.01200275912953903,0.00811148198111311,0.008163459855326205,0.012020106646656778,0.01244409033825276,0.011319860021811297,0.01150973208407161
641,0.058537463566651224,0.05760341379270447,0.017158602167200533,0.015052708486808643,0.0033808088632639897,0.0016862497740209991,0.007732576809696338,0.005900520704333488,0.024489082277072527,0.022839706927438266,0.03623741335533701,0.0363521707483725,0.009269650425353472,0.009595075452353266,0.00014289483161463264,0.00031550711449186084,0.003674675982673425,0.0037546214827874945,0.01415878639588608,0.014449652761263882,-0.006127093097829826,-0.006281855299591421,0.0020401492424361443,0.0017974290573000793,-0.002411851596713979,-0.0029501596757147957,-0.0027826990273554794,-0.0033100089678355115,-0.00022125968305056163,-0.0006846352044310602,0.0034371607422144087,0.0028212403440951287,0.005316977576121429,0.005090914062963364,0.00761217482156173,0.007372246081635239,0.004409491876714303,0.003865866098882318,0.007807819400582672,0.0075680090219931
642,0.04705546558231525,0.04508876154235085,0.019697975536965125,0.01563589233750464,0.005278628255959676,0.0018632991869396548,0.007300800053556632,0.00363731089081332,0.02176606642283541,0.018057700809407447,0.022750558440252297,0.022031269519959252,0.009502951211691845,0.008222704811802846,0.0004171225848861616,-0.000781009062267232,0.0013963062318426557,2.5000289443360794e-05,0.00943740106387835,0.008156662268902715,-0.009182409001643178,-0.009362333322925527,0.006309808502473875,0.00609320500681354,0.0011389083132910768,0.000678185921175339,0.001753819828018828,0.001225148929692037,0.0007923402661283606,0.00028172441422361837,-0.0019846722720186522,-0.002340156687225838,0.008143176391618285,0.0080811753194143,0.004171275624114191,0.004045502287217028,0.002971792865682781,0.002930031818623253,0.004581942485869823,0.0045074430588396275
643,0.048834469458666804,0.04714964951131145,0.020691244498320334,0.016834788172690712,0.0063074422932896945,0.003044920757569334,0.009323009138915369,0.005952097454306108,0.02353645713003948,0.02027614993103801,0.02828880399930967,0.027195741836386178,0.012185109660538405,0.009822334509927668,0.0034548139361584565,0.001362630711199605,0.005339007029609787,0.003135962850936899,0.015438047799429113,0.013304693046321484,-0.001149382853682674,-0.0011585546662216044,0.007795475170269331,0.007912936100429317,0.0037873516129300565,0.0038504682743186634,0.004562717428173573,0.004688795013483608,0.0038486601406067175,0.004026550963882229,0.005924852733304885,0.005571538153039906,0.008368033071663216,0.008244551559778754,0.006096235173192094,0.005759588358918953,0.009308808558587948,0.009237112843105407,0.009984744189503202,0.009746116058036151
644,0.05262420900641827,0.049461715885246976,0.029985998096337202,0.023711350071048694,0.01679141913769079,0.011125449982595095,0.021041914038994393,0.015331890617159737,0.0362545635911122,0.030869767831686303,0.030251163511688196,0.028662240577934473,0.01805969601904497,0.015087815477461347,0.01031982855138365,0.007473800643036437,0.01304330263507722,0.010174976677645534,0.022421120296062927,0.019724215767762093,-0.004532931736489822,-0.004964043746483997,0.002968284540901016,0.0024157325974326254,-0.0003827823976053035,-0.001363599378909992,-0.0007024448296670913,-0.0019296192348403842,0.0036161217514842055,0.0025321119750110572,0.009210628110628841,0.00758658779527369,0.0066477066451736235,0.005977399307929034,0.007255053737341537,0.005705500568722037,0.006035702640852207,0.004420354134337679,0.009465978013989572,0.008292267160011987
645,0.05349145157070272,0.05140079091454923,0.020065242698939098,0.015702200009817747,0.0053207862406289014,0.0017458851936111605,0.009895081071880144,0.006075713005265032,0.024661855300248742,0.020812024885929818,0.02606231916038728,0.02464862527641041,0.01251880944284423,0.009813038785406418,0.0019312023248464392,-0.0003552516542389841,0.004595469155677566,0.002108259481135075,0.015102232082079331,0.012678751483090065,-0.003899169797921475,-0.0036945712562759746,0.0089437066276465,0.009238326772987634,0.0054622709986909415,0.0058798622114678515,0.004796487042943859,0.005361446370305991,0.004848306115975492,0.005373362259013812,0.00427501549990358,0.0038361905690533797,0.013563383891458836,0.013494536238605748,0.01013757019114826,0.00994542152420316,0.00875321725729918,0.00853851548691239,0.01140850691763335,0.011203395730319829
646,0.059495548688884,0.0568755719011941,0.0295208305257449,0.024845462192107516,0.011490669210497371,0.00706514477153865,0.015674938028401458,0.011055360443306964,0.032945033981467045,0.028603064678475287,0.03786287335542493,0.036930704281166335,0.017107208767251806,0.015516287374056928,0.005218920198551719,0.0034772851120275583,0.008643979534805741,0.006775449093858936,0.018879539620041963,0.017178604603707945,-0.006297590950671674,-0.006926794426798546,0.008450629522523768,0.007736488171116246,0.0009634686077576365,-0.0004493573795276495,0.002551749039291535,0.0011179446484061392,0.00011778794379197989,-0.0015190128433655522,0.00042700109787154863,-0.0008119966533178096,0.008877251838327455,0.008416364973066342,0.004021730619093328,0.0027926259061482853,0.0061009389626088106,0.005054505250964415,0.004397370907430025,0.003397348177622386
647,0.05120908490443147,0.048629188802394044,0.02375434689820928,0.01852019688375781,0.009130801319668449,0.004206561356692449,0.012174108830996238,0.00729971964871705,0.02707558298428305,0.02236908923862014,0.031200254348554557,0.030342279365764606,0.015005586475440123,0.013435336677669232,0.007276831050500662,0.005649600183216684,0.009245691331156962,0.007571123252465976,0.018227077964603693,0.01670347683521965,-0.006840722978226517,-0.00695395912180539,0.0044781889715544785,0.00438844976560316,0.0029197932247353375,0.002666025019259706,0.00335634927315718,0.0031194287278872735,0.0017504341127243424,0.0014878869095603774,0.0027646257265438456,0.0017928823389233006,0.00689185211340017,0.006694776549554249,0.007625202886391217,0.007200492704463074,0.005958920491107035,0.005627709205641093,0.005769790267680149,0.005400583514416367
648,0.053116813377994385,0.051170941842744636,0.022415842204359444,0.018495885296192106,0.005672305884107814,0.002410170141513895,0.008929300343336506,0.005335059886768108,0.027445634263020074,0.024025281076490913,0.030976136986702273,0.030882301184336065,0.011155993942604485,0.010695451091004327,0.0018622133411992728,0.0013632182311970574,0.004295405619831488,0.0035836422049900776,0.015356511422549162,0.014805463739927254,0.000905728857672312,0.0007259589609935431,0.007165531158384644,0.00705062775632236,0.0051146809544968894,0.004910047734876329,0.00440590850607378,0.004163106165364623,0.005257603394253717,0.005091485552088698,0.002345755678295331,0.00195409397142195,0.005824613040361545,0.0056381041113567525,0.003929577800998274,0.0034605878433579167,0.0036886078526276933,0.0033394797749400533,0.006366396218402024,0.006067096530265594
649,0.05332638038498427,0.05040174250147089,0.020945975471789967,0.015174205196715612,0.006079817299458874,0.0008283494322366067,0.008953262183892856,0.0036699232916483798,0.022919036897632396,0.01763555415576302,0.03296468367164908,0.03200587053099243,0.009545960086267482,0.0074915861898789075,5.727743799129814e-05,-0.001969959789315851,0.0021846873727386453,5.599359010535505e-05,0.010842185079463917,0.008797220470371738,-0.002787347459063178,-0.003542742033731638,0.009092766368269474,0.00831526033001848,0.006622238946216484,0.005595677831464923,0.0063087503747821985,0.005134617882213682,0.008340351410400022,0.007151860665751543,0.004809018782952689,0.0035279273727996823,0.01209447814071431,0.011464982639030464,0.012881839851573146,0.012165533784178636,0.007471628116345835,0.006503531768025757,0.012363330120890522,0.011598519980231085
650,0.055204236140634376,0.05261531258536688,0.021820361804346697,0.016410680408276992,0.010998119609499393,0.006158574909076667,0.015292595540512632,0.010460624109183433,0.027956330880084597,0.023179434683473193,0.028950470943857,0.027488729096991404,0.011261315878891485,0.00828138102783937,0.004652748862688088,0.002028169904974878,0.007919470585217876,0.005283494348601902,0.01546661868125685,0.012960986471416372,-0.0045965642347774345,-0.004618252312953744,0.009804146980708847,0.010048979822660887,0.0014022989811823168,0.0015855703182610207,0.0017681424950890244,0.0020365838480465395,0.001125963412144325,0.0013767736935766937,0.004933722191371381,0.003618749632806359,0.009995705376804727,0.009643574093669447,0.009351395219050844,0.008651491011593569,0.007356709705792644,0.006672425997996339,0.008034337540460871,0.007490584181849951
651,0.053586729674037895,0.049363924008504666,0.0289636713576228,0.02103788431550615,0.013133304336358415,0.006521265310093312,0.014756448663400246,0.007788931055732159,0.032528353300428484,0.025718911309404836,0.02853879323689314,0.02553570631195564,0.01591855550004989,0.010702443239023456,0.004556195703007692,0.00016286822729033864,0.00596485617689191,0.0013771194430938789,0.01795713496617706,0.013390182669082484,-0.0015395158022004432,-0.0016591333163622067,0.0032854722361034976,0.0031827840017444433,0.0003524003684330604,0.0001407342386469028,0.00041540053641757866,0.00015073217526581493,0.0013456880454684515,0.001181390570300286,0.004065735746731637,0.002312186414779596,0.006021737488298573,0.005434322017297336,0.006020060971858246,0.004664800503843066,0.006181885264285018,0.004794324716438849,0.004791417931977152,0.0037997127638339455
652,0.03946381073521734,0.03855331984624479,0.01710286397167301,0.015245985388494348,0.006750221329050836,0.005031933875991651,0.00863878268621171,0.006734768899454552,0.022232340497700266,0.02053824824963634,0.01882307435819376,0.018730242485924076,0.008979470831696566,0.0090353177996495,0.0038339945948549525,0.003917882159185706,0.004540416425241295,0.004371009843000017,0.013114743567242798,0.013170748800660628,0.0004493350340816535,0.0007738197733884545,0.007163405663675672,0.007906678444366775,0.005301215633024837,0.00619786878947962,0.0036034374819116826,0.004706132452170951,0.0054768821197679705,0.006681825671727678,0.0030875281191795586,0.004113302178915272,0.009978475139776125,0.010325110488165933,0.006738857151784762,0.007648256814282774,0.0071433937257095025,0.00800632335573848,0.008682214099470177,0.009315308124590358
653,0.0529568372458622,0.050523506600710144,0.022039414786279465,0.016514978853675866,0.009372723788109622,0.004723485401587203,0.011913252559467749,0.007215922242112203,0.026795343754476748,0.022098749735754864,0.02682748984437821,0.025576880590737233,0.011417616690972444,0.008475400247361252,0.0038869602843102343,0.001351630969145414,0.004779065829862529,0.0021650341802240476,0.013723835053079744,0.01112604985703406,-0.0008073955892825768,-0.0008799454180502643,0.011815732282231966,0.011828311558154605,0.003459812359825748,0.003422813649672117,0.0029949670935698674,0.0029264341365325174,0.006098363713630009,0.006163068255295956,0.0009391310011682577,-0.0005628993518624921,0.01075814068158395,0.010382826926182876,0.005322172436269807,0.004549382330626817,0.004461123418018109,0.0036984163953280623,0.0057657216229133655,0.005046521721396786
654,0.049735925254735705,0.04666646201577103,0.023501792726816385,0.017573638101946558,0.006503238655665636,0.0013142323929576315,0.009466413137704171,0.004164965293844474,0.025505766153337307,0.020230100360985794,0.02398782580703619,0.022298179714906323,0.013490471386063999,0.010323896111215161,0.004222938617366482,0.0015610477158871246,0.005016730617833148,0.002184553779114523,0.015185238476685672,0.01241202332341895,-0.001079480826933347,-0.0010701091793204691,0.008789805520788976,0.008935936328466187,0.0041745967639441,0.004380850141641056,0.0024343636874265733,0.0026023045936894597,0.003369528291271456,0.0036393045225736136,0.0027875275251387503,0.0028019194048445237,0.008627882632033703,0.008676810880742349,0.006719798464583425,0.007075103709002696,0.0065310734662615945,0.006678815348622941,0.011462913791690297,0.011903354939216371
655,0.04285319771195994,0.040841023399419175,0.014911319364517539,0.010605040866670981,0.004120641743396958,0.0004968110217102938,0.0075105565370458495,0.0037517761689005802,0.019710905759449254,0.01600982061915089,0.023320284747534996,0.022916869300842545,0.0068158503099152706,0.005937333290898655,-0.000727436337353846,-0.0014850306911663885,0.0018084238502039246,0.0009441645949291408,0.01007851889135204,0.009218592003067131,-0.001830681949719198,-0.002006025567272828,0.010231204270876185,0.01011933164930573,0.0054569990822411815,0.005147978552445703,0.00530627473285008,0.00496951622188366,0.007046845248250824,0.006715111302661098,0.0017059992376292077,0.0013231892865865954,0.00825093611947054,0.008109007845908166,0.005570235856369087,0.005243123621584009,0.008772659522798995,0.008616894849112175,0.006320371800784692,0.006102100245968313
656,0.042054376534408924,0.03878313286567568,0.013675041670068399,0.0071534731061018665,0.0014595621438961638,-0.003908221634956217,0.002901837964093274,-0.0026559294011255182,0.01685196552172354,0.011115761697886365,0.020080956961124163,0.018549937153038966,0.0031089058035086354,0.00018059076469790857,-0.004995808435397977,-0.007430998204030176,-0.0037871941266622933,-0.006389080647162486,0.004500739036882315,0.0017396499140579624,-0.004928090185579253,-0.005056689322934463,0.0027977113878043334,0.0028166845856285702,0.0001809634080419635,7.675401476840556e-05,0.0008194822216555737,0.000626607386057536,0.0009750998843052244,0.0009004764170194253,0.006660992605144894,0.0064476899981090975,0.007341804705299594,0.007189741740203671,0.0058179620593120955,0.005584789792216115,0.0027758380690957865,0.0024848369484728417,0.004750702945719425,0.004524864778422471
657,0.04747281980400218,0.04441341315886373,0.023575515155959507,0.017180379733575838,0.009593280836463536,0.004321147165009573,0.01326528234835865,0.007967697637096005,0.02489257567879654,0.01934202951092099,0.02369167588537461,0.022682583501819318,0.012969796918746218,0.01098405990879452,0.0028354799308405792,0.0011320344112751815,0.005603921633637983,0.003794730292290407,0.012995074166682418,0.01121725753929623,-0.008668583740088907,-0.008691179063859526,0.009775093319768238,0.00983195217847119,-0.0013437624998659933,-0.001373050563294136,-0.0006681839825808244,-0.00065286409562144,0.001002222401565451,0.001080755933637103,0.0011279438707263866,0.002409598201874166,0.014562905403148882,0.014938904356543445,0.004304606046915396,0.005250288426802785,0.006354463715402316,0.007108099619589615,0.00544530874804107,0.00609807946280659
658,0.06090536561696961,0.05757688120171467,0.03485565581480209,0.028291983261563937,0.018512083997324482,0.012555212297028748,0.022728801181069326,0.016627755366939886,0.03919842236679934,0.03347119874459893,0.036114010982208344,0.03441568234026004,0.021018013891911252,0.017942825564752317,0.009781856553221691,0.006860833745709993,0.012328972669833283,0.009281191970777813,0.022893758610622563,0.02013918108988308,-0.007841834716451262,-0.008286587690862324,0.011597647224548074,0.011182206514368626,0.004047351414135443,0.0031760367470144288,0.002884390064905728,0.0019307032759888865,0.0024864761763456616,0.0014853130689666248,0.003395744833581747,0.001599403180633032,0.01358557142778809,0.013086664568794695,0.010085988372515188,0.009061935273657378,0.010612993008074747,0.009700349126777062,0.010239277823367974,0.009323032436584977
659,0.05099187649109953,0.04848234368024245,0.02431944951471854,0.01893317964457405,0.011020132163059321,0.006559592197720951,0.012783405916766754,0.008012955131262024,0.02749953003894572,0.02285806507574497,0.027416535813602004,0.025882830558061943,0.014036134428843019,0.010914342489344508,0.005026897537093759,0.0024348524562748815,0.006421583499816921,0.003619102909605441,0.01441483079817,0.011621277160392783,-0.007181125414326509,-0.007339479001610094,0.009898154180071672,0.009843409556499094,0.008336755634164451,0.008126308764273256,0.007396914874894356,0.007208694522049798,0.006847360931135943,0.006627509627870542,0.0006328094463536519,0.0005618862277228674,0.009772508787416662,0.009823136552153007,0.00980870244963924,0.010219059054910714,0.008088464029165139,0.008347000037229338,0.009788568065839023,0.010016087949975416
660,0.049058387510370116,0.044722945075291995,0.026904824065872624,0.01899345928118224,0.014064719278827253,0.007452979171008284,0.01590974490630598,0.00908386210452561,0.03087425146188848,0.02395051521371335,0.021062917092694033,0.018783191403020247,0.01444734368152768,0.010531170830458363,0.006834122925675559,0.0035022880899348054,0.007758727129609693,0.004248938054775495,0.015914877683182317,0.012351862539417953,-0.004286666221310886,-0.004315541105076008,0.004051967236649856,0.0041491581562434435,0.003315919808826228,0.0033999236666295237,0.002894849441565628,0.0030589080916395214,0.004368489812679835,0.004615276962828937,0.003567954524466445,0.004145840992637161,0.006802590163325887,0.006951951010469334,0.008349742450781558,0.008786177575994586,0.003979757346454004,0.004327487079845067,0.007129065811644383,0.007437144298494699
661,0.043793147309076505,0.041027983568256585,0.021877230839220965,0.016115382401500587,0.005318183648045677,0.000399743943548217,0.008399672825163108,0.003451675663440125,0.024541391030717792,0.019440033359382596,0.02347700045898391,0.022233273614771877,0.010779453232913008,0.008394487225112823,-0.0004930713041676746,-0.002600105652363434,0.0009033555144060228,-0.0013118745752075094,0.011192200313697748,0.008982828616639325,-0.0009200827059780474,-0.001102087724033044,0.007685331311722389,0.007560749952097046,0.005522467081591759,0.005343691780424881,0.004435890847396574,0.00412695019406854,0.005338374094647378,0.0050571308205956764,0.005297803053670072,0.004952004755777122,0.006411895928542974,0.006320745775939057,0.0063828901547252626,0.006238231647804544,0.00427350981241698,0.0042051162885280895,0.007895663933527258,0.007891232307658725
662,0.04331320484281078,0.0409763650026244,0.017251450608465353,0.01307695084413341,0.004666043594949226,0.0010019098466246608,0.007522735307594115,0.003657970577362076,0.021078820292403846,0.01731976434722829,0.024796634893264793,0.024077449754404158,0.00971416586078874,0.008632131291841842,0.0009786249958641923,-8.792014053438167e-06,0.00284515090765623,0.001698314469080355,0.01244855583731342,0.011473071258034241,-0.0063511368397517875,-0.006601425817164432,0.010500872602152147,0.010308615104520255,0.007253726885476393,0.007223522183062825,0.005867239579360179,0.005662513469444607,0.005706592014383744,0.005451640607061154,0.004208191877327928,0.004110667055878836,0.011925230472755838,0.01178204266082788,0.01002475228682889,0.010045702241029682,0.008959062798350143,0.0089636747905836,0.010230357795069558,0.01005071543382624
663,0.06074901580430666,0.058015168486103,0.02685390658244353,0.021593678566596976,0.011681329055853293,0.0069455879387396195,0.017111585448764698,0.012247444379882557,0.031070587869402328,0.026297321933446183,0.032267371131620426,0.031104982372623147,0.015165081013951415,0.013044727910370008,0.0043493842275364476,0.002266545365638382,0.008107108995879167,0.005916126594906193,0.017694723228669943,0.01567188244656515,0.001207859500552744,0.00121144689951201,0.007509998101494292,0.007522414972160921,0.007911275600956412,0.007901533973690531,0.008241614019268071,0.008315117357314331,0.009262032699289914,0.009489357880392634,0.0036576845867666353,0.003310484154482539,0.00912195661370745,0.009001242595686765,0.010349976957985379,0.01035611960667332,0.010646280061340194,0.01062536352412645,0.011843379362050063,0.011773876855628813
664,0.053757083433130945,0.05122877784374759,0.02862189322267104,0.02313501707120803,0.01087309532453251,0.005882808027196704,0.01297461866682705,0.007909373088276106,0.02940276407431448,0.02449304867454185,0.030850570472121412,0.029610657647694584,0.018081230139735716,0.0156735845385114,0.006719194476252623,0.0043495148897255784,0.00842204114594706,0.006027378696078685,0.019007459410304673,0.016719345001259923,-0.0008894391331222877,-0.0012333139987635927,0.0062432459615812475,0.005831966832135268,0.006711462765798752,0.005975649113486003,0.005948174681996351,0.005092249468793078,0.00484393138304729,0.003974615800970244,0.004455352618731525,0.002765016878664401,0.007709623405049952,0.00714360870434867,0.008851278799720357,0.007844175718721466,0.005575049557476216,0.004161340278613147,0.0083538087209324,0.007363280500391764
665,0.038085788141101126,0.03582084135889899,0.020530390256939677,0.01591053912917207,0.010753934615287892,0.006584463860389989,0.012225862220075248,0.007923418569648318,0.02626593009218564,0.02231928143409778,0.0238420401983346,0.02267564656644072,0.012736509465664417,0.010627973558297074,0.005482982632709998,0.0034553216847922133,0.007506720045286778,0.00540267764411782,0.015923504086074465,0.013993616522400092,-0.005914711012895402,-0.006450255033204512,0.013099439084247853,0.012477804668677876,0.004447318970823176,0.0032771625865845853,0.007175958429982758,0.00586760609378349,0.006622591857354927,0.005315774631203525,0.00014745005145942966,-0.0026463422048067773,0.009803474641117022,0.008858430337530941,0.007452758806445396,0.0050468176942172335,0.01032838877223761,0.008360008792383177,0.00925042500965155,0.007531228570784342
666,0.05187420837373763,0.050499913336567025,0.01980974942347896,0.016637696538798777,0.00379507674617281,0.0009327382595397931,0.006878115217195206,0.003914552718440216,0.018753971818276545,0.015871764435985793,0.027547140230676493,0.027503215730945968,0.008593894256109253,0.008434290417117673,-0.0013177924310477675,-0.001654192096423147,0.00011780757091260051,-0.00037797999622800826,0.006376859100463326,0.006069729977645999,-0.006045523400885724,-0.0061427053029604745,-0.00041498497860932267,-0.0006830641872853417,-0.0029326995549264173,-0.0032891500761654605,-0.0019218985214819024,-0.0023510278113114025,-0.0014550132027013908,-0.0019086263809765867,0.005883187604935309,0.006271877065459806,0.0023607248178714063,0.002322679436955269,0.0027707958246887114,0.002873334424917502,0.001802298991003945,0.0016653270824156375,0.0017904091408080225,0.001639584802112542
667,0.04293645408930037,0.04046556354224949,0.022787590367344172,0.017906776612962576,0.011365514890785699,0.006802110988306016,0.013756290580735289,0.009213474883638217,0.024295665301103928,0.01981602793507699,0.022987142482487535,0.02138266626265128,0.012801325209501765,0.009760297450558678,0.00556572824190606,0.0026654548105276266,0.007218498851476363,0.004287549767369706,0.012732171503908768,0.00976838644364505,-0.009903685091286151,-0.010352304613376953,0.005175017307384639,0.0047688192127045646,-0.0026466282463831043,-0.0034668056552117897,-0.000471724885367279,-0.0013944240781362468,0.0005849046327476919,-0.0003278480109106431,0.00408666594047188,0.0022584529707017614,0.010102751426297216,0.009567643512929143,0.009150780036758708,0.00809465781131046,0.008442536454447983,0.007381629979293379,0.008531018561048846,0.007491650367255466
668,0.04421698302912847,0.04273036089152166,0.014628870606676211,0.011417094249652673,-0.00010318587805851595,-0.003081724229380494,0.0025323698861066364,-0.0005507674277997193,0.01891746896038008,0.016038683439728713,0.02476418057403499,0.024126990392583474,0.007764611270628957,0.0064373622713570135,-0.0019244747205210248,-0.0032053526561594443,9.501663638565583e-05,-0.001283403928984435,0.011419842488010963,0.010269945259677879,-0.004082016602871629,-0.004183674628455649,0.006193581793960707,0.00620727159175011,0.006148257642977007,0.0061629380191722555,0.0033055122282007647,0.0032474006772311033,0.003343101590236449,0.003345170589074526,0.005261660440414073,0.005198653236242944,0.010361615673273481,0.010334250716322602,0.010310397524385865,0.010409690082438094,0.007192824926630323,0.0071998829066368284,0.010596886168007639,0.01060877333040887
669,0.06273833431767653,0.05904923546290336,0.01868169946024912,0.011248858078163258,0.00583478460149124,-0.00017468343572521242,0.009781642422990743,0.003460183045135992,0.023432529787384186,0.01693259356702759,0.03660973275366671,0.03444364334211172,0.011254524338917257,0.007019039773518006,0.0023636628400720266,-0.0011419052441374391,0.005034601023094314,0.0013597307952649973,0.013066300350819331,0.009182924324746012,-0.005687053911072055,-0.005732788892765046,0.00452301762417838,0.004561426697582466,-0.00080769106208668,-0.0008870341447064555,0.0011060633634532666,0.0010686327576820676,-0.00039092183243182163,-0.000405051317916402,0.001501338005612612,0.001840540329609354,0.00940051728929164,0.009511116772256595,0.004640895993644907,0.0049975334797579965,0.006905674480018703,0.007156070042878278,0.00545599798065059,0.005615293503735484
670,0.05277086851012698,0.050607954539260834,0.01878262068465566,0.014376173390942007,0.0050606772974871195,0.0011142234199335633,0.009433466094355162,0.005325575478223224,0.022097765571488938,0.01812612993218263,0.03249159141669259,0.031629789788692776,0.012101751420125133,0.010318301903411441,0.0038583709616586614,0.0020683705592209876,0.006964614626063468,0.0050497833734972864,0.01435659097278871,0.01257119247249713,-0.004973434881747195,-0.005176753022703567,0.005379910340330234,0.005197449650564724,0.0024839632111750805,0.0020007513319859416,0.002713151698805185,0.0022962202412050645,0.0006691251186715623,0.00015341429498472295,0.0028091490836870073,0.0019035693146059241,0.006636270564769823,0.00631113445741856,0.005626241876007793,0.004970258570096966,0.00656454249073128,0.0059392601196086355,0.008907781814665668,0.008358900879377653
671,0.05880479908091042,0.05631423492256904,0.020223477700003045,0.01479310661491352,0.007960073867659595,0.0035151948247919298,0.011807122023265861,0.007247453012239757,0.02568031520282741,0.02119045726999082,0.031427376807405025,0.030183459921245177,0.008823460142697,0.006151769141673714,0.0015117363641399615,-0.0005510779792862049,0.0040223706887202145,0.00187052053564392,0.011971283177923547,0.00984446569237253,-0.006772396383680747,-0.0069200987622483725,0.004079749275672852,0.003986223103144672,0.0006880466475642189,0.0004034275338773049,0.0014316856150898612,0.0011039365476716307,-0.0007682911242368068,-0.001033603618179309,0.0035847339977325273,0.003250736203745173,0.0077429221332770744,0.007552700973056843,0.006942538479503303,0.0065106431335722305,0.005540672676637273,0.005169169813975485,0.006502821079933727,0.0062390076574955055
672,0.05851643184597157,0.05623727672194001,0.02338522028919603,0.017899362101510975,0.01117799201414994,0.006169204430615798,0.014413323060925774,0.009277870823213219,0.028126381838104553,0.023181997103700953,0.04241830071362583,0.04154945282777459,0.014128982828474398,0.011814221607512512,0.005124348996364764,0.002832018371729824,0.008405984567489505,0.006028298440515707,0.01662017513316503,0.014498481207875741,-0.0018050255326110757,-0.0020175590000704375,0.006378519613743519,0.00618566174768644,0.0028678062442832617,0.0024537438182269137,0.004812991722527506,0.00450653668416699,0.0029841952335341194,0.002570980177738363,0.004916483689136374,0.004721642910485001,0.010862803006377373,0.010779413423880061,0.007405440052761635,0.007496655293778569,0.009154430762391206,0.009303747709828392,0.00959917517143414,0.009678236362531558
673,0.050823246595693684,0.04748931740840446,0.02310566887427668,0.016270943622319407,0.008745590159868786,0.002895918819031187,0.010433082964885399,0.004472344192004275,0.026000772468568495,0.02003097730662987,0.023564656058735804,0.021674640647143556,0.010282155897492746,0.006710331594953205,-0.000285018159378494,-0.003511346961239488,0.0012599250453805872,-0.0020380053239061843,0.011370030323965132,0.0080454810269613,-0.008982627703425118,-0.009675632490592188,0.013605806907220441,0.012687724957314933,-0.004600732438819916,-0.00618934492650789,-0.0013003584610645582,-0.003232634916210092,-0.001835671924778809,-0.00383672168733337,0.002165908910866862,-0.00046720812750909886,0.012089280383546713,0.011188062777060906,0.0025384799801144893,0.00045150189308620393,0.004368664334290488,0.0022912744777298373,0.0060519048097265726,0.004372099243508739
674,0.05982786615939575,0.05731626930910792,0.025485413756675075,0.020600164973341294,0.011058468519012689,0.0071189695212465235,0.017034472669438395,0.013021546820483385,0.03304610096608246,0.028993982292869223,0.0341968481508927,0.03298261779445136,0.01716677329555804,0.01491011618987136,0.008633812038692542,0.006798060492042382,0.012047592517147244,0.010142717520429046,0.02242320880507935,0.02059391433148828,-0.000332420159535033,-0.0004274126513718596,0.008913546410258145,0.008795118502144813,0.0021708103952010603,0.0018379469561923465,0.0017142035789421439,0.0013496090672016497,0.004737538483894179,0.004462346313140938,0.006811063305490694,0.006417131341707525,0.006416235512899835,0.006140411740822925,0.005427055262601813,0.004863265683909051,0.003989488574920127,0.0032851182119944407,0.00563135172187096,0.005148814494818796
675,0.05480770152944263,0.05209885476235844,0.024809627012677343,0.0192987215767411,0.0076771148224307915,0.0028036138793857673,0.011899948883807012,0.0067949092131642476,0.02934410245518712,0.02454558886313046,0.03346865725128974,0.03192279358053474,0.014203937575935688,0.010949078931970044,0.0026464317473285847,-0.0003904733904363633,0.005652515952743938,0.0025069086113044454,0.01725398578760439,0.014396444262900068,-0.00666453806115382,-0.007005727903965123,0.010697421878223583,0.010419711985140573,0.00980665514745852,0.009452561187446293,0.008987413186567043,0.008587297477256776,0.007091870291926955,0.006647770230593372,-0.0008529455481318353,-0.0009930450560770234,0.008941874490047557,0.00888849770357402,0.009862757841412308,0.009998998211592508,0.007720320032084525,0.007754328131992651,0.006768391839460883,0.006794556166566032
676,0.05299293708468008,0.048446656867080065,0.021403904032903733,0.012741010927418802,0.009586944403752327,0.001997992643522177,0.013535152464627026,0.0057937996154617,0.02650438955711338,0.018753584486589113,0.02902851783172756,0.026803414969289306,0.012530213461242418,0.00816045470249463,0.005582239175823784,0.0017443795941420217,0.007116672817135158,0.0030865208434507274,0.016221941648643712,0.012368109397703773,-0.004816842101080774,-0.004743924309371529,0.006681019363508874,0.006955430129365748,0.002164265539788267,0.002624743783314108,0.0008709411023800443,0.0013233437387773516,0.004694366729874539,0.005457783557657891,-2.088006582113681e-05,0.0010961101889501177,0.009967990391153564,0.010366843921842266,0.006713381234129856,0.007734264590260551,0.007724844079903567,0.00874442429744223,0.009506338966289083,0.010313736701382043
677,0.04734711740772568,0.04555959892518342,0.016310898773338776,0.01224200359911444,0.0057098023453173675,0.0020394003556643094,0.008631707195528488,0.004943449198235023,0.021729667568623687,0.018286889914428513,0.023172314066836935,0.022562497683993418,0.006131371275510916,0.004344523230089757,-0.0003375079693299962,-0.002017883019535896,0.0007101019305838551,-0.0009966886221395442,0.008021132098122444,0.0065103497043916105,-0.006043136787100018,-0.00629626724803498,0.003909454654898212,0.003800353728035807,0.0009055422306679965,0.0004916203680320301,0.0015873750618547139,0.0011625955719833181,0.0012224120968202857,0.000745096935584146,0.000630072994768369,0.0008528839272165633,0.006411715621385991,0.006439672037133218,0.0039563965374147065,0.003914327528157617,0.004176505939257451,0.004175366893092987,0.00540637012901768,0.005452940164484255
678,0.05354916423711002,0.050879568343494476,0.024550942831611862,0.019156533592456997,0.012936111183361665,0.008038774327444386,0.014889223516570424,0.009919044036411176,0.030131829418468852,0.025523689658795146,0.029405965223292457,0.028430121322575524,0.01341077413285926,0.011720370696071547,0.005433479118746255,0.003638065954418738,0.007170886809998903,0.005304876313215997,0.01682999511855335,0.015274156711541535,-0.0070549653240052235,-0.0074256826858139545,0.01166766348732368,0.011471441938623036,0.006344000286443624,0.0058358908311475916,0.005186993862252998,0.004572954561027722,0.0063099835342079955,0.005756031681264548,0.007013406694106683,0.005840280312916032,0.010384100097850398,0.009791007382964999,0.009447097291342946,0.008131093119320292,0.011439299836807155,0.010228538869757955,0.011976511413580566,0.011029670168000565
679,0.05504349011285416,0.052230996833361,0.01961009793698514,0.01340768756345922,0.0045071170564976995,-0.0011707708787992992,0.008687783913917902,0.0030629431811789462,0.02494828587622336,0.019468691675777052,0.03187230719157132,0.03128512487004168,0.010172506571211026,0.008707274168035243,0.00017907775197659878,-0.001306895473690986,0.0024993443014957708,0.0008734930122644228,0.012855796158018462,0.011385812580873306,0.0013746389957150994,0.001142728520571333,0.0062551035235309275,0.006067285760661318,0.004227202448341698,0.003923959387989805,0.004406766959640342,0.004038121636940731,0.00628185894995847,0.006095311313280862,0.0025624028254129755,0.001087555227268067,0.006759039776253658,0.006266265825939972,0.007057416589351976,0.006108026341163871,0.0056155851461312046,0.004683673532939298,0.0065187561086712895,0.0056694458671671085
680,0.04868731531395065,0.04697102888373418,0.01753241462472256,0.013812786534759949,0.009438194393399655,0.006143052043047662,0.011631372574019107,0.008155590399066206,0.02241535883816157,0.019116000939476786,0.028004105962389742,0.027030281277699554,0.008912454455196249,0.006910301975915602,0.0027781300420307515,0.0009558596201727362,0.003572658688142014,0.0015657083215076177,0.011481377725282026,0.009706986936886739,-0.0046615149046527905,-0.005067038488036027,0.010997216358364335,0.010523025578055779,0.008182627783324545,0.00750146060173895,0.007863611137503657,0.0071957059527741965,0.007748953716755572,0.007079709342958039,-0.003894839853825223,-0.004016981457082627,0.012828546273151498,0.013079872953439643,0.01250797729151149,0.013443157569175825,0.0069743612073726825,0.007690231055393732,0.008522124964941417,0.009038649433813628
681,0.06199504441369034,0.05888078293264731,0.021757451653763145,0.015448858299801475,0.007624428604366749,0.0018973365289857637,0.012293069941301218,0.006380098345866711,0.028177536756279282,0.02276723251930297,0.039870297244144995,0.038046103040142894,0.013634339407713688,0.009965885521782495,0.004424622577017443,0.001108423925083452,0.007866573324863667,0.004423960977261953,0.017755925014181495,0.014549464841670884,0.00011377731851929661,-0.0005940550133245204,0.008989614601867679,0.008439593932400121,0.008268135035814772,0.007269873264792365,0.008465655958238734,0.007355169570195444,0.007852584428117136,0.006797092762581664,0.0032198001048703608,0.0007920698368779998,0.008192672871197747,0.007428446955646919,0.006222288649868782,0.004568528771682854,0.005696673916676872,0.0038094432060345696,0.005202301233907897,0.003627742821871619
682,0.05603779844014101,0.052208205317591586,0.024019806585712403,0.016784862965736044,0.011973807756578504,0.0059863215414690946,0.014283520083196092,0.00814374042387559,0.026434932796936657,0.020034942523412376,0.031720657878767156,0.02978551189983617,0.015492523844678991,0.01214189368486211,0.006847515757511534,0.0038492894384049535,0.008482293134860097,0.005420080379676349,0.01461023756010602,0.011444026585733982,-0.005715048828594992,-0.0060725088696730704,0.013352516805334644,0.01315686255165778,0.00915578189736459,0.008826830464196436,0.008223774094582467,0.007823729211702098,0.009883092019128353,0.009646560133840219,0.0025758756946469607,0.0007113380429452471,0.008905128326414212,0.008347240080210478,0.012717256216475945,0.011824931008252413,0.012873866121916383,0.011925473227141672,0.014152842940379592,0.01333304459177988
683,0.039299853908467484,0.03677743544063007,0.021011013077755956,0.01605727624432313,0.007696620586831716,0.0033182785990363587,0.009824706488011991,0.005354262076936528,0.025298144283539235,0.021006018760410326,0.02002255067802771,0.019078127840484644,0.012341000423332764,0.010701904782503562,0.004315060129304452,0.0027453280105595836,0.005471901127039333,0.003814066767535003,0.013861008400164182,0.012353267173306244,0.0017885800678100355,0.0012419713022419467,0.011292488311299736,0.010710865549529866,0.0064875268077074135,0.00541925750643003,0.007731420902755923,0.006540311365941185,0.007644911357849579,0.006444157365048825,0.0037996295654006045,0.002366920576287224,0.008997234214253375,0.008459807154579353,0.007645444595589667,0.006531795626506588,0.009756409217606624,0.008707855567145586,0.008948887978916912,0.008019218236841609
684,0.05116279701625517,0.04877751982406272,0.02214066946041448,0.01712758206140986,0.011957717029930669,0.0074940571379461226,0.014412022584042321,0.00977007844414205,0.024564609064187524,0.01992475715484996,0.028791154990207773,0.027926356275306576,0.012263210352659575,0.010456799906779814,0.00744101397902147,0.0057148704337759955,0.009618492966604653,0.007846841538335491,0.014850178680788565,0.013090331642465789,-0.0015398083556347117,-0.002077343273959873,0.004274041898395301,0.003446976667118151,-0.0002261985357136566,-0.0016177948461606885,0.0015330312958270326,3.555201534209849e-05,0.0019291149600394512,0.0003398173209245867,0.010107876453591746,0.008574842423507327,0.008128856785854725,0.007391700773051235,0.005742920261554542,0.004346846558298231,0.007898255840051691,0.006546201522738533,0.008334315826484712,0.007086339558615515
685,0.05233095887331109,0.0499619445244739,0.023397565432990125,0.01806323654599261,0.005724287237329675,0.000846520463873613,0.009653066349406887,0.004718709927692822,0.028427126902888976,0.023584165285600582,0.027026718670366996,0.02534333268862471,0.01055840029913506,0.006586122168255645,0.0013569990739202298,-0.002116910470924883,0.0029567215781003318,-0.0005850809172280663,0.014838016119918954,0.011288736223413918,0.003361671640113196,0.0034078665578714216,0.00615539750223907,0.0062825096105076405,0.003947386161924006,0.004104774342477855,0.005654576439507906,0.005788182237588034,0.005737074347502403,0.006054127063081895,0.009411713458558646,0.008650258441083528,0.005505002209354663,0.004995356871874333,0.002319131425393663,0.0012262969891198507,0.003702018951137191,0.0026341763582724055,0.003757783748250744,0.0029330015390261416
686,0.05722379254430299,0.05416695969820349,0.02282190538734376,0.016523082647325285,0.008566188774294242,0.002965732258644283,0.013447784225041542,0.007888180336019714,0.03160235838784068,0.02630099925515626,0.03397153502512712,0.03204431663438396,0.018115666046924946,0.014409842486525534,0.006723499803059124,0.003211883253550779,0.009926363775875139,0.006455476779698664,0.021611122601601678,0.018231190069535153,-0.0009108875556784902,-0.000856601288513259,0.009841878831006245,0.01009635338298129,0.005378202060706586,0.005732760671430777,0.004875422787457763,0.005427672507847029,0.005600115677168902,0.006254403373686006,0.00032622646904910456,0.0005543520095104596,0.0097795654557251,0.00991153821457506,0.008259530619632412,0.008879508029738572,0.008394975222743104,0.009014543392341123,0.01142485038276723,0.011921101362154253
687,0.055581273997562186,0.051905298172211047,0.025257565612951737,0.017736279524716146,0.00960066651110485,0.0033249330295471364,0.013373086297891829,0.0068542461390850825,0.02726346496548309,0.02063809987068041,0.025931944296778697,0.02437639505607806,0.01509080638540031,0.01213735370941211,0.0055571195510939865,0.002976172398482263,0.007472674959441481,0.004754127407981916,0.015961180714843537,0.013292153042200366,-0.0030080738102404047,-0.00293456020284624,0.011921674192590891,0.012213562511198059,0.00377933537789651,0.00412536158352062,0.0053572616550346,0.005819177643829369,0.006272464575202237,0.006859378068639265,0.0005328699187163828,-0.0002814415149747491,0.008233719266604619,0.008095675481508538,0.011469262258307208,0.011680044434799435,0.009067402274525722,0.009053065633857636,0.009787515334331007,0.009808985377404942
688,0.0579844056740737,0.0537902318853551,0.028068277551280257,0.02010674029224045,0.014391206950194718,0.007240463818278425,0.017257518003423025,0.009917420420934029,0.03558890567089616,0.02846340994062089,0.03628695869925935,0.03430058388923596,0.016785225931166704,0.013177308775686625,0.00495226091985628,0.0013997989209744905,0.007374491710350496,0.003636125328770566,0.018986351092402126,0.015517065011695577,-0.00377569415541673,-0.00428510130918579,0.0098162859958805,0.00947922084610063,0.002612970609208534,0.0017993235381150393,0.004623163352617514,0.003765337230645812,0.0024531173152483824,0.0015344412171541771,0.006793836064392697,0.00325555720674384,0.007743390940771515,0.006777049264433195,0.007601236867545595,0.005093231418333755,0.00792535968233108,0.005239675836523466,0.00754022176494097,0.00540157411777785
689,0.04378754641612189,0.04149014951674156,0.019130557410517085,0.0136965130780017,0.007533698695675739,0.0030253378300588198,0.009977413319798827,0.005341429613887097,0.02434844822803694,0.019745546961858807,0.02499144018781341,0.024300997661485677,0.011463268294383754,0.010034563745170817,0.003384821014911353,0.0021060758633839214,0.005799562012138056,0.004366408461251659,0.013436940615930603,0.012095287941692245,-0.0018823788989093724,-0.0024098215008373307,0.013355454104567612,0.012696506221416947,0.008058733464934662,0.006981295667634242,0.006949867303959299,0.005717124386473972,0.00616722295493418,0.004903450550863534,0.007772080702010317,0.00525956076529503,0.010720472176876912,0.009664909731844371,0.009133481543222266,0.006996747473350072,0.008887763122889952,0.006844062260078362,0.008666915812801428,0.00693396259804867
690,0.041110544124712135,0.03986499769363257,0.013169504490381382,0.010401394776283,0.0011046791335414265,-0.0016797012191350452,0.003426331361241429,0.0004833151895826569,0.01492867812457988,0.012264195428120519,0.02603444138818156,0.025567751895283118,0.010984611225242044,0.009988873197262858,0.004080239587518459,0.002806302768975034,0.006074693737369503,0.004698955894434266,0.013115679469472268,0.011935319675433983,-0.0002593290320125122,-0.000442117150824327,0.0071429212888980105,0.00697370878804673,0.0018790104646366865,0.0015411747147909619,0.003085745410321744,0.002760279357360226,0.002690381258285204,0.0023178770726091573,-0.0007352448496241828,-0.00209805355824057,0.011516378499220367,0.011151362960938303,0.005313004229982807,0.004619044332993232,0.00642685069995855,0.005832209631216577,0.0074620509758445055,0.006812919198520073
691,0.04107130646607042,0.0384452061866906,0.017453902154061007,0.012278036370156998,0.0029052255047389143,-0.0019334406705733206,0.005858316493715489,0.0009929747231707067,0.020552797488692067,0.01573949396987257,0.023339124830160967,0.02222262117928515,0.011533378152910223,0.00907054674613879,0.003412328581389417,0.0010326867040870748,0.005856907602892453,0.0034456379980664573,0.014653830948815246,0.012250229333329383,-0.0017424544714979271,-0.0019124291719631952,0.0009207538988171315,0.0007670898938710604,0.0006785817982503992,0.00047157954982492026,0.0022840190127460655,0.0020845679356757425,0.0017448335123523139,0.0015019296615783365,0.007762213831804301,0.006867710054665609,0.004640243315524352,0.004031467535491985,0.006895508017011119,0.0058507942541474855,0.006452047878698323,0.0053946738489679185,0.006446458948983017,0.005522715839752177
692,0.03779797915745322,0.03576680638691646,0.020467715541537354,0.01643832720801578,0.006183141172293982,0.002524093689300925,0.007909676256519515,0.0040583014136883425,0.025558112199775256,0.022073699317765056,0.021070102532468528,0.02084719809628574,0.011286694590924889,0.011041451234716162,0.00012336783051080175,-0.00020839672212615636,0.0016851485888338981,0.001162473132190479,0.013631884587411524,0.013500731422902455,-0.002248866966304713,-0.0026006023957628145,0.0032492773513672127,0.002904054699688127,0.003956163947342636,0.003252584441764807,0.004834884548506989,0.004075507333755835,0.0031093418336716446,0.0023009255046667672,0.00798203124571817,0.006253747809024148,0.006520952130821984,0.005900133160179675,0.011606305068468957,0.010288523520366927,0.01003363770641846,0.008686883744269392,0.010963755162157304,0.009894911436236187
693,0.05773433170771074,0.05564374518940213,0.02235734711327781,0.017441612950369487,0.007236469693137385,0.002990962801453146,0.012222635293644016,0.008017956116621604,0.025468184447992714,0.02128155617575754,0.02846353567561864,0.02710998995574191,0.01057590965436311,0.007522375965095282,0.0006347773439040213,-0.0019772732949448943,0.0031048563472364397,0.0005045477681277911,0.01162976297984487,0.009001702947567254,0.0003686753832254035,0.0002795312202009336,0.0077494969375259265,0.007713438604736733,0.005004167585471632,0.00483128017415839,0.0043564213198613155,0.004164143216137823,0.006017274983617258,0.005941578324849179,0.008465963197971691,0.007913193369917897,0.010692630511836894,0.010302304447325888,0.00985203310634949,0.00920552493098985,0.01034911057589902,0.009599282859361397,0.010586845453980878,0.010001546148588536
694,0.055629020116290506,0.052082712194644075,0.025896218854060182,0.018396479870659517,0.00970928109171065,0.00321236378542286,0.01289292000463933,0.006365641969123656,0.029612531829557753,0.02318342576948449,0.02493078814972468,0.023809703597658036,0.006548104995470351,0.0041461876511699625,-0.0029272801686723447,-0.005151728854388826,-0.0012008032229169265,-0.0035291401930469765,0.00852679049122117,0.006297994817136945,-0.004270119410003865,-0.004394421181983424,0.005572348515493112,0.005463905371701363,-0.0010469429377001158,-0.0013936581423184401,0.0012908804779986408,0.0009543528286145286,0.0028840435166713188,0.0025953763450670174,0.0032201679822590383,0.0028363280043253473,0.009618608046522516,0.00956458317715743,0.0032297524263597555,0.0029731661602649196,0.006369933611509525,0.006316957486758099,0.010033170611721359,0.01002661621788747
695,0.07008155535429833,0.06798014197744914,0.023766812004900703,0.018490092906357065,0.005174025550768217,0.0006974343049198527,0.010643501096141438,0.006240432409582858,0.02786534137963171,0.023384166703538482,0.03713229818224603,0.03619559453852559,0.01156105856283332,0.009179692953241284,0.0004600008578988906,-0.001642443172510679,0.003559771393532461,0.0014488427186446484,0.013379828469903099,0.011256026727754635,-0.0011485224790337596,-0.0014707988734844546,0.009730935309183775,0.009214062061368784,0.005840501277878794,0.004971737236949651,0.007006274967448609,0.0060702724837518734,0.00825711394082404,0.007217112025822948,0.007056303843251693,0.005795009648592294,0.011477235373249486,0.010899859867452396,0.011415364033303373,0.010263914551943535,0.011011276948544268,0.009974945648724583,0.01242652439996222,0.011521890926798022
696,0.04609141023525043,0.04389104308508323,0.015813009053394635,0.010934979112923732,0.007148655158294405,0.003135436184559078,0.009279301113936751,0.005208100855922729,0.022787058277167115,0.01875777262156589,0.016235352450281883,0.015198232159291105,0.0024312514029043246,0.0001385981961672009,-0.002812430663723742,-0.004675554471471677,-0.0018751485897505276,-0.0037789820566931096,0.006828608919078612,0.0049910094723652505,-0.0005555403769349217,-0.0009665422093878171,0.010384664339406763,0.009663288742427965,0.005282051874807047,0.004174264034507947,0.0070036016053563075,0.005780087621322387,0.0056430948097413655,0.004444294917933804,0.004376815410423049,0.0020189489964339497,0.012289588168798016,0.011439783885377867,0.008879446007115353,0.007256461270219667,0.009650291111051253,0.008169530774687388,0.008900452478814694,0.007536089400968185
697,0.041336142925730304,0.03834040579413533,0.018503995192720717,0.012457013242133816,0.007156728895678939,0.0018146321070558933,0.008405586658597244,0.002867807065945071,0.023066821702619228,0.017743027462550815,0.018097482937074732,0.016268380172666425,0.010451092821997623,0.007082528436834709,0.005049866632344074,0.001990301147571676,0.005357095296389563,0.0021669916262426108,0.015348348005692982,0.01236689678983768,-0.006685923446338102,-0.0068805946878244635,0.002378050627330386,0.0022468392557903295,-0.001897837865072536,-0.0022505641128407862,-6.89917655194202e-05,-0.00037920931833507285,-0.0024178097276135275,-0.0027755473217776867,0.004428282725582733,0.0033444832955346207,0.007431317572893654,0.007018751446318817,0.004060570283166608,0.0032724339708351214,0.00395582355520417,0.0030976729205168694,0.005847476048440927,0.005126076417912358
698,0.061595083407506565,0.06048359585845449,0.027203655724898097,0.024543349065166302,0.0066679300681839766,0.004123185295983561,0.011552838422423972,0.008845674137861496,0.02831759982549843,0.025861723757909832,0.036379364926620694,0.03560498791290921,0.01602998753316094,0.014342165247681369,0.0025165164205517713,0.0008256784452298968,0.0058808086511253615,0.00405227594551098,0.01637627923661846,0.014637175063413162,0.0013483447089561796,0.0014333643015047943,0.018474032779074966,0.018656661120665153,0.010661509267820342,0.010938890872385048,0.010526101500602344,0.010981881387184762,0.00947698236284581,0.009855446756143704,0.001733728549891777,0.0016954177410164722,0.015435096237026765,0.015497498519260527,0.013823248454110834,0.014394159410352478,0.011918285879064325,0.012322165020053778,0.014112078243951835,0.01437310109734036
699,0.04303121631238553,0.04128639318110865,0.012857696701030758,0.00900506673317284,0.002795955015207896,-0.000723294386354693,0.0049761213184534555,0.0011815713802667228,0.016785956017268653,0.013348326293440696,0.02443184609149846,0.024437941962011992,0.007192146290803324,0.006873842429625483,0.0012582662707074917,0.0007020614545349762,0.0023956744723621125,0.001639825642132269,0.009320251814799176,0.008885611889679856,-0.005354903887401007,-0.005454596326869332,0.007942376175668002,0.007982714548240212,0.0007077117026889199,0.0005286190033477246,0.0014723539806586103,0.0014073669070589268,0.0026861928434678225,0.0025858139788732006,0.005187066602938634,0.005442877420947293,0.008332044510173376,0.008387393973559674,0.006969648369544723,0.007420938551094772,0.007986917393154599,0.00842465065254058,0.0069041652351200964,0.007057358904646151
700,0.048286302772671694,0.046612995864049274,0.01826452421776046,0.014719496432929274,0.006067643525357377,0.0027061740483626555,0.008855450180970533,0.005277706901018682,0.023977505080107958,0.020904275481402855,0.02918737546293617,0.02863004434275581,0.01341032828556504,0.012280482180648488,0.005467284900286655,0.004208865974877924,0.00769692259534113,0.006378134489651771,0.016525512785115097,0.015552019336612048,-0.005019808025584695,-0.0050201854722980565,0.013205604504646381,0.013412112826236416,0.004154701045592598,0.004442531456442981,0.0051044386870724,0.005598903563198949,0.004996142312322226,0.005496824267290268,0.004158258811503169,0.003730159358418095,0.009559454421403093,0.009456177723630565,0.00824180119581492,0.008403194349055666,0.008184465038248805,0.008128396394542908,0.01067401431111792,0.01070667903391561
701,0.05278463833991437,0.04913816692872416,0.0322963472780297,0.02555178306885215,0.02022962431863546,0.014465827691195582,0.02332101333701488,0.01751236623904525,0.03563621176422348,0.029984296956060662,0.03237967601215216,0.029093885827313336,0.02230707111196236,0.016376950586484244,0.01640925250899125,0.011538401854878007,0.018340003040981597,0.013373112771447596,0.02611682927005863,0.02123041559938652,-0.005865445639738747,-0.006531023138718515,0.00856626344284766,0.007971342801143312,-0.0009905827949854517,-0.0022190052123739483,8.483604437548174e-05,-0.00113985961897941,0.0006877574096112211,-0.0006351761389023515,0.0075751379225438235,0.005544712297597143,0.009377330753272644,0.008340157720881095,0.010197600311245388,0.008083494399709049,0.01066089881877591,0.00847959561136861,0.010973453382222623,0.009175639955809464
702,0.0538357663940495,0.051660573116081555,0.022566228775296494,0.017919561799083935,0.006386490226957242,0.0022633479974975912,0.011039748013548229,0.006875913860735249,0.023124486582457283,0.018846482205405437,0.026902847330801387,0.02527153070997056,0.014885533790973607,0.011722100166721863,0.003077024342168007,0.0003061172629793921,0.006060452098650612,0.0032113806460588603,0.014686855605861793,0.011763542640762693,-0.002590739279571123,-0.0025857192142406424,0.014355203360182884,0.014512077922579622,0.006819915559354395,0.0070345191369587225,0.00570848074708365,0.005898876359695507,0.006840613237855568,0.007157570591065613,0.004230561541556085,0.004984913644221536,0.014345358325177424,0.014553510057687277,0.00827026539771705,0.008860811788575198,0.009552260404669258,0.01008353587909936,0.011395058980169886,0.011894452027704016
703,0.04914231653624139,0.04620828235440008,0.025323912538982852,0.018910170233610784,0.013222495958532065,0.007694361543783483,0.015275187241472307,0.009642743910418796,0.031119569566661176,0.025768877922188987,0.020352113746443887,0.01881325731132625,0.015261119795097658,0.012361104684139212,0.006912334509844168,0.004307078039521229,0.007483329699600159,0.004704895156556136,0.018413130170556773,0.015937016847680483,-0.00443320017520845,-0.004637766127378892,0.004913808309601678,0.004701343399132481,0.00041035854614529955,-7.625890011396952e-06,0.001272284429382343,0.0008390585982087278,-0.0005418260750265593,-0.001020300618445466,0.005732288441254724,0.004769851200681503,0.006901343341054462,0.006432524210364686,0.007053366054207054,0.0062280904964597105,0.008480914104023896,0.007782197114903386,0.00789046172764576,0.00721008252699813
704,0.04871499244571652,0.04592578463540671,0.019529614278632135,0.013875578881700226,0.00407292121542515,-0.0011469368037628875,0.008268550789292079,0.0030335394535313852,0.025197987559301676,0.02013225509083786,0.02349607491247331,0.021753347054686623,0.008201857320937518,0.004606209641053816,0.0017580056137075704,-0.0014044168072439487,0.0033169823309587487,0.00013532985740905955,0.013676520160798997,0.010493403128493105,-0.009984706101481625,-0.010289741735137158,0.0029728827370490945,0.002824310004367517,-0.00011171046541452634,-0.0006576876941040433,0.0012614291554309178,0.0006881476211759369,0.0016326303410355955,0.001139858464871755,0.0064992695243273795,0.00451220645782153,0.00931627703985521,0.008677638417512165,0.010247637691277695,0.008975029973787619,0.007967896257832226,0.00642696985647361,0.011333123835674324,0.010235775254119657
705,0.06553294318572823,0.06166301842356686,0.03445475250675119,0.0266307653523646,0.01888386283451446,0.012042074940465549,0.02270970279895222,0.015771654803110526,0.038916910806914715,0.03205845844909228,0.03810915059114095,0.03544037718805411,0.022901928349439486,0.017781390533179443,0.013663821453774561,0.009186889806034732,0.016135060688117597,0.011589030512602193,0.02642553772437296,0.02187597131815592,0.0030069289459722487,0.002382014222145727,0.006202649131538523,0.005494193936114712,0.003944740687453726,0.0027471069066734716,0.005444714201613768,0.004089153117530954,0.00658132717054265,0.005189416285300001,0.005941762677572828,0.0035436387204878335,0.014648774096847117,0.013857319844729394,0.012021324669108931,0.010459402652929332,0.010083020276507447,0.008452042748326304,0.012178651811990088,0.010822591887677613
706,0.05417137685048753,0.053408603130297314,0.027337537715610854,0.02566835721871884,0.018767050555800607,0.017290893352442285,0.020596483626322715,0.01904450154178996,0.032872148187527275,0.03143497198345148,0.029439333765058973,0.029300659830932645,0.015945095980032596,0.0158611109304757,0.00956840788310987,0.009289848620922187,0.010728359784684081,0.010353515288490912,0.01855130657453692,0.01833539725632871,1.6741716070838713e-06,-3.737556453148197e-05,0.008516615866857468,0.008481568043875549,0.0050041628906314075,0.0049011921789423,0.004638740606299549,0.004568179361399977,0.003920796669293371,0.0038592526552177577,0.0018215708674368994,0.002139092609480122,0.008176504507208391,0.008123705324733322,0.009426985467784418,0.009709678512141244,0.008515257145441187,0.008755302435359496,0.006430439124345192,0.0064484025306517185
707,0.05557519224148939,0.0528689729138867,0.023161922725433454,0.01757547381103832,0.006934933820247842,0.0020821425848013267,0.010545174576459527,0.005543743302220773,0.025363706508845507,0.020319209776283206,0.02895113472788107,0.0282560334113951,0.010309928936413389,0.00881998595624265,0.0012024320607735364,-0.00028916100427838143,0.003247532251783117,0.0016527063852733348,0.012709374995870038,0.011223618320320419,-0.005183827249223975,-0.005421489511450884,0.001800179593279269,0.0015636353763880777,-0.0008890592959582983,-0.0014199568654874168,-0.00026283375828345715,-0.0008354171067992822,-0.002312213809878622,-0.0030096918826514035,0.0004288555023997864,0.0007086054864473976,0.00637370117981641,0.006500049132454042,0.0018622813506614009,0.002190093492802272,-0.000666441994155222,-0.0005609443146405996,0.0007835472595454996,0.0009486018829644134
708,0.037501453484120505,0.03551190064050172,0.013301283881888643,0.009150992724430426,0.003834840485453117,0.00047646705096317113,0.00585272517331847,0.002223735823045806,0.017785100713416706,0.014119037129035011,0.013930992312789197,0.012894968728639367,0.006067074507388408,0.00397625549457235,0.0007241061628225968,-0.0010447866577676386,0.0009780926486299055,-0.000984220816456932,0.008566009964814178,0.006622237806281142,-0.009191880451878442,-0.009335669397950403,0.008083172354715085,0.00807051891535317,-0.004021492056360834,-0.004260997309961322,-0.0016817042682189093,-0.0017992066855151828,-0.0032523945903369295,-0.003444689109809862,0.001085078012535484,-0.0007083535395302346,0.009841029321401355,0.009308801156660966,-0.0004854958361632541,-0.0018541116303375598,0.0026650275526883893,0.001322535726759149,0.005143337983961085,0.004184199662990525
709,0.0335692303568037,0.03161167246000162,0.011581881825642551,0.0074003571458997625,0.0014472791654701312,-0.0023054350037170694,0.001655359328721858,-0.0022187114660504785,0.01357564243820952,0.009937669655965204,0.018762401887044262,0.017689216625326975,0.006176489430651011,0.003938844004045735,-0.0013683651123402227,-0.0033196481864521074,-0.001245847964874006,-0.0033265700006964187,0.00639572257436989,0.004425762088195735,-0.011314084770558532,-0.011589488900189565,0.0015739848349184283,0.00124633527364301,-0.0020610994324742294,-0.002737372785343356,-0.0012719945391458578,-0.002007476720013441,-0.002970076275485152,-0.003879254905088919,0.0024879999547897393,0.001079538825194052,0.008690093645247922,0.008088863914184799,0.0058877386523316,0.0047598381565559416,0.004980773379025573,0.0037578798231248335,0.007849234661121144,0.006893738879557977
710,0.06118519527958988,0.05913646399594882,0.017179114699855155,0.012442646627793263,0.0029797384786295145,-0.001127499345419751,0.008293728978286324,0.004085456188031191,0.024376914115989086,0.020254998849941606,0.03671125980859517,0.03560921176954732,0.009708467299532383,0.007207448978243438,0.0008105809243557253,-0.00144140660979436,0.004203205917403461,0.001892742343499006,0.014083386037305873,0.011814223222671533,-0.0016755714108214117,-0.0017823939777838773,0.010660230709049461,0.010629614313558772,0.00376232571139438,0.003582486203646822,0.0038248866294732222,0.0036654867321298744,0.004856504856438108,0.004737466573402451,0.0029723413021664176,0.00335503782549446,0.008584897179321377,0.00870058053078271,0.006521652003268275,0.006873582358216612,0.005253902544523113,0.005661471975578888,0.005831861945386488,0.006144577170013656
711,0.05868205784812295,0.05644364773478596,0.02907090690204438,0.0245660232264176,0.01679807056858159,0.0128024763005803,0.019775264506003247,0.01568759792439741,0.03023193386169541,0.026084323708946543,0.03628593093214193,0.03558419998889832,0.018168535222583236,0.016995191229625926,0.008963542843577723,0.007819323794148824,0.011730634971130584,0.010458601204289432,0.018794709782669356,0.017607007651872963,-0.0005490302462615034,-0.0007498361329268219,0.003265771527960705,0.0030383836403860562,-0.00035685691359404315,-0.0008566395758899569,0.0014785050661285707,0.0009740338126977019,-9.81034599470883e-05,-0.0007564065177515288,0.00412964065652108,0.0032651132489586567,0.01113292865620347,0.010826458611664954,0.007194367662436754,0.006537884454661173,0.007428913898877886,0.006771344921725491,0.009753100298321615,0.009292491148546713
712,0.05952421284189997,0.05711575674694882,0.020407410391814113,0.014918793782150774,0.00941923458824138,0.004833520098106349,0.012184581049669383,0.007303475586715213,0.029642231679051383,0.025180407525566016,0.03995050646827884,0.03890527152003244,0.011308963121134653,0.008723439356037721,0.004550333116892828,0.0023657499586623885,0.00739524121856162,0.005003642436582016,0.018481810557419775,0.016328670557675156,-0.008487414358236484,-0.008250176600772558,0.008916776187505662,0.009326240574872833,0.006455504378719883,0.007075306430102737,0.00516740689798616,0.005893684060313258,0.007286749761617606,0.008254440493458543,-0.0005737242766137947,0.00010538248856326182,0.007811500564129247,0.008048044701894236,0.007669298707747194,0.008509744502880431,0.006007389266830085,0.0066885591005849026,0.008686064590592419,0.009338033434172315
713,0.05234202759808236,0.04976165035068787,0.02573787254208425,0.020641498758572796,0.012689742983820793,0.008339511010545489,0.017106507838946374,0.012728523823280602,0.031508331447569884,0.02713812883412458,0.027945862714311164,0.026135599196404936,0.013164485621629219,0.00977691986706025,0.005085532863424809,0.0022205012557703152,0.007574756616132823,0.00470824085237312,0.01530256529710359,0.012295688187205573,-0.0005669130889115754,-0.0007224678988169812,0.00379726865100283,0.003654432159728685,0.0020035103351836872,0.0017673220325022127,0.003838505253325241,0.0035899706938806847,0.0054319038516090845,0.005327424845880646,0.011713641262647663,0.010646365459383637,0.005536208374063137,0.00497184094930982,0.011600696352028303,0.010533265142182256,0.010998055674782731,0.0098228091578483,0.012209151598525437,0.011215134253641592
714,0.057655308866646104,0.054499840099236974,0.02222148731758599,0.015794514883844177,0.010118312812245305,0.00477191454413619,0.014739491784826707,0.009208052139292518,0.028367664984479846,0.02292628780227663,0.030147485485101783,0.02895470275848121,0.011045256416674445,0.008310847715849426,0.004717713846081921,0.002365494368062187,0.006233977003961673,0.0037276064249754347,0.014014102573803958,0.01155457211030634,-0.0036319519454658562,-0.004158370644213709,0.007319913072068004,0.006871730800625334,0.0014123514848881943,0.0006403165678489225,0.0033864929732016665,0.002467496391475241,0.0037961603536992247,0.0029088410988180775,0.0031561104136026232,0.001556996899863806,0.011254677952547807,0.01066990655653249,0.0072222918634035045,0.0058260056760909475,0.007622265996847628,0.006367125661118932,0.009316877102114238,0.008319815598140682
715,0.038646029146586595,0.03565767845296224,0.020994289212185026,0.015588948633928295,0.0065333652856704285,0.0016279194559077521,0.0085413676039002,0.00347819935674167,0.02363288047035441,0.01854495772364952,0.020670128534799194,0.019328745032397836,0.015013323475097377,0.01291099775891737,0.004980484414030502,0.0029667248868958628,0.006401691895572546,0.00426544975017939,0.0154092027278523,0.013231237979594902,-0.008602782600422128,-0.009072672503892487,0.007318797782634704,0.007009054554253899,0.0007726591485173039,0.00017106567338797716,0.0026683664835498466,0.0020624878350591095,0.0031744214844040995,0.002551221012401595,0.004685713588662284,0.003448313094041147,0.008235359309238147,0.00772146453494253,0.004144095622103371,0.00310451175576218,0.004262188243249312,0.0031374299936557026,0.008137431537795952,0.007298906365256331
716,0.04676060780527095,0.044159635688321,0.02010549567926858,0.015084502004412536,0.0069287049783074515,0.002496718915286761,0.010101529600974695,0.005462288226772034,0.026661835278177393,0.02249209153959349,0.020905401195629003,0.019363282337933403,0.008802645023152741,0.005910588804603478,0.0007896104710701948,-0.0016780282643790102,0.0021240080930828974,-0.0005560158299868026,0.013491331388816623,0.011068210147173678,0.002477716392656091,0.002027150082567597,0.011532410684913418,0.01087382657632305,0.009861441199935293,0.009037368146266607,0.009984842250241963,0.008949074785627129,0.011713481778277423,0.010735344369646262,0.006421294345045294,0.0052003584711158585,0.00676243229629693,0.006190610423181465,0.012237760536987524,0.011369172204554927,0.01060407733016376,0.009633266607784434,0.009546095390529984,0.008625947406230124
717,0.04265819517542739,0.04033171285736577,0.014446979585632607,0.009268489049917158,0.004852227751113422,0.000351879925050408,0.007834245058550413,0.0033545222412970912,0.017277790833442885,0.01262773264957042,0.02434036241680771,0.022162279155034017,0.014946661999947885,0.010446410494088638,0.007914093376116546,0.0039738445421557,0.008986754135010693,0.005076552620638598,0.015256301835775138,0.011093682457475738,-0.001897465103984358,-0.0022156013358912217,0.013459188837578673,0.013144367176138715,0.0047999972290673956,0.004055299022351735,0.008572145258043947,0.007791303820125263,0.005296637900297649,0.004649406342484034,0.0023485896157969663,0.0005099011063579166,0.010128826413767795,0.009440755300393159,0.009245525966124653,0.007749943309008006,0.010812568184881221,0.00973772798995,0.010132321933202022,0.009106093464083009
718,0.039312880793884154,0.03703859330044459,0.01723862766465461,0.012726438381667635,0.0063099248321711755,0.00249327547738871,0.009349177970672912,0.00538631448631928,0.024672376330399044,0.021056145211003238,0.02521936055959665,0.024313798545585158,0.007863108484194862,0.005856448015949349,0.0004649161627503731,-0.0013608321827832752,0.0030360816873019427,0.0011787712225388197,0.011233786281414557,0.009623280253626658,-0.003167287218453164,-0.003115740968220062,0.011346714326350489,0.01151044087899153,0.0072484314219355165,0.007374568399350874,0.008090719482694315,0.008393759412913381,0.006231652199003917,0.006474572187506436,-0.0006161982692545369,-0.00042574683076898714,0.010425791406143348,0.010571230429691821,0.007267846209182393,0.0077768878851366945,0.011586479179238026,0.01217514594284044,0.010605797100971499,0.010938524169369744
719,0.05725730504903538,0.054490671537579916,0.027611725633349092,0.02215792360739221,0.014411834776689125,0.009675299346018323,0.017782139910327142,0.012987125080971006,0.031641250762615876,0.026824253126881043,0.02704229939438426,0.025303656194369806,0.016295962271302613,0.013323948709693945,0.00753460432694099,0.004801966121257511,0.009849685277082656,0.007085528175379299,0.016731790433674017,0.013865546635227429,-0.0030893334503774576,-0.0033631789978731856,0.008020263664022951,0.007746805229091441,0.0016305064199307543,0.0011061313882922905,0.002169724866537892,0.0017172562123370424,0.0036064829837115725,0.00310998118655907,0.0008553315837068266,-0.000325566421435406,0.012133662053901517,0.011776767466544076,0.006910283822362857,0.005984699847313346,0.010205309831252299,0.00968058544724098,0.008222884073020484,0.0076740606584174125
720,0.056748293782887094,0.05467053418297577,0.018092698782536266,0.01385026278347704,0.0018352136013029233,-0.0020392161741188334,0.006006482655727618,0.0019692053297566247,0.02041833359920105,0.016566732712942157,0.030068626299804217,0.02954510141403513,0.006541398008369952,0.005413089455216872,-0.003370093182812218,-0.004565352591767365,-0.0009086146452179691,-0.002211901085067359,0.008151952402789656,0.006954918994421971,-0.005736125169060423,-0.005345345664715313,0.0033129583498692156,0.004099342682170201,0.0018463459580054763,0.0028839390024624706,0.0014778149544464204,0.002621805811547507,-0.001178610703470824,2.5212846329939787e-05,0.0018257690318768966,0.0032849394640114132,0.008937190270937976,0.009554471652879185,0.004689100214069128,0.00592467266877707,0.006821574938697543,0.00834739748235979,0.006073279830773338,0.007109628479028358
721,0.06908222023686814,0.06634718435203212,0.03489948758202429,0.029096785147545073,0.024067353095608944,0.01882798437971977,0.027769986354532584,0.02258568515466506,0.04259839060689359,0.037572119869783205,0.036258931275392085,0.03569235768516941,0.017846950317669537,0.016866131589775617,0.01073616401419877,0.00953581470781195,0.012647050087130901,0.011418569848403773,0.0219214454088433,0.020946677087471603,-0.004254696096119761,-0.004085106799564494,0.011744110748715939,0.012063317241317966,0.0073421069751813854,0.007949919453266289,0.007106049293576488,0.007880738591139792,0.0082352589695369,0.009019844988728456,0.00011534730944618666,0.0005322798681473476,0.012539963785895992,0.012846726115781424,0.01146702695533562,0.012543330779381273,0.009488615355545568,0.010291072978100486,0.015117084029120934,0.0159223874286309
722,0.052791467852495645,0.04950829816082338,0.023919623340100147,0.017153149123287328,0.0056416513460476716,-7.63871295440316e-05,0.010064190882139577,0.004157032686203327,0.0291846640556905,0.02353135216495309,0.02863868767362469,0.027532853855013733,0.015140540725737056,0.013006020363392235,0.002891156716302914,0.0008760364702594271,0.005934021533755171,0.003787471160037254,0.01732271721379452,0.015369625876830226,-0.004556723702315513,-0.004479383643435692,0.007472329680389719,0.0077261940365864045,-0.0006100974303320561,-0.00045475538437454754,0.002186678603381752,0.0024474959112669734,0.00110239073226634,0.0014546037677474386,0.005332008404779974,0.00550663550159729,0.008820081881946266,0.008796345994463696,0.005334761561702707,0.005527619351595901,0.007552733682200963,0.007833993560158646,0.008443576443006997,0.008633305502083093
723,0.05946786616790032,0.05873169927838814,0.018602513407978655,0.016603600648373705,-1.2068070784776371e-05,-0.0019439270838397908,0.00492258397419668,0.002909776874064797,0.020271826048846402,0.018306095635583434,0.031653692045819984,0.03072734471178662,0.012389551989692313,0.010309756104717368,0.00012834424641701797,-0.0017398200385761585,0.0028339704356104218,0.0009104287546427642,0.013141697608610272,0.011240796262040584,-0.0023863468695363367,-0.0027239945198916688,0.002656992746227996,0.0022741165524287196,0.0022579008984244236,0.0016333538503100532,0.003776422550648262,0.0031269278268852797,0.0047283977595420764,0.004003465908922683,0.013386029270551237,0.012613217830956428,0.00512713456422611,0.004531515578775843,0.009952011148735198,0.009289601097464305,0.009310221673201877,0.008549779405427444,0.010341041937703412,0.009472283861872086
724,0.06835958692097241,0.06573204748121081,0.03147432983076518,0.025823903704115858,0.015467860241214887,0.010625736376826865,0.01947178112720158,0.014353688488095748,0.03683271434095325,0.031799289279357844,0.04344758272679446,0.041748963619612375,0.019342766925077765,0.015660626950636643,0.007482703044843611,0.00441963768607042,0.011032821236973226,0.007761358195565377,0.0224934921747798,0.019248232708473725,-0.00041737645702297617,-0.000779235532199003,0.007134278564939503,0.006677982771865383,0.004463794034529122,0.0037629255242925554,0.0056576135139143596,0.00494349369198825,0.004227645258803619,0.003322258234177914,0.011951327124927025,0.009910717740779309,0.012226684565179793,0.011485704488610995,0.009987433433788977,0.00843496858827606,0.008825285668879027,0.007245362887585756,0.00963972360964406,0.008244129682487302
725,0.03920660070009968,0.03690411748062241,0.02085924779466184,0.01706518057689006,0.004141377682990521,0.0006738329991984949,0.006535937553024743,0.0029247299822962288,0.02331553804902455,0.01986261152030922,0.020041852830242686,0.018368865034497302,0.015837439092477618,0.013064471273295722,0.005788539095200934,0.0033086620175847,0.006942958000136541,0.00430994418366551,0.017344921471705584,0.014741974595709162,-0.0025356482122421264,-0.0023942042703622196,0.006527834462184334,0.00678162660800171,0.006330460269316227,0.006679372388718243,0.008595937374017888,0.009010918882396895,0.007342402785888287,0.007915819727533647,0.0031284038520314724,0.0051147744756433865,0.009720061695865255,0.010307010307105742,0.009134188371709746,0.010661382264705394,0.009317015581188127,0.010969720237158953,0.010708102287737987,0.01193005677156431
726,0.06267403884996707,0.06130891881342271,0.019882379681024652,0.016747281671900923,0.006232234306683517,0.003136504594138838,0.010437336143927426,0.007322218162090323,0.024987753501482413,0.022307234223441635,0.03640785653895384,0.035452314359565244,0.011765961452760636,0.00976927608446326,0.002943245878969707,0.0009462608484337338,0.006202883501945267,0.0042157508307685155,0.016624454629822757,0.014929761874538603,-0.0005500210721009642,-0.0005061054147938433,0.0069388638930651895,0.007024443142510195,0.0023819235882031596,0.0023647843918100965,0.002693106508068718,0.0027048149751932723,0.002969025336250504,0.0031681185664705854,0.00564225457841963,0.00517688386157221,0.010883538651291881,0.010625523562742777,0.008718191015415967,0.008473813613443296,0.0066383052262473635,0.006307900867864735,0.010169238687208332,0.01001832578934916
727,0.04412822093411335,0.0417988563389316,0.014127633837711437,0.009275095092753396,0.003570891662262358,-0.0002563164622473407,0.007388527673967393,0.003473867349735181,0.018041612842576722,0.014039649020139622,0.021179830950163632,0.02040389627126228,0.006025966928008325,0.004499265863322738,-0.0004312128492979908,-0.0017197317015930319,0.001627414714654693,0.0002849066843424989,0.008198070637884174,0.0068525426253409835,0.00459674869371138,0.0045043331895843535,0.010921224387095686,0.010984760484985557,0.007112485678631419,0.007142016983018593,0.008053391340788228,0.008129582613736069,0.008636149524530252,0.008712101102840836,0.008424482063358616,0.007825693554669,0.012011772127425982,0.011767977248769297,0.011752044459237568,0.01149750604524025,0.011072179229314397,0.010794195955715387,0.009509792060928264,0.009079441802856185
728,0.056769002324036234,0.05316613379760058,0.021308798190795786,0.01395617682306136,0.005079859834534357,-0.0008229889399175655,0.009526178120976923,0.0032824036999291296,0.024881055562201323,0.01856351820818499,0.025264090270790473,0.02387468452155727,0.005847019279210085,0.0028888001098137,-0.004934280067424251,-0.007276198122282579,-0.00218635808276353,-0.004670546670180487,0.006904808934450735,0.004356516830995932,-0.005436518761431976,-0.005766450910353991,0.0074203337114882835,0.007101872488196966,0.0033783357867860934,0.002834054442383295,0.0026080873993631014,0.001896787603797756,0.0021032617189418765,0.0014382747533634623,0.00775906808646568,0.006646118542142252,0.00857560098427602,0.008037713711527322,0.010859770009266221,0.00980284649077125,0.007915155305951067,0.006962496459649118,0.009306040699623899,0.008343421692487984
729,0.04740147926066017,0.04563890380889596,0.017316059751422058,0.013667961560953013,0.005601437496507106,0.002488058130117486,0.00868619773296011,0.0054097773901275025,0.02026729136963638,0.017077960800067737,0.02736822179278009,0.026676982975632774,0.00758884106273085,0.00605042589740965,-0.001007295303178618,-0.002297153336952209,0.0012261821201308121,-0.0001920253761872281,0.009113354510121961,0.007758262623945624,-0.00017513515008808414,-0.0008041133476411105,0.006858581550594161,0.0060289559219670365,0.010450805312572902,0.00930324560770013,0.009377062155203198,0.008083143680334377,0.009859870628141634,0.008498402291317892,0.004243615828997886,0.002345744189260579,0.010487501838200939,0.009819402244103926,0.01293931164293142,0.011879536502164858,0.010659801355930186,0.009399047960786139,0.010613427830211275,0.009623747334643207
730,0.03970724370460318,0.03813235119014617,0.016071064418371576,0.012706353383248468,0.007144230431891123,0.004314141792007834,0.007947867300548108,0.005033159563052578,0.017235543843864557,0.014062929855695638,0.022590142609043875,0.022046996840674266,0.008554582822071492,0.007426835165865992,0.0027320960009111364,0.0016121729661972253,0.003416032459583565,0.002218873468194052,0.00974383291233051,0.00849401375684471,-0.005126495416322,-0.005361631749252414,0.0034442268745662357,0.0030090185887184395,0.003337903031820487,0.002766589521862862,0.0024115918850495647,0.0017838384062078658,0.002212135859933049,0.0014622217425666914,0.00040279325458191813,-7.246505836883119e-05,0.010191590105917959,0.01006279218532966,0.00889333771243549,0.008852698399316482,0.003969038006509866,0.003681739777360639,0.00796096660080062,0.007823051200973163
731,0.06831947386423479,0.06424296587382232,0.03619898898475006,0.0283926441813607,0.02152102613873679,0.01434989802905757,0.02571051673798533,0.018478709695829307,0.041879942176093005,0.035084787485915994,0.03457950710613891,0.03232172493358691,0.020535531344827253,0.016505622107621097,0.011621592816324178,0.007937151881826221,0.014406062406358514,0.010751142728714878,0.024966271297890624,0.02167276009991521,0.0015940828185686917,0.0015321869096428058,0.011143226490741894,0.011256029975894814,0.007750370896420805,0.007928410335031767,0.007169191607278259,0.007422160262390289,0.005723297354597151,0.005885676737062042,0.0033224549010774087,0.001196002459339637,0.01209665887045656,0.011386409720422383,0.011175650448371915,0.009467962633200624,0.011872615133648848,0.010413441683888323,0.011664854904334407,0.010349868125065484
732,0.058309578615080584,0.05694216233727799,0.018849795762847347,0.01597391461123972,0.004314757340049021,0.0019068224766802954,0.007789847619175255,0.00524701092236648,0.021512970903401853,0.018994433725333208,0.03546992592316097,0.03500768840598699,0.011712679579503458,0.01078744643559435,0.0022384135848556273,0.0014342522038044338,0.00489352189972409,0.0039366314463080984,0.01432129884579868,0.013543172257011626,0.0049446851574980865,0.005027057987858985,0.010789391259322014,0.01091924185044581,0.007666366832761484,0.007877567942266683,0.00854846114893772,0.008814479493056637,0.006770450840858827,0.007097877231486087,0.0005836761167779421,0.001352251884858845,0.013322603951956535,0.013580782126405368,0.007873866522862295,0.00846205419724919,0.00940259120782035,0.010058958416109948,0.008586006085617295,0.009016772747509
733,0.04338415617235825,0.0407298141633438,0.01930343542036149,0.014104007968841429,0.004867842952383934,0.000418661144398272,0.007614974649389321,0.0029690740404344504,0.019230122400538896,0.01460258291209956,0.022433525195516155,0.02032955302728547,0.013409362886439813,0.009647432697363251,0.004250976643243453,0.0010362391335943595,0.005664362962085865,0.0022910000211341782,0.01266085740440534,0.009235245920604481,-0.0031325881083708504,-0.004290475112401063,0.004340859794261179,0.0031197558897772372,0.0007651452427644481,-0.0009846097202275534,0.0016044647199139166,-0.00039017727915717916,0.003671200237841103,0.0016238114230350362,0.005500335236538432,0.00267920750618049,0.007928129261048742,0.006942519238528238,0.002715245145939232,0.0004140471214560045,0.004452173879036867,0.002101123114049145,0.005715891476427789,0.003919834894007978
734,0.048938664950992306,0.045290161192661924,0.02314782219451175,0.015554985755925002,0.009379015916610247,0.002977138661021737,0.012569058991319396,0.006127310666339152,0.025068025973862828,0.018526090121840005,0.027776128923840727,0.02574303544182064,0.013529100071961226,0.009417674633611676,0.0040515195040736925,0.0003601675507595138,0.006283677378863278,0.002547946000367867,0.012868227417456257,0.009078382448331515,-0.0012002477242343832,-0.0016833355337464548,0.005367995278000709,0.004823772360511349,-0.0018665331059586287,-0.0029257318493827278,0.0009940770481634414,-0.00010793008112808607,0.0009434620101428252,-0.00022722904813386068,0.00625721934006508,0.005257601946704682,0.008055626996006513,0.007600421029951876,0.006002679121847804,0.004964308568612511,0.007603948982341076,0.006751943710797478,0.008347557505723116,0.007640724384813459
735,0.052344947234129045,0.05084683128341039,0.020890093685410626,0.017698189841844743,0.007818642586641009,0.004953123015113791,0.011228543005444066,0.008201216661543751,0.025486075324664452,0.022508352704448297,0.02650852855893741,0.025755925814824093,0.012250212395842144,0.010674097405837892,0.005811274802794507,0.004379383559829683,0.0068462712993990135,0.005329977767064277,0.01666918834699211,0.015215565724611177,-0.007100544340122225,-0.007062471513844595,0.003159978659878805,0.0032973576198836022,0.0015121819432563526,0.00160658149481321,0.003102207745849588,0.003288167561821105,0.0019989520860821245,0.0021286515687606042,0.0013495018878964707,0.0007300529776300425,0.008832666407039304,0.008596416057159483,0.010385036493797349,0.01006686754028537,0.0061562103641492555,0.005778390586896921,0.010890503924669049,0.01064992786621843
736,0.04930674323380528,0.04659542522054931,0.023187099888343155,0.016893182228959986,0.008312482955140931,0.0029298337675948863,0.011674777910638898,0.006242892974125014,0.0276488109975666,0.022290252725350946,0.028431517706053105,0.02679308089447154,0.011341248610356574,0.007349792937721084,0.0013169904298108981,-0.002163446278107189,0.0036445843932669244,0.00018973974151607464,0.013345375417106484,0.009832586899418277,-0.0029569086226881075,-0.0031570032039923467,0.009596731413595077,0.00928312354831567,0.006810625620231959,0.006366522065239822,0.006911710917889012,0.006412687685337817,0.007807001336496364,0.00740601467343416,0.004155983021960164,0.0035703869481846645,0.012022263166608892,0.011790543165690216,0.008695045937734527,0.008215951774074566,0.007554318300394847,0.007144158412581416,0.010139290286139881,0.009854699567342634
737,0.05070121054480066,0.04893193346304174,0.0159873977285347,0.011505345187805936,0.0034889331673253186,-0.00010054950199010437,0.0056648042708701985,0.0018103007734975116,0.02092036809460771,0.017293419824735905,0.024397117905680426,0.023605523622195028,0.008236125325680303,0.006452122244055931,0.00011544224437638067,-0.0014607398312288787,0.001513768371937493,-0.0002406431621392432,0.010573554480648176,0.008909355371672926,-0.0005828584091155653,-0.0006945145899257179,0.010642506706511002,0.010538781681058757,0.006087326367016175,0.005927861146234311,0.0058960609342422286,0.005662513187861396,0.006147856265424165,0.006032405706856118,0.006547735964614894,0.0056943389101108185,0.012436784705367162,0.01200359478109555,0.016397768852089503,0.01587353396044706,0.014564237100698365,0.013942000130856303,0.013870998234625512,0.013325513654746577
738,0.04839277841762585,0.04537032496717998,0.016585918933083647,0.010560576226036759,0.006885789532365222,0.0017858097125056152,0.008985447779156778,0.00376924383629524,0.021833699115757752,0.016612368989149508,0.026385099573467193,0.0245497545182935,0.00734928085551016,0.003606285403340591,0.0024591985447073956,-0.0007512703496783592,0.0037915853030029124,0.0004631656887766285,0.011416000998161022,0.00806521177578153,0.0025167431249053717,0.0020733105733398544,0.007348285684498311,0.006826349207844655,0.004353061798278571,0.0035536720806581294,0.005208891044429957,0.004289322119947484,0.006118896966440781,0.005325737801693896,0.002035012609545155,0.0002911939964416341,0.010057451931047403,0.00943817453851257,0.009099748853768812,0.007980770053843084,0.007687600917552035,0.006458234223102838,0.009101946997913692,0.008113508349718699
739,0.062143542616752624,0.059998818839877434,0.024328808365148797,0.019574368174302723,0.0093802218875176,0.005115183751562571,0.013705111044693385,0.0094294563094831,0.029917114005624534,0.025785843214098502,0.034628788222721044,0.03377032055867353,0.01544183952551544,0.013631247495677784,0.006430524879650545,0.0046994082866983,0.00953133774580465,0.007747699316903582,0.01880130134666714,0.017117821353376007,0.0028393403442261832,0.002821997651505907,0.009641839026953898,0.009632973790719413,0.007680420206079114,0.007837542775723443,0.00811180177265251,0.008282619997102513,0.00859544664933382,0.008829714359447035,0.008038529609952593,0.008350211255252264,0.012866364552105361,0.012857303352511673,0.01326557190447232,0.014031274565723414,0.010743123403511863,0.011035413040469911,0.01093090109075018,0.011189968645663538
740,0.05100086291627097,0.04860615372969711,0.01707133105813707,0.011724479962805654,0.003256378987853824,-0.0013765498616424038,0.007116005623811515,0.0024950256396930413,0.022997877317869557,0.018608990997297483,0.0296715686469255,0.028386611342274205,0.010060860969265523,0.007052177147348074,0.00024588243525521273,-0.002344235508280058,0.0026247298710484228,-1.5951628775163867e-05,0.012713436480507368,0.01023229766055466,-0.00413412026541925,-0.004537733216012306,0.005349328337877572,0.004852275665966153,0.0010004626458308273,9.440398093784694e-05,0.0029117836627619723,0.0019079536354468928,0.0020487818785331316,0.000987881012179294,0.0015976176907507495,-0.0004162118256714666,0.006504432901142514,0.005792101129886654,0.0020429271761870866,0.0002835006871655428,0.004229514088613971,0.002390934198225788,0.0024330512982254893,0.0009672890309895404
741,0.04801782797473421,0.04467538211592631,0.01865700991979084,0.011894136788505325,0.008690727368315346,0.003031957068132044,0.010141047303017809,0.0043857707855532975,0.0254373574248977,0.019676974038962014,0.02166725762729168,0.01980291811833403,0.011861821872552109,0.008241748639346177,0.004515724063896352,0.001440905071561277,0.005411817179915795,0.002259474283702561,0.014638831582689471,0.011500970380596845,-0.0018012604902565865,-0.002379335737687344,0.01064697295078656,0.009981538598626515,0.007837634445505136,0.0067024729676872525,0.00902504074586096,0.007807090094548852,0.00819883280056076,0.0069981964350702055,0.003507025215346955,0.001592031792053671,0.009587208008508099,0.008970232757572838,0.01360006120491938,0.012399408726301778,0.008620881573117436,0.007446306525159362,0.007760273144819005,0.006636222734443783
742,0.05022242148637348,0.04707840492028499,0.019951842816963855,0.01361910345686223,0.008315230306037464,0.0028080621531162767,0.011478066680024001,0.005895506436069719,0.025128636073767203,0.019543443993285264,0.02896282301838358,0.02709422741599681,0.009806138709595378,0.006224456101595098,0.004085782972487189,0.0009294688239120207,0.006481325382753476,0.0032664204431630144,0.013355419487086578,0.010008398260202823,-0.0034415212212941643,-0.0036187224906818194,0.008337173795776783,0.008187108535168516,0.0036249608123133945,0.003291567540490592,0.0025927037353416604,0.0022272640971840673,0.005299314726903558,0.005035004709074897,0.006139489735424099,0.005492621423292023,0.008288645903951515,0.0078509670181184,0.007699012982716148,0.006875142496807771,0.008544590553718565,0.0076620532041187074,0.011427557453331513,0.010697598289057985
743,0.04941305082064924,0.047300483217179536,0.026145285291292016,0.0218974684282899,0.013014471659838628,0.008942893203924308,0.015518999889185297,0.01130951450967746,0.02935062722134408,0.02540024181045548,0.029393659959178316,0.028458964449445068,0.01753860701113689,0.015841659948273443,0.008720557053725117,0.006888166278746123,0.01048172985871309,0.008581340810435508,0.01912666639763891,0.017361315526330863,-0.0013271636314369105,-0.0015246434319278273,0.004346392882240621,0.004018923532354118,0.005520045973137893,0.004880192025424817,0.005850851839317538,0.00511665256619593,0.003545750716805009,0.0027711312094115164,0.0022101833333966776,0.0010499031039810079,0.012646977360109984,0.012296974544976564,0.010498217829477099,0.009932837588140205,0.010236602725163418,0.009567657213506088,0.01135521930327207,0.010765246470171963
744,0.06226510083930916,0.060748932867527625,0.025435839990578486,0.021902903598668644,0.00817607630909155,0.005060305926705586,0.013034296813858953,0.009847760401127064,0.02648150717904772,0.023245884817894507,0.031478322467501,0.030973909979902618,0.013282758587893184,0.012271142700520299,0.0029061968595654572,0.0017956402466260929,0.0052360878192683384,0.004075790926992537,0.014048515732230945,0.012969434231551984,0.00026038724352356844,3.126922253448483e-05,0.013124185821192211,0.012903150817742837,0.00887958676176312,0.008497302430568052,0.008039034234095742,0.0075466254562270435,0.004967067205422015,0.004420831848997513,0.003466303827027633,0.0016857793984378765,0.012649149503939939,0.012071017073889667,0.011735849320220086,0.01078464706021511,0.016232047669847094,0.01533667315549549,0.015419406280752135,0.014583186288419822
745,0.04858223299452817,0.045279826374575685,0.021093891329843163,0.014826359433894112,0.009503715089668262,0.0043094494130487895,0.011691585383979677,0.006310511968166147,0.026538405588526735,0.021269864786290782,0.029410385156951824,0.027968336031816837,0.008794474877962434,0.006122924029379696,0.0015352846632253688,-0.000753842621417089,0.003185755874903397,0.0007718165367375611,0.011065136492837404,0.00882997931465874,-0.0035861832427305116,-0.003627770964965255,0.012789467966072924,0.012786924870749752,0.005399259834116649,0.005430131682223707,0.005206451800191272,0.005229367991356348,0.006869526471871679,0.006938810777214132,0.0019792627195704786,0.0004409916847851257,0.010628402578379157,0.010117381293096183,0.01253396149217298,0.011599570110593972,0.011692465796865125,0.010886466676847721,0.012752127012820805,0.011994934442464635
746,0.04340465173149409,0.04125650592855233,0.011963815182215665,0.006913503756902204,-0.0004808508750041559,-0.004750547446382912,0.002995618050472969,-0.001388235852560607,0.015138605378560382,0.010914346270608187,0.021310480243777977,0.02037751832308255,0.007406810407164841,0.005181541332065341,-0.0014736275453536547,-0.0033538117684898594,0.0009840585082686831,-0.0009684251613156934,0.008586241203958548,0.006736664450279253,-0.010413298704983167,-0.010468940034985105,0.0008382550744074525,0.0007406918343894103,-0.004781023412681618,-0.005006647491192788,-0.0026743232393069954,-0.0029441748429621024,-0.0025450913427893457,-0.0028097244727110886,0.006658234773141043,0.006188863932315356,0.005540154139615632,0.005269508512093315,0.0051224067223312846,0.004684097631680382,0.004199530806941456,0.0035583137614553124,0.008311194873181861,0.007945346523333317
747,0.06940906843861017,0.06732431405144322,0.028277853603073656,0.023810069863304837,0.011647201063048488,0.007542647118477533,0.017693449928773707,0.013455615338556822,0.031707230417718654,0.027676198426953853,0.041002521493332764,0.040535022183265865,0.017046994771175723,0.01605793566919219,0.005235871519837144,0.004157997680222276,0.009475159620737876,0.008260758259999652,0.017218219327801144,0.016052451377421468,-0.0011026061262663159,-0.0011016057577563588,0.008023513279312512,0.008191955601119846,0.004222086827934306,0.004453354074473904,0.0056593036839320595,0.00598317930060774,0.0068393761827661645,0.00708723092658956,0.004529656398548446,0.004713642712854885,0.006044013361862203,0.006156189258101725,0.00616109276032505,0.006727715417541816,0.007647181564421282,0.008242973858773288,0.008615492048780829,0.008995734189418441
748,0.059082634471533876,0.05714679940633475,0.020531144813933387,0.015698869053131483,0.009538591393869474,0.005350499232877279,0.012866731188838975,0.008551245435492835,0.026081958142797144,0.021972073729424023,0.028740881153051727,0.02835907954679836,0.010255929522043235,0.009128951607458234,0.003282479012414386,0.0022108626459602784,0.005337089328376169,0.004122144231476187,0.013678907356341743,0.012757181062230958,-0.006764435309810536,-0.006763627038852739,0.00583695641375802,0.005994862648117106,0.0006076126860686802,0.0007110252316397815,0.0008323143204984906,0.0009421009812734015,0.0030695730572948884,0.003172291487700781,0.0027903137438508962,0.0014022569015784791,0.008221946421562338,0.0075558323069954535,0.006707246365393429,0.005547401539601918,0.009834263313585055,0.008759380141382788,0.008048352512955098,0.00700662209601307
749,0.06407861771690004,0.06178899480754903,0.02718198228855282,0.022784386760479343,0.009013113057390583,0.004966399890271638,0.014206815890600988,0.010057565511733932,0.031851100997423255,0.028032581313192424,0.036789424622813885,0.03534802799431957,0.014964082732289127,0.012213213671531256,0.00396965208366905,0.0013791250728570291,0.007276223304749958,0.00463215007726092,0.0179572475537677,0.01550347099713147,0.0016170733316942837,0.0014911173092010486,0.009768534110185191,0.00968519613705012,0.004246603400605751,0.003925549876805084,0.005299378742993839,0.005028593836071273,0.003943985791840938,0.0035844805447509953,0.00530071049939649,0.004193982745349033,0.011059920981582375,0.010672351771676705,0.010215940127727146,0.009543187471317617,0.011339854944263823,0.010621754791735253,0.009224563267246933,0.008443882409113332
750,0.05488382874838604,0.052212778877408404,0.020733487370735767,0.015204613232921192,0.008073055231987751,0.0033483402112595385,0.011193313833336816,0.0064137546252863165,0.02544682482758882,0.020501816674134817,0.032370402627966574,0.03114532265770566,0.010131629748938702,0.007511208510532964,0.0019787537322010712,-0.000237378324835165,0.004222700754582295,0.0019326127656639908,0.013253848182336889,0.011003921949862085,-0.005381663900623871,-0.005418096604467614,0.004738832631123865,0.004771239499361311,0.0015276791547386545,0.0015227985461336907,0.002683006670157099,0.0027444088946374638,0.000742473002010211,0.0008323832048450833,0.0011984318063931083,0.0008204396000344487,0.008221535916431544,0.008107961313703041,0.004394460044947361,0.004238493117622836,0.005225598147136341,0.005029079191227269,0.006411074832421035,0.006307422449030814
751,0.04745129558763388,0.04481195179348473,0.014961515170835379,0.009033414013482564,0.0034177441277265337,-0.0014601101176091671,0.006520454782250854,0.0014539030343355226,0.020852968047760323,0.01589479491316414,0.023650443563306384,0.022685633760948877,0.008502026385599248,0.00665926717690867,-0.0005415526258491696,-0.0022037722997764273,0.0020341232272304633,0.0002591192573607367,0.009851533900220736,0.008156539781095824,-0.004090335111262191,-0.004526165058899369,0.0042896445311738024,0.00378199559785103,0.00501978052960178,0.0041767434356930365,0.007636069597399968,0.0068485963919569836,0.006087644040218982,0.005168710389276377,0.0034310875456192514,0.0031693751648327836,0.008524131908900393,0.00843295555042608,0.00839305536474204,0.008396244574185262,0.007202628022031593,0.00714393319121773,0.00978651252845176,0.009749233493110828
752,0.05774504858092927,0.05529918143411129,0.03087205271954809,0.026387286049783253,0.013138140349831979,0.008903157503904463,0.014668456034011637,0.01032595768574338,0.032728635803593045,0.028578710957767352,0.024809083298949194,0.023454298427126336,0.014559004465568228,0.01220050835561792,0.0029740482178652545,0.0006756416707553276,0.003761150706439227,0.0013884616114119665,0.014804728995267469,0.012565896566935315,0.0025801712661132487,0.0021854136720507802,0.004771852017639548,0.00433037212854521,0.006463478531591571,0.005688228940444284,0.008968823737514264,0.008125462155854543,0.009121851040550393,0.008358788275999719,0.007760755564796648,0.006774373217570686,0.008092965109744986,0.007698880211754809,0.009777983209075516,0.009049086847210166,0.007702970526906954,0.00698056375092628,0.010451679462477778,0.009904721116716616
753,0.04499792028175203,0.04262457242533888,0.017405732942168337,0.012498457556284495,0.0024570363959481984,-0.001889769219168743,0.005641349734952826,0.0011806325173241876,0.022203137531155166,0.017908139271949827,0.029415284424681453,0.027823573387439866,0.011690643370585178,0.008557184597378944,0.0021944310369236926,-0.0006307756936384101,0.004048353441823587,0.0011074401870518349,0.014836253268155292,0.012002645396945937,0.0010360520522244509,0.000491228348190533,0.015767965870605676,0.015202746102638864,0.007999153530405052,0.006848211513673102,0.009260423865237262,0.008081466406788595,0.006671410770612801,0.005313342685362845,0.004813830230002591,0.0027242423893926006,0.012231994269656198,0.01157994337665658,0.010790322918284254,0.009359228874586694,0.011788656619812507,0.010615977626416901,0.007903615982359256,0.006711582748038417
754,0.07208184518248066,0.06970260243956253,0.026324477952702364,0.020560153776605028,0.01679723182808501,0.01173955218236141,0.021766592216685615,0.0165261707948471,0.034961179159191086,0.030225891268258826,0.04180751568191578,0.04070861699528491,0.017310893035683027,0.014676985306580006,0.009337723522090625,0.006903852223734487,0.013297338704637899,0.010787541063078627,0.021601155342693076,0.01937239312623463,-0.0008781867903348732,-0.0015750237140625494,0.010456568296291175,0.009374625818982489,0.0056558131982822925,0.004109863998197601,0.007010225773209039,0.005402840430355798,0.006046906278369088,0.004354865262831194,0.003346386868890605,-0.0007339919604366791,0.008824943090866351,0.007150417335387488,0.007748470335285362,0.004478528740789709,0.009883695522634382,0.0067352989720465386,0.009461521931218247,0.006819696525175679
755,0.053698119631342786,0.05110578860735426,0.024188465106250934,0.018668712703681846,0.006463919637179259,0.001702057369561295,0.01002351547528598,0.005197153880891717,0.02708360626436228,0.02237861582026169,0.031197232000309542,0.029980478179135538,0.017961090467027867,0.015511353094898251,0.005367034063937882,0.003102534732640181,0.008207193707467458,0.005862180536604057,0.01789074084107671,0.015608595737937946,-0.007743882938879593,-0.007831231842589695,0.00909400579833843,0.009155507883726191,5.627507523811178e-05,-0.00010495521621400807,0.0012763811654455917,0.0011438315463837812,0.0015822880104163991,0.0014731909840826857,0.0002647360373740533,0.00035060876846653913,0.011435945213921703,0.011524540643972151,0.002249627355827042,0.0023082775556354804,0.004076143224819899,0.0042866132048613986,0.005396061381260128,0.0055885433165196955
756,0.05350167440439273,0.051182280886057085,0.017852995579739142,0.012681360502651146,0.005685182826376673,0.0011513754015673153,0.00994122108654558,0.0052397783592222765,0.023938924323853694,0.019390811529497735,0.0235031298003878,0.022028375093219896,0.0077486447255049554,0.004758726508903492,-0.0004425805262874232,-0.00312334707191478,0.0017209394522002385,-0.001105498711370789,0.011015415157490332,0.008272455594283586,-0.0009055916845084504,-0.0013084611800727188,0.019680317302260265,0.0193946094209497,0.00979384247074309,0.009142688520155469,0.010441695143090757,0.009738712668187637,0.010039507075728569,0.009360243428010938,0.004029045990144529,0.0024442543331270766,0.011919145688474379,0.011318853239021579,0.008020993022658482,0.006896610331509917,0.00851127657617928,0.007316520506919175,0.010472272286798612,0.009509085672596743
757,0.046848652983886116,0.04403851593008176,0.029201307677477563,0.023399847347353477,0.016032678987574916,0.010961299430490587,0.018597897213423607,0.013437409071176538,0.03693781305427653,0.03192422168612188,0.026543556282308967,0.025479227245508364,0.01710322208049254,0.015196911513868604,0.008144354627172523,0.006303615200821745,0.010510686231029997,0.008543514847958844,0.021522722750732366,0.019712867384538306,-0.00505754823024347,-0.005254772470115053,0.008148492562451664,0.00791092242754744,0.004100529947553537,0.003690315712734814,0.005239420039936356,0.004767971106212465,0.004480456141495701,0.0039209618514835344,0.0005592884611129678,-0.0021824095730461675,0.006842953038356127,0.006012746526705553,0.008680018488190494,0.006962386669270124,0.009076044802055056,0.0074351619980748615,0.009689104453836571,0.008341795754645262
758,0.04943969028879749,0.04690268845086161,0.020239677222365686,0.014849368318099864,0.007704594189750958,0.0032725576413427044,0.010945046674702303,0.006362173716903492,0.024967839235228568,0.020504726630532377,0.0319098426487546,0.030945874907510877,0.012944780051042307,0.011084547095061872,0.004642706288325127,0.0030557854386335332,0.006724778650071708,0.004984370520927035,0.01638480166867287,0.014816864484956472,-0.007766401496083364,-0.007880583850653194,0.01122057699803999,0.011167064358531539,0.004010034357623237,0.0039147137799409966,0.005952849921402516,0.0059353387411251995,0.005023449903846459,0.004943884967789644,0.001963937825391772,0.002219177572917703,0.010183077837294545,0.010316152480016227,0.008322420692407196,0.009009061591473903,0.00827802806304843,0.008862790565433548,0.008503526060536861,0.00882516844394728
759,0.06325744540663603,0.058561888627371605,0.03726623010955561,0.02844382275623069,0.01996940713772121,0.012373925563497734,0.023516115370176876,0.015776573441264305,0.04056903928215545,0.032725389163812686,0.03638520863309814,0.03424556136240014,0.02325999918440057,0.019607492059584973,0.011062529979813118,0.007721441167064391,0.013981372319073015,0.010507613999492127,0.023132316529729115,0.019653068921283455,-0.0035859130530963594,-0.0032644410920803584,0.004468395492168866,0.004969815346646154,0.0013577277421409615,0.0022634728275071395,0.0004351742415378976,0.0014689147135257187,0.003095218866193484,0.0042882215113486406,0.004876513728899831,0.0051182597361177215,0.004424948045970987,0.004477014097427491,0.004511909564131096,0.004833612583918822,0.004134321434077482,0.004491090265023417,0.007878820587762762,0.00818561011762257
760,0.044183525964823084,0.04141032068689318,0.01793395936052901,0.012169784360962293,0.007139529807368922,0.0022896139898448136,0.009538743248068865,0.004552191816847517,0.02180753902049732,0.016886952011407448,0.01980722123153314,0.018662013575792426,0.004842504248068137,0.0024354767258531183,-0.0012930619224759802,-0.0033523614657122716,0.0002428795990737669,-0.0018786545342429819,0.007264306414705335,0.005241390198073756,-0.0018182605819606732,-0.001953848447649973,0.013742729190153033,0.013592777192943838,0.0055727228619033824,0.005335204030045591,0.006589629764149459,0.006401264824329847,0.004855116255338682,0.004657840132990864,0.0003627740282392035,-0.0009724007213476824,0.013268164271011703,0.012749571457751987,0.010258146441776571,0.009231637400743679,0.011299066195840653,0.010375617322384146,0.010645224424980847,0.009722043390405397
761,0.06467883327516585,0.0631091268118955,0.025133238286115616,0.02159382514929982,0.011708949511884711,0.008708698892897809,0.015639571603337232,0.012456095004531495,0.03013188494250209,0.02704523948515721,0.03574589280578018,0.03547691154954505,0.008571921564694657,0.007521845200303322,-0.0005979793259108345,-0.0015360365069897026,0.001858763723886512,0.0007910327956417229,0.011203204121376754,0.01029836636970361,-0.0014301422637021824,-0.0014242230858177325,0.008196938699175944,0.008220709655101441,0.0036057182148619693,0.0036528038758113666,0.0037607797355844836,0.0038543670349074992,0.004710997454966546,0.004839682876063954,0.003454504660323306,0.005028706901105355,0.0060171729170186514,0.006431885263215154,0.0079796382669259,0.009357155909660114,0.007003800261016787,0.008273698434947645,0.006928909080592199,0.007755403626014431
762,0.05542557321139228,0.0523464444822075,0.028123094565866445,0.021699099197076376,0.009586163317554209,0.004269592080547425,0.012341730858336683,0.006916589655800208,0.028419797722407002,0.023011367342045265,0.029856527951729606,0.028771925573093292,0.013784930661393751,0.011579278692057418,0.002015868052843147,0.00015316875404860542,0.004265482368824594,0.0022621101521584134,0.013908073795907316,0.012065630319560584,-0.0032545785757287886,-0.003716410326858797,0.005355247787766791,0.004761085250437983,0.0015751388248834448,0.0005491549064692354,0.0037690950897739904,0.0027934592932755695,0.0026389845288527767,0.0014624782831004178,0.005800285560576692,0.0032886627415538204,0.010006355048589861,0.008932546920534723,0.009505181995573337,0.007268688649056098,0.008935088388432738,0.006808814785220945,0.009062565782302707,0.007265657366443043
763,0.04281751330915521,0.0398782770557551,0.01937056980865645,0.01370331853356683,0.005258138604636976,0.0001986680099512442,0.007655819957143815,0.0026275571639828954,0.020872915176400136,0.01575967881503571,0.022483204259797225,0.020887748041170037,0.00848535263221527,0.005452309139125441,0.002878058958963168,0.0003720300009762437,0.0039017682491993347,0.0013236356769420012,0.011700156415200053,0.009090499873513123,-0.006246449307749943,-0.006278998874256913,0.009228611240955439,0.009313145927486121,0.004735982022334978,0.004701020508473848,0.004213371328545692,0.004281353748163066,0.0023939053644492113,0.0024713279640842124,0.0023319531673603308,0.0019554966754988918,0.008126191537500622,0.00793135024742637,0.012992623669644432,0.01309166101542491,0.006925050911823308,0.006483625158109946,0.007996916015255453,0.007676708181576168
764,0.05352031026510823,0.05114914896503051,0.013843049442979502,0.00891404153188571,0.0025035160229757393,-0.0013011592573084502,0.005237710267754418,0.001216378036553066,0.017913055197724466,0.013714122703647297,0.03279501090469262,0.03190070950866723,0.007130940476527075,0.0051367398320319516,3.327507763994384e-05,-0.0014863675176393864,0.0022045825286636073,0.0005000455631063332,0.009739808958024617,0.007959243924311568,-0.005838830473090577,-0.006380801081374987,0.006415468289337862,0.005896253687880897,0.0006550598101916534,-0.0004325047724627083,0.002917856020451524,0.0017861553941316533,0.0019384889570042048,0.0008122304866276453,0.0011614793131848023,-0.0014554984983478352,0.009241963558499983,0.008482514757330169,0.0077434346547868935,0.006282731020877741,0.007886533349562937,0.006399558676971756,0.006968070243783165,0.005713409716507404
765,0.05295216750297364,0.04961636670304325,0.02588792921807459,0.019831462565509456,0.010605647915583143,0.00544002208416042,0.0145765983629599,0.009302743529051718,0.028999585993251635,0.023678703593534342,0.02984470479928188,0.02897925993015728,0.015045223338287044,0.01377617026083173,0.004988244567219739,0.0036232430372423402,0.008056388962684768,0.006542822001200451,0.016723585290253633,0.015319174429612564,-0.007176363184473389,-0.007754195005640743,0.007669387457513719,0.0072793081698688655,0.001505614004254567,0.0006160450943196455,0.0032419512610596243,0.0023624626267142916,0.0020141081206808504,0.0010073736599631494,-0.0026962176004322476,-0.0030891787714292535,0.01138169570647858,0.011416624868435709,0.0066028144652412486,0.006966453803627414,0.007262616789441091,0.007361374479142356,0.007328308884889681,0.007334169425407539
766,0.055256963951748936,0.0533088349487177,0.016326153285960925,0.011779490206322402,0.004138660210213793,0.0004984609369984797,0.008291081829183339,0.004579561071215021,0.021843526300612003,0.01808179080681687,0.03049935948500267,0.029630721287697597,0.009429194132236937,0.007476001913916906,0.00020996851771652074,-0.0014662994754197482,0.0035409315109203913,0.0018444324846943294,0.011611615247999228,0.009976566227296584,0.0002877944935574119,0.0004235330718023986,0.008105160596579428,0.008310056467857608,0.004900246259971158,0.005170213724893208,0.006750164962634348,0.007142770441835413,0.004852565787176381,0.005385703864468443,0.011292683285657225,0.012018969324527088,0.006942230733977104,0.00678858947884928,0.011976181215289476,0.012374467832115028,0.014477036563394375,0.014650493218436205,0.011418139818267626,0.011546662233494511
767,0.05770440233681281,0.05355967359019702,0.027033624165325936,0.018874756258864984,0.013780042401170084,0.006983588027751432,0.018629639037546754,0.011788088008381447,0.03160670263587401,0.02454528659292702,0.030352286446371602,0.0280593610513221,0.015343372740338068,0.010640550908186918,0.008745099223822574,0.004943447613828184,0.010310827824154729,0.006409786432215593,0.01782783306606687,0.01381767999549774,-9.232442863722878e-05,-0.00038328021602501385,0.013132387350859675,0.012769622067572008,0.009251530147188203,0.008745462642724786,0.010514036857747943,0.009977291120319436,0.007987033637353844,0.007347263589955395,0.005527910432607318,0.004447627176900297,0.0122683811207343,0.011744561405906583,0.012979398349040997,0.011995870697491662,0.013761823453767868,0.012818561386993794,0.013648001000595544,0.012817469820537658
768,0.064363805574291,0.062496471380783625,0.0233293610745464,0.019280075208355178,0.005463132597890061,0.001801105770126801,0.008936398216231517,0.005140444138267352,0.025973491138262705,0.02240446045182032,0.03461492545945204,0.034063516561781,0.01062819097698035,0.009232390313035957,-0.002532034729708566,-0.003979289315801942,0.00011596735894909057,-0.0014335961128890446,0.011378075176134195,0.010064632134214362,-0.0028881292275058728,-0.0034640923659568514,0.007089300676552046,0.0064444672931146295,0.005192558539945021,0.0041305389890441664,0.005465899926474026,0.004384109955090268,0.003680537076752353,0.002528637253589499,0.0006062097926350899,-0.00018955928536060917,0.009785225865783075,0.009474638568118216,0.007554085350174526,0.00691521075263295,0.008088040944445781,0.007629312064666566,0.005410529932472782,0.004917557775279216
769,0.054428879631303606,0.05096284178388645,0.027001783742520213,0.020358905105937512,0.010558136286839614,0.004638237558050083,0.013553782204973247,0.0075129856474909955,0.029094897964201137,0.023062512470251612,0.026673496317476557,0.02506245711059014,0.014337657322578324,0.011329572023474854,0.004490222635081743,0.0016979251924274825,0.006513400696190411,0.0036146784314811825,0.016276190351960297,0.01343209328895768,0.0007264172468295692,0.000565230990509075,0.010287089513303805,0.010131516917901894,0.007041947690306217,0.006771200068415212,0.008421614116411208,0.008123636134393918,0.007688496641373756,0.007469834293857165,0.0064171350509876195,0.005003971178481796,0.013707878041038535,0.013234782738835904,0.013856810360515073,0.013297887164499391,0.010305892237796972,0.00961177694154434,0.010826128466855576,0.010102139963951654
770,0.049618497055474206,0.04655205165843284,0.018533796189582986,0.012318658842159238,0.006033258364657923,0.0005978044406726042,0.008961140802576368,0.003443836750370992,0.02010274883858778,0.014485462379019515,0.02641756775908547,0.0252191102660212,0.007048221463445754,0.004372463841101975,-0.00045679377518434254,-0.0028322098294094977,0.0012013440407008785,-0.0012614573299028673,0.008336903554802539,0.005874814837491705,-0.004771345762736031,-0.005440257934804751,0.01285262992415854,0.012027026852856748,0.005768805159637978,0.004355753965706025,0.006637530080437664,0.005077476933579026,0.008361526442657221,0.006731178379004575,0.0022128777559686993,0.0004234601125374599,0.007933463166481355,0.0073451395782994575,0.004907154051392259,0.0035114388709819775,0.004949917377800109,0.003592382206865921,0.0056891228704289845,0.004479847252509906
771,0.05064176467327908,0.04774723427136702,0.021705926856031073,0.015964091458883205,0.008124695248692651,0.0033262753431112465,0.012024679257100497,0.007055043257855842,0.02486558204804604,0.01994174680239611,0.027758541699767512,0.02516072878007724,0.014602111117073994,0.009367177962659177,0.005760495151912991,0.0013491585966139675,0.007897094529911908,0.003342672406220065,0.0160012844448289,0.011406130457713675,-0.004979329923087159,-0.005302929795484216,0.012923327612108678,0.01271603952416242,0.00833755168759497,0.008014863992072256,0.007639836425821117,0.007172320899616389,0.00629751164449035,0.00586804315339345,0.0019692621250878986,0.0004688177823559224,0.011967982718640613,0.011466485375255285,0.01038052108637429,0.009429685975572085,0.00921788161184355,0.008004454410176522,0.00915937675767897,0.00830755254265038
772,0.04508978693403116,0.04327194528206276,0.01504503110485379,0.010484194812719944,0.004339674782280004,0.0006052815862491109,0.0048317027308854435,0.0009024084873372308,0.02165193260638117,0.017895549579039247,0.026827036484933686,0.026163970180879514,0.0062290952161401575,0.0044945146924692935,-0.0012651485294865523,-0.0026315396515366974,0.0004680623900964175,-0.001016668461162978,0.009742575042979543,0.008321630011142956,8.807384454560277e-05,-2.578189291142691e-05,0.01092334262701212,0.010660725560579018,0.0037754856779198655,0.0033928750366246504,0.004977350055924444,0.004526244837776916,0.002889539029901478,0.0024235122365283543,0.0011244516352786308,7.646322428372346e-05,0.009770908172170745,0.00946310446892423,0.006202452942870933,0.005556106157801651,0.00917984027981586,0.008586524312378269,0.004933728840925846,0.004255755519045503
773,0.042132324504929916,0.040781047426366956,0.010508578570223182,0.007522466264231817,-0.0012166152448771232,-0.0037407227708898955,0.0014752313385460302,-0.0013286901958491398,0.014485622748164843,0.011909724725569774,0.02565693103219352,0.024697991628259565,0.006291788045850559,0.00415572607097667,-0.0013809584254558973,-0.003144022253740602,0.0005935984469672737,-0.0013735108278181696,0.007393817447653437,0.00552424997289786,-0.0033781192620712394,-0.0033927107148438726,0.007517016123083205,0.007552240953849186,0.006051765139496288,0.006142828121254748,0.004473667716154065,0.004533202802835128,0.004508408642311719,0.004724503320305738,0.0035158469795914292,0.003821769108331862,0.010378564899509819,0.010393825569436979,0.008332269024799204,0.008476177011981553,0.009736728933739874,0.009774846709071906,0.010448408523374841,0.010567453151121148
774,0.05047172027876864,0.048652950977608064,0.024321241235257154,0.020568941946207564,0.010475192067733263,0.006807074657976015,0.01441638559489356,0.010771863812107268,0.02458161501871182,0.02097212229740427,0.023042088075455276,0.02248388926202171,0.009675003439918582,0.008789711264159259,0.0019172664099459849,0.0007743268520405344,0.003824042440461279,0.002676736660720598,0.009042501837025083,0.007876641476775453,-0.006984320575786754,-0.006861068258356501,0.005256773128027765,0.005573079799420604,0.002064078086485185,0.0024370182589893894,0.00028696476471534174,0.0006845286455679089,0.003920879594971088,0.004591637578352917,0.005171760599668398,0.005706664182674395,0.011717989379249984,0.011859107508651476,0.011659676712665575,0.01242750901666885,0.006798714548773517,0.007210323981313741,0.009986341196573571,0.010283354963886883
775,0.05871912029059434,0.05404955476976429,0.029419363489288825,0.02067453350642543,0.017141354088680758,0.009556276925396212,0.020910461656900085,0.013257977362881618,0.03343164992293039,0.025819628669790866,0.03369492358478937,0.030745348940708895,0.015411573357117358,0.01001938656152818,0.006671743780814752,0.0019527078910665588,0.010171636756783328,0.005410903370016551,0.01878323140919925,0.014052873517956537,-0.0014490597647041999,-0.0019838844042865135,0.003878316409072719,0.0033510362859694386,0.0015146173928694308,0.0006328185492704784,0.0018964234456221366,0.0009028016074892825,0.002365964606544399,0.001294566157470659,0.007620329204097947,0.0056111712005041696,0.010174646528057713,0.009338660147627397,0.009625828401965273,0.00780750260434683,0.009202048750222267,0.007391838523810331,0.012358472136570375,0.010886302275898334
776,0.05460728800402905,0.05186230578341061,0.021920929802404267,0.016558630299101883,0.0064477708206235025,0.0016584313246069203,0.011000301772770537,0.006083780869333999,0.026300690068798167,0.02148578155457421,0.028144066975052923,0.026832308284612517,0.012278639285699399,0.010014022256372693,0.0034298734166568535,0.0011721137841253374,0.005059835752361372,0.0026641677931022872,0.014086203979597558,0.011746619359540418,-0.0073085842918080065,-0.007850704921114487,0.006942665571355218,0.006354315732249667,0.0014205776756121044,0.00025869254341682297,0.0009628532609920815,-0.00034136725221902824,0.0010620247713845285,-0.00028597758200845584,0.007664447534375329,0.005628240904439565,0.01069183307554693,0.009912260002181164,0.009451005316026866,0.007783608554693273,0.008690922911061461,0.00713037796627349,0.00789341432567034,0.006485981149649699
777,0.04603097321942048,0.04452743159349814,0.02149184685971333,0.018302878322447803,0.003287612896052881,0.0003316559290818098,0.00644397333658774,0.003404721637502204,0.02609176224414426,0.023306797313114934,0.020326561840483655,0.01993792398843689,0.007118766222472497,0.006547298146484237,-0.0036971385736390304,-0.004390965086751012,-0.0018690067532542314,-0.002632944912027966,0.010523037400087178,0.009989848025032097,-0.007475039866763103,-0.007598619782777707,0.005151294579093766,0.004963962755368716,0.001925638202144041,0.001650275330362418,0.0017467469405692056,0.0013344425901105894,0.0018282725895976816,0.0014975392487867386,0.0026215026171894982,0.0017132898875968556,0.010246582134706719,0.009882341582864242,0.00543688884211624,0.0045602597289675344,0.005841520975480465,0.005190125114222201,0.008370824073052233,0.007854514331601
778,0.060901567313243476,0.05707732275887293,0.02875630635261232,0.021158593536960344,0.015361161064453363,0.008891973619497381,0.018457072434243247,0.011903292443153241,0.0340382951351534,0.02737083696972631,0.03672703852092303,0.034613020761231336,0.015662527878140174,0.011386396928471047,0.0074800908180595455,0.003918173986306448,0.009468209976049226,0.0058347948014544505,0.01876949013442346,0.01506135068249963,-0.004620384108162649,-0.005285261608638003,0.008610947492977862,0.007957432502876968,0.0032505295944275175,0.001918251439929547,0.004407994298248462,0.0030798526646107697,0.0053667556896925435,0.003962106121514669,0.007054549766871562,0.004897852896856129,0.014016211802088433,0.013272888398388399,0.010579718414134118,0.008843279852658651,0.011238580651421224,0.00951647650222501,0.01253962493365161,0.011084520287113094
779,0.043548425032991826,0.0416198162522542,0.02023198294292675,0.016354742909245136,0.0076937640897935654,0.004343723551800455,0.009790910916761675,0.006295461598656132,0.024219909965992707,0.020815834902413326,0.024057106937390504,0.023633740723609138,0.011101605132037666,0.010453949566866213,0.0044447838137316766,0.0038768888872116854,0.006328410764077369,0.0055845732037721795,0.014908478916361895,0.014248761193269377,-0.0074708558881204645,-0.0075534339152064645,0.005256995634351493,0.005318622869253429,-0.0025679103323672315,-0.002805953171280543,0.00025811858776504,0.0002402708352583743,-0.000952395940003891,-0.0010316639837449194,0.004100745442075099,0.004774551914285785,0.006767024002197644,0.007058722612806318,0.0036080253020218216,0.004366566059821338,0.005979660154882642,0.006714463984154252,0.006433301283620303,0.0069886807462637675
780,0.05159858223182915,0.04748462291436632,0.020936293752005918,0.011905656801352013,0.00812730073692294,0.0002998921057489561,0.01196010042562701,0.004076184816755867,0.02381168227535786,0.015695777715681918,0.02708951990837178,0.024653585998717947,0.013760751579564906,0.008340909042278088,0.005968647588501878,0.0012761785636488374,0.007675784253465337,0.002917112846909618,0.014327065451887264,0.009400770744107136,-0.0023937383827251947,-0.002645262098255117,0.011007527429299963,0.010767351789020507,0.010422437514998854,0.01001396389184661,0.00837494434057377,0.008014336732481704,0.009049887031379936,0.008746108493817783,0.005066836712822733,0.004387256557515272,0.010262739518620525,0.009974494656434756,0.011939572383044843,0.011771339445869364,0.009156531254500427,0.008869118706659511,0.011337449243608272,0.011003996949043662
781,0.04881387391142987,0.045681269851868635,0.026167673828997956,0.020351955571441042,0.010922056044990133,0.005764211062529981,0.01335032940438811,0.008125841620059051,0.028931075443930532,0.02364188753391158,0.026157857198362326,0.02501110808567699,0.014583431338734364,0.012686802606316263,0.004904306047078423,0.00301868472361567,0.007087210427313241,0.00510133894868983,0.015390032835954642,0.013403190989498015,-0.0018657979570151375,-0.0020375519082551064,0.010239409783301418,0.010105913603334998,0.00548152689369403,0.005324701658830518,0.006259565729749663,0.006111934896218336,0.004215343152366087,0.004013518264674831,0.0023220644325670945,0.00044026871489318475,0.011989743357941052,0.011417080809243536,0.007829224847820568,0.006473818257435725,0.009585445571577913,0.008441845696814703,0.007585424063189574,0.006479207391597559
782,0.062363082876997857,0.06082926191943039,0.018517988184864366,0.014687415878845995,0.006384514427457235,0.003575200215450718,0.01123358476265789,0.0082740277819394,0.02581045493049659,0.022754923089753083,0.033504800981026366,0.032513133220472626,0.00932499116946017,0.007053246034403349,0.0015192157713436994,-0.00016332275781815272,0.004291020007761825,0.002473014841718372,0.012760750702549662,0.010793469312923862,-0.0025622849634721508,-0.0029227916361420306,0.011739789892621736,0.011210432382254871,0.0028660876163951665,0.0019374087814855025,0.005571636796317996,0.004592851168066717,0.0034227326794774677,0.002238905103737102,0.0035906327264746836,0.0008112494021143694,0.010038813518084947,0.009115625859059617,0.006487151453868872,0.004405652979250596,0.011102303938431746,0.00916621603676276,0.00960762226882062,0.007963222823308323
783,0.05401031116533295,0.05157801295979834,0.021991829627106614,0.016907577983422493,0.006657539999935513,0.002215917584401937,0.009801851692547084,0.005127061040009037,0.02548574742327362,0.021126178351873463,0.03349476775605002,0.03227298994747254,0.012149593951894994,0.009731643108728321,0.0015592053105938535,-0.0006433281100266226,0.00388168207167573,0.0014679965893546355,0.01399471595722795,0.011767940897335407,0.008308537583720882,0.007798576389582451,0.010023699560352286,0.009316998678569666,0.008400740196056088,0.007309613088555595,0.010976823708163622,0.009724233094603244,0.010626427737753978,0.00940012912605773,0.00990484715548479,0.008106036413101442,0.00978080153547856,0.008945053821410462,0.011150480719802673,0.009592660439329163,0.014489753233068675,0.013094055496852715,0.012011601044599305,0.010750281504971135
784,0.052109694398496456,0.049995574677367656,0.02057716569689782,0.016342083746093933,0.006727344107339828,0.0032255773754489145,0.009599150831254755,0.006002144120032348,0.02368983573819745,0.01992613858843498,0.02765367758169245,0.02730151558809134,0.00877156544623729,0.008067715505349186,-0.0012559014900892672,-0.00197300021001407,0.001266678304478044,0.0004710767195468016,0.010202763812622752,0.00946260142770634,-0.002463391272960078,-0.0025454648610268357,0.004580876254963865,0.004586631149803072,0.005997808382893286,0.00601886909106271,0.0036304661627984134,0.0035852846597829923,0.0042504755469744155,0.004232718284714097,0.0021057884041214355,0.00248781671538961,0.010268705555801269,0.010341356448159113,0.007904368265703239,0.008272775698603435,0.005349748480449805,0.005479992469511986,0.01016429385412728,0.010448978133198847
785,0.045283104657838524,0.041685312938160295,0.021375918772946187,0.014644137940985898,0.006163997130945198,0.00011006650406017553,0.009425249776973784,0.003390082151746515,0.024993860061505745,0.018972263307588576,0.023476435008674995,0.022081711950463666,0.010808581910290539,0.008253131062249319,0.0010049428694399664,-0.0014528205045996065,0.0025886410055554017,0.00012784251575872417,0.012090085221818488,0.009723793873604728,-0.004975918562183961,-0.0051262459566349585,0.001664514164358782,0.001582010413874766,-0.004368618523786322,-0.0046345130667237305,-0.0018783080031048807,-0.002115565619018482,-0.0021964171294060223,-0.0024651813493875288,0.004461825450178725,0.004621942357450044,0.003922313817156984,0.0038087791250624816,0.0011630008356701693,0.0008242194538302843,0.0005000113857729397,0.0001491698592881589,0.00379828898152835,0.003646232109993597
786,0.05650861404674016,0.05310566007543065,0.0244409484302781,0.017394192358131378,0.011452250131658721,0.005366205611271532,0.014496165243792106,0.008305992313376094,0.030001351153195244,0.023914192180168867,0.03311179998837234,0.03148460399946825,0.01566884534277424,0.012691356078544862,0.006714127146500435,0.00394679322215777,0.008891500899013024,0.006023117664577955,0.01870439114994534,0.01592198394628964,-0.002097504703446354,-0.0025208755843252606,0.006103081195501785,0.005769796026816139,0.0075810568815722346,0.00704955187119991,0.006466181564247625,0.0058695028012702155,0.006525206784558311,0.005759720598654809,0.005435083810742111,0.002804799042252202,0.009439971270174059,0.008396546156461885,0.013442377529589874,0.011608504720444706,0.014603843737765266,0.012904676797612877,0.016811707960942893,0.015297159005359088
787,0.053609306328468734,0.049996258777756444,0.022231667055369768,0.015164263775217193,0.00640645068466515,-0.00012825308812287723,0.010127467396438635,0.003507111276900762,0.026023286405164207,0.019531457327060887,0.03457223898659299,0.03266193610951524,0.015608424088502607,0.01210506426499589,0.00506431424864597,0.0017003332981957882,0.008285410482528028,0.004809862848737485,0.016045455527857876,0.012596314562093749,-0.003043200468074921,-0.003316770434043314,0.00990813192683291,0.009757614160182657,0.0064048544038627685,0.006088430404980357,0.006010558193525622,0.0056376951357233595,0.007442673027403655,0.007084995026583027,0.005851119380483494,0.005775815738867684,0.012463075824438258,0.012513314104866374,0.010521745024473677,0.010831466774668601,0.011576837830303013,0.011816099360271462,0.012316746131861966,0.012509857972327568
788,0.04718696485512136,0.044736624963140674,0.018953099602158824,0.012833320122769614,0.008609139077897423,0.003515395527425897,0.011672819199518403,0.006520525982360537,0.026112199828675176,0.02093317771490919,0.02196214520348969,0.02078389465680234,0.006933267184670385,0.003823610551667542,0.0006862820040010685,-0.0018649203681813515,0.0023194900469893738,-0.000333834501549328,0.010766936844812922,0.008091662427320888,-0.009128570366243602,-0.009121228291922554,0.0011801703308672112,0.0012659833334670956,-0.0009482548894853083,-0.0008874505123540273,-0.001522526331503577,-0.0013615019699264295,-0.002046035313870302,-0.002022152488018561,0.0026622799728519284,0.002233980582690305,0.008276079778352097,0.008075321342863739,0.0024795112738214145,0.0021702534773843474,0.004293157911867617,0.0040586531179084085,0.00808875745704227,0.007948577070559118
789,0.054175839280578286,0.05226306115561878,0.020443625674669626,0.0161492789445501,0.00959699145926388,0.005996627707208105,0.013282494959802164,0.009533754717481186,0.026553506552308332,0.02293140608473211,0.02758621649457204,0.027148405338733483,0.013026944255349332,0.011998159530480775,0.008497333062536708,0.007547172895187498,0.00989657108184486,0.008836073930905273,0.01815998027425007,0.01721962958764271,-0.007158413949537137,-0.007493020075495786,0.017488322960503972,0.017194387878568175,0.0022537234664679307,0.0016439763086994353,0.004175843925750393,0.003482605285419351,0.004074081367682098,0.003497948783191531,0.0013122908662146818,0.0005930063243217122,0.013797015881557012,0.013603536994214446,0.01137216890996892,0.011223966659431574,0.010612248633285701,0.010363234922963063,0.012468410004108112,0.012223507031064649
790,0.05883283243488262,0.05720454576654259,0.019092382617025037,0.015022475422879409,-0.0001915695460202278,-0.003950682238731481,0.004511188305866384,0.0006749347062081014,0.020902232431167865,0.017212982455078584,0.034927770076533526,0.0351085287669286,0.010402007132304757,0.010618183367896435,-0.002881244684775403,-0.0030579313004520585,0.0005209986187140754,0.00020402813675890743,0.010114191989907206,0.010032874196579966,-0.005088468774435747,-0.005052314400616867,0.005203946771069902,0.005347447546721058,-0.00024506619661709977,-9.38098398039777e-05,-0.000222319267272284,-5.120504490169418e-05,0.0015131555530490648,0.0016984942055753576,0.0027403181423274635,0.002958840996493213,0.007734056468281949,0.007758383800175975,0.001658963563786791,0.0017632867487277202,0.0014985212403582188,0.0017116128181471125,0.003083878280868127,0.0031709981667795407
791,0.046701249007697274,0.044417365701061196,0.012848784308048023,0.007713415394496895,0.0009219432532977783,-0.0035164014573139816,0.0038171987919753117,-0.000857331295004591,0.01957998289267597,0.015124082895686692,0.02230247547671777,0.02164348165743358,0.006434602514432825,0.004815801623270699,0.000839259401849714,-0.0007185555822718303,0.0031125495267306383,0.0014756965298673367,0.01087595377654551,0.009357529020635047,-0.003324139633937168,-0.0037195403438900257,0.006019700798959092,0.005713360582173629,-3.3913115671292564e-05,-0.0007973526959377811,0.0015463311032241334,0.0008634249759352886,0.0022290863492524103,0.0015972544508139693,0.0013946417588949229,0.000715145228964678,0.0081704470423076,0.007996821536833173,0.004560583930866525,0.004147117419523898,0.00434522734227789,0.003963188724755784,0.006715347739862992,0.00650563268164987
792,0.04459147793643862,0.04184351597507515,0.017343328548811054,0.011389801470584665,0.008451336606289349,0.0033442302080569906,0.010700047423968725,0.005563063667805501,0.022661472595232456,0.017405290011272737,0.02881854901702936,0.027066084841599246,0.012230742012038335,0.00834313064469429,0.005353988932871286,0.0019670045151699046,0.00717438004508866,0.0037306525765840406,0.014945892842869624,0.011453395898230625,-0.005607855287759504,-0.005653800328412634,0.0032410459940773705,0.0031861440296670875,-0.0005905189343773296,-0.0007175926129138134,0.0006772164644080926,0.0006004577822005086,-0.001571777215736684,-0.0016944878037911924,0.0002453188874634222,-0.0008898089198238152,0.005198118942148207,0.004762033232284834,0.0015668779903209033,0.0006106476185131263,0.0017351712202562906,0.0007270245079283758,0.0027166506581563694,0.0018628924750251116
793,0.04949745719947835,0.046572057304801386,0.021709303386036573,0.01620202657694411,0.008891308085193159,0.004140704116255307,0.01063751010839472,0.005681113015144271,0.023784767138859277,0.018777835002683,0.03134274108055345,0.030732195928795086,0.012257468412115117,0.010963897332045782,0.0034221857838458054,0.0021628006035541896,0.004662334620641971,0.003169248571784198,0.013213072154599595,0.011813906163016504,-0.00045496255259112726,-0.00029818818717818974,0.004983163344388934,0.005259548535608156,0.00067762314680613,0.00107682123172799,0.0014323422648481643,0.0020126878396970137,0.0005249318070079334,0.0010590997189767225,0.0030002274764714667,0.0038768765395496537,0.010771398053367411,0.011075709240770778,0.006560168824201464,0.007723884619960172,0.006647132275497203,0.007546662367032992,0.006366808564944089,0.007149270071108079
794,0.04807377937536976,0.047279273407098386,0.017477379173428113,0.01575708324263064,0.0066767985970619965,0.0050570292913774476,0.010121382676284573,0.008370861308026199,0.02411381018584492,0.022780427989003798,0.025432851169535108,0.02533916463162008,0.007480426087605322,0.007483963119020628,0.0007508522347529988,0.0005863414415641172,0.0025082451748017092,0.0021996545156418843,0.010635946594520329,0.010533500469986473,-0.011226150825010783,-0.011060602055224246,0.004166137169509432,0.00470161510058568,0.0016042626192405943,0.002307521762408231,-0.0007000617610972569,-5.290799458157053e-05,0.0007500465122035995,0.0015858006399837217,0.0025032643129149585,0.003662671053718131,0.008358127094526593,0.008750115471653908,0.006453794977020376,0.0075992490985693885,0.00457226324356578,0.005477738253934269,0.007505226932740949,0.008167935753630624
795,0.06529184158686034,0.06309565192874236,0.025633320021836353,0.021061115293034526,0.015664266089760893,0.011605355717910644,0.019749385303517268,0.015505340156017566,0.03238177255374994,0.028284506999807602,0.035308974294231264,0.03460841903034926,0.015061389552346432,0.0139077814255994,0.008968164200156458,0.007788716769042606,0.011955352142855289,0.010618824151803227,0.018019240991730228,0.016792251001981777,0.002034721180925482,0.0018427854169473707,0.013688561421836937,0.013497210040315866,0.010510767657422183,0.01022544697040961,0.012702081825239053,0.012498198216926883,0.015165211965703774,0.01506905325728678,0.0020241764862753324,0.00020349987539327306,0.009261655573480049,0.008707974236078506,0.010977867159849683,0.0098586605979959,0.013163602190041345,0.012213776139898751,0.012207164721639642,0.011219491879790721
796,0.055138189045980376,0.05333275936161519,0.019757297915780708,0.015995074471987968,0.008937057891875098,0.005788795850396606,0.011259160166737494,0.007951086763323794,0.023103480585166078,0.019800561909033843,0.027281027479125454,0.026685949545794098,0.007921696050287575,0.0066655723230085225,0.0007285036873247417,-0.000367844137831503,0.0029175552741997866,0.0017527049698498418,0.008817459867414872,0.0076439284099186515,-0.005581618389070722,-0.005628496693241549,0.005071100401711639,0.004994690519794143,0.0011653025765500451,0.001049470132307756,0.0017866102207402886,0.0017022009327913375,0.001140059397180173,0.0010837447508878838,0.001999142125670543,0.002104083190077732,0.006698598683667556,0.006744814471719596,0.0026478501326543625,0.0028111743004702876,0.004146416650019713,0.004401604119607278,0.005639966612839204,0.0057141788542152665
797,0.05440845734460444,0.05119417348243627,0.02164705050704111,0.015087155386783072,0.007763947223736657,0.001987970509705083,0.010917107451263995,0.00501241113204724,0.02768106949015999,0.022068153908714215,0.024898636256300656,0.023713686782976535,0.009830377233279187,0.007279139208456573,0.002749943571322699,0.0005303524617102471,0.0036724997390493014,0.001334026677803833,0.014183775367355564,0.012017123133681574,-0.00398492838340256,-0.004295170281514841,0.007970355149661221,0.007722060314295828,0.00178341567434758,0.0012117624373672487,0.002936748470723476,0.0023163024518565696,0.004724272384537676,0.004334464436149153,0.0028644085693471074,0.002161944316138687,0.008494706276502305,0.00816127513576838,0.004080424532612871,0.003246424852570794,0.005376647103438014,0.004727288318336237,0.0077372615465402025,0.007256698650206149
798,0.05397984455186522,0.05068457546814875,0.019104284557766756,0.01205829611608419,0.005369850207333328,-0.0007038941263655694,0.010101585809969046,0.003978847050214665,0.025388910001117114,0.019375951158648368,0.03090776718165087,0.02915720292624734,0.008675021050942833,0.004903866648554529,0.00044960921792903995,-0.0028469539697697135,0.004102955275463971,0.0008204455476799927,0.011845798260798021,0.008548693451868422,-0.007195485755727177,-0.007170070942407419,0.011364136968762045,0.011717120060126835,0.002223932206851699,0.002486804410504814,0.003923550754706708,0.004422176525668263,0.00207112823506536,0.0025068492734673523,0.0008652020088368431,-0.0004470650516229701,0.008995179883039855,0.00857592402882199,0.005295887091988434,0.004582758470452296,0.004258310957130855,0.0033164279547946264,0.003250507535055769,0.0024526012934234917
799,0.05188169474239113,0.049385414303848164,0.027900594601183305,0.02268796763857504,0.014644691767628,0.009940488171505736,0.01595444672028788,0.011033226026188666,0.029787014617407587,0.024981606501387338,0.028444298967260768,0.027523886245452555,0.014118186200750052,0.012347445510717061,0.006316974202244115,0.0047034790694127065,0.007212655757002595,0.005429923463675227,0.01480090072793606,0.013104034854687335,-0.00448717519526694,-0.0047817214460680385,0.011624457376739556,0.011285642939593322,0.007384763233881817,0.006889882906517393,0.006739493258262491,0.006096184341849868,0.005994482272691477,0.005357881388276181,1.557769581354831e-05,-0.001719999317499716,0.007750116463471522,0.007272727180119486,0.005650433545495612,0.004526596767031625,0.006543481068864007,0.005507844302406542,0.004790054443186123,0.0038822528399445563
800,0.048598837102265445,0.04496331248122433,0.018677445382704584,0.010134058204930279,0.004446693739253956,-0.002582479438807874,0.005854565462873345,-0.0012240164628379477,0.019239774097570758,0.0118322202080624,0.026716532600379976,0.024787614626922673,0.009949612379805397,0.0053351448614172405,0.00020228722035586175,-0.0036020092317954463,0.0012284906687841505,-0.0026625215859498105,0.008946328021011132,0.004857189547257708,-0.0031782772038283493,-0.003667280714651641,0.003949404272013192,0.002964225780956261,-0.0015063607552539995,-0.0031100391553680346,0.0023869398116010665,0.0007543320843157323,0.0017641851024847784,-9.837416231351405e-05,0.007509935642625811,0.00374802187232334,0.007542943109145923,0.006018765435012161,0.006940517212894087,0.0034775282769712625,0.009400980800030833,0.0061387233513694375,0.010581469804641804,0.007864483748806344
801,0.0626596040590216,0.060235140994985684,0.027461971173361688,0.022094293284924803,0.013966472605301438,0.009316931246945683,0.01802176625449673,0.013315470972819354,0.031018890150553435,0.02632009621408234,0.04300887368577878,0.04254043792498278,0.015440660878626694,0.014353187616379489,0.005101274373610876,0.003983997454642162,0.008797858535583167,0.007586007770454785,0.016756236497601003,0.015710613593483254,-0.0007355429256740221,-0.0011291214644953995,0.012775512570798536,0.01237514493886622,0.00702515938950674,0.006231526800199415,0.005238197269512298,0.004255133367074304,0.007088218349062592,0.006110227069245052,0.004706957228745702,0.0033962366762534694,0.00873462294846832,0.008305334275489924,0.011527934854335616,0.010987770794949541,0.00955067781125243,0.008926903857340901,0.01054979461586335,0.009865755987137875
802,0.06207143765957405,0.06109542361529182,0.01901492559991735,0.015990885201219697,0.005954411120132412,0.003464862249461623,0.010271998368123389,0.007543854460365687,0.025815343626510574,0.023510215412139997,0.03646249665027479,0.03679548728543007,0.01174699309493114,0.011629981807830037,0.001991607506429568,0.001889664882904172,0.005913895148989977,0.005663101610330986,0.014268044697797433,0.014243440942917374,-0.0023854037555702556,-0.0027018636474887324,0.01210975113752827,0.011736885935941126,0.007154517710468443,0.006504761101371487,0.00722749191908958,0.006551311932993095,0.006730957683527851,0.006064239796022813,0.004478764445282097,0.0034202455692337506,0.013807692975205838,0.013251713911096358,0.008656247138280804,0.007496917571315595,0.013202465082852787,0.012437095926778004,0.012102724843828783,0.01132768989394343
803,0.046219354835331974,0.044135574422009584,0.01958499844862511,0.01478993629925382,0.006238337507920996,0.0022626586140084607,0.009108439559487353,0.005023014933592067,0.023606995085106657,0.019463846369017455,0.025517653896319693,0.024859456164834308,0.009858050103838903,0.008188560008034392,0.00016412093378052122,-0.001361362234630255,0.0021481250185874053,0.0005845290496005551,0.012443852415506962,0.010920360053340447,-0.0030921098091108343,-0.003195627006996123,0.009422442116735343,0.009338113040646396,0.000984319379797908,0.0007253806659268962,0.002182662147683908,0.001911829455119084,0.004318899737282274,0.0040810574439615775,0.006929538623766812,0.006523352759038389,0.009043361011466577,0.008801966237602873,0.005789652234225969,0.005314139898347829,0.005316286529150684,0.004943873635621037,0.007444078669168111,0.006997087102928036
804,0.047852130547535024,0.04528425088073165,0.021309281808869228,0.01599782649469018,0.006138305997454774,0.0013939776916178132,0.010864919032552071,0.006207655630287615,0.02458045957364275,0.020024580101157863,0.02604154539653572,0.024747364095110296,0.010879627836930882,0.00812535945404769,0.0021195590515270353,-0.00034894624526508324,0.005492725454864019,0.003070809691861466,0.014196000698144157,0.011881988774409942,-0.0024672326695300588,-0.0027634068186383172,0.0040387175859959695,0.003816032542936778,0.002746655149079474,0.0022054560444729923,0.0016096785394896416,0.0009385740475806156,0.0014965168438576168,0.0009418676767107687,0.007216852268182822,0.006825115335295869,0.006054660372677734,0.005837694625115218,0.004030933064330782,0.0035035226983223893,0.005851683131155704,0.005337035398308819,0.004204987699365244,0.003712690479951848
805,0.057726266306436645,0.05577048936284238,0.019477686654826167,0.014636512052157158,0.004431123513127254,1.978202584770255e-05,0.008556783841688165,0.004148643167183291,0.020940092559058994,0.016600832231793573,0.027845096934742557,0.026685627579407838,0.010475240377295417,0.007817310049637666,0.0025929381685419702,0.00014264392534026808,0.0047654626866985034,0.002301105167212244,0.011024778386077424,0.00854922552677671,-0.0056297015157560065,-0.005737707284511938,0.007430924617290209,0.0073747193144216685,-0.00017221360127846617,-0.0003743335250077092,-0.0007673534779192484,-0.0010393170910944051,-0.0002560796931863893,-0.00047377313070526354,-0.0009609173829478723,-0.0010061796960909807,0.008989713785041707,0.009055221765322136,0.003098035266431966,0.0032460153969796996,0.006117107858207609,0.006383454074654853,0.00598105739337288,0.006228413556801669
806,0.06744527021715842,0.0638706510658684,0.033504632248114376,0.02675307160543164,0.017813457117837026,0.011979178043395763,0.022457900367186416,0.016424493874627792,0.0369731270723702,0.03112220664945516,0.0407848569531364,0.03880789593578461,0.01534734232674737,0.011503031665414259,0.004722903707813387,0.001421960738892123,0.008153507684475786,0.004710889435482054,0.018028721214650555,0.014656077687638158,-0.0003973069327631622,-0.00047236270329091285,0.012268926847908857,0.012245362971984645,0.005214412200060441,0.005224074451700094,0.0063258617940886415,0.0064458302987847535,0.00667500050224575,0.006815426023325561,0.006274587340179126,0.004957159988668697,0.009902803734514675,0.009437451606580393,0.007403195453474283,0.006438747677325263,0.008114501142905604,0.007148641119747864,0.00947092179989293,0.008673023187101107
807,0.05470365829044064,0.05324745185370463,0.026433883969178257,0.023061636213951506,0.01074740139288031,0.007816303380309413,0.015584529144795769,0.012600005902132689,0.030470876691879777,0.027627600421196285,0.027517428945588358,0.027252855688563428,0.01398685108450686,0.013388686739762175,0.002887046288960756,0.0022463663832689917,0.006225838978935102,0.005510298681096521,0.01526611325636803,0.014688730715823417,-0.005256648695466445,-0.005017929871283676,0.0031301158570820136,0.0036289659810089846,-0.0016304692486005256,-0.0009568187863284618,-0.0009999792235351162,-0.00020954393787022264,-0.0022627617630035742,-0.001508493150595639,0.006319095719277297,0.007071351027231591,0.009429495925788694,0.009584857324785895,0.007806515064300999,0.008437166888496913,0.006710860289290866,0.007085144966347198,0.00689773497861137,0.007155930747348885
808,0.05385813945197078,0.04961791838015795,0.030050593672235715,0.021334238795915925,0.01569501194085252,0.008291662121222901,0.017572927389599063,0.01006461747681317,0.03354801520527624,0.025885816813259622,0.02689962079767072,0.02475406976741453,0.015376667693698168,0.010919018358856215,0.00793558160377745,0.004224210027395346,0.007592646239321749,0.003722580011355312,0.017032386549316002,0.012950856589382331,0.0013099865674011707,0.000821454391988187,0.013173724781258753,0.012691137624097275,0.007593066506723605,0.006718141092036008,0.008000691150666843,0.0070380532796754675,0.010774230090680745,0.009784684403185917,0.002651411116559689,0.0010557054094078994,0.007544361450243388,0.007034882569829889,0.0079785040597766,0.00698514268158399,0.007009249397549262,0.006062274273266849,0.008626446743950899,0.007742706921252016
809,0.05623989680668214,0.05293015042680458,0.023469674582687942,0.016517552756601106,0.007261047028378295,0.001432360479425688,0.01125444981393475,0.0052937454192553985,0.025159548780759246,0.019031688015638783,0.030548933572886506,0.02905331404972785,0.011794410941928863,0.008593807392046855,0.0004231305457822491,-0.00233819640520595,0.002994851559962057,9.373404125835298e-05,0.012016864235945595,0.009084792622013827,-0.0011744420219167774,-0.0015985522997920838,0.004601531719002246,0.004156555375645277,-0.0010197327501470174,-0.001894502600640472,0.0016490600092908963,0.000759908401162144,-4.3973684933016785e-05,-0.0009601269119489328,0.004416646744440056,0.0028067524687647883,0.0097527652640233,0.009204923353286931,0.004207533318528612,0.0030139327437238234,0.006836769199258211,0.005646312948063068,0.007096039842626069,0.006193891308395386
810,0.05575795065644575,0.05394826465035103,0.020882558468673377,0.01680115144340103,0.00564021731545186,0.0021122685820407243,0.009034516351326124,0.005466875523983729,0.021712239066796153,0.017931981751477845,0.03348045314849587,0.03287629687001042,0.01190345400144181,0.010398538650598775,0.0015862884522770348,0.00021190360503665204,0.004303536334252315,0.0029306540047417096,0.01193938145163998,0.010519747498236132,-0.001891947398006134,-0.0016518852568057046,0.012493014942151515,0.012908247555099128,0.003965873310834359,0.004599927755492773,0.0033953365896782503,0.004176248399077681,0.0035742100415862054,0.0044870162309937405,-0.00029533816274727743,9.852092002486097e-05,0.016205782356253667,0.01642982743456311,0.007434420498941182,0.008261083683357238,0.010669395181010611,0.011362560983397158,0.009916283625523745,0.01033562762377429
811,0.04904031210047431,0.0446414890942997,0.023849609092570116,0.015324648545113177,0.008363876852643375,0.0014177672888416803,0.0113960413142252,0.004108109289714649,0.024858811656769245,0.017244861324318284,0.022486800754883487,0.020196629919988322,0.01080021165464291,0.006265238833127495,0.0019216871303827903,-0.0017553316797084728,0.0031861312746422283,-0.0007392312720589266,0.010525045122565656,0.006459189428452245,0.0006708668012083527,0.00014643446618199527,0.011964018629183714,0.011406124881097063,0.007657837427704593,0.006784131435324925,0.009734489568040685,0.008802864818831756,0.008305646414498014,0.007255681503104137,0.004398069865400304,0.003184951309952347,0.00723004236939836,0.00683346365545701,0.008820555487295097,0.008122082761530456,0.008336004976162522,0.00763015038674329,0.010407249584852462,0.009712860262375302
812,0.04078291549045504,0.038010126041772355,0.023083548516894137,0.017463020151634083,0.006920963694906147,0.002048496255580246,0.00971911218691607,0.0048243209344663324,0.02514384582893454,0.020269619974283684,0.021472241158550592,0.02020649608048288,0.012262342704011893,0.009744975646906826,0.002208829472895077,-1.5766280973632342e-05,0.004353412470489358,0.0020830492017226013,0.013556993440258774,0.01129543152411539,0.001336826948988303,0.0009930290906666273,0.008462228777600719,0.008049440204990497,0.008622344780504143,0.007914407042951285,0.010164327978533502,0.009558940211758474,0.008383367905324042,0.007654582416254721,0.004475733902462274,0.0033111118544864966,0.008319259862010427,0.007808004725742362,0.009908833624076182,0.009005083643799771,0.010508892947088998,0.009700602299235025,0.011103583625907841,0.01036296059562874
813,0.05533082142037019,0.05207065877837007,0.02562840978467181,0.01890524513331935,0.01135329356090872,0.005655694749315308,0.01478619451237376,0.008825150002850928,0.030766301613911494,0.02492798504670645,0.028762712291450943,0.027541965052378613,0.011544816213404672,0.009211125724630408,0.005291741291200619,0.0033258370963279347,0.00624609794582124,0.004046078529163719,0.016530326119815197,0.014482667415279732,0.0012215511123595912,0.0008578506694670099,0.010590265529281984,0.010069794613739035,0.007271384104948292,0.006609537097566631,0.007901010958886467,0.007135430025317503,0.005276712634440836,0.004361323241146608,0.0010595309171490624,-0.0007145543469771652,0.006327244197380641,0.0058185040709217584,0.004350464340445709,0.00321743789856285,0.008692139812064683,0.007823908849306487,0.010106289976521224,0.009506595007485703
814,0.051055055527734,0.046650545877415024,0.030039960941320155,0.020988044148319087,0.01657013242174541,0.00900991607580436,0.019183264245599737,0.011628012901231308,0.03378077570335693,0.025839076188267203,0.02232653205204376,0.019711936138113544,0.015302127490243761,0.010149773343425924,0.005066103820297986,0.0006873543806913314,0.006404824641785571,0.001974249459189427,0.015917414779894855,0.011310555274332725,-0.005459849667928414,-0.005666684367320735,0.00269591097035915,0.002526844647137623,-0.00042837829942986744,-0.0008111328203441343,0.0038113965790497286,0.0034227342035593597,0.000559253589992556,0.00017258514607189604,0.0006625913935518619,-0.0009646976343738384,0.00392569183800366,0.0035093643082744603,0.005011951298519745,0.003994451819119603,0.0032614412564104583,0.0021553445876660604,0.0033631818632883547,0.0026163828709019053
815,0.04866581000902078,0.04638487615839294,0.023257988867946392,0.018555447401363494,0.010865025470642959,0.006931050681948307,0.013639864265415289,0.009550502969295117,0.028768530522687075,0.024950691369323062,0.028074922734388923,0.02705032133976377,0.013141726695901277,0.01120141157285095,0.004290391676754518,0.0026097541110878127,0.006939597903627153,0.005164085535451775,0.01594431273132177,0.014335811587504249,-0.0009243179604480706,-0.0010650407784843937,0.001355730116656745,0.0011840818962720418,0.0009061325461779139,0.000576194072859242,0.0009869639615493909,0.0007167400608469445,0.0014543441248119548,0.0013073375090333276,0.005278309173757626,0.0040149867870985815,0.0073727909173072394,0.006805333785487417,0.004050939216256784,0.0027217465416504187,0.006906260774849541,0.0057578939476486185,0.00506931072655353,0.0040331956535473446
816,0.06172607880701336,0.0577316244545216,0.03145878276786612,0.023754772732062057,0.016378699671025808,0.009813131951768196,0.02065305741574937,0.013815551082302443,0.037282833729442834,0.030431218110994047,0.03291092537344616,0.030642520022911048,0.01622513801380407,0.011887640145708579,0.006564597288225118,0.00285164919220393,0.00900642833293729,0.005142345205584653,0.018388344398144563,0.01447430755340843,0.0025915611298597974,0.0022509522131805406,0.013415126736621546,0.01310580013971172,0.007388719629745716,0.0068144949638626025,0.007095076773370912,0.006497323484936898,0.0074694173375652855,0.006720437252214939,0.0028556021337184647,0.0003840459064651365,0.010907218178054597,0.010215286725926928,0.011331123737195326,0.010011282747793906,0.010679017672201118,0.009467594830077525,0.01158348039674586,0.010486461094504702
817,0.05054824520559056,0.04849215398410553,0.017698779199090006,0.01331286763108705,0.003594096989209395,-0.00043457037857592507,0.006719650808593486,0.0026411038668538037,0.0206566442757175,0.016662731762388715,0.02569639298937339,0.025040259037611375,0.0074427574975857915,0.006095819481930846,-0.001767970805058975,-0.0031819421297765334,0.000387779968777742,-0.0010144650707893741,0.008667179043683703,0.0073624385470423635,0.0006608602990854224,0.0008207270334218099,0.010124608978209621,0.01051328629750604,0.0035871092212275218,0.003980339866324236,0.0033014553683421745,0.0038510467875117376,0.004430358801231748,0.005061051970981007,-0.0024010468301382884,-0.001455103796081385,0.011892396718707367,0.012385204989253903,0.006605341591145951,0.007717592252083391,0.006167748196736479,0.007293099324417183,0.005805049325121478,0.0066404506246278226
818,0.033388021785244235,0.030964705502581975,0.014755028595277084,0.009609803241707932,0.00561599264630826,0.0013014345085411091,0.006740750605191974,0.0023473078510351923,0.02068137818761962,0.01623367420411006,0.011848430570317434,0.010987937409258396,0.003284446797461435,0.001479693922269206,-0.002009759317554998,-0.003533129656341559,-0.001298779687622049,-0.0029273590648914083,0.008307189491126216,0.006734772149322022,-0.006110409488538566,-0.0065994750149599105,0.01001935171487777,0.009443190252205707,0.004418725236035171,0.003463254851521771,0.004803338453452234,0.0037382675899398166,0.0039050907340505794,0.0026268183670375123,0.005583246453674658,0.004735225657112401,0.005694359244033813,0.005283042236967848,0.002688271505620004,0.0016613377901833078,0.003983906197642021,0.002909779378228233,0.001987181837140769,0.0011435967336460243
819,0.041187579973762774,0.038839406926464086,0.011442432834700162,0.0064682020562339335,-0.001189211315308465,-0.00547684489243315,0.0014170864782852826,-0.003013783318746663,0.014596481906044576,0.010244830392406229,0.02392723251192779,0.02322628470533932,0.004919965825685104,0.0030175559442939108,-0.002481856838942857,-0.004122505362729024,-0.0007718989019893341,-0.0025310037339093135,0.0072226846921157484,0.00559707036311674,-0.004600574154855894,-0.004844126359295246,0.004422390603804172,0.004201803027495979,-0.003494693902611726,-0.004075348370271778,-0.0008133450849844131,-0.0013832055044527886,0.0007660273072995015,0.00023257507874631972,0.00835191328861935,0.007863038536996268,0.005028544404002923,0.0047435235499311236,0.002340544305004356,0.0016070956225371455,0.0028365623987266783,0.0022051100389892673,0.006468810678900501,0.005921651597409562
820,0.05813853746853666,0.056092270165370064,0.027990091116257033,0.023623041703944254,0.013173590812733107,0.009207385862948494,0.016822329787484432,0.01269894191113416,0.03239281411787975,0.028510030008573432,0.033436122961586774,0.03287932446893689,0.014314718895905396,0.013042950168358708,0.004538081075208948,0.003271126020078815,0.007043438813775116,0.005630616350849821,0.01628362036195847,0.015078997763580456,-0.006449112602559771,-0.006495803915817606,0.002109775271411103,0.002138882059040376,-0.0010518467362025069,-0.0011749190369628282,0.0022067648132024077,0.002148359655345986,0.002057381263557998,0.002121933835370969,0.004324667683492237,0.002493103951728299,0.00668120778827144,0.006137213152045249,0.005414160349855494,0.0042336152335569754,0.00406680771763159,0.002778061239243991,0.004710888068207116,0.0036214209563224407
821,0.05202735817364782,0.05073696186770671,0.019618656202606933,0.0170863767909532,0.008151589390054627,0.005832081393988676,0.011494769730473078,0.008930602842687678,0.023856140827318982,0.021559810955140306,0.026196719181896616,0.025927715106682975,0.007173798947813023,0.006714558378052243,0.0017645119161187374,0.0012063234591874815,0.003790459712454198,0.0030413177416506072,0.010533339694493282,0.010068307367190475,-0.004567034864835472,-0.004886628115254026,0.008088853077979654,0.0075376930902885985,0.004716142111486663,0.003976885269077167,0.005624403465017242,0.004773357369780422,0.00425805372717839,0.003383772683252331,-0.00013066404813450643,-0.001927552438030109,0.011260051180954782,0.010688680671210793,0.005621563092346248,0.004543234587313434,0.0062791163303523466,0.005078595708251511,0.007189230095245571,0.006162884491086436
822,0.04509059707455953,0.04361408135979442,0.025659328347269528,0.022644797856729397,0.011957747444940454,0.009364140741745393,0.014106807719451683,0.011341043844962744,0.028733892371076025,0.026217553335460282,0.027674352787470317,0.026900179806745982,0.016909463005966813,0.015375974932463782,0.006675598394176288,0.005275659292542573,0.008906247824743484,0.007380903274380024,0.018159254377308483,0.016762986571406156,-0.004761476649621032,-0.004661207666902494,0.011066137406091902,0.011294386881530696,0.0026362702085336964,0.0030078378701609504,0.0036568616279505665,0.004109640598911617,0.004433914953724211,0.004921802798034504,0.002533136938062274,0.002642166187971054,0.010073343669491497,0.010138288146690693,0.005969302135001989,0.006417660548535884,0.007718292041751114,0.008183090729657533,0.00869605143962124,0.008957789679401027
823,0.04492323472294332,0.042903751509225284,0.02091111118075402,0.016733143683684733,0.013115607458948204,0.009538543525574959,0.015844656537419306,0.011972953146424898,0.029501691013771168,0.025940982614364734,0.024076285512370073,0.022907351056726533,0.01592062388492189,0.01373636443577661,0.008489643997374204,0.006428666528384988,0.010781438839210416,0.008568088834720902,0.019039281230616874,0.016923729726029523,-0.005859181558296741,-0.005718159513360904,0.012395160659637756,0.01273870081980694,0.008894954721763135,0.009453056824761955,0.009392718514032025,0.010132932865652389,0.007613751141908459,0.00830713862212428,0.0004892389549012373,0.0013017330269517859,0.01168593329628459,0.01200673149659902,0.009984945771832277,0.011102670199614416,0.011428073169259968,0.012512966910157419,0.01024029434247493,0.01094049902058683
824,0.056424509885672894,0.052834973495897684,0.025665190722482023,0.018801125470039638,0.012081239505019423,0.006294292221412458,0.01546468552286892,0.009215059378109297,0.028219172534705333,0.022038356105738753,0.028272409155761225,0.02706353998025087,0.011609770540408723,0.009208425235144846,0.002537468526853055,0.0005736312912289449,0.004726577754803117,0.002507371141556588,0.01373197495680691,0.011745890663242341,-0.0014608799533401516,-0.0014074333014864205,0.008156485852897005,0.008428103330540964,0.005629205484314978,0.005930400931600748,0.00527884971720466,0.005646407661742322,0.00514745089533618,0.005653624302354366,0.006633608690620014,0.006192235704096693,0.006305124237958921,0.006088840869816177,0.008027372270409831,0.007729482980302858,0.00919993127256883,0.008875642369363692,0.0065309741598233734,0.006144504054695724
825,0.044738150394458276,0.04135484668110741,0.019286344388726322,0.012673356992704443,0.00833512674059711,0.003036081913039261,0.009897858752253,0.004352297535621169,0.022507468400618423,0.01701438733540068,0.02159393470583588,0.02067228537601231,0.006778476566550335,0.0052134773643910835,-0.00039202169117077404,-0.0016233186366437947,0.0005014587477329931,-0.0009454129450572132,0.007646997966646185,0.006288719982420555,-0.007623820486918641,-0.008021979618259827,0.009515437334240205,0.009141081133239828,0.0028555627581785216,0.002199053598017231,0.00581791624292567,0.005183923784633714,0.00707131834356458,0.006467152324679877,-0.0018906404615744471,-0.0038915170209511104,0.013254670517178468,0.012742151307177634,0.0077519332433819395,0.00649789675459512,0.009863456379340583,0.008835068765739007,0.009816470774357714,0.008909345618732151
826,0.0364517475607475,0.034327707641167174,0.009595800661214862,0.005440598122332779,-0.0030024911285871266,-0.006598854337786196,-0.0015046460360594743,-0.0052894041399757525,0.00992755647396432,0.006116939585300403,0.02057439164175933,0.020000504835754544,0.004601362949180944,0.003627991709403483,-0.002481159657679751,-0.003384014659818807,-0.001869329355360392,-0.0029501319130383055,0.005419809931399826,0.004391636455915876,-0.004397806945820122,-0.00466790636964115,0.01438585578986314,0.0141789211568057,0.006918161807706627,0.006565586741258631,0.007128922475187467,0.006651798265181326,0.006700128386608789,0.0063788388630775725,5.3059781043671194e-05,-0.0008376497380866005,0.014457888811684371,0.014251709169690447,0.011512489855624562,0.011276420300457326,0.01069355519374047,0.010458779843323213,0.011546207528920447,0.011322739343870096
827,0.05314981124707863,0.049871778672614,0.03067121978981773,0.023335448209319064,0.015114086880791328,0.00856960896041202,0.019731655070842097,0.013252823257857904,0.032662309282166825,0.026082878327489466,0.033509185301787245,0.03181287055696487,0.019702973044023984,0.016230862653476605,0.01099045717753182,0.007918805520747859,0.014279559216419716,0.011140724118146806,0.021832389263356584,0.018665345683736075,-0.0024420118587770846,-0.002487878074390065,0.003627486648076981,0.003629819622305488,0.0019572760626198516,0.0019517516865506664,0.004896773120342213,0.004938091741987132,0.0034961970695669823,0.0035595208172781168,0.007164287132062967,0.006005256751486713,0.004432130156674162,0.004030067108491036,0.005534021826386194,0.004795477258201715,0.007200367421482161,0.006224941179119392,0.007861764117191927,0.007148777774191206
828,0.053247464477638104,0.05177795630714012,0.02825751920108705,0.025322086323842374,0.016022575983914666,0.01315856530657351,0.019636705531977997,0.016518553582670396,0.03268832132689477,0.02996440545981527,0.029191437760809395,0.028598248091514393,0.01744230728590934,0.01638192181119317,0.009670245057568505,0.0085272005819439,0.011926447089584244,0.01057945766410769,0.020093971500757906,0.01899431649562044,-0.004893876248009849,-0.00492039068121752,0.016802510000342663,0.016965596475323395,0.00973630063828589,0.009794582611094917,0.009243268718432118,0.009367236287799873,0.009013068171700934,0.009176437771996868,-0.0003171403164126998,-0.001586127867763673,0.010439018528824753,0.00999188572630811,0.007813356611534216,0.00696018066416039,0.012059676924290542,0.011345222222173233,0.010995511778653582,0.010350045718026214
829,0.04413363873358889,0.04143707743052431,0.02270731037390255,0.017332996172756812,0.006704835477742357,0.0025233532852771546,0.010617904578780302,0.006234889217620237,0.026504869916644535,0.022235104681120596,0.024119016090763,0.02254116062348324,0.013991999260201459,0.010798542820661053,0.003282140878580594,0.0008100411524677254,0.005306938356732851,0.0026254504040734423,0.016107184851623445,0.013503214828759996,-0.0044408491223249785,-0.004700169855572756,0.0063738341619136,0.006026703751363639,0.0011784207557833455,0.0005533997024233253,0.0026878967827091986,0.0020159846404653853,-0.00017453561929217507,-0.0008533981057311006,0.006658255108333795,0.004570437592830657,0.006168340559794263,0.005298665931899317,0.005234071658059889,0.003463522557373948,0.006496181039556027,0.00459894366103099,0.008462460170547716,0.007080510976917973
830,0.05700794404822447,0.05516228720458516,0.018045667328676067,0.01361277467842086,0.0042525928079927885,0.0007378003011099165,0.00807810317596534,0.004414441615134513,0.020697108223502726,0.01687232952512238,0.027262722414896946,0.026293693142643716,0.006832615994441568,0.004583490272667406,-0.0011530180285685293,-0.0029674572926283362,0.000637158444584887,-0.0012924825516703394,0.007325500685419059,0.00523714427077406,-0.004757448310887187,-0.0047890430004476296,0.008953496372364336,0.009024165126467126,0.0007583905657683024,0.0006397224887300764,-0.0003121192827436574,-0.00041289104956425046,0.0020647203389916975,0.0020944363103146497,0.005430143985401285,0.00618381385769747,0.0036028860974825945,0.0038071846089007253,0.0016255644206299325,0.0020186537154656082,0.005003215684995562,0.0055399713119090015,0.005284729605273689,0.00574546993706917
831,0.049097257959990814,0.04684531217697544,0.018208502725592345,0.01347522031717186,0.0047026034625976005,0.000712738827379175,0.007314361727675116,0.003176182864426963,0.02151481440605752,0.017492748579103885,0.02244266794442637,0.021762932661822602,0.008383122709549013,0.006850529769656913,0.0007442469279440491,-0.0005971698552618174,0.0020555241615149754,0.0006084684942867567,0.010299975698494727,0.008946561546051784,-0.004100944831443676,-0.004344138665101737,0.00706787500219479,0.006888917478369371,-0.0008040564421879177,-0.0012187448926683064,-0.0005303748703804818,-0.0010058338715313278,0.0012844440219086446,0.0009978577990286122,0.0008475492785616478,0.0011821442408331121,0.00966796975252036,0.009729440477232438,0.0047817924139048895,0.005064599431003185,0.0038607639649124274,0.004046250805547564,0.005977487041982654,0.006080427901679559
832,0.05411951067144104,0.05039551553606845,0.026911752631335367,0.02015533556433686,0.011180090745175949,0.004769864097721447,0.014302439354130905,0.007873651118220647,0.03026633717848749,0.024085729588253398,0.02887340616975843,0.027047099767222287,0.017965881137962752,0.014946631701676608,0.008154852768529026,0.0051088363432115706,0.009776203003630458,0.006706549698140768,0.019855707140806606,0.016962568329272933,-0.005964919361463554,-0.0062831397183892605,0.008723705208836724,0.008621281291126782,0.0037829060738578855,0.003341953003773561,0.005163665355617648,0.004888838968364126,0.0020765337774388045,0.0015439343403105845,0.0006448791150159067,0.0003279093671681928,0.010692096057504045,0.010608809532155213,0.008308810208826218,0.008390282148185688,0.006933560292394078,0.006995813663570662,0.00738616757295386,0.00732399337578471
833,0.06893415821798252,0.06460768499899083,0.037038099906648414,0.028852406995340574,0.016907542644403774,0.009007304230838429,0.022058258404025734,0.014252681859313446,0.043510214546811664,0.03605074349124802,0.04276725266323496,0.04074152728793156,0.020727456620177505,0.017084922861226447,0.006565031027795756,0.0028374827043323248,0.01054666658586434,0.006836792125054445,0.02457300313655491,0.021060113137554914,0.0006550461062489287,0.00014244648821696518,0.0043130478179509,0.003893174290690894,0.00315766220436343,0.002369310906840257,0.0015062916048627258,0.0006187335117316413,0.002439067220651095,0.001548604911188608,0.009450593544261834,0.009180272507958106,0.0055389388925844675,0.005258713580523588,0.006952561284449694,0.006525883606155611,0.0018266856629474255,0.0012481143977185962,0.006126823468724655,0.005755157785034179
834,0.05149244421159142,0.04977005135355888,0.020222039850494408,0.01680340563974676,0.0072773906531074465,0.004181837886812147,0.010360415977644902,0.007094020896053379,0.025787265935458586,0.022939496787144638,0.027921062857594835,0.027004958704365662,0.00983496153389037,0.008221720455587868,0.0009062239488515786,-0.0005489220419631067,0.0032297010809854755,0.001639656722012316,0.012476570312878648,0.01106211844884554,-0.0022488344853328545,-0.0022855822974271484,0.0016768124970157258,0.0016672585784958816,0.0008387721272344739,0.0008376030591415937,0.002525037289641812,0.0026444619826398656,0.001661375338379551,0.0016242981172936185,0.0025958552647047132,0.0020708065340409175,0.007677974869800898,0.007452545972236315,0.0040744204241062185,0.003601943302090284,0.005707689495621236,0.005181895776423822,0.005676579442434217,0.005249531176308149
835,0.049240166737016436,0.047004535676839904,0.018251300128781147,0.01387327956815555,0.0035460392107065225,-8.043462628187382e-05,0.007611107477098966,0.0038252064986398797,0.02026891786102833,0.01639455606376186,0.03150764676615821,0.030851325720201845,0.014209495794896906,0.012906941728167583,0.00535466910183024,0.004325386439412773,0.008431480229822041,0.0073059744583160325,0.016726156907033662,0.015664586806171235,-0.004413998267540623,-0.004288666966439182,0.007702128562172149,0.007923306445156923,0.00466931067889832,0.004932037385450123,0.0025216179996500284,0.002799560975143889,0.003558037581105268,0.0038849956928492463,0.002747401663245707,0.002719600939835933,0.010401183993425702,0.010408836815604122,0.010117929498867369,0.01048326371855556,0.007099916110351942,0.007298381894526601,0.007696756023991991,0.007846762221192823
836,0.03835345617802605,0.03584377475500995,0.016854920240270275,0.011121155457635598,0.006338382855080404,0.0017675843967027837,0.009766250092865494,0.005063055028177099,0.023779242979763325,0.019007943231320112,0.023602287531806886,0.022383078669952795,0.012362250815739152,0.009779432647547529,0.005669529319571228,0.0036597571043354817,0.008425480560830626,0.006276403799184574,0.017697840113345995,0.01550956719320431,-0.0037930512173192537,-0.004010106605162279,0.00522808821038075,0.004963243716763054,0.005032013873843792,0.004719036788249668,0.0067953201583623845,0.00648334068297967,0.007903944529931987,0.007627718174248854,0.0030304282054958117,0.00243778815481513,0.010320971794070806,0.010147117965487427,0.014858228486019314,0.015036404911919246,0.01142608111217819,0.011473475304023022,0.010845497139423742,0.010678571088154693
837,0.054086808809500966,0.05155951983199505,0.022089011797680018,0.016636001030868798,0.003602514301547872,-0.0009489570283803481,0.008077299186096759,0.0033321693581140565,0.025389481775543482,0.020539409763099776,0.027033550309358233,0.026065224710763384,0.012092201812738023,0.010255100917367492,-0.0004493675503611487,-0.002079127325306399,0.0020039184225826645,0.00016418963353919793,0.013912860529562716,0.012170043454136015,-0.002166416555459591,-0.0023451808851509956,0.00703922034479653,0.006802343909817897,0.005932508148208813,0.005613011543838192,0.0048953537062005285,0.004504977792535337,0.005915934853707027,0.005519289339869698,0.0034573294852161193,0.002457504247424425,0.007700580913074437,0.007333482207464931,0.010028729743500024,0.009534506525717456,0.00835866111582432,0.007788933896199836,0.009845844839755926,0.009375755492565998
838,0.05444482056472109,0.05222079048477327,0.025877147906147813,0.02061604323519873,0.013179018045078325,0.008671058857909756,0.01793536135770498,0.013316620602902432,0.032645014504867564,0.028058332524739927,0.027905564332567735,0.02705153630472426,0.016572842909177994,0.0146045450269051,0.008547992911538497,0.00684520426684172,0.011799140970563431,0.010006596413823728,0.02014409526739207,0.018416229117949285,-0.007771199606634911,-0.007663534174706488,0.008386900560748822,0.008686075194871763,0.002696684983551132,0.002874659125385202,0.004630550150849144,0.004941046202780483,0.00430170562608967,0.00474220502161217,0.0013960795264144163,0.0021212073071021436,0.01077512804872258,0.011082157952985108,0.006939877991684199,0.007996151520206985,0.008806763480313177,0.009880030383112531,0.009157179043875146,0.009919680894604942
839,0.05243188827521905,0.049718848331608376,0.028868775074212,0.023718932724955667,0.009561553439797251,0.004838020250553493,0.014067227394039195,0.009142329983506451,0.029991650889492127,0.025242285026802747,0.03284880148733989,0.0315375675681732,0.01505717276598188,0.012565961608319385,0.003463914888506236,0.0010412248753707601,0.006331142800114996,0.0037606718368708254,0.01540631050023063,0.012943529821642957,-0.0027154070730545836,-0.002860939076426888,0.012877906399075082,0.01286055144878249,0.0008133440490272961,0.0005870683017284212,0.0025687249594246275,0.002413021753891285,0.0031365541512759485,0.0029571145859741466,-0.001985757110650725,-0.0024568877006829145,0.014363780841059751,0.014344695859578985,0.001012946129230217,0.0009100341317532003,0.005295131803297515,0.005263533739623934,0.00786466071990633,0.007784671584258632
840,0.056559255258197993,0.053946846977052744,0.02025694475899632,0.01450114210498984,0.004960254688222135,0.0003289437048390563,0.008304372219353281,0.003609590363881098,0.024757510818531003,0.01987264848247484,0.02650870702320964,0.0255655479458007,0.006421641160734323,0.0043432825539029205,-0.00288946153269105,-0.00451834189764502,-0.0010720853283556694,-0.0028249747974303883,0.00897686365597006,0.0071762049422879155,-0.0046371154918678605,-0.004633133265556548,0.0054246223816925634,0.005523742891915014,0.0030367344473491756,0.0031837898438549805,0.001808489774350771,0.0019084367069293743,0.001843765718307214,0.001957778254642086,0.001060254796656735,0.0015149275349666347,0.0111420670259786,0.011284920294057713,0.005637718747192303,0.005890807958475621,0.007102113667231805,0.007476896987686296,0.006475391686156681,0.006717675544493354
841,0.056910898040838584,0.05354666037103767,0.030368298293415762,0.023662491754475785,0.014782128369882052,0.009037169683360699,0.018953197844022853,0.013076336207903569,0.030333907034807844,0.02426865976116597,0.0339078425889029,0.03245387632727387,0.01389814982775502,0.011013347238523976,0.004728946776399733,0.0021279420085924565,0.007855742565107807,0.005210491756830115,0.014374759322113604,0.011698951681589069,-0.010213809002580659,-0.010617389639282077,0.007252610378434202,0.006842010745409527,-0.0021093641117127184,-0.002941909376058844,-0.0009584261680473785,-0.00191510126416156,0.0007007148001523706,-0.0002605667993622391,0.0008447204528166342,0.0001766717704369276,0.008540546685328977,0.008230255110185472,0.0035523335820363093,0.0028499576869659383,0.005448252300222754,0.004782773659842336,0.008479768689021854,0.007901668984455424
842,0.05665901692366082,0.05442933268285671,0.022634130388464107,0.01809627062915788,0.006853848535243423,0.002864050854097792,0.010797484323793802,0.006555350239436783,0.028818458561024336,0.024889767871512612,0.033108698292842756,0.03206430981085875,0.010519056939686374,0.008445384708986932,0.002015848481943739,9.406521662533274e-06,0.004679394921747071,0.002569912286438885,0.014806524069575907,0.012860695461470121,-0.0037193811838655113,-0.003893536846501968,0.0076224000576163905,0.007596199181951817,0.001995944202905508,0.0018515089831855787,0.003998487117305284,0.0038451136073153814,0.0009913304501319472,0.0008188094779906683,0.0006702309512226792,-0.00020439861218292445,0.005716405546837883,0.005423943762656274,0.00740010522703057,0.00712621081821233,0.005658725372731053,0.005193688335376824,0.004411099717377422,0.004021114494404346
843,0.04448223798436616,0.042477018847359126,0.020140857907839173,0.015865174265880133,0.004367516128382892,0.0008054053607384598,0.007685278596340861,0.003939350254827561,0.02259685068827542,0.0187046763079525,0.020394704313702612,0.01961568806493316,0.011122533672875651,0.00979115893782485,2.217224220202052e-05,-0.0012526918230264248,0.0024204442813002495,0.0009794172733347565,0.010343818901715287,0.008790922095920934,-0.0018158883919775683,-0.0022836410598256066,0.0059674328674839665,0.005245809800089852,0.00443707976998093,0.0033711673364205997,0.006850196873484463,0.005714595564861555,0.0059868446693145515,0.0047397577477918005,0.005101632093280191,0.002696433431927281,0.008352775048622805,0.007487808010293128,0.007478041126356294,0.005585894858356781,0.0082128093719334,0.006467561394857739,0.007719844795278619,0.006369420474664172
844,0.053501421498766896,0.05029462308980496,0.020470149705890815,0.014318618879205425,0.005698413418814419,0.0005195982939350423,0.0091930286392438,0.004010440689662906,0.020711091534889155,0.015325746095353966,0.0324995918605256,0.0306203372916451,0.01608584471966442,0.012708573194134511,0.006321181650749952,0.0033835944907349416,0.0078013151763583425,0.004769350464922604,0.015328697336561012,0.012190282140216023,-0.005822452482386817,-0.0061706106491121945,0.010927420590124491,0.010598962400931203,0.003666872799970854,0.0032281932127046914,0.003230927794318646,0.0027562075406626025,0.0057819467089912,0.005194706329949955,0.004958309767517225,0.0015257465622977627,0.013477042797696162,0.012470347938189387,0.011839994280968434,0.009803318695272378,0.008176670466413826,0.005870832665022405,0.009665018620964926,0.00772437191878513
845,0.04081046985220234,0.03799218670163697,0.020707069668352306,0.014807853983328914,0.011867245169289895,0.006763120206842628,0.01302646938137536,0.007796414272672124,0.028842326973635212,0.023848661349647242,0.018783323902333227,0.017729025645119932,0.008773238728306232,0.006797658813900084,0.0038255339692486365,0.002033454187855923,0.004564273261992135,0.002622427976534112,0.013775938080870418,0.012035347407657918,0.0007653367032916049,0.0005262831940084421,0.0062704610489818,0.00578450541779974,0.002139048264857318,0.0013371393376209349,0.004215703690954869,0.003439430695755472,0.0007116058436488305,-0.00017602472408039362,0.004165202966585899,0.00310634265523023,0.0058198652358514924,0.0053103835055707555,0.003589480736910284,0.002693416857514513,0.007702837008719364,0.0067950644537340624,0.005540943264478302,0.0047908824612874785
846,0.06277610052202834,0.06071316882977521,0.023149544465523794,0.01821252955997033,0.011588118450506014,0.007109373019646752,0.016374669621966383,0.01184517418310796,0.02871809469807803,0.024412967836593743,0.03223258043518665,0.03137092941844413,0.014544273106587338,0.012679155867091127,0.005890444421958668,0.004103825963929877,0.009457076816538425,0.007597865271927176,0.01697662788246206,0.01529893650381261,-0.0036747580990442305,-0.003784965585716471,0.012699344331553833,0.012613777074329096,0.010638225604458403,0.010587498677160505,0.00939746802373151,0.009392360800728488,0.006234121606014024,0.006143716226899289,0.005462177540348174,0.004808037725444807,0.01320336276610098,0.012860281618994596,0.012269851979841312,0.011671315424679998,0.013149511914214826,0.012700569413848025,0.010646785206120574,0.010169920140900188
847,0.05848946750649586,0.05639113344058773,0.01941474187452822,0.014792114116917318,0.007271757671356881,0.0034056886888403776,0.01137702136078295,0.007236147852475595,0.024714953490756496,0.02063630774046544,0.03268438254472901,0.031982679710994805,0.010666256018720326,0.009254575946796448,0.003240183729883081,0.0018957284779937647,0.005551481858843572,0.004018543668506276,0.013430929530641492,0.012080234422362132,-0.0008548877314772533,-0.001301652714304722,0.007531718352461117,0.006860574174453934,0.0027973985730989155,0.0016609251122559963,0.003540097862193782,0.0022994810752848616,0.004163282268911076,0.002897847252264765,0.0062654014170661475,0.003777820237084715,0.005145916633129714,0.004296371880272405,0.007018255430359531,0.005319138465755462,0.008097940967955275,0.006410264761450431,0.006065688919983754,0.0047220612493241556
848,0.0518370235978457,0.04894283188765059,0.026089115479932222,0.02059459117057861,0.007881194265019709,0.00287861085003759,0.011435603840214133,0.00635777358920266,0.02813016593495306,0.023408783974541388,0.02801556870523054,0.02691192906533854,0.016534749122790997,0.014558578193020122,0.0031559144811018117,0.0011851756831273209,0.005589666978970914,0.003531842086204663,0.015566588105226273,0.013735814136785717,-0.0022579242355424737,-0.0023362892125140403,0.007789023098474147,0.007775891406598323,0.004439887049506085,0.004295759647826244,0.004369060137018568,0.004245806589714077,0.00521533397218609,0.005112092814488757,0.004137259024250545,0.004896432344526914,0.010022980366180436,0.010183603494170617,0.006870912329971132,0.007408596174275739,0.007929819368856894,0.00845144773910611,0.010546501968948857,0.010908758576481659
849,0.042048805371232637,0.038641633466866575,0.018447066506298373,0.012352797078508273,0.0049601877560739496,-0.0003190829789730662,0.008981556737319096,0.0034867414384657748,0.021301107197750028,0.01605621959705136,0.02966671775074057,0.02838742169877409,0.011400890597085715,0.009135516548050525,0.0009580067278173495,-0.0012270440214288056,0.00491558299992675,0.0026025477410526895,0.01186193419912849,0.009903817792756337,-0.008633099345806382,-0.008767782658480185,0.0008360956440679487,0.0006935062278279955,-0.000847900244348229,-0.001085647031478204,0.0010822265334717918,0.0010072239707301157,8.191476115498942e-05,-5.501840551364765e-05,0.006083123710704083,0.005836960178209045,0.00779111461147086,0.007459412313090277,0.006343810870387927,0.006014663305510799,0.0051655679205604155,0.004539173219660101,0.007027432706467403,0.006562851506217873
850,0.054367532651204954,0.050351054694383654,0.030258730088026098,0.02260468747831746,0.015581551771557659,0.008541262178777025,0.019002717814645853,0.011955384814315342,0.03383270662410449,0.027101662920669383,0.029296960920443916,0.02758660087525768,0.019863956246137654,0.016971073738231333,0.00845556824565292,0.005552225239966502,0.01068365812982917,0.0077156936268124475,0.019989719156451348,0.017308172484749397,0.00492804614853406,0.004478185165543262,0.001942594720973447,0.0013374472564028827,0.0039386594485468635,0.0029835474755926066,0.0029383556655943805,0.001839412340897802,0.005230924035689297,0.004206236129077327,0.00880988961942314,0.0077129431136820055,0.005539635890399801,0.004935206175971087,0.00566212554080559,0.0044003047218352355,0.003789518507934065,0.0021905275807168243,0.005709927851146286,0.004684575288211465
851,0.051024652014403024,0.049894234797276796,0.018143064140692635,0.015574017343704888,0.0036811193487048368,0.0013403002085552594,0.00824461575155925,0.005702970208552213,0.022014336552154734,0.01967536153038133,0.0337996714862481,0.03365192050139551,0.011747223930417073,0.011501007770647342,0.003439015906437225,0.0030293057832752896,0.006984765187036009,0.0064086062901939425,0.015677397110251047,0.015347572284135674,-0.0038443551063256664,-0.003737376529187797,0.0027948109274462105,0.003078484211824003,0.0035488332465474235,0.004042208723535998,0.004053433322797937,0.00461725819485557,8.75986660577155e-05,0.00047069557954624344,0.003387736978228395,0.003347025483013969,0.007748456290783317,0.007733536258661991,0.004762571519576733,0.004702005351572286,0.00462118402685292,0.004567627649908172,0.005807892369213059,0.005795488093216317
852,0.06213428116232043,0.0589338815333702,0.030203174218421856,0.0240922401109299,0.015087227045436757,0.010017167234606165,0.019164712622853255,0.013916005931963932,0.033445958903285264,0.028176272416822412,0.030554821150091054,0.028828921392919437,0.018196241861540553,0.01518725580953632,0.007566291831419011,0.004948283163819203,0.009733765651500444,0.006926260867416293,0.018890914486255933,0.01613393713467621,-0.0005445332756795049,-0.0008920050620078793,0.014571979934909229,0.014123302071347234,0.006108953827705706,0.005520865178183243,0.006820582769147822,0.006205236656139943,0.004280722655406321,0.0035140544730483574,0.0022208827150041726,0.0013200436007769624,0.011376743294239534,0.010977280239478495,0.007657203799405864,0.007069307381515001,0.01188269664678531,0.011239301555495433,0.01048228200186891,0.009842943989750838
853,0.0632517121129492,0.060235956281390404,0.026940055432811073,0.020999703531836285,0.014071094338782786,0.00895987833731072,0.017554480392295655,0.012310400391234507,0.032410578624399486,0.027210209463088452,0.03911690888475476,0.03815148710332268,0.01250403475904945,0.010297650512653803,0.0076318726883824305,0.005639405025226757,0.009251210791163008,0.007083416702589102,0.017063958225907012,0.015103143477995653,-0.005260172301643254,-0.0052039462271140135,0.008003243620745027,0.008217353414394652,0.0030534651971479672,0.003295038001905847,0.0036246723799862888,0.0038901571673970016,0.005348618146978574,0.005718930925032456,0.00013069116398810933,-0.0005134440734281695,0.0017848623875661347,0.0016631471086897085,0.003912329934307193,0.003875360985962786,0.0008570189511565681,0.0005234343426791007,0.005208994306238166,0.005236820911365032
854,0.04738809418359065,0.04495396026243141,0.01954662336930665,0.014662567506174529,0.0071508068410838024,0.003041268022028229,0.009507196836156903,0.005154364294875287,0.024823984134422765,0.020609351809008712,0.030914687454724844,0.029795611576833497,0.013464854881965718,0.011318171416567106,0.006008244715427224,0.004125461589633788,0.008190742329044128,0.006127814354461916,0.018028726485522114,0.016139564149211007,-0.0019980552441408407,-0.0020952357625595745,0.009420560753503922,0.009449685484799995,0.004730645139585881,0.004727779697776254,0.004677006141106432,0.004705991805125401,0.007501463469315512,0.007615919377166207,0.00261461408747176,0.0017500224724014408,0.0088198687259496,0.008560881757988192,0.008147723857111178,0.007618268494393457,0.009439577841425469,0.009048121643704153,0.010286808216942524,0.009973400660824906
855,0.04796643442233507,0.045359223156200876,0.022018771685472154,0.01663235033942518,0.010128995589559075,0.00529157026549621,0.013034518102568827,0.008065578707439418,0.026232180308096743,0.021385782826470634,0.021911585270161814,0.02080546343995724,0.006373868063717071,0.004083880144100112,-0.0008950139462721232,-0.0030900969959958948,0.0004608142614231575,-0.0018273567974607546,0.009348705046613849,0.007131081480194118,0.0006335744307181658,0.00040524494805973204,0.008687347364244685,0.008497410933928709,0.009208265547942834,0.008907072279245604,0.00963131833569663,0.009349987953605608,0.007004630654299321,0.006752435009299562,0.005192093471917916,0.004689515262196471,0.005204515751476537,0.004966479097067425,0.0070141916236723945,0.006652810852232507,0.011322417756499158,0.01119397264882765,0.008290388194775612,0.007970903324255835
856,0.07057879283932325,0.06852710131258581,0.0261200163870073,0.021311886718100432,0.009462608498853237,0.005115168634665717,0.014232834833934348,0.00985139536774693,0.027509837008579646,0.023140360755023244,0.037775909114107505,0.03683793239344862,0.015862081666875152,0.013750660469489171,0.004165878399504546,0.0021507307760502722,0.00728877250057402,0.005203773889166073,0.016324352525504314,0.014273175334951333,-0.0035133469307482993,-0.0037148530470354968,0.0036856193146009193,0.003496616343850934,0.0002786963284773784,-0.00018722683162877222,0.002555157894325529,0.0021477392809043316,0.002829368799177192,0.0024171633881998576,0.001788127730946385,0.0006624614138582775,0.006817416067565101,0.006393050319132479,0.003403671955052356,0.0024385420358699625,0.002521638597225371,0.0014145531391220826,0.004980201639295051,0.004198999629987909
857,0.05291046497405686,0.05141727893112067,0.022818470839880485,0.019673399465091893,0.00458080684343984,0.0013503708889970483,0.00877043134274215,0.005442276306195301,0.025104018811795425,0.02208472414667289,0.026101196585472535,0.02589678437000506,0.00982424320991548,0.009549835295374978,9.082639539005194e-05,-0.00041382896988074753,0.002948369318633426,0.0022999196437212877,0.012392917270146532,0.011987861073272838,-0.0028702065767793237,-0.00274856336645873,0.005495326079839921,0.005765301910814565,0.005417187295625556,0.005978887601311468,0.005344918863775811,0.005937406703094235,0.009462853592028956,0.010271654145175724,0.008278733483359262,0.00822942716136503,0.007859077563784908,0.007663402935928411,0.013789130372448269,0.014293132715456403,0.009334486997092956,0.009436655782729746,0.013374423307710968,0.013546262462123742
858,0.04828357029737202,0.04670735710790632,0.013425001605153891,0.009585829983204123,-0.0013723938482561177,-0.00477581463019888,0.0013311235169798622,-0.0021543414386315267,0.017254495079173728,0.01376494731786732,0.026835942204958906,0.025900733315706238,0.0048420803306782655,0.0024221189723994006,-0.004554495426504714,-0.00669557205398587,-0.0028604538171103284,-0.005023441218104699,0.006995964967224912,0.004823668285096784,-0.004165581117035188,-0.004169600229087607,0.007907807466804445,0.008011066148469078,0.0038411327723530684,0.003950060542711234,0.0022536836158234892,0.0023276382880086516,0.001375538796996186,0.0014526164833740707,0.004590853018979248,0.003930085249226285,0.00803494506917272,0.00782151600778642,0.007390557277320029,0.0071006346698501395,0.0070107851834616385,0.0066005030775451515,0.005662833243187712,0.005217330926766886
859,0.05536511869037323,0.053022149855676014,0.01988001080273617,0.01537405280756023,0.007341672781048689,0.003716910526645293,0.010622935020349403,0.006796785929774686,0.023425281681897836,0.01963251333016543,0.02653665330211464,0.025016384289231412,0.009693205579831424,0.006829000630036242,-0.00041621611372038805,-0.0028004188719163905,0.001496946810635761,-0.0010272060782713743,0.010539793126512344,0.008064852851810862,-0.0069003161378904596,-0.007131468795116882,0.007899214169290129,0.007710140412632981,0.0010204166292615622,0.0006061629459604226,0.0007718176675469455,0.0004107134728470343,-3.1532533337712883e-05,-0.00037552560502571495,-0.0016660818412482172,-0.0021493641768392364,0.012638439094337196,0.012661379254861457,0.011247823513359321,0.011531016521886149,0.006229430423919138,0.006263749428038516,0.009209542645479171,0.009323971487015794
860,0.04262942912851175,0.03977793019546878,0.018227316097966715,0.012996107000213928,0.0028463713616510367,-0.0018980230198445177,0.006138573133251182,0.0011968888953247487,0.019574712487642597,0.014686354035827454,0.021152787672210984,0.020190040679464945,0.00724796971203326,0.005599064574658223,-0.002019908961303687,-0.0035704805857403378,-4.658431737864215e-05,-0.0017686218754927954,0.008676104854811257,0.0070796366990636544,-0.003176854106689666,-0.003234003981471607,0.009194806582723241,0.00934126834236965,-0.000540881644810447,-0.0004930796491592481,0.0008439843174684221,0.0010047792122090259,0.000712645644863742,0.0008397300283938105,0.0035602905087004735,0.00362946181579379,0.008880845202238214,0.008921108793509271,0.0013745015300377313,0.0013595883464804885,0.006317630115908077,0.0064744143675391705,0.006449701616528611,0.006477956270582823
861,0.05872462523133517,0.05441853991381483,0.02991456455672915,0.02174695836329411,0.015783970721267606,0.008912533563408312,0.021265530687608645,0.014323764075195543,0.03577810041121394,0.028575613345305555,0.031202653757859817,0.028969469230769797,0.01489909836734297,0.010750415795313934,0.008575910638065228,0.005114494662294937,0.011511693332301206,0.00794216713309441,0.019847188163420806,0.01614233864124178,-0.004079112640763792,-0.004294304765314657,0.00899187773785371,0.008876038293565649,0.004561042404193891,0.004352909231558474,0.0020439351556459304,0.0016984457584109877,0.004247884065078844,0.0039388106958722895,0.007245923600911477,0.005365315064445853,0.011560064058829561,0.010972757068350922,0.01104274092301697,0.009685214983035326,0.009227926931746228,0.007903167265910184,0.012158570141833426,0.01112845349378368
862,0.04863386183998247,0.04578346180543828,0.021728869809115495,0.015392918737266531,0.009273720704891877,0.0039006662331171763,0.011182250374874256,0.00549454340675809,0.02682911856222254,0.02122180948181505,0.025749757576346805,0.023851117064288177,0.011358207130554947,0.007301048844855369,0.00386105018979034,0.0003262684725845652,0.005232177662437178,0.001516370078586317,0.015322528862431956,0.011585185425871936,0.0003919536549899811,-0.0003362900974615067,0.012743276530445071,0.011756614554829653,0.0131757934260965,0.011599728278078963,0.011613399737977044,0.009774687634697774,0.012952175440090063,0.011198955082115153,0.006216370223921908,0.0022619747797124703,0.013324044113008294,0.01183242902233719,0.018213596968930837,0.015051629004279027,0.013958244880958565,0.010877573593115836,0.016840607432023747,0.014263181048149729
863,0.06476909229038572,0.06323470687131774,0.023106376894529556,0.01926688731051277,0.008551810105926918,0.005197786070883755,0.013617184335324209,0.01025633929325725,0.027794909107486526,0.02462180826180938,0.04128709857569492,0.04058242011763445,0.016050255454023978,0.014257478069773238,0.0049432408864654625,0.003265292992818901,0.008631036047301322,0.006939583168775657,0.01784680544346508,0.016282484910836604,-0.005130102562674857,-0.005432908196998845,0.006292261123367694,0.00578551782758757,0.0011171390363707194,0.0002714290184412739,0.0023916538182101594,0.001456478071734163,0.004790776142042432,0.0038191380918654594,0.005628769458281384,0.0039181708451155,0.009385573590377729,0.008633375478304613,0.008649440903382186,0.007047568281103651,0.006809531374801149,0.005182225299079817,0.009975385516219213,0.008743322449962935
864,0.04863199097041483,0.04578407289325793,0.025054402754368033,0.019411777093620835,0.011483885815378386,0.0067247751488357195,0.012775659016272714,0.007827702679617366,0.02548542006114533,0.020421347304791594,0.028339759250321544,0.026994332158789887,0.014378658614308978,0.011803077366776531,0.005235516728955484,0.002973179508682739,0.007040178248671651,0.004683742007986564,0.014033560727598367,0.011619058984541825,-0.004097594614954189,-0.004413669367661667,0.007791568847084732,0.007491650036006071,0.00301450267580926,0.002383538094100195,0.003502633616085824,0.0026783389686077064,0.0024398700136425214,0.0016266620322148266,0.0023708762302483543,0.0007922514294466207,0.005793721073661285,0.005293771562794396,0.006693376965301439,0.0054506116966261,0.005437269689761789,0.004381186670031429,0.005159618202992945,0.0041569860909197055
865,0.05735121746575557,0.05418279470092986,0.026833301449296798,0.020036420914103868,0.015121039231926281,0.009398378565955953,0.018831141806201483,0.012967803885338688,0.033005839701133535,0.02736268464784296,0.034788320994109154,0.032948034454872134,0.016899310430731822,0.013232050483650708,0.007726026296112241,0.004577255065578899,0.01014599257736856,0.006858585263059535,0.019454909497209984,0.01627742301942702,0.001299487145345695,0.0011794854215930318,0.014673027734066835,0.01468499474284167,0.011896406992564038,0.011898334349296078,0.01166405761119449,0.011702937362592456,0.008644189891871405,0.008690369865385253,0.0027823803988569723,0.0006378381079758153,0.012593998309464388,0.012047385115479729,0.010774908590462878,0.009808586703996714,0.011872204132214485,0.010861152377384078,0.01209736979563597,0.011277564466836849
866,0.052813290573914706,0.049170379247608906,0.023382999780775307,0.016426644545309767,0.011836349797598535,0.006062965555559006,0.014556195539687577,0.008818025474632799,0.027071974602316605,0.021058621009741204,0.0287787138000611,0.0269836441781209,0.013689062613349456,0.010483254303164848,0.005845427152411384,0.0031200776794769553,0.007459267866721764,0.004643770168482289,0.015417628174757027,0.012553213438381821,0.006027199568366645,0.005679048746905127,0.011494946360303708,0.011185267612060134,0.007923523220312059,0.007295811083897189,0.007427481430293885,0.006803111372970098,0.00846610702548908,0.007787691864015624,0.0010359916725181995,-0.00029102358419830405,0.012627488877675888,0.01217438213652015,0.013286152329417215,0.012634867590816659,0.011039279983127214,0.010197082129399442,0.014373311820015134,0.013753307190890079
867,0.05475615010703598,0.050961569742543324,0.027766662292258566,0.020333488791981928,0.011720719199806188,0.005079536159469327,0.015677843040332037,0.0089091177519348,0.03124127752565648,0.02477061378960115,0.03293141979880633,0.030862195782465286,0.014398117664575003,0.010488421398650902,0.004042033152484933,0.0004073846801756092,0.006915438048857093,0.0032335954270358595,0.015804578017855293,0.012374833821291339,-0.006237771955953144,-0.006449389213408907,0.012217617476566267,0.012090871815183252,0.006120836233660046,0.005885812063861253,0.004389093044790684,0.004150302640932687,0.0044498672295837025,0.004268535989009589,0.003007776768446278,0.0016152651063329015,0.011542097871449664,0.010929133492443253,0.007873470305453257,0.006653907745549114,0.00952414553617771,0.008328817815406939,0.009762843361503527,0.008859822625712471
868,0.059937366411381664,0.05823174909055314,0.025066280454312122,0.021200761069640146,0.010799178822814212,0.0073102824589121925,0.01501357105327831,0.011575186491089972,0.029857595386335645,0.02647910577173815,0.030306975026413985,0.030016949338398786,0.013603095445208787,0.012886565737767253,0.003961628183035491,0.003210539154171017,0.006019501911421812,0.005178520740753386,0.014926079064208755,0.014196235185722227,-0.008053972876560329,-0.008163938783017508,0.006217976597060526,0.006228320937016605,0.0032740014271263095,0.003199187921742244,0.00383460488938842,0.003750662965674937,0.003514847708444728,0.0035028400612084343,-0.00171623564295,-0.0020774623570183224,0.013454488330290481,0.013522501224988936,0.012143179366778351,0.012800113520715242,0.007151489981882998,0.007468467668584241,0.009491770522579828,0.009724161757218299
869,0.04638386529342483,0.04283437550852735,0.020840290091219533,0.014520913027327548,0.00798417734842669,0.0026199272159951694,0.011311848466326754,0.005780845826449046,0.022693985078282436,0.017057097087349635,0.021918588190205007,0.021158151729547478,0.011109237737472502,0.009755838039881453,0.0017235356535188994,0.0004327473829720394,0.0036288615672957617,0.0021889232883529845,0.011145353376019507,0.009788764294674138,-0.008694269407645182,-0.009176943171123489,0.013479325013061552,0.01309733990933588,0.005457787788415656,0.00461159112377727,0.007165214394963424,0.006391554283915681,0.00620878618491544,0.005493930917700408,-0.0018226559891990485,-0.0024941782426339833,0.00987336284968232,0.009613156471798782,0.006616944670622465,0.006132836700135856,0.0073076295339436475,0.006784548147735476,0.0075712196665593,0.0071794477091168835
870,0.05123562410778446,0.04942699046991009,0.01863659682284742,0.014633005984880178,0.008321749168324854,0.004791853098793777,0.01062705250866322,0.006920329019358726,0.021824655836153086,0.018354368547235763,0.02949756224255936,0.02910670477196748,0.013689256791429372,0.012815160445188444,0.007266210375783978,0.0062505064484469006,0.008535405100514046,0.007325022912313145,0.01604981920664726,0.015165756615906889,-0.002843992311294383,-0.002864558185309154,0.005060445911919249,0.005130010986779887,0.00141992297304156,0.0014211387193039978,0.0008270268378694542,0.0009352044772328701,6.192243679987979e-05,0.00020756156697915025,0.0037678829183235398,0.0030266916171294814,0.004879040574215948,0.004596404345504667,0.005023436640495767,0.004599547017652784,0.0030760506443380615,0.00254158127316841,0.004208826512184416,0.003708150450117455
871,0.04777701976134521,0.045853674930241076,0.014536204759554935,0.01018921318081544,0.004169335230556875,0.0004727250776909054,0.005793607215247883,0.001987722247575318,0.01662035842591509,0.012738370335131307,0.02516577960225431,0.024377887328560395,0.00453100122091486,0.002553744891468529,-0.0031625414921014165,-0.00486819245409523,-0.001873417340927675,-0.0036695034841075676,0.004567756377705188,0.0027571630567921066,-0.002830332015457632,-0.002912432463470922,0.010966252531978412,0.010902637477627276,0.0017706246767751506,0.0014517832444739718,0.001880607031051237,0.0015369277104475925,0.0039238041531811695,0.003697785036917655,0.0001573909999607838,-0.0008161596529061664,0.011295799353007027,0.011056235961167594,0.005451906092252515,0.004836646272761262,0.005287372841036008,0.004681014603049259,0.0066723658711357,0.006265114207293987
872,0.06159045687812488,0.05781030907143413,0.028838468426075133,0.02148819603897779,0.01523060189566763,0.009165495558958809,0.018597163944775737,0.012271498460994172,0.03139151563378233,0.02495723944060539,0.037103656332001765,0.03557458115852906,0.015265411841713733,0.012392186138331799,0.00624132192297999,0.0036728690820062903,0.008553774282476277,0.005825555142750677,0.015949758412554603,0.013150298558555377,-0.0023518557011631787,-0.003607543443675469,0.010508316806534797,0.009173558500516404,0.007383809316461823,0.005124053600750515,0.009001685089527192,0.006353675453040729,0.007801292452171813,0.005023400785573915,0.005456866441995754,0.0018059170156881645,0.011247529867023395,0.010022619144441866,0.010786693007517011,0.007939585959156042,0.015177074454124705,0.012428379327015193,0.013784596686673353,0.011475642441197044
873,0.04427634145449893,0.042550552632133636,0.01695936610505606,0.013300777440296192,0.0022138927285989497,-0.0010969813671835485,0.005150766040726044,0.0016676550562168247,0.019072911834918164,0.015747330758676174,0.026699166550716396,0.02604296395416831,0.010261558004508129,0.008881420607393982,0.0019869796796795547,0.0008253082753100421,0.003635794673850812,0.0023082237376095827,0.012489925145018574,0.011289369038531108,-0.000758911833553152,-0.0009152353633724589,0.014126654765341095,0.014008853162496667,0.006488889661217964,0.006198750310320848,0.006163916890290959,0.005818604158338079,0.00922650468931054,0.009032425306248716,0.007943846707036408,0.00877987782545942,0.012772123665629747,0.013015611906940974,0.012157648212929016,0.012923878080979712,0.011057992684033405,0.011905952824196724,0.011136366983948431,0.011675131761577208
874,0.06525096410001086,0.061416403004005936,0.02886990133930794,0.021108092342284265,0.013954018182242078,0.007214346006651301,0.018836975982705888,0.011983658316758591,0.03894910157360143,0.03231367235721617,0.03851561372758475,0.036217054513697874,0.015117142813983294,0.010243914098735851,0.006332310276315705,0.0020859896871093125,0.008878017624042436,0.004584070306467758,0.02068632112210448,0.01645383518637174,-0.00588448929160668,-0.006415247273377847,0.005181064365564961,0.0046025540131372274,0.0026480916520999305,0.0016983106673406603,0.0034086612226613975,0.0024330307589034796,0.005906461321867202,0.0048702317065983415,0.004034379851402669,0.001948918392497459,0.00463197384767435,0.0038603791484940024,0.007173217538740803,0.005595245494991728,0.007325303063134862,0.005668884788233905,0.006409581415758559,0.005034498926823893
875,0.05336603963825885,0.05155112697432902,0.0184666044956445,0.014083098479270303,0.003599884912803309,-0.0002563293219011366,0.0074501122486414825,0.0035759059180902816,0.02267190999886085,0.01914891746851103,0.030993246869006306,0.030403880825321312,0.010918322989680648,0.009410266136831984,0.0014851545880524264,6.937710548555925e-05,0.004303355510128776,0.002831602449627937,0.01446134667902746,0.013274696771910413,-0.007217231889407566,-0.007641532561423236,0.011606593377106865,0.011114177791939916,0.006109872118796945,0.005236139376380891,0.007745839994560008,0.006819806555624816,0.005376473438612084,0.004421459378422938,0.001874204055347372,-0.0004776153406869974,0.009317150214355785,0.008594990247218059,0.009866833118860777,0.008272030235461277,0.0110004132907723,0.009553716361362439,0.009722900478259524,0.00847723608711921
876,0.058929509342173246,0.0572692062881214,0.02583556976465958,0.022438644092376822,0.00873350385146814,0.0057616895444699764,0.011643057994500805,0.008557697819439106,0.02624942402396676,0.02306898648130134,0.03027319716707706,0.029873900853274758,0.011451598179326786,0.010700496839188996,0.002082525436032258,0.0013240045644383083,0.0030275943502374994,0.0021549187876905053,0.01170117208210747,0.010878660551721887,-0.00443207576953734,-0.004358200030934141,0.0019431277842384069,0.002086323130433775,0.0016435459471475732,0.0018337639155265582,0.001911013410226653,0.0022005202632633695,0.0012144307623350617,0.0015069164863879933,0.002028565156287903,0.002173847433656241,0.005165188314577073,0.00521407033818916,0.005581507371792184,0.005851508947075582,0.003541546429524439,0.0038085466556570615,0.005631854404414307,0.005835030077064721
877,0.061084033466888524,0.05824555113247507,0.03267993767750703,0.027161222071360246,0.016529722326427677,0.011484955344236863,0.018761471435126874,0.013462429895415583,0.035740676544791496,0.03079500130570718,0.03469637635672129,0.03353919070853637,0.0171254023638376,0.01481902170678053,0.005198088462038722,0.002982759686943365,0.007353860620442199,0.004940143022498809,0.017344687835853488,0.015114195720927226,-0.004825052983975626,-0.004973967573495654,0.007606552447851652,0.00749595315002617,0.0009093489824854087,0.0005666030058786794,0.0017711732228432807,0.0014552519879634698,0.0018820835201496695,0.001620806533190073,-9.695902609926303e-05,-4.638441730618716e-05,0.011941754439864428,0.011927070179939376,0.002355812654752214,0.002361227845831098,0.003943443926784709,0.003908746981847124,0.007709393672073935,0.007669291896520845
878,0.041485622969289364,0.03968774961707502,0.02220240469512088,0.018366588927222254,0.007027937262223137,0.0035745186598804615,0.009917969082506866,0.006397473896082802,0.022683441397441665,0.019262591714036714,0.021795530771719848,0.02168004720006232,0.009568238815810653,0.0091861078090844,0.0009523734081475757,0.0004958355567150081,0.0025318539827635274,0.0019338541006928272,0.010551801554116351,0.01024602181979652,-0.0048201425341102225,-0.004930456421203289,0.00832746949778325,0.008275462840568956,0.002662611893710711,0.002533023353590375,0.004436788034483512,0.0043672079893593025,0.002564106718401884,0.0024721795707116135,0.00038586806929321915,0.0005388060588507538,0.012525191850049766,0.012559387076327658,0.006043824748332286,0.006445402740437177,0.006746388555900043,0.007004561766351817,0.00658526771725378,0.006704622492359136
879,0.04783947473154968,0.04641625208059165,0.014690671834292212,0.01116168498963262,0.00011731567828596431,-0.0034603567399622095,0.003983849395534843,0.00037463141463463956,0.01817932269961812,0.015028523236866754,0.02604686636965183,0.025491235356639323,0.006163239847657848,0.004484017219811837,-0.0034486845626786563,-0.005125471840478913,-0.0008455563109457246,-0.0025664679631568284,0.007389735080455047,0.005873605684930481,0.002354377627501138,0.002749719452835745,0.01072403895166769,0.011510288653234767,0.006361397714150558,0.0074469805068680716,0.004427757906215986,0.005697344731704198,0.006245827081032511,0.007697659406510635,0.00616149917999133,0.0071865783747559146,0.009551510920432077,0.009864460365323426,0.008861515754797497,0.010117010970697502,0.006442565127564359,0.0072677274501862415,0.009378451557069786,0.010041445906860767
880,0.038776633927032886,0.03680939501513346,0.014609805334703668,0.010088931048148857,0.004461478251689575,0.00035658528710457793,0.0057009808646485555,0.0015122627089440978,0.019800444011733864,0.015769631779536764,0.0157150994398008,0.014792739548918906,0.003239531731742349,0.0011061704432318272,-0.0012095504714258777,-0.003183102014972847,-0.00046443546870502154,-0.0024644304271817198,0.007548644055166948,0.005608024472880439,-0.0027333694365688373,-0.0028301835878747792,0.005711027905679627,0.005690122378825595,-5.843226319140892e-05,-0.0002855129067288917,0.0015171061000632954,0.0013864213321003597,0.0014804104543234193,0.0013226292065634559,0.0033611020010115658,0.003433939906335515,0.00796222695029522,0.008008557088950742,0.002407137845682532,0.0023226625186855724,0.003983897196795299,0.004026344343112174,0.006635237032187977,0.006761574285072497
881,0.03306194601764143,0.03021496209326262,0.016770374443206244,0.011516270146612422,0.005023013836556724,0.0004149649975319234,0.006337609626798338,0.001524893582637445,0.017458919323761504,0.012593979675503903,0.020531893697734588,0.019677890534270236,0.011899194137817568,0.010410424510864841,0.0033946154297079673,0.0019142713933467247,0.004701659245642088,0.0031175092294034364,0.011813589245405678,0.010293396711470431,-0.0004660518391034994,-0.0007045598907292107,0.009795660884343204,0.009625101414717795,0.0041895332212750205,0.0039055846234212098,0.005535349631801302,0.005269982157782152,0.005126092918903727,0.004823888825856996,0.0024719785133315597,0.0011853180515261222,0.011283672474985847,0.010976300563109982,0.007328028144453863,0.006677295528707957,0.004757757416858803,0.003981603994754533,0.0065350553042190064,0.0059694304465278385
882,0.04747277788515626,0.044355697772461025,0.018353345449617774,0.012763262637911674,0.003004790342509666,-0.0021415579061044012,0.004752938339032844,-0.0004904714764062448,0.02260209103453942,0.017547028483663137,0.023812749813493583,0.021386137929420103,0.012274170835739432,0.00841166393327883,0.0025548367105462494,-0.001054295608517791,0.0030055499536862157,-0.0006362621469834097,0.013940041047352868,0.010352010604080118,0.000967931272330784,0.0005217541215767755,0.004878642634493179,0.004513138892024095,0.0049554660586588195,0.004261843220732624,0.0055060096059179105,0.004835181379785601,0.005827721328113984,0.005127598872481184,0.006796425204586756,0.005210450292164972,0.00885587296925992,0.00828856492708457,0.010819355431284889,0.009765965696203067,0.007268481857275648,0.006137510984258802,0.009800681897748447,0.00883711318131697
883,0.05891631992646264,0.055339198819226866,0.025644789258497225,0.018917351112211492,0.007293562993930173,0.0015645693128555442,0.012174830397469536,0.006140405842199004,0.03257073777303757,0.02678240079153746,0.033143035842600324,0.03145026022293407,0.01228674940942399,0.009247173724883472,0.0008994412794061839,-0.0017931125108140446,0.0037294109964698765,0.0007985630513026813,0.015844763815427803,0.013125306930373537,-0.004111365399632,-0.004221517784218582,0.0036687143926602897,0.003603727578967175,0.0012836030412668037,0.0010678855481228943,0.0004969135574566452,0.00033841313398537263,0.0004301117708506534,0.00024027942084477736,0.0070296791706493415,0.006707689723925457,0.005542341565416333,0.005346731275615633,0.00889933590654667,0.00858294350248927,0.007706715846055684,0.007401776295707385,0.007251458146762604,0.007102230940361556
884,0.07141646857547114,0.06897487050483231,0.03894347841620468,0.03408986002814758,0.02489533712178008,0.0203909795320786,0.02805049063024607,0.02335064472411182,0.045310844132361125,0.04118290726631913,0.03966242215897296,0.0384598368027152,0.02107922762729147,0.01887076863176674,0.012296829858258165,0.010153111629630722,0.014558709166623222,0.012294632276400172,0.02360449704480697,0.021575473211143427,-0.004338092738477735,-0.004711780998099265,0.01553837375553765,0.01523748913192188,0.009622780280817707,0.008863998747735996,0.010294608791299006,0.009606396081720443,0.012341556363805201,0.011810521772476695,0.001930154035743092,-0.0010930364509543693,0.011947295687724188,0.010964993044964103,0.011071211691203273,0.009054701190859039,0.009957948297768323,0.00792385205101516,0.011308807375870693,0.009642972898723517
885,0.06551129314873452,0.06433063670666082,0.019276895538654276,0.01600482138333405,0.008933382651181479,0.006218218452003079,0.013764882809175746,0.010773751647045105,0.028564166241241185,0.025746233985079758,0.03582953670880738,0.03498484323956415,0.008280976754153626,0.006083185855667373,0.0021361583311305067,0.00038610252269518475,0.005205795784747716,0.0032736102202180206,0.01375811639531332,0.011850683873441018,-0.007595553830716671,-0.0074614430303006326,0.004129418165316314,0.004338743286480197,-0.0012881284217185387,-0.0010420537529320971,-0.0011047073200781794,-0.00071531136208618,-0.0013796954410426876,-0.0010756526931364144,0.006433377917416066,0.006867821032219379,0.006948623269924242,0.007019410540304376,0.0025047241972663823,0.0026879267616812417,0.003201499696153169,0.0033979527502628975,0.0031456879292591417,0.0032500034959063646
886,0.05912738319147213,0.05612691186836769,0.02098664053363253,0.014200493697084732,0.004901131734534223,-0.0011714679065772335,0.008228729115362942,0.0021733222057606625,0.02633368138952012,0.020371447816095768,0.029143413623485,0.027263964978231643,0.006877979528517224,0.0025004829137869793,-0.0022619503292749662,-0.006015016506545636,-0.0006607530823971228,-0.004429911707734454,0.010003310598382695,0.006177870230478654,0.002108934532022682,0.0018015699245618913,0.005003308594232929,0.004551428041327124,0.005012471175361231,0.004246535185407558,0.004912157686665183,0.004131151757155163,0.004232737942986927,0.003490600372837077,0.0068994378925014855,0.00545310124353145,0.012704979202515992,0.012065708464064073,0.00978774596750472,0.00831588487330789,0.006586865194125259,0.005242497641020139,0.010822824171486762,0.009827107397167835
887,0.050850868057394874,0.049405183081213985,0.018468700508341415,0.015111421692960095,0.005750607717798838,0.0028053146182685875,0.008874264034393167,0.005664229915157354,0.022944159791780015,0.020043003359834933,0.026412935816889842,0.02569910963277635,0.013024767798823781,0.011351391278679407,0.004819845606243811,0.0031916296997081687,0.006330181926784219,0.004532134213039949,0.015051968240780061,0.013560550079081876,-0.005782024746875842,-0.006051385369142595,0.005062482330243528,0.0047480199567652955,0.003706147212527395,0.0030112831347260025,0.0035943095721936436,0.002929205640185116,0.0002928724467578067,-0.0003385604323612964,0.0013550946585818415,0.0007471668403294256,0.006326207904531515,0.006112675981160937,0.0055076672572865765,0.004921936880185581,0.006019847692411494,0.0055358197583764614,0.004400837328093321,0.003981167276366388
888,0.06074611498822162,0.05895710912135401,0.022747573245072185,0.01864380774932589,0.0065921967266786815,0.002880808066497185,0.010681663998960913,0.006798336896443229,0.029363264880917096,0.025825725520427244,0.03105557459978433,0.030158163043735427,0.009747395220804,0.007913204007543684,-0.00032846539530881466,-0.002129870182707148,0.0015014015372494852,-0.0004059863997088739,0.012750369749972165,0.010983343432543898,-0.004635413529682847,-0.0047865538562750784,0.013248074803724835,0.013204369806377486,0.008587829427769918,0.00845333888743357,0.008339657421487326,0.008233071035077574,0.008379348830946341,0.008261234676389255,0.0074705726130410485,0.0072912916260650384,0.012959056139747923,0.012792922558674452,0.011732940746701273,0.01143422701620658,0.010135897465726917,0.009878975591050877,0.010007866515239019,0.009733548893263298
889,0.04548696813034901,0.043270586691470866,0.020163416507535996,0.015536027602467284,0.007939211070810522,0.0038686606906463993,0.010239966631116445,0.00598846348654882,0.024341524097216564,0.02030322268386251,0.023577086250491663,0.022484932693192503,0.011893459931074494,0.009804488917406217,0.0049388891161638495,0.0028975231236272455,0.0056507143842853165,0.003417140447685918,0.014526275168849254,0.012424778040715682,-0.00034532952353348416,-0.0008661686560223916,0.013767457926048141,0.013129533090857463,0.008248740663302107,0.007180583247968895,0.009799716834019468,0.008679393685128094,0.009301979460619118,0.008018209469637721,0.0029718354807487667,0.0027758118941626025,0.016721942292564414,0.016699267674539126,0.010259146775824424,0.010273072689110457,0.011276204492608435,0.011380546945486044,0.010815383427609748,0.01077056889438191
890,0.055827337921583266,0.05289405104451285,0.02781745474626447,0.021629738367652224,0.013697957637438604,0.008136083937998036,0.015637027987255754,0.00993817389987609,0.03145863482913088,0.02598862539364664,0.03238697034118505,0.031618050921543836,0.012106538825318583,0.010418957059510871,0.0025223484102775253,0.00091459080085626,0.00420892946509986,0.002411546081275725,0.015201166793985227,0.01363132226959266,-0.004289085664669759,-0.004452214746542189,0.007352617316314548,0.007196779588401786,0.00540503380473506,0.005218456164433582,0.005578974544774938,0.005345487438567671,0.004344404137473669,0.0040320489385156505,0.0026915824346659396,0.001369426176522364,0.007873297738291568,0.007513028345102074,0.009328655313024953,0.008877075747619185,0.007253495260272384,0.0067484641953587995,0.007245216507247134,0.006793208940872497
891,0.05820995896023423,0.05504485453275028,0.027695383424104353,0.021465645869199464,0.01136504782657254,0.006253163291204586,0.014667637794578503,0.009424102421286159,0.03019237890426461,0.024845448992320017,0.03409675102033895,0.03272632482580711,0.017611829196537802,0.015118834225170508,0.004216212441842749,0.0019539164199584786,0.0073270483696371985,0.004969022834294905,0.016093852431602225,0.013753134530084712,-0.006674333610311309,-0.007071618961355985,0.01078802684018393,0.010418980464083457,0.003128038940441835,0.002363708693675265,0.004990126002210091,0.0041847342454531325,0.004058233838887518,0.0031854941778754224,0.007449357423393787,0.006681400772316497,0.011714095239083339,0.011227671057114991,0.008538831071521966,0.00799858129379798,0.009351158241498863,0.008559896797065541,0.008407717293422597,0.0077541216140519145
892,0.060126962668552955,0.05846686518105214,0.026135643908240785,0.022223003651309307,0.014534990528660094,0.01124274071800795,0.017578906084171682,0.014042279707424363,0.02802762659284468,0.024522847866698186,0.03566708455367946,0.034584105974616676,0.016132215965682827,0.01362080374548134,0.009194604770855704,0.0072125252044239726,0.010618050337085273,0.00846172402164736,0.017643455605786524,0.015472554627507804,-0.007700209861455963,-0.007986509635746075,0.005939785523492414,0.005448595717847445,0.0013379032632133553,0.0005714191068443928,0.0016407233636021364,0.0008715505770409115,-0.000923027460732595,-0.001824652125951427,0.003167772547277678,0.001818707373243129,0.007017970636110424,0.006523220845089317,0.004336613781243592,0.0031464163681240997,0.002827410109157311,0.0017244241944001887,0.004284023391383473,0.003430256975336817
893,0.0535321968339864,0.05113927616929885,0.025302849128337267,0.02040051219897643,0.012636334260279432,0.008258231772795843,0.01697019279239534,0.012492169492994702,0.029147190455701272,0.024756879637877843,0.02778925781170809,0.025977995345336107,0.012687393647743472,0.009040740155907159,0.005733031774179301,0.0026610427321754797,0.007644199592699699,0.004410090575905361,0.01708886949726504,0.013892851962333096,-0.003528488692583606,-0.003090458882199275,0.011400352359080197,0.01215288735922775,0.0043394348046452945,0.005384853394868191,0.0018546385781260083,0.0030536633222216494,0.005176429912474213,0.006628285646756186,0.0037436893362841972,0.003649570339785509,0.01373092461214032,0.013815638754497817,0.010451800686752478,0.010903877058212708,0.011071464060959827,0.011460622633512427,0.012405059898425934,0.012630164221149615
894,0.06781800216841362,0.06498292607389415,0.02813038403197038,0.021867109566393178,0.012075108439255505,0.006506945951426471,0.016688136726031453,0.011077388395245667,0.031219491790081055,0.025592706125746302,0.034837983083165845,0.033646804386929394,0.012878959319906713,0.010106734644153952,0.0038565219387875576,0.0012640015717328892,0.006075538925582503,0.0034728779537949914,0.013296282052886303,0.010654551221884304,-0.004786486357790668,-0.00519633605170843,0.009784350888329147,0.009483801556294589,0.004438695907074938,0.003822505433148144,0.003446171391196542,0.0028146383693505943,0.0031667074460419247,0.0025886754725219945,0.0034605549608547914,0.0023532938737556054,0.007277624795852802,0.006889642263505809,0.009614985440104456,0.008755130334852021,0.004581144602557444,0.0038493982796930643,0.006856829477888767,0.006321786043694306
895,0.05139436456368111,0.04958210174326312,0.018854654863840286,0.014732951016135986,0.007203825154812464,0.0036268616973964933,0.010056180754045132,0.0062784809510836965,0.02423393821759741,0.020693018296144644,0.028817808260189294,0.028504114117818426,0.011676821602073817,0.01091702209788922,0.0040019622888065485,0.0031296219799682723,0.005536524341725422,0.004483818842803182,0.013965618109738514,0.013171798313083932,-0.006791001762824081,-0.006959619197130942,0.013236679396743879,0.013322019549524508,0.006002738561155694,0.005825585435556687,0.004725577326761887,0.004519507186356072,0.006293236853015948,0.006224522145035308,0.0034169244885445113,0.0022684960041969076,0.013905757941248903,0.013492058847810864,0.011903615521128074,0.01113437600043107,0.012673710870729637,0.012066139016289256,0.011802382685522694,0.011100267986343766
896,0.060036933046479155,0.05797467251970708,0.015599298871092565,0.011070630244743576,-0.00019040566826681338,-0.0038524246876327503,0.004059225669032676,0.00014680462421806547,0.02132399317957222,0.01751579010454633,0.028561014010466474,0.027783148903249195,0.007481383262377647,0.005739241235847882,-0.0037381799515187044,-0.005198715209825689,-0.0015012267707932383,-0.0031118631091619896,0.00913950551209136,0.007623281170073171,-0.004224909906766701,-0.004535689720999031,0.004192817396253567,0.0038486342594696563,0.0009433233174930106,0.0003124886238731168,0.0030175822974609977,0.002321419860805148,0.0037352184501686842,0.002994077733540904,0.006417622560184584,0.00460374454434375,0.006008825521776404,0.00542900074013813,0.005119342529814242,0.00383915836679501,0.0038938436775206578,0.0025963662826205035,0.004892469735493287,0.0038063120175504074
897,0.0624027044924829,0.06106776321905712,0.01584956285187248,0.012521640099425645,0.005682560648762821,0.0023787270991686886,0.008705753169680721,0.005244385662873816,0.022967930591598847,0.01993949221857893,0.03394722635193546,0.033915497314750014,0.009812998053871477,0.009610027052031653,0.0017943356742757747,0.0013708728100525923,0.0036492471510009817,0.00309028282648515,0.013730586822344081,0.013504236272100054,-0.0008989421491962357,-0.0006592620317760049,0.013616680388404842,0.014013712139272255,0.009616456109486754,0.010288465351508413,0.008917014822982853,0.009681447627219291,0.009908973805272985,0.010883225229300146,0.00042423532811189434,0.0005793601097188845,0.014652217546507834,0.014898879326173713,0.013352886580447698,0.014116280340465737,0.011231836270702653,0.011992691799346302,0.015236568217946906,0.01574263479009629
898,0.047523957195608056,0.045865000296828294,0.018161667704629843,0.013881005643858977,0.00308802040863744,-0.0008021796482679765,0.006643907058400632,0.002657294393928795,0.0213286204285569,0.017319468425821515,0.02463188625697812,0.023891886523729786,0.012658983096255757,0.010752270805800816,0.002192464296565311,0.00020607056799073594,0.005254977170147181,0.003275493338949173,0.014171568735387507,0.012279511149164786,-0.004949209370883976,-0.00534714706781881,0.007010694242909582,0.006372784899062507,0.003184242784053406,0.001963420185634114,0.004318795182751344,0.003070708387784656,0.0040656457270706,0.002711974879300619,0.0011434631864696242,-0.0003634182476925982,0.00770821097564735,0.00707032581330518,0.006239709317042158,0.004920409721312381,0.005416154123377487,0.004210847390130592,0.0072272574146629185,0.006238223659625254
899,0.061078950883127515,0.0593622000732688,0.026273550745690082,0.022249204781022054,0.010987780363279735,0.00709419613162555,0.016188109242516062,0.01236886529810281,0.029516396074101586,0.025714975232388932,0.022827153099744982,0.02251805759905278,0.009909314057936887,0.009168459874880873,0.0020661245113200123,0.0012683232137268507,0.004295517660758248,0.003435383347163911,0.012359512590384269,0.011638167502791558,-0.002893475191920744,-0.002959762517582054,0.005981466078821544,0.005985674982406219,-0.0007197966584997536,-0.0008327339977924727,0.0015864600910156378,0.0014889640346849539,0.001066061311289725,0.0010060824740779192,0.0015665244615342762,-0.00014471835191549572,0.00822747459816931,0.0078075490294075124,0.007170925695336115,0.006167084587522915,0.009483115837822118,0.008695159250536964,0.00793083001105621,0.007244560062380179
900,0.05567829394738268,0.0523326056435659,0.029122900661587636,0.022179685402395587,0.012735070309655924,0.006556278390094317,0.015806414375566985,0.00948738536725555,0.029773220629628984,0.023451841558778254,0.032201963758483755,0.030760659779295395,0.014237007608733216,0.011217831580850499,0.005274002726214777,0.002526638674271512,0.007278994167722891,0.00438414473951457,0.015558023180779807,0.012703009864479578,0.001895359304692347,0.0017451137858807378,0.0017448670547132478,0.0016176087372349844,0.0016693461103398813,0.0013313906246439546,0.0026074933764038315,0.0021905603992497876,0.0016390067258011047,0.0012997842046735119,0.008574934622296384,0.00754398226479931,0.005197003724812579,0.004660778323078354,0.0045961718512386104,0.003474876391114404,0.004709748033205042,0.003552147589124497,0.004414187820297748,0.0035384644140076687
901,0.05917530611435353,0.05592526403646162,0.0352123355812695,0.028813306510097537,0.020057677822656852,0.014485057582402311,0.02298849554982834,0.017199351894935492,0.03938669234696649,0.03381728483346812,0.03242133967971515,0.031406536713268055,0.017221839910333582,0.015176785152029835,0.00927833116758677,0.007456874141510986,0.01066254879172361,0.00864934793757131,0.021437795861523216,0.01960025071558305,0.0006840750565706951,0.000542395145753039,0.007852827026876761,0.007740393291617731,0.004202930717947809,0.00394881734098266,0.004957899301814802,0.004665793457732154,0.00619164907905308,0.005969739743424409,0.003336703370979542,0.0032127867577251856,0.010970230173419818,0.01094631892426216,0.006385871099699414,0.006521758278218745,0.005488668503088703,0.005721772745363002,0.0076388767322331155,0.0076572485232464255
902,0.05497885386129897,0.05279470131439973,0.023392138610638862,0.01886712486559492,0.009865554181976257,0.0057065010399689805,0.013404212929091164,0.009170564201847087,0.02726371422115247,0.02327671442572936,0.027731903463489343,0.02671790873712377,0.012509941897058435,0.010500184969343386,0.004438287166734098,0.002516641510344689,0.00610274651917109,0.00407617493945789,0.015539375087446522,0.013826102610491508,-0.008022302616115593,-0.008202077481468215,0.0075532850516394105,0.007372967110022619,0.004191164639739133,0.003931767057345414,0.00321356546883775,0.0027680498693299694,0.003208312970753207,0.002687106728798901,0.0008261716356226757,-0.0013273142204620642,0.006961039587624017,0.006284494731304932,0.00917051962402704,0.007756152483600791,0.005932772996155451,0.004530406346685771,0.01004799665188074,0.008958373125910423
903,0.057802075009737816,0.05408470514294968,0.03245195602593895,0.02572320727979526,0.01825748571946496,0.012304752451855342,0.021157149279735398,0.015041402976165411,0.03486526920741302,0.028686769026363988,0.026828004656313305,0.02561377399016177,0.01633117851343683,0.014100946585981567,0.00944217569760997,0.007351845998355473,0.01138997675238793,0.009200497306226844,0.018306584303162798,0.01618439811589296,-0.005078681737625152,-0.004520863726837522,0.01050605716656961,0.011211678153788901,0.0024684770040928317,0.0035199469837705914,0.003141429407102589,0.004437668686602872,0.0025771828990184425,0.0039952086220684255,0.0036057012934050336,0.0034944598131293456,0.01073948387913497,0.010625204572903505,0.00811796162336366,0.008120796406234294,0.008207037191459972,0.008163808862408093,0.009832916088680855,0.009655604779323656
904,0.05602689237436418,0.054505231945144395,0.020535111549327658,0.016718956862743984,0.008161974539235124,0.004873414950510137,0.011547583907118197,0.008097117586403635,0.02713691879519194,0.02393400755988375,0.03201708262957186,0.03139079056346085,0.011427827945390243,0.00995467913149237,0.0032141219744558276,0.0019465931862550016,0.006187782692044802,0.004844109177652012,0.015394105431948432,0.014159236565282646,-0.0024148439748963536,-0.0024279579419599377,0.009442997207719092,0.009649638168104786,0.006495316247876,0.006783775684690542,0.005307480975746799,0.005572692067734442,0.004155102954009714,0.00442822983881489,0.0071641543318357245,0.007056810121865873,0.012497319104072256,0.01244626298291961,0.009987694401324979,0.009976103603733834,0.009291968915413451,0.009367883511557535,0.009997871455965267,0.009927310127695434
905,0.06384201611847855,0.06112049750463975,0.027532865099147364,0.021836913863624925,0.00874162000531446,0.003806206102118772,0.013734223868151632,0.008686568677962964,0.034343587113906615,0.029476254400133177,0.03751952955826454,0.0360370678395819,0.01719319749216738,0.014275055900950708,0.004765867171431423,0.0021725097254257546,0.008686007865550962,0.0059769783045860985,0.022120354977831817,0.019568524153934654,-0.0037063860511475422,-0.003954047417576124,0.005357865845669891,0.005129332851814597,0.003038466918043685,0.002524791559620961,0.003330005858926758,0.002854325450983713,0.0023476878758757172,0.0018320559403430948,0.004055200325579538,0.0031437449327046995,0.0072649184747753115,0.006839221357857968,0.00905084198357976,0.008308413593599373,0.0040226515331797915,0.002970607413620297,0.005718957686022173,0.004921552735449365
906,0.05098034595823735,0.0494324196675529,0.01642780412935424,0.012784503214293422,0.00028988018663717117,-0.00286440233501786,0.004093209501594699,0.0007635853506087621,0.020808836618138416,0.017624126458817484,0.02810511968399098,0.027466349550241066,0.008943600663001462,0.007587676557440306,0.0003102784510709921,-0.0009246626449866269,0.002534837621039741,0.0011220046296584844,0.012149342486938604,0.01093002562586431,-0.003948476275638405,-0.003989864173586016,0.0034552204246597142,0.003456562364755139,0.002445207565636345,0.002347099092424562,0.002339277578708488,0.002326870427182478,0.002164214239100965,0.002182003526342377,0.004671028849773282,0.004726902755638946,0.006598067645399827,0.006588377416515477,0.003349704864538976,0.0035333301858612417,0.0017759508367177982,0.0018510177714303026,0.008782235421437252,0.009015437264632113
907,0.04954015584639404,0.04601400087341573,0.022077862510191875,0.015070596814107435,0.008968929485698251,0.0026195916497037583,0.011222350315434532,0.004858655027117609,0.025372445115233105,0.019061833207076367,0.034792040255615705,0.03218281553471481,0.015851261589466016,0.010864555599234079,0.00572877639732358,0.0010772555267547742,0.007780040214889797,0.0031755136931572426,0.016568895793274942,0.011876927333704055,-0.003596708954613484,-0.004091629080119944,0.0059060287088825774,0.005306469376215913,0.0020191777664266314,0.0010926929970813876,0.005367536219335021,0.004423343956813335,0.005352229105776181,0.004269277631941631,0.0025015758276655743,0.0008081741347340354,0.006824144400134716,0.006279948442724328,0.00713883435441962,0.006220808287889028,0.005252461642016475,0.0040294722095612365,0.008953337790669254,0.008062028693607686
908,0.05780820615018878,0.05583217187835957,0.021158203065653622,0.01717022620778747,0.005994869401333179,0.0023741950456925387,0.0106619417894197,0.006985511792792781,0.024533175491871638,0.020941110936400577,0.028779525394937177,0.02793226195802832,0.010846146029102856,0.009162900731961991,0.0003633544857198254,-0.0012573791324877882,0.003410521556023379,0.0017550921987886845,0.011972015259928914,0.01040058155152128,-0.0029275597794374717,-0.0030628506067037235,0.006161149288042985,0.006102107966678665,0.00177883102178232,0.001596607370617595,0.003541780250578366,0.0034215127186487454,0.002320292216493744,0.0021689212277619064,0.004146556632479671,0.004248240321306557,0.011738432439169433,0.011804718722712423,0.007405360982393139,0.007581749357346172,0.008059368142665597,0.008122242356978965,0.0092079540173674,0.009373349872336841
909,0.055022038203272415,0.05285517163304239,0.02221816283310743,0.01773378261809655,0.009254599899230902,0.005082915730634435,0.012764012430834682,0.008587344477687223,0.025286996588971523,0.021316813123767358,0.03034141676647349,0.029519490331912267,0.013779822993888236,0.01224290564146529,0.0061677250395068516,0.004606426871979347,0.007833836108166571,0.006239007800523525,0.01593887959413921,0.014544221380672096,-0.00233752207325469,-0.0023300944343976593,0.006520675215641827,0.0066142934740948955,0.0003104345117364519,0.0003168115817922086,0.0003897267686273589,0.0004605945464919312,0.002117099991962582,0.0022851429830183243,0.0051692485064109474,0.005439229378419777,0.00791206449854827,0.00796949726841184,0.002376532601999314,0.002524734439310754,0.005664240324920628,0.0058606430646900584,0.008377182589922118,0.008657647471586313
910,0.045576621137878956,0.0435884997764407,0.02506215160662572,0.02111252295424163,0.011573624625148443,0.008196688208187506,0.01485243463319862,0.011335476471653698,0.028609265116792147,0.025033144007022744,0.023620463616829058,0.02285164033803755,0.0098012699378827,0.008130898981887479,0.0014856981320364743,-7.256875345248558e-06,0.0033769230450335025,0.001815363384298871,0.011730329174203864,0.010141994259269807,-0.0009954694019316172,-0.0011672750529140902,0.010301322980428105,0.010242754998742777,0.0027132483085516657,0.0024885107521604288,0.003312770822232477,0.003032635961772107,0.004478337850016813,0.004265523166475286,0.0026159623634467726,0.0026100051821061326,0.00813993574649248,0.008125109276338135,0.005146660685023756,0.005229210720621833,0.00510320880433515,0.005055163821750612,0.008093579037402649,0.008123899787725573
911,0.04873395272248467,0.04573106188978222,0.028369173515153,0.02220392184843931,0.014123004988261773,0.009146873240630033,0.016937883974799364,0.011819179914108103,0.03070216701134094,0.025385316966932525,0.025421587983697314,0.02327415255115824,0.01915721834692297,0.015060418681144739,0.00957877977605833,0.0061848459278742475,0.011435593149011745,0.007913261798974194,0.019316018033914573,0.015545045093174312,-0.003377895468376752,-0.0034811223306620113,0.012967964603581076,0.01290655634113477,0.009543477430438395,0.009455724415583133,0.008892467636309399,0.00882361989731361,0.006491293420559896,0.0062842280422247074,3.0487496213185607e-05,-0.001633009556700124,0.014471385498735062,0.014024481037842637,0.008642893429323065,0.007698963261613584,0.009217248704224136,0.00821687187230425,0.011536560178338132,0.010825277870847005
912,0.06357945404786759,0.061668036785586855,0.02643527497081153,0.022158911431949833,0.011977861559698117,0.008682120552162761,0.016915474577723275,0.013387052626449231,0.03363554472119346,0.030130104751941396,0.033046637483640784,0.03226753372022298,0.016863978241940712,0.015038592808643513,0.007842966247262065,0.0064366814482018685,0.01112622062758127,0.009600349768156343,0.02195004694364034,0.020588512858419457,0.0006063890889589721,0.0007861427719451792,0.01097570293770526,0.011331502347325773,0.00992175033068498,0.010504120760389769,0.008427517202414058,0.009094574577759173,0.0068457336227049775,0.007539622792645069,0.0008659567297899844,0.0013841955990838723,0.014025648857492712,0.014159311115815854,0.01134038964656444,0.012061600731379605,0.010385915796117954,0.010887495949543014,0.011979497206826914,0.012341140100482312
913,0.050058500627965505,0.04855232411530714,0.022359516666854196,0.018761552460497596,0.006681401673016914,0.003359916967141241,0.009635807049164608,0.006232708628112685,0.0226785973875599,0.01940134199193899,0.022290827544453717,0.0223147195868789,0.011672954709780133,0.011911670189719128,0.0032695079948443714,0.003179338650570654,0.0056394099960132395,0.005517273613490465,0.012421131161550924,0.012462035746460636,-0.001054947039197725,-0.0010322755493144713,0.014710446691518395,0.014911097933690606,0.012401748822665443,0.012664020701703202,0.01133878357097419,0.011636665965418496,0.009962476402555593,0.010351355074554574,-0.0013216413577735798,-0.0007144989940946707,0.013063418630199103,0.01337924478183215,0.009579274395530028,0.010477085442450493,0.012066162544296247,0.013031419424176838,0.01234625254246589,0.012996749798666316
914,0.06427392110861282,0.06306860020698354,0.018039817261615902,0.015219500886552334,0.00047917048904535977,-0.002064409177643788,0.005192797392715361,0.002588882941264821,0.021205056456911675,0.01869477171500846,0.030547754817200866,0.030271782240850125,0.00895936527610348,0.008393953881845616,-0.002994105829027795,-0.003620926499703323,-0.0010920754523315083,-0.0018829004770261025,0.009896501049021646,0.009244986486621058,0.004453232777346427,0.004417531639405257,0.006822261647215076,0.006809550219826768,0.0039163712139867754,0.003830698865647087,0.003409689582484933,0.0032920333785319946,0.00255507187674265,0.0025311151106600827,0.0039691065089238736,0.003399466910269172,0.01131721503650363,0.011159550501326882,0.009201336637068444,0.008961556487978053,0.008341169178523905,0.008081511488825854,0.009068233039111707,0.008851342556721653
915,0.053895891139829497,0.05156681306411185,0.02197481967023034,0.016771607299218234,0.009403754530374836,0.004796024635690722,0.014287758074022794,0.00958449824686863,0.025848699962664,0.02133567675780183,0.03043445372842545,0.02974544722360245,0.011737690618390466,0.010274289361235105,0.0037941279007201157,0.0023793320604652245,0.007312603881915253,0.005800892133753682,0.014272487675235502,0.012995879377145253,0.00045050073625746136,0.000468815492325257,0.00698160999328102,0.007111615883133726,0.0016962741605657799,0.001851411320710186,0.0015462805479003383,0.001740980408719945,0.0007606095191867153,0.0009708054829678811,0.0033951686375493792,0.003960127271260291,0.006239631779744795,0.006389780555641695,0.004705029025243829,0.005066268560307819,0.005432776555939561,0.005936880089114217,0.0051819493700419935,0.0055604086429076275
916,0.05579223058644297,0.05381772334859377,0.019317614130505468,0.014284557381276148,0.0071488777143405595,0.002863668697728194,0.011020807102807118,0.006702784934643697,0.026662066663261715,0.022489144173381978,0.033568328931876765,0.03242650914168882,0.01672035423433784,0.01415815967787692,0.007629629095043902,0.005381195918497594,0.010153509578803581,0.007806876318752839,0.020783306869541805,0.018555795606670884,0.002233210458892022,0.0020976476885582545,0.002260465227234592,0.002151652605470307,0.0018622160805196232,0.0014722925682271882,0.004019818052624816,0.00370501436586135,0.003803096683032421,0.0034738871268701703,0.010622411747611702,0.009110074290704855,0.004004745891784081,0.0032469803870380466,0.007787778195397996,0.006194463985201566,0.007608186352369206,0.006260222244272298,0.007849278709797989,0.00670259315287747
917,0.04749133008957452,0.04541098455635287,0.019409859359280583,0.014677331453087597,0.004848815007602112,0.0007869547310912963,0.008780058508140226,0.004491439506992557,0.024104225726931126,0.01994351132477385,0.02270057630468151,0.02199166496966001,0.010368801991035457,0.008989080311680796,0.0014837570634512788,0.00019585663990253746,0.003532804374257787,0.002080816730719219,0.01234736255383598,0.010997473616554832,-0.011872326780201664,-0.011994725560669555,0.004633404036542693,0.004606566607134454,-0.000387789624348885,-0.0005589545776248863,-0.0003887533269422123,-0.0005374692802940688,-0.0008775138602902753,-0.0010906263896641052,0.003731731969637264,0.004372149411688514,0.008082643770983066,0.008159059498962059,0.00571415745420221,0.005968445947395447,0.0035637715987892416,0.0037748318068423965,0.006115315462887077,0.006254857841748349
918,0.05474056541942288,0.05316754859786845,0.01829882864549534,0.01480183450697753,0.003998334890844346,0.0008362756316276744,0.0076584720333293405,0.004314434693340264,0.021103635105070635,0.017823299117175156,0.030072109934329044,0.030248275117042145,0.008282774796164665,0.008755367722814376,0.000430098578848286,0.0006416823563991644,0.0030127698762165245,0.003108468098516971,0.009258408118128388,0.009490460167345621,-0.004635640271825188,-0.004582899948491168,0.00631612042855544,0.006474299338336677,0.0018558240175072173,0.00206722911717424,0.0009322158240829102,0.0011958586236111232,0.0022348424792755918,0.002470648065728051,0.001739169278208208,0.002379509689267682,0.009624639222433558,0.009942488001624039,0.006282671928179213,0.007171905817309215,0.005371538551853828,0.006064631146549922,0.005579754554944434,0.006011074087943172
919,0.05411546271078427,0.05293515661581054,0.023446429840679885,0.020741643110944345,0.0063011304805708716,0.003949350675320049,0.010448851031316406,0.007849698109425051,0.025184120256858667,0.022633345471993006,0.02710068881550908,0.02696011152074617,0.014192868314009713,0.01379000871259586,0.003305124188669353,0.002717045112594592,0.0059879572813694455,0.005284682370688972,0.015592516805798078,0.015071040438148392,0.0006512096545769439,0.0005999458946358821,0.007005920637935247,0.00705223000937142,0.005230658301666245,0.005172248715234547,0.004966457742327576,0.004928770349022215,0.006311643511462614,0.006331730927849678,0.004645925361011375,0.005072460506992347,0.010049690580524443,0.010171543020157539,0.007599763332387134,0.008143125013434225,0.008160528039772186,0.008602914024770023,0.008463185356137217,0.008760744744556879
920,0.04761301362839239,0.045901957153868835,0.01759079865522251,0.01383559186247767,0.005464411208855764,0.002126414485408472,0.008309325957026447,0.004836804192103196,0.019225744490473866,0.01582016519471412,0.028559772054988497,0.02751807945840153,0.010763911608057692,0.008759200777730887,0.003260671304756383,0.0015277578854827503,0.005638498369197202,0.003734195715544138,0.011663906049658616,0.009755203875373169,-0.009198355623152767,-0.009195546458071387,0.013372049308548701,0.013536948502053,0.004916107149956475,0.0050923890476183694,0.004300278288379899,0.004469202551262528,0.003368978651384114,0.0036264567016945455,0.0029002829840130756,0.0028829313611458364,0.014606387150927274,0.014596877153113915,0.011883273323843483,0.012149539743936615,0.012229868624662722,0.012409428275254885,0.009276441047107077,0.009211986478557038
921,0.058066731503545674,0.05415635674466759,0.02591911714695101,0.01822842192982114,0.01305378386821483,0.006102894159127166,0.015207475850275867,0.00817899423683478,0.02997353150701084,0.022879422293659614,0.03039380083143676,0.02916735621682856,0.013366471166889637,0.011051944450677826,0.005247359347715063,0.0029524390781361723,0.006296937007687883,0.003875567025022729,0.014909291171699344,0.012627247745073034,-0.004288319548151948,-0.0045197865215346675,0.012187925156484019,0.01214086096529104,0.009140233006449153,0.009114865844437197,0.008186641929997854,0.008046022020410618,0.009213039541063485,0.009172318092707039,0.002438024454485386,0.0020573540253681216,0.012508128617350556,0.012355401755759807,0.012603598448354222,0.012750048222351335,0.006424956873043118,0.006296358369193876,0.011364687123633083,0.011379929117081824
922,0.0511241287901137,0.0489040247227069,0.017347087638365576,0.012117227984340593,0.006281203510064409,0.0017603128777703956,0.010388209705717464,0.005890075115222992,0.02246007125033104,0.01791594914055229,0.029547979988564167,0.027971452194000036,0.011086208407362335,0.0075282293359055594,0.003590778210100048,0.0005073850791898867,0.006176812844661995,0.003149248758649417,0.014761804288825531,0.01160254175836959,-0.0027879280137702335,-0.0028894695935842195,0.0046236239240955036,0.004532671562132919,0.001276308866943555,0.001088886766096574,0.0040978605806150994,0.00399596966932182,0.003366722126510373,0.00324451006412187,0.005850687433709734,0.004929589449633632,0.008481226493479412,0.008084507799327328,0.007557508236321899,0.006814682085421203,0.008440383974686296,0.007783219928356397,0.008031573021403527,0.007433547167829513
923,0.06769801978429058,0.0645101592285237,0.02829116176778741,0.022244256200151056,0.013149773043901183,0.008001197387458575,0.017969295961214958,0.012623478519200662,0.03247985404574907,0.027056887974028786,0.040814536578932956,0.03864086917676422,0.017699351038189006,0.013595804477444521,0.008309974423476812,0.0048714902233765196,0.010899439850807121,0.0072709809695539074,0.02015162545909877,0.016369361130433448,-0.0028609566069617053,-0.0030178237597985225,0.005786220295225861,0.005867907432211047,0.00030020828565553205,0.0003030048737932368,0.0004793785848686293,0.000331443940445394,0.0021289308094176534,0.002065361849142346,0.00682406510721231,0.006217694502029058,0.007964356374264127,0.007632050862103171,0.007525786849680499,0.0070413619494803514,0.00788351961046536,0.00732054420668026,0.009607643840383378,0.009171499938712788
924,0.06384926532831312,0.06082064445732668,0.02499308133166452,0.018482416051731267,0.014308047162584861,0.008567584158575071,0.017703859444977328,0.012002416001789428,0.030386630185391988,0.02469769380216333,0.03481173978670644,0.03352720524748354,0.012494695786705888,0.009775322798255142,0.005040393362096334,0.002450455647920655,0.00746707544421313,0.004911281661887939,0.015806194573493075,0.01331121404890866,-0.004182833677944395,-0.004007015517033329,0.006456966923478155,0.006755325101980387,0.0008852443099265125,0.0012838433749553714,-0.0008890917078337,-0.0004134376323375498,-0.00034282499615515244,0.0002015439962658473,0.004978560217603769,0.004549154503529116,0.010878004475780514,0.010806563539579466,0.005301593448775197,0.005195052661769113,0.005336376754539343,0.005329125803227284,0.009111635040893304,0.00903130008926908
925,0.043491844904681116,0.041578826813299996,0.014393410088464606,0.010035608981809593,0.004960267813802452,0.0012646031081877478,0.007973232825581315,0.00422809678807011,0.020825258216672644,0.017223571924998838,0.023292822313724364,0.022396891832197625,0.0043098861881545065,0.0019801130449432734,-0.0022878111870465213,-0.0043888485098713785,0.00019628136394103258,-0.0018705008700777865,0.007331998800422011,0.005355774882503525,-0.003083878481002412,-0.003276135792619357,0.009677722645407139,0.009500386990517634,0.002815967679024351,0.0024106748474601054,0.003979841884896852,0.0035603106121984127,0.0035453951193824503,0.0031136676308292075,0.0026206442027377212,0.002086064907803718,0.009882076190876972,0.009686809923543826,0.009136847894792473,0.008852420157211795,0.006767431914429087,0.006321554692488174,0.007311202816046837,0.007010880026260341
926,0.04753899296299948,0.046098369092917375,0.020369596678255414,0.017112735391970373,0.010963483206946147,0.008209216691882718,0.012404909634612767,0.009502533678569788,0.0226732779012141,0.019876577160908005,0.0282149604207943,0.027582289788198017,0.014954364520685316,0.013930498642328617,0.007185124716609812,0.006295687853049207,0.008864840649671208,0.007828135615171001,0.01547171027257048,0.014533177422284844,-0.01219120327066359,-0.012368208577277823,0.004932048806773671,0.004747180859143105,-0.001760274969273682,-0.0023848146013162506,-0.002334622287501174,-0.003055633093216488,0.000394201096677703,-0.00018067380419333504,-0.0024846616134887806,-0.004097460909182461,0.010287353530964683,0.009826406004706119,0.006304377277895251,0.0053030690799279676,0.0063069303958433,0.005321959184207228,0.006548876197312811,0.005745540126700436
927,0.04504316876492122,0.04345155103238629,0.02132205389691662,0.017932053224407298,0.006798374551212838,0.003674940384319166,0.00749301779756639,0.004322007699719363,0.025427013592636983,0.022503719782416175,0.02506583454231106,0.024202952634195272,0.01084386433329805,0.008992514383710223,0.002034941215577033,0.0003937263410437045,0.0030718739891491035,0.0014243129137003125,0.014836031148265535,0.013398347221767823,-0.0022089813919300787,-0.0024774356366515666,0.01033754009730265,0.01006216167723486,0.004479950549771343,0.0040024511867390354,0.005043248386918763,0.004553118221833029,0.005722493687510917,0.005209616243717301,0.00775216912115155,0.006956534721561156,0.0069491989656248615,0.0064550237117450586,0.003750738667926514,0.002582626760058141,0.005726992038481159,0.0049638407842807685,0.004394967198679574,0.0036256200237070684
928,0.05409716371944778,0.051707086984941975,0.025546399298086764,0.020404843057298595,0.0076908558750311525,0.0030107960994466584,0.01045637245676809,0.005635403341640964,0.02668802090609747,0.022077155124883438,0.023361074281989934,0.022137669134522774,0.013437650457478573,0.011130407970147027,0.003606473390401043,0.001356826387546533,0.0049590980957835125,0.002618485383831522,0.013746572997386913,0.011532367919268987,-0.00414558029765195,-0.0045033204097663804,0.009654126728323066,0.009186758304481402,0.0022761287151911074,0.00141989075912713,0.00505494417304145,0.004146652730735782,0.0032363322735981435,0.002304348794263166,0.00503108056994247,0.003558011090638486,0.010344697470347145,0.009755047873903171,0.003913317280051583,0.002526468296735129,0.008101089334633375,0.006957443155477501,0.008742363090686414,0.007811114306759537
929,0.04356207713479869,0.039866672408019395,0.020636039387693702,0.013709158646859117,0.008360617002323026,0.0025582172661410925,0.010128896316938215,0.004067039207902454,0.02307972243117369,0.016934004153703393,0.02088040725402088,0.019009116844325387,0.007763367471060716,0.004414275635507435,-0.00021349141138815353,-0.0031572598948276043,0.0008675663894965468,-0.0022781917805698385,0.008980810711696988,0.005827432909397213,-0.005625044141961103,-0.006331769622588678,0.011226042074318201,0.0105469124632173,0.008041783963304548,0.006972218552339517,0.00649298599703479,0.005214449531330476,0.009132249221042813,0.007814682643047282,0.0007740049884241805,-0.0012576719951934428,0.01027723603707949,0.009613979441891202,0.010360200209480521,0.009053683629216408,0.010714322362264486,0.00948935554404719,0.01252920545235059,0.011486424203887608
930,0.04750245358882625,0.04312142695487066,0.02675825409495335,0.019139509358618842,0.014728505211039227,0.008071699571502595,0.016968089660078872,0.010125986428418218,0.03290077040863943,0.026364234547943892,0.023739798216185885,0.021048837346518516,0.014477704146473602,0.009961173081035198,0.008653412090113187,0.004691764976931116,0.009685875364770353,0.005534091264228282,0.018697025156858556,0.014710764816109601,-0.00632219580650175,-0.00771680470538601,0.008043224874750423,0.006754295682020038,0.00361737419971673,0.0012458153086735827,0.004959838279151501,0.00249254663268588,0.005390997655404975,0.002764763292000391,0.005797246978470278,0.001956490949982207,0.010991151156233015,0.00956825081595599,0.007336691018495062,0.00395949672759832,0.009515076849796472,0.006343499181633033,0.010686676718028108,0.008089502314555349
931,0.06883075542519729,0.06642161495093701,0.03314283244680599,0.027757301072453076,0.01929819663147508,0.014556180609659622,0.023742584015767485,0.018847821337627503,0.03704361354831505,0.03231833752350246,0.03599448493928161,0.034719690911732146,0.018583848003414092,0.01592276200881807,0.011216706063337249,0.008885999392040394,0.013129186381947919,0.010660732878123101,0.02053493373003374,0.01814007222256011,0.004452351424144868,0.0039469853222230365,0.0077183617655055894,0.007102463551134428,0.008684933847766852,0.007729639361239438,0.009167701560454608,0.008174496321437404,0.008125705917649148,0.007035321408118425,0.00564641034025328,0.004581015233088293,0.014863960259996908,0.014409131562446114,0.015681402251750805,0.015271625742444287,0.011652732137381664,0.01097330194572076,0.01296800381497972,0.012341442869201025
932,0.05552287235722595,0.05268867239365667,0.023369886195731018,0.017859427571629106,0.0103127306694492,0.005867274403956199,0.015904022400675545,0.011184855627234041,0.02851314441485973,0.023733577210191096,0.027520649145144672,0.026249609358917313,0.009777682618467343,0.007242497246812578,0.001734994663190935,-0.00029225483589362747,0.005129157002042766,0.0029042086764863146,0.013075099992020695,0.010874803365521862,0.0036974958759994287,0.0032326295117364096,0.00936699697869384,0.008833514746772402,0.00856536955394498,0.007871136272436182,0.010304367026433893,0.009540944267033457,0.008908966964217833,0.00804925886592421,0.0062287314426414785,0.004631740404972055,0.009944605988431627,0.009438104531870236,0.011316630161443807,0.010735086646804417,0.011474710230614627,0.010819483127334772,0.010314782002238993,0.009631696674893251
933,0.058631458041290774,0.055664758740833785,0.025153016015051564,0.018697606948163893,0.010088090676580716,0.004490364400828571,0.015605401477257651,0.010102979216338608,0.03199250614732226,0.026541182893084075,0.03452393423382498,0.03325314264308038,0.013326782402350915,0.010566393937906612,0.004329225218613906,0.0020168085547474634,0.007996065423631075,0.005740974062987125,0.017219849918529873,0.014966817319320407,0.0018487770998823403,0.0012461487401128617,0.004765597282760289,0.004005826934367389,0.005422464680252893,0.004095948938846772,0.005324899423463813,0.003927446227464187,0.006638782831208981,0.005272340576260415,0.00910521645892207,0.007242151533377529,0.006524963250257161,0.005738186611821426,0.009887423844131509,0.008261040130680925,0.008546741973137914,0.0069505739505801205,0.009987418387774711,0.008689521035908792
934,0.054130867999992685,0.05248165377396517,0.017704148832409033,0.01336822873094671,0.004255753150966704,0.00072299065631707,0.00826841891645326,0.0047157047315896355,0.024399326996298577,0.020971745270193447,0.029712433489420598,0.029009678057343523,0.011885727413609538,0.009969948638156412,0.006051147568501467,0.0046304580929762695,0.007923090862590246,0.0063979777521507184,0.017203236870045664,0.015751893481994284,-0.0036343150275384775,-0.0037872165404843746,0.008523938249275885,0.008261429819253421,0.004860448830410853,0.0045104556888554016,0.006285713592840264,0.005949823356885579,0.005841629269555759,0.005498227352707278,0.006915386566108399,0.006712915871421593,0.010301028536171245,0.010012819788346908,0.010594029724103742,0.010231568728117167,0.011485119974351962,0.011189416663195397,0.014127077602757328,0.013838085402798794
935,0.0536459442722537,0.04992106716093743,0.031799336344548526,0.02484738180736216,0.017856572862160983,0.011908879614246552,0.020662217059899755,0.014484958879589348,0.03398814722933795,0.02772259153758469,0.025901878720494303,0.02423525386880951,0.015260456522456205,0.012226977076991838,0.007066014952318195,0.004243252953391669,0.008535447721454063,0.005505627922267164,0.017295874751054076,0.014371714172251939,-0.001394659031131849,-0.0016384666455691976,0.011433905302574206,0.011200202980417974,0.011028418317145941,0.010791233008081321,0.009127894666908404,0.008817088880849012,0.008039410354225398,0.0077537242565795805,0.0039674699875124255,0.003160868162773507,0.01165422189394286,0.011376111362197202,0.012362426723962554,0.01204776393259232,0.01225728335066131,0.011667923628175992,0.01506083706551772,0.014717931235587078
936,0.04639000160476166,0.044956398391092764,0.023044615321513588,0.02029838209718327,0.011245729701320492,0.008744276632469298,0.013390224584894079,0.010653496146543349,0.028002416736754653,0.02562068235946651,0.023086834274159397,0.02249889244278504,0.012381152898944096,0.011486668931780328,0.004501774220184359,0.003563760323539062,0.005473447267626552,0.004348351800689659,0.014984097543897684,0.014148860073025174,-0.0026351981258895428,-0.0025690097114360565,0.005138424554595784,0.0053396031203743295,0.004238779248272872,0.004580310677450044,0.005504821121741246,0.005900023915141085,0.0023545252706088948,0.0027206683021794675,0.0039019576824881677,0.0039164240350540854,0.009163866884426306,0.00918826091197571,0.007413877697367783,0.007692833417736125,0.005291680383246389,0.005403540427118519,0.006359023507119683,0.006522862956504026
937,0.0439516014541265,0.042236645683592075,0.016813759495797786,0.013395140077926092,0.007543605490215424,0.004689520931550043,0.009512692194425616,0.006486159204052824,0.021338563432092617,0.01838553564034772,0.025191101591624736,0.024709081795094325,0.011333427989968864,0.010390738807609578,0.0024598132083104712,0.0014369765363453084,0.005033562713722782,0.003915456288988097,0.013195554180937213,0.012180744314763858,-0.002200778143899018,-0.0020620571428732622,0.004694234953920958,0.005025763565207485,-0.0035950237761111976,-0.0032981232170623182,-0.001346912378198467,-0.0009862136567829647,-0.0017689004196646777,-0.001318535402425662,0.005374103876884331,0.0068687374760779945,0.011845448719593397,0.012311477694950385,0.00038769628771184673,0.0013717916576444769,0.0011326929992709635,0.0020890217955275288,0.005640646349672378,0.00651138628674045
938,0.04026731131072744,0.03837260871802852,0.016758963990882038,0.013022401215889951,-0.0016405669557228778,-0.00498014839558401,0.0012858165266080193,-0.0023282464965553246,0.018991714749231756,0.015612129081690235,0.015411390797447046,0.014987747936887636,0.005776767626673765,0.005176011727589284,-0.005783310087876839,-0.006600868402734458,-0.004425681332269016,-0.005521112837700624,0.006251276414476295,0.00533023048091742,-0.003833978541668455,-0.004271751459286553,0.0024922477916178953,0.0019106126919623497,-0.0016424668258074797,-0.0026603901848805183,0.000969590963306761,-0.00011453341870292912,0.0028672701513019305,0.0018115215476567467,0.007224759909640855,0.005890755599192053,0.0037186804920608385,0.0030544362566574273,0.002079175698698164,0.0008244128951235433,0.002222008719299353,0.000877051513757995,0.006791340066271076,0.0058455200078759715
939,0.05263883445855466,0.049833365355461984,0.02413939572436471,0.017978160012001275,0.012157548276114788,0.006851057997738883,0.01571896540158969,0.010406035673381475,0.02831673488512158,0.023120043014817633,0.028169555997092966,0.026240547514200165,0.01617036633629824,0.012624737501342497,0.0071282998747338915,0.00391727806940281,0.009201220337066102,0.005899765073164952,0.017659351234094713,0.014511785680239263,-0.005943689949443465,-0.00630076035632367,0.01508573049666644,0.014868977226005737,0.007693622154922408,0.007225711969060132,0.0072820191685483236,0.006882482349021536,0.006927309435368914,0.006407738712701373,-0.0008486654108329784,-0.0015733076774578428,0.013141468065819164,0.01309291908815664,0.009748765344816192,0.010043837390627208,0.010691634867413832,0.010839013015949146,0.01117186459291766,0.01131658626856242
940,0.03882331857657222,0.03645752803341437,0.016130503568504637,0.01147829784025029,0.0028808510545184026,-0.0014000042394964624,0.006034223906873614,0.001749336370363681,0.021561163154078727,0.01757763673908861,0.023190134104344222,0.021345774740441453,0.011714460023825257,0.008532711186053261,0.003252858979061843,0.00020655020668373909,0.005104015050507026,0.002035178039190099,0.015386246144262114,0.012569474720950834,-0.0043883642409645466,-0.004646882603474118,0.010668617996596848,0.010572965581538692,0.009216370487166966,0.008896543574482337,0.007393600064564553,0.0070349180700653114,0.007905497092084934,0.00749765654585353,0.003311943227252062,0.0008179103830547475,0.011089816726708411,0.010375769570006391,0.012537720652004014,0.01125189310062394,0.00879969438009419,0.0073083459046174555,0.012897477429001877,0.01179505588835912
941,0.05560668756032163,0.052628257652757124,0.028381122846860292,0.02212462301535764,0.013338311417949486,0.007796544527577465,0.015203410925700652,0.009424529129277048,0.03110263666742255,0.025579828426089867,0.02534808224140863,0.022709427257894845,0.019922953435136555,0.015050449282211737,0.009266787326116781,0.004862908090887305,0.010436043096902851,0.005878947141721315,0.020612038534157367,0.016085212236045112,-0.004015577485806424,-0.004278551665126402,0.004036541529938814,0.003692181559942357,0.002311728099153602,0.0018151127867586082,0.003187839366841136,0.002663756417558228,0.00394618108674112,0.0033569690896300304,0.005805617913065185,0.004027325637033339,0.007223953333110276,0.006383083185013784,0.009249805878602687,0.007734570905552752,0.006501052269618201,0.004900486391089422,0.0060233306417035075,0.00449517780205735
942,0.053836601243421565,0.05212133568397485,0.019807098862657246,0.015722450817450263,0.007345961413959994,0.003947985660488573,0.011882638566558208,0.008288420468133193,0.025303256748550367,0.021706194916502285,0.03106019846172293,0.030394066838850216,0.010621918866966512,0.008847877984443626,0.004185471466077345,0.002655950701042271,0.006969969568661326,0.005296205731015097,0.01385851281469561,0.012222667875597417,-0.007886787769300633,-0.00794283031561726,0.008820838684047757,0.008817815153561202,0.002830620746698402,0.0027910317241134313,0.002330506933580562,0.002324685353142818,0.004078244455928885,0.0040380711326287,-0.0005197860504224815,-0.00133361413415727,0.010467469754680072,0.010245038415188147,0.006248713845865248,0.005755745039404971,0.007426119718568222,0.007078749203533132,0.009461286108583978,0.009096411427601193
943,0.04787800871298749,0.04610905896858224,0.015188750145496458,0.010775878659795467,0.0029071956273956936,-0.001067988672211115,0.003783121363651902,-0.000406736100890966,0.017603806331302856,0.013526184327096938,0.024365988093185055,0.02385764489226348,0.006449688657508401,0.005066539269357097,-0.002014641591446118,-0.003349212630092184,-0.0012051780439295955,-0.002734257853737041,0.007931100020724995,0.0066051970314076934,-0.0006706998173321997,-0.0007018871164982269,0.003850439697000131,0.0038849578647479717,0.0040112884643564856,0.003967024545993799,0.004462292646148355,0.004535151711145644,0.0035145613577053218,0.003479546091624651,0.005724049725623705,0.004639880050315599,0.00831454627857834,0.007856684365531972,0.009658896115231484,0.008944919810687112,0.006345696604972055,0.005475160675524546,0.01018059281324574,0.009478675493269391
944,0.05185285661768826,0.04878981933363627,0.022334648201993993,0.01570004237430607,0.00922194091963126,0.0035618130509641696,0.012258940586184427,0.006658237440976355,0.025538443700256284,0.019765946058792516,0.02898559930889849,0.027035041973143277,0.015509915138447202,0.011632013834667176,0.006221593615808001,0.0028522991900104717,0.007943257503470469,0.0045385301485952,0.016571735110576802,0.013108215526059609,-0.008476191496335474,-0.008895901758435824,0.0011087003344104622,0.000518644310966683,-0.00333864466887744,-0.00436411194281456,-0.0014716603899215344,-0.002606152758137949,-0.0011211408205388774,-0.002293774943849453,0.0027658617640168607,0.0002969372343380297,0.007811837559829238,0.006924467041512105,0.0035937156847112594,0.0014727326870978875,0.0015124558367537058,-0.0004331971424151776,0.003465587200810879,0.0018408684457124215
945,0.048552055778386276,0.04570604768959653,0.017272950347349554,0.011443492337952745,0.00414317223774442,-0.0007190105256346866,0.00642676888056642,0.0014708026425373831,0.021805878228537502,0.01676386801780072,0.028398349610071223,0.027045624284541568,0.013258687573236266,0.010720186763151843,0.004038246408748645,0.0017323177297502677,0.00584104918069933,0.003476877843674851,0.014929829382002727,0.012649807873765467,-0.00445006024921729,-0.0042838800806214924,0.0029063507659419178,0.00315134543862874,-0.0017354622220560165,-0.0013894090314448815,-0.0020996775528520353,-0.0016331407420934925,-0.0017568632691438897,-0.001368840162261781,0.0023308959206677893,0.0033582084318470734,0.011060763692500449,0.011378841384957372,0.003001677384310728,0.004092044105907753,0.0012824770543065935,0.0022333504821699752,0.004187995684060157,0.004912831600588805
946,0.05864459434363086,0.05479339978144816,0.029112009791550226,0.021861847512951917,0.01372200318989843,0.007434190002241825,0.017211615782104686,0.010815718859735878,0.03529144863833383,0.028974864078467298,0.028413304745994496,0.025774293250263515,0.016538521618231487,0.011797949291060112,0.007802296437958119,0.0036811414953831167,0.008934750461191552,0.004714641032991705,0.02013890750404839,0.015933684318082845,-0.0025676475333064577,-0.0032767948026854914,0.01162275490441134,0.010845408622943423,0.0049911467918200515,0.0036116229168677906,0.007638386749662504,0.006208713621713995,0.005640144920175594,0.004054586182928515,0.00660029758172645,0.004867912482229063,0.010803299936782314,0.010178773489071457,0.007357075475954417,0.005807749387351412,0.009296867395662694,0.008025562512007735,0.008490499780440594,0.007286678282543209
947,0.04140310472105101,0.038556453973697204,0.024596979236420437,0.019822735138950196,0.009294697554104173,0.005100993862219463,0.012292539352916569,0.007853781746754978,0.025850963582642467,0.021373913924577673,0.02223529832154151,0.020819145483109792,0.015347207274515506,0.01338612748225706,0.006503368260385554,0.00470899132411457,0.007736887023977954,0.0057070899875717816,0.015950294069506193,0.01396227717650592,-0.0058057025275105745,-0.005977392043164613,0.009346140822759677,0.009303285822734625,0.004537168865352302,0.0043791616102520576,0.004701833609280735,0.004570987602838855,0.0058222937837300644,0.005636397153356496,0.002242682109931397,0.001126777692762915,0.01220946493640077,0.011802202235661679,0.011242393040294514,0.010426884907334054,0.011967386364272109,0.011194966876960201,0.012876346484371798,0.012136209726475883
948,0.04745230485026285,0.04476566691871622,0.022704619476472964,0.018037958320005855,0.010256615876348223,0.006185956767817041,0.011882686497505662,0.00766567104021063,0.0260904594620349,0.021848759734689308,0.026937121770493955,0.02579021705608724,0.015539960184797303,0.013576958988063752,0.005925582701003655,0.0040471921833346155,0.007200654060664363,0.005220434849497276,0.017287294869217783,0.015480580254014057,1.3701472939504477e-05,-0.00018875808462086085,0.0071208844298220235,0.007060985574104152,0.006443018932508907,0.006210769255537373,0.0066368441067651,0.006410060914202822,0.00783501629559543,0.007621912485539955,0.005087818374429927,0.0036788647056246624,0.013085306389932749,0.012698769132992957,0.01281844013978114,0.012203445664250596,0.01038166752769256,0.009635275035439659,0.011717303008481117,0.011045018356207924
949,0.04275655561665119,0.039433478742509055,0.01812422288217918,0.011784269237917741,0.0034931258543089002,-0.0018438955815499917,0.005737993224262417,0.00028014439509544374,0.019419074415825695,0.013820773430737985,0.020051986470789346,0.01828442241865379,0.01036638004773511,0.007173198748597906,0.0007981858357687768,-0.0019785343868567013,0.0020096994072843458,-0.0008438029682552412,0.009544888445636068,0.006565815340435611,-0.005391772083313627,-0.005680185092599548,0.004857557811325891,0.004610726583343752,0.0001958486007319294,-0.00022001286745996414,0.001706927323400765,0.001308836010889064,0.0014913586605367006,0.0011004683305466383,0.0012866003925370631,-0.00015468030049137633,0.009316814953480506,0.008810340545606131,0.007206949606592966,0.006300738128996437,0.0061770340859118545,0.0051361386524738754,0.007831856367043973,0.007063130313592153
950,0.05143547145561185,0.04944436943148116,0.019007452363377707,0.014504961353762608,0.004806076030664556,0.0006798159702938465,0.007037400887658214,0.0027799002658595215,0.022648094583946586,0.01874617302519684,0.026854500205878623,0.026931893657584288,0.01074565746368432,0.010666834677789158,0.0002986426370972795,-4.9738350959068573e-05,0.002463675850228778,0.0019919659921502973,0.010917182148184951,0.010824917992466127,-0.0021274836134388543,-0.002742979680654608,0.008253299608615518,0.007382598036553877,0.0055267214585830405,0.004071403450733918,0.00696103991686269,0.005428159261352326,0.006203147254997381,0.0045419428475871005,0.005233586978456677,0.0031458119517926257,0.012846511618041654,0.011986673855004041,0.01044366968556244,0.009087613094179856,0.010158206339028647,0.008518507181965687,0.0098036518157797,0.00843790485169691
951,0.04848138747763073,0.04632105683316576,0.023858944071862793,0.019037921920326592,0.012089065026144648,0.008094431258443672,0.015391595006329329,0.011315769248566244,0.027463217719683807,0.023482832991516652,0.026989849236593217,0.025265628358138982,0.016725962450485382,0.012998538246090463,0.010771262817717262,0.007767036304009817,0.012622069823820036,0.009576387780113469,0.018823815281949593,0.015807136955856206,-0.009023155536344765,-0.009019015622586361,0.011127124098044245,0.011293840696358793,0.005942754962133238,0.0061460083214291816,0.002797851691937553,0.002989158744861929,0.004700381669048989,0.004891169531113925,0.002128078585313122,0.0024107886479981405,0.014723251632743923,0.014917307841409965,0.009205102451789886,0.009607169302809271,0.0062203817940746624,0.006483800448256048,0.008816033255679142,0.009155538844551092
952,0.057029842453559534,0.05542453547954916,0.01886780959012846,0.014688388884158441,0.009482176810803763,0.005777352202215266,0.012015995230514238,0.008153995776345322,0.027302081718928145,0.023935285835253662,0.025728929591400784,0.02555326921534622,0.010079169231444482,0.009848624458732105,0.001794072707341316,0.0014204672398825213,0.004029881911410587,0.003522409737087742,0.014876207840643677,0.014862552304536,-0.00775881779669607,-0.007960058804153403,0.014961121665423566,0.014836746566195713,0.008475922667118595,0.008395470904641164,0.007994912411727355,0.007785828699247735,0.009620459013334536,0.009510086748235735,-0.005124089197026127,-0.004899057538556305,0.010164348750107683,0.010518740779750044,0.006661202977361549,0.007853563322844403,0.005544122780239793,0.006403189866727649,0.0065998428830138555,0.007277096467799088
953,0.0561272420752722,0.053845721147214795,0.019882019483093157,0.015272498799482875,0.007064457003929436,0.0032315424334968972,0.010450799618293418,0.006432899123982323,0.02488784718133076,0.020757406316169073,0.03092370009823143,0.030030073334925782,0.012734320844520372,0.011126876773179585,0.005011180487866322,0.0036197384060472266,0.007349759328421057,0.005806568277865765,0.015869013422903647,0.014298762662140635,-0.005060612006956602,-0.00518009339781673,0.0035614610953957444,0.003378196360273103,0.00012344751321609627,-0.00022937554550830599,0.0017408183262087606,0.0014713034881277134,0.0021573587868710105,0.001903777642635568,0.0050127558381615625,0.0037518553856856333,0.00652574807302044,0.005960104231347948,0.0027472022478235948,0.001291556402316444,0.0036341208011468284,0.0022735873454049664,0.007722390179652099,0.006851523876566745
954,0.05301641450682974,0.049230556728169776,0.033645141850671745,0.026568142847871883,0.015183300827153478,0.009008081729712795,0.018663325843930635,0.012488455237570034,0.03373640069351913,0.02747314054169307,0.027645076512401952,0.02613472750069497,0.016386004749735346,0.013499626549274068,0.0060988500264405705,0.0035717914497116815,0.0081766184923081,0.0055823042349429,0.017450833621719064,0.014933880090378871,0.0015012357806731573,0.001061340155314177,0.007559434211602475,0.007046344335110396,0.00639471326840494,0.005624366285299551,0.0071051951751828855,0.006223385628636131,0.007392266167950086,0.006545946017407192,0.0028177261019743335,0.0013876146650300422,0.006239365862756472,0.0057679558071360975,0.009343971460781038,0.008589447772104875,0.007209991018732572,0.006255487242329247,0.008739920006626562,0.008054779028893446
955,0.06672935549937029,0.06463265532909647,0.021337944834264315,0.016575469485466496,0.006349271387793304,0.0020757777568715854,0.010325609272261529,0.005966953277091421,0.023411805105171057,0.019108760961822895,0.036347791774443396,0.03533228331313472,0.011206807407476338,0.008992337930631727,0.0002809796388152302,-0.0017839520137530509,0.0030888994182269687,0.0009317438076023313,0.011800687684940614,0.009716650703612394,-0.008585476097818588,-0.008979344066302176,0.006869832515325136,0.006385809888716012,0.0024685838079969865,0.0017219465345163782,0.002830372133905064,0.0020314616783226563,0.0033409766314774943,0.0025827884805954514,0.005639590003950078,0.004327521882084561,0.011820278815035218,0.01128524462141835,0.008915802875549335,0.007974009485650923,0.010971182682046268,0.010037005267036462,0.009885572108456638,0.00901726899841267
956,0.055269165822275014,0.0533211479133399,0.015122655113468933,0.011178706007457299,0.0014866474218676983,-0.0023790218220591536,0.0055517078544648725,0.0015183282907980113,0.01894966975511051,0.015153177439721218,0.03180357027704718,0.031232494704918918,0.005236053851490693,0.003978331549624304,-0.0040402225629246205,-0.005465314719073576,-0.0009114525190525649,-0.0024621830406573214,0.006466796914832868,0.005060954059638195,-0.006020811960870386,-0.00563856089756789,0.0036057623587693816,0.004169687687563311,-0.0021909335666796146,-0.0015628541117249733,-0.0008941044877272496,2.0712966430535727e-05,-0.001067258054194318,-0.00011474157498994568,0.004609139332589215,0.005377075394745923,0.006392303099001642,0.006569347587070262,0.005787075838929755,0.0066262674478658416,0.005263131667846451,0.006003743284263253,0.006419104764123493,0.006949926801459702
957,0.06539315849216952,0.061185008813385657,0.041854881309639144,0.03406614760767347,0.032648666541473796,0.025817102945135444,0.03562291701306821,0.028667491697986713,0.04984290008979619,0.04314006939260694,0.03408090232070358,0.03192081661525598,0.02297919630568842,0.019464429680695554,0.015865934734957045,0.012402037955593973,0.01763475517698693,0.014044587244642998,0.02596954388436503,0.02256731948589933,-0.004545480945025497,-0.004299268978820494,0.0166388303181755,0.017063411060161893,0.011372459591316952,0.012286827601344459,0.011134349916998026,0.012367192163506402,0.011234616398116955,0.012291016622602045,0.0005047711566642778,0.00090376425342517,0.0173619740600353,0.017606915318819784,0.0125150474448256,0.013630957306614755,0.01581242731589809,0.017193214794019144,0.015065088629119053,0.01594690371217975
958,0.05137451888645611,0.0489862378034864,0.015349158561033322,0.010188991585991073,0.0027899159126339728,-0.001804235802077361,0.007099491729081942,0.0025134237605177207,0.01966716024353732,0.014872669919601653,0.022485310561895195,0.0214865657108551,0.003973207702013074,0.0019222527505006047,-0.004556934698610661,-0.006598339974922154,-0.0020038309044914412,-0.004055587530688171,0.00617064229354808,0.004098698027722154,0.00039845788797266844,0.0002972580012202138,0.008337362042266589,0.008275371191281826,0.00064114944930784,0.000492989233816152,0.0020554706187595946,0.001985486525090753,0.0021046784119007882,0.002084369322823307,0.00400386524717741,0.002987293906548609,0.007930481241830956,0.007613141708232912,0.006296141054721973,0.005795688781602034,0.004661196705727624,0.004070512030173828,0.0043858139661349235,0.003838958600836671
959,0.056816106470900296,0.05435322680128357,0.026321760141755524,0.021086599961050438,0.010146981858129296,0.005491572764500821,0.013398445610488577,0.008677635293111198,0.03073890105974194,0.02632085414494898,0.02964148379796149,0.027846803643613256,0.014992629490533663,0.011362729432115935,0.005678985701478687,0.0026841862835742273,0.007335263896394538,0.004290913417738754,0.01657479363995839,0.013478570975351212,-0.005964433970043826,-0.006250896621106496,0.008776705529100773,0.008459342236377067,0.0008577093653963849,0.000152986638298591,0.0018567159275238838,0.0011170372601474231,0.005015398380975823,0.0043250806912491155,0.004092269860106352,0.003486697367129403,0.01422083561432238,0.013990040326507608,0.008469161970442927,0.007931493772982976,0.0076826758922067945,0.0073307685429663035,0.009789358601632006,0.009388035770281054
960,0.0493996640990961,0.04741174108356747,0.021077100187099566,0.017405977071051806,0.008793506881848847,0.005667623008510257,0.011238932152716725,0.007965414756322512,0.026570710777212125,0.02336230028397015,0.027835264921983505,0.026943299265182886,0.01028584899306287,0.008759206051130947,0.0019377088484776133,0.0005577087741551766,0.004055869265600099,0.002588330463082547,0.012336191798657789,0.01085399617603398,-0.006259411131802302,-0.006246229155378492,0.004584185775314352,0.004681671294789623,0.00014407285178921048,0.00021605319596084582,0.00014823741036511267,0.00019775695811310255,0.0013223674232576478,0.0014508021281375526,-0.0020097109000592386,-0.0018137536684154592,0.008095175903811763,0.008233632795169445,0.003168328579294437,0.0035394763312914163,0.002980764446924139,0.0034199604559433786,0.003897055414291003,0.004186577114023482
961,0.059478498222708245,0.05714580021602513,0.028122659760419205,0.023304911538148364,0.015657245106503587,0.011516674194463372,0.018344482611180126,0.014143089901208985,0.033505129192104646,0.029459064105614184,0.030423864500698984,0.0294841798633735,0.013117665425314274,0.011224601146001172,0.005198475794809998,0.0034779779390461682,0.006620868375646202,0.004856823812500131,0.014865934422296473,0.01314783753399137,-0.0009695604100146947,-0.0006658187666745862,0.020489170337722136,0.020996124430934054,0.01171544545311358,0.01258861334584451,0.010667824134649522,0.011623109350350751,0.012884295903250409,0.014170694830417751,0.0025071722942344157,0.0032645321847502478,0.015428761142777766,0.0157122962695806,0.014061835369939286,0.015145475558279737,0.01441388682272016,0.015499592651885339,0.018154350382373067,0.019054102042941456
962,0.04552186473359655,0.04309691121715453,0.02310045872659696,0.018002752935040705,0.008017913814728697,0.0036394833281877016,0.01024545907563058,0.005818675986030429,0.025645311832221775,0.02110554411233724,0.0226604684592675,0.021104128060857055,0.014037191065879537,0.011059275254700327,0.00422946837664293,0.001634338607040617,0.005608440955443973,0.0029361128092127717,0.014491285903978832,0.011688565680332923,-0.002213271038690443,-0.002302865584813657,0.005380273979923478,0.005326359563242294,0.003112588630839638,0.0029298937860233673,0.004120486932211191,0.003952103035624306,0.005733724039712214,0.005601958414559285,0.009547137514180803,0.009063772725864646,0.010412111739506676,0.010048220669165399,0.012331698896991976,0.011934418571244929,0.009982546496845292,0.009296935145100995,0.010154747371157192,0.009434516552634041
963,0.057319471273960934,0.05574424729419094,0.01922898746595108,0.016025816256823016,0.0076278528778255025,0.00479364225112157,0.010712632923963275,0.007639734046354457,0.023248517967453267,0.020340191431777364,0.03158892889054178,0.031060285284439233,0.012037874089531123,0.011081552484851542,0.004518580597189412,0.003601466602084181,0.006087214331685726,0.0050032151495499845,0.012841426691262758,0.01183301317831248,-0.0025092025587015684,-0.0025649200438535914,0.012260196838147363,0.012202469213838166,0.008817189058783242,0.008901983031713787,0.010318945301474782,0.01053860294418223,0.007803911437726216,0.007932935438296295,0.00934320974007142,0.009035705962361838,0.009491097155884413,0.009178110668238846,0.01084146616613171,0.010406732198064338,0.011724461833084194,0.011470169050629904,0.011062688652750053,0.010610891135085914
964,0.03593313456911287,0.03373426647651448,0.01610473387379761,0.011632479679214363,0.004850121228212849,0.001060365527778651,0.006250828175071774,0.0022230549019386756,0.020049095894198454,0.016054816543460304,0.013895597784933933,0.012646223249550018,0.00971444010854642,0.00735602109036747,0.0036509288916349207,0.001725520738584841,0.003966050897036416,0.001814300457920946,0.012066882910433924,0.00991779435867365,-0.005634338546123869,-0.0060718157922045515,0.00906156406540656,0.008565384051008665,0.005371037573035186,0.004600648854040925,0.00730868214442146,0.00645522868948883,0.0033229624971590583,0.002409918628665031,0.002794366034095259,0.0005021246226906301,0.006855677781548275,0.006113364445888702,0.011021257950244832,0.009519303708699424,0.010106690821187127,0.008674072948008945,0.008828626294878364,0.007607441393097267
965,0.05538194336594644,0.05352410979968523,0.022083411674488813,0.01790916110485418,0.008414697433419122,0.00467623293627714,0.012566231110626266,0.00877374412364693,0.027487616230684565,0.02393645084893833,0.03145599721605177,0.03107534571314004,0.010784939739924412,0.01013130462906204,0.0009702166246406324,0.00010849352588438749,0.0034633492152078534,0.002532246487931912,0.0128199638208308,0.01210856218369132,0.0008351228633012141,0.0008361546074529266,0.009677008263259203,0.009763053394366901,0.001686893233537988,0.00172729938412157,0.003949073669561014,0.0041275644357273945,0.0037824731004465805,0.00398816491785557,0.006373301342953988,0.006101097175391258,0.009499274630472624,0.009383762521875467,0.0039588047932506394,0.003790772248693604,0.00570250328624391,0.005732046013861415,0.006344225182483331,0.00618183454950384
966,0.052572078517685125,0.0512145621335348,0.020817543918037806,0.01789833374163495,0.001690061698113717,-0.00093037784966224,0.005967645691599003,0.0032336573252838854,0.02355525459163182,0.020872315966038203,0.021938611152747037,0.021470307956834626,0.010961167670314532,0.010342689028629535,-0.0034372620112345306,-0.004122535765085485,-0.0006297364300064787,-0.0014672215192853845,0.010627109171932587,0.009897773664786207,-0.007743007799143079,-0.008240682148482425,0.004476530594849299,0.003894507686741458,0.004204504027954687,0.0033790239729409393,0.005489116603069852,0.004439713935552795,0.003609392852067933,0.002440226913094113,0.006390830110059194,0.005786820900809516,0.012936079350178509,0.012693111955007923,0.008750296032081151,0.00832691277938857,0.0057822166248020414,0.005289255040871104,0.00978007044527329,0.009333924393436248
967,0.04942921087902055,0.04752667632628046,0.021556975853633618,0.017676400346615346,0.00756697993274104,0.004346267779560552,0.012045779823189658,0.008615524184310441,0.02808652682407753,0.025009628198821847,0.030060017298486695,0.028720690004095623,0.018297129771888486,0.016191725458894187,0.009154844008118146,0.007310030950445058,0.012824173315179719,0.010904518370925702,0.02144483832233781,0.01964656591169913,-0.0005152857452416562,-0.00032266493857264507,0.008337218204591386,0.008663951474713208,0.007692459632022775,0.00833501894003008,0.007145518824692401,0.007929569165246817,0.00890760927283806,0.009791446194348,0.0036749069021752576,0.0023136871696618124,0.00886510477794533,0.008451311963692597,0.010507550910049592,0.009809092151325203,0.011182472852737355,0.010580818309490408,0.010507763291289038,0.009791402579365468
968,0.04988999222465062,0.04623864548146633,0.031078066176845387,0.024229058107171835,0.01016399768992558,0.0037001253055937372,0.013793125686792088,0.007172661103618558,0.030602280178148554,0.024065570963081408,0.023281561571710945,0.021574285882420628,0.01906899816420288,0.016215627235439345,0.006290571602584745,0.003375398189348327,0.007580378823205299,0.004463968124255936,0.017960892477302735,0.015036905096573062,-0.004564239301959837,-0.005114956322985017,4.753160714223276e-05,-0.0005272596161231782,0.0004885053989037819,-0.0005998485307028313,0.0027410142880624627,0.0015816029270126445,0.002596882111045191,0.0013537968157050217,0.00902862169720969,0.0071709331740876375,0.0047387637049822,0.0038512994042620777,0.008162286968017577,0.006116376250658128,0.004655687924035114,0.0029018720917192617,0.007646866202817071,0.006154321747944712
969,0.04851899240614797,0.04629696985599517,0.020487466076799167,0.016074033711171453,0.007974636292734379,0.004213571584040247,0.0116025667033608,0.007707599322820212,0.0239838577196633,0.019987260736133283,0.018815480405894754,0.018219475922970574,0.009853377256154747,0.009080028390148995,-7.68321424926657e-05,-0.0009972799244285725,0.002418837992137127,0.0013751872258969031,0.010925199285457106,0.009968902709314139,-0.001473266447082857,-0.0017025542728635466,0.008951895335491079,0.008732525307871348,0.00704228681816151,0.0065619061996017355,0.009305868761169806,0.008830921041264336,0.005910190288703487,0.005404592878469175,0.0038438277987835486,0.0029529784145993034,0.009985255500526593,0.009723146291813652,0.011810850220375878,0.011264092651243158,0.012598515485495388,0.01195604780288102,0.01043602624654911,0.009961641707369795
970,0.03939007742421261,0.03606433351257242,0.02193107021780656,0.015071814826990044,0.00751895542895511,0.0015051874410703912,0.011555495762694157,0.005562050654921119,0.02270104042928276,0.016605470831939154,0.01914063376766928,0.017700351118058087,0.011982294279910922,0.008861668268556189,0.0036131214883000523,0.000996762623076037,0.005654384556529754,0.0029986398023817626,0.011621239450270826,0.008857442983809726,-0.0073970091811318885,-0.007902763030819415,0.010792458650920994,0.010125192428526218,0.004183633188205495,0.003210259293581895,0.004492976490825423,0.003358757107528979,0.005007261809301316,0.0038283555629311794,4.85334307566386e-06,-0.0021895947381764735,0.01400399356293639,0.013318984209829238,0.009447433692465004,0.007990023907668566,0.012116331433817894,0.010793528200103063,0.009904898064170168,0.008666605813618278
971,0.057203817827379974,0.05512191507746228,0.026885066927796363,0.022481145921892803,0.013228095465393695,0.00939049957068145,0.0164772499156685,0.012499525949024332,0.03409152922989962,0.030443249585541156,0.03608404355769905,0.03522195991849703,0.016502905427838784,0.014727312365346976,0.008010842065001189,0.0063907288449372,0.010718535762043988,0.0089632721692153,0.02124681189609537,0.019703396012052992,-0.003378985397514159,-0.0029094483919394646,0.004650758643537798,0.005221533290024289,0.0022290357544995014,0.0031218953972375835,0.003457707097066548,0.00457629740891163,0.002164527755207378,0.0034190783213243203,0.0033397921654800995,0.0044199896981434285,0.006661835146012163,0.0069662019190145615,0.0055848117908093055,0.006572660113172972,0.0051645141525263226,0.006111139014671717,0.00811880749953721,0.008914166224395238
972,0.05602816540444142,0.053054496043137014,0.024740820099171185,0.018159934472091042,0.009643296822883864,0.003783979869582754,0.013000307631221623,0.007041154706848876,0.027926540949981694,0.021968201195495578,0.031924702782472655,0.03045675897412704,0.013154740830952824,0.009588779799956076,0.004702791176444377,0.0014991359755500374,0.006570845013705365,0.003285792751077667,0.016095055083058536,0.012896795250838552,-0.001838920297863807,-0.0019238007327926731,0.005819318903354681,0.005752157435195854,0.0020844699435787597,0.0018458669550429217,0.004398422514460749,0.004222388725820466,0.004613751893309092,0.0045462492088961075,0.0044545367415824745,0.0029229543456752364,0.013918088079816465,0.01347812719398368,0.009205490123468156,0.008271211537980489,0.009160840402611614,0.008219169713889151,0.00967923536457378,0.008903605652552467
973,0.05335387233224359,0.0516737824204652,0.023499115242957728,0.01969301375760814,0.011087145571531152,0.007532010782104907,0.015587110229009559,0.011933703614997382,0.028425833802414136,0.025176698178800205,0.030596908641542832,0.030457898679396755,0.01599351917300416,0.01590658307421221,0.006831441253045486,0.006184084507635832,0.010040385627593924,0.009314510283981439,0.01756183732639588,0.017211529922856926,-0.008688533766368208,-0.008822903230477169,0.00232119019523849,0.0022706917849110346,0.003986560184645424,0.003855474371294104,0.0017906012487188274,0.0017014867882120914,0.00029020344201337555,0.00017586050045943113,-0.00025980817119927485,7.928142664360925e-05,0.009149131471800223,0.009386128467930563,0.009673693480148913,0.010651444350580278,0.007504289425137714,0.00834754222808891,0.008569855807712867,0.00920557296001489
974,0.044717867505894245,0.04159887268612882,0.016793142673026618,0.010383970126856532,0.007225659275722879,0.0017103533005986614,0.008570954348472003,0.0029580908489888385,0.02251862841232871,0.017004419014302868,0.02294899069692491,0.021323552669041825,0.008584492915443491,0.005402327796682675,0.0030072943460696536,0.0001469156138952574,0.003488520738511975,0.0005811925591334614,0.011803005754019855,0.008952391403370384,-0.0040340033723187535,-0.00464166319665415,0.008000309648087763,0.0075532785774035955,0.0035209371792691638,0.002509249340241996,0.0057659231517556845,0.00469557959118334,0.003961061185444103,0.002858874407822853,0.004852684074554295,0.0020870670400748585,0.010481936715421579,0.009641277004862212,0.01032953990874321,0.008264822515300202,0.010481185844540039,0.008547951662392812,0.009269872429946277,0.007642540842779988
975,0.044777334542467684,0.043362961650633816,0.013302243818526798,0.010112689400272915,4.031321327682636e-06,-0.0027206808561584224,0.002911546927011362,-7.64851462579149e-05,0.01654433095143368,0.013680248267957773,0.01773592762987102,0.0179185035774948,0.003876106509632912,0.004169912230343587,-0.004348464094104068,-0.004252619801106603,-0.0026855864501667327,-0.0027878196417878455,0.005569437752909084,0.005726504388242084,-0.002716365381425889,-0.0026727758749985142,0.0064932284288950134,0.006641544853507597,0.002146916609640598,0.002318573490174733,0.0032110383992398255,0.003388568023726847,0.00486081252110662,0.005159172136449817,0.008343646411214597,0.009440598780021703,0.007557556635380732,0.00776608782854373,0.006082805738817356,0.006808712888899365,0.005778665666017607,0.00637993256750107,0.009343162420808534,0.009869581399846585
976,0.061599738425165806,0.06000724503130537,0.02586750656733065,0.02242190021985326,0.01105358907040611,0.007796596001219937,0.01586413906914207,0.012542455126367058,0.03236155496209658,0.029369587510555045,0.03461837484369544,0.03411378023844975,0.015643787609456946,0.015015918256863709,0.004606534292386279,0.003644264097006839,0.008432262753747435,0.007397388410150728,0.01856490783961961,0.017772936441368452,-0.001239994611606398,-0.001466273717158685,0.011451580317296541,0.011280891223761719,0.0028069987513495887,0.0023276954484447517,0.003978491397020145,0.003462269213459443,0.003478381347092431,0.002848652407757341,0.003569095968839378,0.0033978989293747784,0.010316744566054891,0.01033147261398714,0.008054941833659469,0.008101339991727456,0.01203057329929456,0.012372548371265234,0.011479273692205041,0.01165130179690117
977,0.05644718970456626,0.05393275494836104,0.026466918274657865,0.021403390635777488,0.01070049457789896,0.006106158748399404,0.014263360631135197,0.009547173783512764,0.030354610060811065,0.02607114530198818,0.03410980936925793,0.032685172830834976,0.01622409839592274,0.013600295006404578,0.005945349989968102,0.003558202322666264,0.008754572737690314,0.006269473423386254,0.018248496797951746,0.016119179064057194,-0.00014022276683133477,-0.0002923624202914027,0.008521957406246424,0.008447004563681474,0.00904448830405406,0.009004762245241335,0.008661694566559651,0.008595375697967254,0.006678042469124667,0.006472272148183455,0.0021435568364938265,0.001262116048224102,0.009846623399439123,0.009529657981702433,0.01063734560731826,0.010393736009304617,0.00947308128286245,0.009117637074884399,0.00976104797784597,0.009379438960984709
978,0.05402564651948745,0.050628748886978395,0.02536103398095897,0.018939336036994017,0.013550220424082942,0.00785008238224476,0.015901146684691867,0.010022657700274452,0.029868083213087114,0.024161838240181935,0.023110707700456732,0.021257993455355145,0.011812877471101007,0.008520961270215817,0.004215414975720751,0.0012460063194099506,0.005463927837848595,0.0023607915034662497,0.0146191090239991,0.0115788975067893,-0.0032676722218198664,-0.0034510082117230035,0.005407332403524752,0.0053399711015975695,-0.0013350877491092302,-0.0017332887985500988,0.0011795872422765774,0.0009174561354865675,7.302161907621623e-05,-0.00023130930545254302,0.002512769925270887,0.00220167182871523,0.008210882565728989,0.008021183920631501,0.004370720095010547,0.0040828480610334734,0.006786357254478344,0.006655801980273851,0.00896305028748427,0.008796645624518536
979,0.05862559351147763,0.056507083780779274,0.028652580020776818,0.02430577121041388,0.013623997695853271,0.009598378118363036,0.01786951073970367,0.01376885512653479,0.03268339809372904,0.028817047971597905,0.03293284865283204,0.03246136276569094,0.013792759799113721,0.012642864642877708,0.004325598446067164,0.00301168335676514,0.007063403265279234,0.005609438614956023,0.015900483047036285,0.014680065586116647,0.0004398606535789003,0.000544491490890547,0.009583418761356157,0.009875671047214507,0.004503824647397357,0.004866596969981152,0.00407322735224282,0.0044805013693601055,0.005407592541487019,0.005950968487147113,0.003605720960102117,0.003981809660086067,0.008894693809919871,0.008988764106030712,0.008232126238024915,0.008875021339069413,0.012089439974577069,0.012723744931759337,0.011574651964864843,0.011974644127485399
980,0.05215597853708148,0.05021115207433251,0.020250604269765778,0.01591348072178288,0.008682092250805308,0.004998994677739786,0.01195330239220306,0.008198742701417397,0.027823332432668758,0.02435597574317834,0.024226574777001894,0.02415781890205673,0.009656914171356373,0.009255375347453364,0.0018114444081108565,0.0013687388089258258,0.004273063259083027,0.0037593140258726154,0.014050845094288927,0.013853874857462223,-0.0020046650624345515,-0.0016541627648030011,0.0025394414024560792,0.003056636996439636,-0.005761557725636859,-0.005113774554643588,-0.005934153693811568,-0.005304151686605793,-0.0022059493082898832,-0.0013598394837162735,0.0030295174069995363,0.0029190401232147946,0.004955421073048012,0.004704086626654571,0.0027848372364845026,0.002571839559882465,0.0022920601207344687,0.002030308083163504,0.006899563751089644,0.006817147392284922
981,0.07128340630708438,0.06848021742214186,0.028812638448042698,0.022650346986388348,0.017917950641652632,0.012520029890971252,0.023227900343160596,0.017869600665711412,0.036194625455179416,0.0309158551304765,0.03770638637544046,0.036416175934212404,0.013283914895583318,0.010360445728679172,0.005513928135427605,0.0028485925462209275,0.008648771046604067,0.005973982943264559,0.015789912810375686,0.013219167718995225,-0.0075237596254288785,-0.0077167277572175955,0.012282077979158217,0.012193077461164712,0.005797887122040697,0.0056373826625426525,0.006402165056345556,0.006278319029910115,0.0064440099366968664,0.006363826258270542,0.0012507072614407707,6.621538382437626e-05,0.01166657773020382,0.011449267285658126,0.009752958356386067,0.009486912615948766,0.008702059977724417,0.00835040955586772,0.008639271817143804,0.008218699698159573
982,0.05689590867762908,0.054375813369389694,0.02982255784642941,0.024694779513236884,0.02013922624551983,0.015424330019913118,0.022925058528121774,0.018123745068223975,0.035756817564832,0.03121689004363342,0.02941910049752282,0.028609654177699124,0.01618764070552282,0.014722155117154103,0.008894366310295389,0.007277166269507582,0.010485128821912855,0.008794132182907782,0.017418423155735233,0.015934968544387508,-0.0036027282973573127,-0.003823094713867583,0.01355481375289575,0.013426827891117843,0.005788353287673478,0.005373097609162839,0.005713323700903956,0.0052822742090745355,0.008386443424513109,0.008161259892201324,0.0022640741583395043,0.0014443666611113279,0.01431881437971159,0.014068158924653773,0.010175187504013415,0.009674710976347024,0.00973837226547444,0.009148979222011421,0.013696057274872275,0.013301812540453997
983,0.044869392278501646,0.04342688649036354,0.019251573172491994,0.015795497294577108,0.006005150841739439,0.0028130814942487824,0.0094314995942498,0.0061084261392657145,0.023291701134157565,0.020241592751584627,0.025837072213792396,0.02525193100990723,0.012905867279413194,0.011623169552217451,0.005726054528199582,0.004424408306947475,0.007654218172096355,0.006230299904599564,0.016123744008249077,0.014815711882193536,-0.0037012474466987947,-0.003505039876210844,0.008153967744981755,0.008612047358114047,0.0013532511261398743,0.0019228399433706797,0.0023185956878824156,0.0030488461124819127,0.00235701081175076,0.0031842044580707544,-0.003907519797236766,-0.0036024549987031854,0.007027984275545793,0.007343718278421646,0.003928995174125206,0.0045018458331116985,0.004555823271220228,0.005192248830291737,0.005953645097969994,0.0064578179864754805
984,0.06752440352401791,0.06412284820773047,0.02699448606607095,0.019721992376195527,0.014599070996413156,0.008229804983106836,0.01959752887189334,0.01315856204181443,0.03101041544293277,0.024583224681428643,0.03748842237185846,0.03553726953133512,0.012920735751497905,0.008764480580763576,0.005623268570535442,0.0020286373284814077,0.008499249839635702,0.004819390729445263,0.016057138507740605,0.012300934117375994,-0.006011278931909999,-0.006230819034063803,0.0058959520172478545,0.005840982834794501,-4.9309203171419235e-05,-0.0002964059829232054,-0.00017099666278749354,-0.0004209951033186554,0.0003965516452272593,0.00017494074382616887,9.145803899288613e-05,-0.0004493980818507371,0.006703387408733929,0.00648576685603886,0.0029376289803733076,0.002566010434937974,0.005292713682851094,0.005112173025792195,0.006709518241352508,0.006506912615594272
985,0.06155270625780347,0.059025961571233285,0.0251965886227354,0.020162127800346905,0.01437418366112457,0.009918030958008039,0.017038843183167902,0.012601845740955584,0.02863296639036168,0.02405716313686845,0.034896747217091614,0.03371206322627642,0.014286560536093623,0.011871310812797613,0.007862328886078003,0.005580233567439001,0.009314208670781626,0.007007386613430355,0.01690163053420008,0.014580295912183424,-0.006928090299617488,-0.007179870363358433,0.009186670290008228,0.008958659900678415,0.002105094785048808,0.001726373678130742,0.002666936189811157,0.0022409415542785976,0.006205375455153999,0.005849899596023793,0.006222182287469711,0.005634689772131139,0.009472871132596586,0.00922558424145219,0.010903685969976238,0.010814800793363007,0.008930516982461764,0.008550868663577581,0.010444710376002996,0.00997754732798784
986,0.05131181965802617,0.049391906482085864,0.017185438783913515,0.013204106725203743,0.002763785724513721,-0.0006287321836381855,0.006826091536894173,0.003149344294493531,0.0205603822067626,0.01688961602051616,0.024421762593621634,0.024433461770235344,0.004988934857972425,0.004823747553261236,-0.0017250104562451037,-0.002000528415328092,4.521836630724035e-05,-0.0004732211958729985,0.007675312579174867,0.007382496505084604,-0.004811588521243034,-0.005141445671796069,0.003216003640240846,0.002789005954513253,-0.0018718632118828234,-0.002706017000059267,-0.00010642529605267154,-0.0010302472961281925,0.00041019798916474,-0.0005681990630311427,0.0023253682811893847,-0.0002208623835000142,0.0036636042933680746,0.002748944432405093,0.007973049909259816,0.006001344462396079,0.005896936801945798,0.0037639339948460047,0.007061527506014931,0.005410531738959312
987,0.059916958664511265,0.05731090454621514,0.0239853271405999,0.018430635219309707,0.008737741428414636,0.003875681756506489,0.012061986013871309,0.00715043817178017,0.028611798784300986,0.023564957017454053,0.031736502424141624,0.030948900358370796,0.010199791979545977,0.008397076586437287,0.0006700925677651236,-0.0009471249051859441,0.002388617942754361,0.0006442700288717583,0.013362562709032336,0.01165740352697411,-0.00698857377720271,-0.00746802648515134,0.007695918307292304,0.007218227391873613,0.003516271244101576,0.002571342785129869,0.003061565894911407,0.002056251026225402,0.006060560326638095,0.005014778334207315,0.0013983500093088298,-0.00034978263618036537,0.008418153215016003,0.007873958331846464,0.00889778201156548,0.007569867746178775,0.0071599549850119735,0.005976764521003088,0.008711816487656007,0.007625766351668885
988,0.061445027380925575,0.05965799290674232,0.02354038605018517,0.01952887937142439,0.007993002565443549,0.004222047013721274,0.012157561668330236,0.00830021709842225,0.02845367909119561,0.024943961166471074,0.03983835321192286,0.03890272807037469,0.013835585674423983,0.011993846391032912,0.00201200809426865,0.0001563845313857603,0.005484558087759434,0.003570698232246129,0.017478464840885312,0.015765197425905337,0.0011805795570613918,0.0014617845015084013,0.009577311483032957,0.009973894799161668,0.005549478320532586,0.006216576793364155,0.0069842495819137885,0.007827344192349293,0.007584471988616383,0.008421788641033028,0.003068965558728036,0.003470848685627214,0.012722021374178388,0.012837452621521727,0.008099883831758853,0.008938647349617888,0.007679295618190955,0.008223299327824594,0.00832756293697785,0.008705499104941974
989,0.06042476784754264,0.05809918735835288,0.024463085043417192,0.019518813331885564,0.008395775503923479,0.004045909724988352,0.011998360129659926,0.007402377559521084,0.03068024185812742,0.026313100752151153,0.031999056352436,0.030698407232315438,0.015134858506009662,0.012414265867569756,0.004223498622313646,0.0017187608106385196,0.006258782566768839,0.0035813204865948584,0.016687372530660428,0.01413155588050356,-0.004351218429541663,-0.004247042322952212,0.002499377622786952,0.0027341058040147247,0.0010795499333209285,0.0014385827429962872,-0.0007001369227809834,-0.0004424155309721742,-0.0009962441728601867,-0.0006042738578987677,0.003430988891421065,0.004357417921074977,0.006011456276117587,0.0062357435715341665,0.004718898816982722,0.005350106100116219,0.0019901906081580996,0.002453738220281826,0.0024487123902991515,0.002782231380760939
990,0.0662026719272962,0.06350411304675074,0.03179547611237929,0.02542507766443324,0.015390869805598797,0.010002198959478648,0.01981929655119179,0.014380268891349893,0.034624379044246444,0.029083092147471047,0.035571097857718406,0.033633350255075266,0.01962623811223107,0.015265364666622141,0.010875018634704465,0.007210507267226085,0.013564883708571987,0.009867651657899443,0.02257651022395213,0.01876743350099523,0.0009294384338267613,0.0006413916867273147,0.013783296814291477,0.013382891809386423,0.006978764008844812,0.006182740174257062,0.00831815250483864,0.007508913355884874,0.006805718401911684,0.00594546329933894,0.0013861415819918243,0.0008328421726304612,0.011279428801071804,0.011120926439535887,0.011383309426411673,0.011352140040270218,0.011689412627969843,0.011712488205322832,0.009804004904059218,0.009623539440913927
991,0.04890849577362712,0.04647023442033581,0.025070422954147333,0.01995907555879644,0.010729194386994942,0.006150387138114808,0.012840028212112647,0.008167587027715976,0.029131064903044422,0.024541333012797553,0.03308919981220531,0.03187892404949524,0.018969001623228086,0.01657032131588032,0.010132323690745872,0.0080516645944983,0.012029024146264767,0.009834781910426279,0.02129208220262418,0.019272975362666787,-0.0028982905489656333,-0.003155475576756838,0.0039895406794065195,0.003630243474503283,0.000983630718969043,0.0004447115071417824,0.0018572644376964962,0.0013107897110438075,0.003643708366578101,0.003079466958482503,0.0022547814099189967,0.0011897337652948482,0.007151732916071253,0.006690103354308396,0.006364641724669981,0.005662225066526512,0.007263173182671767,0.006434334751737434,0.010092767976696195,0.009490006822187622
992,0.053527767355527445,0.051562877537252125,0.025086914217819768,0.021183390412446317,0.014326015390967551,0.010649922263788372,0.017151062739367794,0.013264150145924067,0.03069663544836606,0.027169726307643964,0.030224633037545922,0.029265366261393682,0.017221527643391837,0.015627859856696076,0.010773484795185124,0.009243877609592277,0.012063030093838693,0.010307754903062589,0.020741513281807032,0.01916099853759577,-0.0016616527297201103,-0.001639213420919925,0.0025864579412310565,0.0026153365905376754,0.0016283520069403947,0.0016214017965345718,0.0028977918768581454,0.0030049788718800015,0.0010367558527140561,0.0010760666875682728,8.96882192317811e-05,-0.0004525551594020998,0.01032091407696601,0.010111105488082204,0.0064778657117779415,0.006174777203479249,0.004002436690962404,0.0038170683461270704,0.005750046607343904,0.005575210110270541
993,0.04536460617784693,0.042743902214244386,0.021638655725730094,0.016090703796374457,0.008126593919600024,0.003229365624901957,0.010566634501829746,0.005707437606677665,0.02579248969139445,0.02099860449246629,0.02546326561463595,0.02379013199976698,0.014132391140497474,0.010795210919782312,0.004931836012064911,0.0019458466432681406,0.006480043926507676,0.0035110751029994005,0.01619424529126434,0.013194217599352524,-0.005511173912597615,-0.005669291064153874,0.008660832912069524,0.008508307280707571,0.0013614566708178067,0.001023834227114974,0.0017296893211952405,0.001404562167517099,0.005545159035318717,0.005307426721854083,0.006871382947927468,0.0060585185956360055,0.008733182715868303,0.008189515331247945,0.004531691928316616,0.0032182338156787776,0.005395477447032544,0.0043616009507880665,0.00810851243212118,0.007277815378349231
994,0.0628664690348292,0.059966646138650936,0.029399657062886476,0.023168032973257313,0.012629639914349872,0.007363899714771627,0.018001149956043083,0.012654611264171686,0.03430730943674962,0.029047497366736823,0.03780712917521204,0.03631611483614254,0.016757785760240333,0.013444723221174525,0.007175820049488811,0.004437275960114532,0.010838954834974927,0.00804657312129375,0.020703498683284673,0.017952303719245666,0.0007858704240250051,0.0006930331245279392,0.0030757633413583257,0.0030430596459491872,0.00019990620177736434,-1.0996185090808097e-05,0.0037765855232780683,0.003648211361769494,0.0027728071558082252,0.0026428140688153695,0.004965306105426062,0.004030369532688542,0.006304072804380835,0.005963979087508844,0.0039176904794013,0.003342111351081049,0.007421878763335547,0.00685880859279985,0.007437836149670353,0.006979231531077804
995,0.05199145182021318,0.04995391123049202,0.021370355122865982,0.016651400281017276,0.007689405343258837,0.00380012179545616,0.010951659627085863,0.007027190762568167,0.027535071226316644,0.023587577213429002,0.028417324786909226,0.027654439454717784,0.009517649320457795,0.007876010244471545,0.0021638014802377406,0.0006796986472927534,0.004278164898315988,0.0027476124182437183,0.013522917607727433,0.012038777076063888,0.0016498267818572665,0.0015495449501803002,0.005612694831423985,0.005456307308700258,0.001556931283768375,0.0013034415298478538,0.00248816339841718,0.0022372780601494263,0.0033999554846359027,0.0031899169995032936,0.007441872663726153,0.00747355970344331,0.006241438140272521,0.00618031151769559,0.003946415563815655,0.0038771126343325386,0.005736228313153342,0.005729885828705881,0.008724869113081856,0.00871148287106871
996,0.048075648423597364,0.04518777545083248,0.025481799395451126,0.01926118632484037,0.011543453652648004,0.006241368012638834,0.013908318490925548,0.008473893466933996,0.028386071624397574,0.022820263465141766,0.02587143511556461,0.024695021136322267,0.013220990361395197,0.010724492077807414,0.004520322540910469,0.0024216241465091796,0.006848102335677833,0.004659491757729713,0.0159193679112454,0.013704404047340673,-0.004148643122935154,-0.004318468792996383,0.0027165183981921926,0.002471465437031921,-0.0014771172560011016,-0.0019238013690694867,-0.0013265848014625348,-0.0018123945175630943,0.0018891100625224116,0.0014282293614151919,0.0032167487158407644,0.002408059017127806,0.006646534122313116,0.006383249822886868,0.0035985044185040784,0.0029944768352779395,0.004499453533847979,0.003908669125942539,0.006762822534607237,0.0063226842224071555
997,0.05921610859133982,0.05688482957227885,0.02477399353423506,0.019483605428477088,0.007615216451998687,0.0031283428603976213,0.011822265639524505,0.00715169245983943,0.026716908548331704,0.022044537535915544,0.029598750228927533,0.02815216090967678,0.02042163317151751,0.01751505773039478,0.008059040541203483,0.005538703927560841,0.010363548115806531,0.007674399368026231,0.020040271799747034,0.017262007599062955,-0.0013390996786443797,-0.0014966459531606034,0.007047888788359334,0.006739048835865448,0.008140138304123485,0.007736187573993391,0.009443498463983409,0.009044403576388742,0.01021471059232927,0.009844085963013617,0.006032379828939681,0.0044894323509365106,0.008086414893121119,0.007479137058800045,0.01291789248227215,0.012061938568204787,0.011339649020286424,0.010327460363891408,0.011804996818828642,0.010935130458221691
998,0.04210879719920113,0.0394970407727462,0.021416883912377584,0.016231460421698173,0.008754431715762243,0.00417434211724276,0.010216062436615967,0.0055136028881281,0.022107336907617747,0.017276937092450272,0.019200497330566786,0.01765895946797328,0.01422761720727787,0.011533069973036558,0.005794165479821711,0.003394553444232542,0.006366008895635771,0.0038951108955158687,0.014391548584870049,0.01187178141943891,-0.0002836086052791479,-0.0003805732049661554,0.0025874646786559438,0.002515192277142995,0.0016208823869059666,0.001499857655211574,0.0025726901848507804,0.0024782415576239314,0.0034219209996463893,0.003347621956432434,0.010029647719285523,0.009576742689177218,0.011619553057954495,0.011323780445978744,0.009653720669645755,0.009153434205868848,0.009694014500506032,0.00920850941210315,0.01171697354486604,0.011291069450019888
999,0.0600735543264175,0.05616151207444882,0.030096372411791687,0.022604119480406602,0.011083077093695864,0.004773693005665209,0.015393545913504758,0.008920795160343506,0.029439714878301593,0.02292536860873786,0.032730315373442,0.031064779563139987,0.014937739976228461,0.011759678662854704,0.0032851144904242633,0.0005400213986597813,0.00629952317390709,0.003440111525624695,0.013743606115456603,0.010900551635207405,-0.0027385614746957406,-0.003467156702370207,0.013067878181406542,0.01239580949840648,0.00604285548231416,0.004904452341230201,0.006479439451561186,0.00508927735248529,0.006768162879081221,0.005402931299215008,0.00742606339014963,0.0057285839393352595,0.012205860370789908,0.011612577921560964,0.010922166059084767,0.009473910940570445,0.01080340192476512,0.009614441124109856,0.011064442667860185,0.01001534361471377
