boot,Conv1|random_weights,Conv2|random_weights,Conv1|backprop,Conv2|backprop,Conv1|feedback_alignment,Conv2|feedback_alignment,Conv1|predictive_coding,Conv2|predictive_coding,Conv1|stdp,Conv2|stdp
-1,0.028831973665734017,0.03724572511135307,0.01230328704039343,-0.015343415401156144,0.003608515118421929,0.0059934106763789375,0.005713031055735227,0.005494442859399385,0.014589956725031498,0.015671263975413012
0,0.02881870046284262,0.03958174704861246,0.010216424297793184,-0.012011898762882112,0.003896031544946604,0.007290653485205927,0.006065976968026552,0.006212333872835778,0.013987388996610787,0.015639520955785913
1,0.03698770808462573,0.04343165675544913,0.009209467252086666,-0.01682693840931381,0.0004935491069652891,0.004859646107529537,0.0035521745558366236,0.0029527013325864266,0.010816307172636062,0.011522710382947252
2,0.035171472451489084,0.045620399980617336,0.018760967952359354,-0.008828748166999842,0.008710845383607895,0.011797769189784644,0.0119397999144372,0.012403270752443012,0.02099113001148245,0.022134460315258377
3,0.01987299823021594,0.026088818964119624,0.008095016947351395,-0.01851886362112904,-0.0014033062328098413,-0.0014376499068712366,0.00022589238903659826,-0.0013307808177147374,0.008677411521193038,0.011010900461474574
4,0.01597119317320938,0.025893466185895848,0.002483379361839396,-0.020710895379882625,-0.0048883662827819245,-0.003506929774438343,-0.003188810160553345,-0.0035691236808980684,0.004528456056451869,0.004679315116828035
5,0.030605198195555648,0.03657747603024371,0.014971094783541994,-0.015194885610080793,0.005550100072792819,0.0068606980589423884,0.007096617594050414,0.007757467070761489,0.01581372685976249,0.018808696788946425
6,0.02214066605734854,0.028814045094770695,0.011677599768209689,-0.017251529151236865,0.005512151410837531,0.0031286772922628275,0.0070671161286467166,0.005118066931490798,0.014519554423904615,0.013963472421618486
7,0.03371176513576089,0.04158828630894999,0.01963284400361729,-0.007349890670652902,0.009623577948578623,0.011214708188680367,0.01128712100976394,0.011374878197772838,0.019576847111951047,0.022488056839582823
8,0.03158372732598795,0.03945614962956403,0.009100731424125558,-0.018880266172200882,-0.0016785436141347827,0.0024735145505024544,0.0015673803103371138,0.0015665260487811796,0.010989504500354135,0.012172524100008717
9,0.030436893501980762,0.04090366284541018,0.010270165363152731,-0.019331934883642803,0.0012720466803491787,-0.001630161869750741,0.003414584507075074,-0.0006213576151333121,0.012905899238731278,0.011597992727867946
10,0.03012278213332073,0.036645062491047625,0.013437155230393693,-0.014442471563340286,0.005429140717044852,0.00804550231906975,0.007400378648792001,0.0061655035533973775,0.015199749586292078,0.016024893217858917
11,0.02519394721519779,0.03422569470490102,0.0070193642895611,-0.016919167901608398,0.00060410283301808,0.005638620197689684,0.000861062599215082,0.0027272780616773165,0.009401356601048058,0.01055267596506555
12,0.026481749699832198,0.034131429236037306,0.009938609694698512,-0.021945625922623772,0.0015394698207850772,0.0023797400939681306,0.004831304574132165,0.0032952646565332843,0.014931941764989281,0.013209430857627356
13,0.026320813241601303,0.036103762853917906,0.01712003658846351,-0.017164058305526815,0.005330868324306929,0.0035328828753078655,0.00717567527793061,0.0055808076322879955,0.01691833661181265,0.01755993152302408
14,0.03420392444009422,0.04549851388518502,0.014244146755505383,-0.015360379992899114,0.005255437916572004,0.008565663467427174,0.008020551780019956,0.00703418616024952,0.018085519525339985,0.018442714349095217
15,0.03357532386653071,0.043588571140718506,0.018903684224089584,-0.016476699843287573,0.007872495820325036,0.00973336623147504,0.010519226261522987,0.010120405749470335,0.020949978678430327,0.0197679169591584
16,0.028892399680947922,0.03747610303054578,0.016793846220877578,-0.006512255186275856,0.008561521177965931,0.011751265643370545,0.010271242459188082,0.01076626621639554,0.018525420914185374,0.019960586585578415
17,0.021699523740548628,0.02929998385138899,0.01004995367561404,-0.011874356239327359,0.0012588716178363571,0.0021593262507860907,0.0037091395812635835,0.004132771399624971,0.010242637094743361,0.012188892643986824
18,0.03183439353754315,0.041823517287591636,0.011736404269538672,-0.006882227981760575,0.0006520011583020447,0.008332890002766338,0.002683698221279103,0.007020571733693801,0.013100470238056734,0.017648068967478885
19,0.034669710693731946,0.04396868795838569,0.010925552827324412,-0.018782440275348082,0.0025512599281372083,0.004319919485903657,0.0037951345114998073,0.0021144324817700512,0.013198434790371406,0.01222791365360187
20,0.037125338736197444,0.04547452024567415,0.015595208368433653,-0.017539261882226386,0.008048648587488166,0.010429537059596511,0.010629225043669966,0.010389699165186745,0.019019822378718024,0.02069522518311761
21,0.022578061502256056,0.031278720399180886,0.0029876922860080416,-0.021811310629560286,-0.005855545475272667,-0.004702844317707109,-0.0036656696344956096,-0.0023596385200523274,0.0033353313723646005,0.007387269405936062
22,0.026633066184830634,0.03364023942060578,0.010111097174779258,-0.019058836165413786,0.0032092939766108206,0.004308736400680449,0.005928679807644046,0.0029848426405070625,0.014453782323891839,0.012062920596978598
23,0.030727081712706994,0.039232355831998945,0.01682936283192044,-0.010201230519396488,0.0076816688923406155,0.010010696236697945,0.009434865726165892,0.011964735057429345,0.017992741086290048,0.02112107920910117
24,0.02351500109180584,0.0317210765669728,0.013072502446988044,-0.011493849753349559,0.004433655580660567,0.007886176584117301,0.006356552904633539,0.003944543171045174,0.01502662603675628,0.01676184832384441
25,0.031141845857174544,0.03859307270690863,0.012786947174878844,-0.019973841933369926,0.003106931266056407,0.00258509021922058,0.005204034136510289,0.004687168609611511,0.013592482437492944,0.016206049853012185
26,0.03277272336120688,0.03879271692786306,0.012983758564125364,-0.013417541805525027,0.005157415730525803,0.00858679829965366,0.007422865984728517,0.007376065902712689,0.01499599739327662,0.015888308104263334
27,0.03108171535602079,0.04057703304025802,0.015672850024879968,-0.00997551846829078,0.007634728766020843,0.010286215713433935,0.009834614561708878,0.011761138556931516,0.019000298571124685,0.02276174922794364
28,0.028521223251251122,0.03366711629456505,0.008969287606841606,-0.01602113418079005,0.0005940588194365039,0.0038317392123121672,0.0026264675769635155,0.002848278702197149,0.010831012610085069,0.012782905586995135
29,0.02232316859625611,0.027824698301862245,0.010214861805737713,-0.020631055424341075,0.003351822001158957,0.0014883578734446923,0.004639815098901287,0.005063278970357741,0.014205219580795897,0.01488917966335375
30,0.03264830577397042,0.041363727122210495,0.015530491855542266,-0.009887982629288302,0.007352022280188259,0.011451276713403962,0.009808958098868007,0.010784624929932454,0.0180975675973895,0.018930926416178485
31,0.032570034999878775,0.03830397080444215,0.011986916576839934,-0.01867985221530144,0.003918426370982112,0.0039718722229007564,0.006499925981649317,0.0039172557149782915,0.01659838713533296,0.015971663763569323
32,0.030527917788541758,0.04069108977036349,0.012850913087050034,-0.015802831466002264,0.005335338232955602,0.007330590881372739,0.006982120512567557,0.006887878693389494,0.015301948149744924,0.016363848204080288
33,0.035075648736113296,0.04402857108595178,0.015131166868082191,-0.020047690676430103,0.007874218222167296,0.008187427023415985,0.009723354584941838,0.007977108879674616,0.020758771007398626,0.02068969793349191
34,0.03096516878061062,0.04090601192101996,0.014183577233094926,-0.014920597770892089,0.003789685516091712,0.005464485768657729,0.006877184362912489,0.008140233605287345,0.015945892045289612,0.018072176538186636
35,0.033618085714524876,0.04105390615474773,0.010941160609935172,-0.010011927931538019,0.0022076200384433357,0.006873649896258828,0.005480241041034542,0.005679613910332483,0.013554369895031643,0.013941651416930828
36,0.03117155316676825,0.0368240714537841,0.015680458135566684,-0.011403632755839584,0.0075343118979459365,0.007968507225916402,0.009565427100690155,0.008925518980020539,0.018587413080401356,0.018971057600129217
37,0.03267035499310679,0.03938367791515083,0.009648166226378253,-0.016833720771264916,0.003249761657551903,0.0061415620358766755,0.005096641130205587,0.004566821177735045,0.013848731913702889,0.014063985713686245
38,0.030191856206012634,0.037189140311227165,0.012250496849206993,-0.012204055054320808,0.004696492106442781,0.006775932557810865,0.0068787135652878684,0.005423527874499718,0.014922026384052031,0.015158343492835766
39,0.020934861449973873,0.02714965810463037,0.0064122659594858826,-0.01557097047664722,-0.0031211140872470836,-0.0017213870450930216,-0.001058627979751268,-0.0009727618558549617,0.006477256575873154,0.00883016826817487
40,0.026242836455812064,0.0336149005976198,0.010733063648635513,-0.01869506186821116,0.002481848777273028,0.0041992530710363764,0.004846074416368092,0.0029903182865037388,0.01406821310084062,0.013006236275293204
41,0.021126004468223686,0.030061118157517462,0.010278321048108868,-0.015995566062711644,0.0018378566022157615,0.005242915008943024,0.0031709462339628,0.0015248428104989303,0.011927797862024393,0.012492391291324671
42,0.03994051444659475,0.04942295896775906,0.013913971578213386,-0.02006774578327914,0.0061939134327386415,0.011052612178062643,0.008237398507030492,0.00760365709249156,0.01800254292104907,0.0181062756778066
43,0.016452155573890084,0.024132985572192178,0.005050659810675699,-0.023407538309751896,-0.0030575817160915153,-0.005013419032048134,-0.0019189970355792424,-0.004306433916426557,0.007008581546731098,0.007904844469272391
44,0.025795568133359297,0.03097617509611391,0.009352486815131908,-0.01657648233258554,0.0017298997174688183,-0.00035081706489909745,0.0037357172100316014,0.0009041796176682892,0.012006541391190274,0.012109121304729154
45,0.038700758571780305,0.04700883479766594,0.011647751094969572,-0.005713790674243909,0.0025505333602341743,0.012713086446515406,0.0057211896030446765,0.007992704336059146,0.012879911026536961,0.012590628037805926
46,0.0308647694288184,0.040340936552248616,0.012142481849639428,-0.01784230011790013,0.001478364162874062,0.00524264289703848,0.004094499529662789,0.0038411975812622165,0.015498439223361646,0.015710548266318798
47,0.022939248164341716,0.0305678494983393,0.010247891590666417,-0.015226757522699927,0.0034045881295893337,0.0020383713521172206,0.0038178709611535236,0.0025082153553504247,0.011359042174245462,0.012384058966866925
48,0.027310562512108245,0.03697011382073169,0.015323133279393785,-0.011356683466646755,0.0077048977969649156,0.011274324978281472,0.009262442611548002,0.009094235329856495,0.018728849626444423,0.018839435409296508
49,0.030862414079909493,0.03875588513322715,0.01665006306676175,-0.01572064112595935,0.006524986303173756,0.007715205869112807,0.008238781896226245,0.007834449048035328,0.018017170201282594,0.020674363582913375
50,0.027166994635597474,0.034363061579146315,0.009276373470726256,-0.016049740543347252,0.0015515056754708152,0.006135847098710979,0.002565841694251939,0.004294384463347991,0.011003681823787193,0.012225086334896208
51,0.024757840300478652,0.03273199177585688,0.006420007000827302,-0.021725528234313,0.0007714693446906584,0.0017019290476255652,0.002057904928103717,-4.2128178869569113e-05,0.010238830395569628,0.009450034213121815
52,0.03751172942270925,0.04645716495793984,0.017130430713106288,-0.015716254308833937,0.00824511826909113,0.011396022159099531,0.010850027400702147,0.01031619502843611,0.020544007415687328,0.021368569632418524
53,0.02470655571538883,0.031307450111555266,0.00982782605445708,-0.011641171320294984,0.0036979920613482197,0.006573161319422411,0.004811945744897547,0.003411727579659992,0.011076818149839544,0.011581015032762206
54,0.03773226439159707,0.04620185414510527,0.00941191096276778,-0.016036931119961607,0.002508959330478221,0.00746917521731109,0.005711416957341032,0.006224664790860504,0.013123045600970057,0.013752989022447667
55,0.024265367857842272,0.032205456080705894,0.003667769305157292,-0.019499285985299555,-0.004889516632925693,-0.0019488154719794824,-0.0032528044098420286,-0.005378289481434553,0.005766384610152318,0.0061784339582394415
56,0.026872290807745558,0.03633684554828791,0.011922375987015052,-0.008680103178089753,0.001720701305121758,0.007806691561877546,0.003664664839235451,0.004793227681584414,0.013857608074947065,0.016670977807151814
57,0.03022165182032584,0.03711593352832333,0.01192825998716764,-0.014460958032532504,0.005856037136970466,0.007434372640271225,0.007213227803177041,0.008292432235462329,0.01371355153494038,0.016592087322597003
58,0.03047920867056015,0.04183771925035671,0.016093333124748494,-0.009887889191270705,0.0044549177101832335,0.01075507038580319,0.006005498051723715,0.009298687907892967,0.015567444120179505,0.019898172906662154
59,0.031135193149204703,0.04197454042070643,0.00908846986514054,-0.017165657688316904,0.001567520240676619,0.007775537258432666,0.004015389565809569,0.005111972456324565,0.013900271734667392,0.01400804496093947
60,0.031113508501147857,0.042866833656492215,0.017960942266345033,-0.009488350751468585,0.006633895228588725,0.010363503546587802,0.009496067381961402,0.00996961282870166,0.01934361723734508,0.021471759174020187
61,0.03737599914460543,0.04311252677945341,0.019879359299357274,-0.013148790459601064,0.012797130501086936,0.01383060949821735,0.015838928121266523,0.015872116604138113,0.024285602241268547,0.02778097722802476
62,0.03001061507394816,0.03464746951781607,0.017436376833054233,-0.0077219116237145545,0.011334353558515814,0.012233003756160663,0.012307752134900872,0.011379481835736307,0.01951086049044961,0.02191254616957387
63,0.025634911763048794,0.03346525136842556,0.012403494912024717,-0.014546182423365838,0.007859503314047991,0.008706810016794096,0.008687963085906478,0.007758715441045677,0.015136960461555762,0.014267225734956859
64,0.025533009317265827,0.035531356585782964,0.009811016747659456,-0.025563696637786865,0.0011044859284430153,0.000233502006540118,0.003415118222291526,0.0013559595572760208,0.012354675476356849,0.01161385897031624
65,0.027169912517886346,0.03532295001776947,0.01391790200032721,-0.014472501497740722,0.008151556939274864,0.00806303008553008,0.009300381162822918,0.009310180664609199,0.016985279804279933,0.01838775250388102
66,0.0304192621909322,0.03915074820435381,0.01111700449311882,-0.018883803039187273,0.0016491926705092831,0.004137978965261217,0.003979484758071209,0.002791827111749376,0.01412196647542548,0.01347917799757158
67,0.02901957541650873,0.03645723130203461,0.013643084337531902,-0.016489588345157652,0.003379565317859291,0.004381986652305188,0.0052914403178854225,0.0018133810874788048,0.013700361872773065,0.011460906870211496
68,0.020397594375854793,0.028926317094372416,0.012579725732429214,-0.01600829541850881,0.0033618731567362737,0.005778669704164428,0.004760140408364748,0.003534480057835982,0.014047111849733873,0.014424615094115686
69,0.028223259629692653,0.033176248347748245,0.013169184283673266,-0.021601888728768986,0.003123061468060452,0.0029919749249296295,0.005598686874989621,0.004256851414839868,0.01535837682736461,0.016718205088490316
70,0.02289394889388941,0.030700892047727572,0.008853988219372161,-0.021192368700695352,-0.0002678624559338425,-0.00027315287082862165,0.0022893779882428343,0.0004729841103129933,0.011845488554573649,0.011326687882560426
71,0.02309437958044138,0.030947954215738687,0.004984157372619855,-0.01572565014465931,-0.0015853663111373185,0.0014335821153062555,-0.00017465358919124176,5.162029612445296e-05,0.0062308394918005805,0.008296435244916843
72,0.032096202529851244,0.04028033327616007,0.016701575112054588,-0.017073328086021237,0.007175976805638409,0.008491498766490715,0.009630160518512322,0.007038375298721901,0.020535846504947882,0.019400655141939945
73,0.02250236328287859,0.030461514176771,0.013582534433519918,-0.016949890620908112,0.006953132695099605,0.008129244085260137,0.007393437129747949,0.007223540804950558,0.016526241065188546,0.017287556518301803
74,0.023863876091607086,0.03511659819146014,0.007165218557531126,-0.025022699888722577,-0.00042920718564097105,-0.00044374479894098535,0.00047562717526428383,0.00014316937883135077,0.010854380498514416,0.011937592138984668
75,0.03347323404785958,0.042615149579254344,0.014745775281799397,-0.011336685904442093,0.007153854199889844,0.008655937475054165,0.009628970050205195,0.006948255436291145,0.017952905482053916,0.020241474421984672
76,0.022648565020046477,0.03119087351222845,0.01179081621490602,-0.020355920051881256,0.002789633689947275,0.003011099142130063,0.0032287790911500755,0.002187316937784333,0.014835323780478535,0.015816777682622334
77,0.031258802275431916,0.038740440066378654,0.01580670886033957,-0.027163905779783247,0.003567240584805105,0.0042849238067999805,0.006154514572618395,0.00503874753313747,0.018287451901467994,0.017449578480758576
78,0.03425085279749935,0.044359619566947936,0.014009055220852088,-0.016046664182900083,0.006261401353911467,0.008245724486892635,0.009266089010272632,0.007698883555270523,0.01867155629732157,0.017215030175872288
79,0.0329395731733435,0.04507131912668804,0.008128958042554747,-0.01623069983810135,-0.0003252035844935549,0.0027577567089553242,0.00245152263270092,0.0009556696904775839,0.013796027657510168,0.014062987756516505
80,0.03209423443710982,0.04463438633603964,0.011536095800990987,-0.021068803427491557,-0.0014508753788017587,0.0016494656340253183,0.0013544995918058139,0.0012651661009627185,0.012588269855914139,0.011730761100960255
81,0.036955456879212686,0.0438092048195308,0.020317898296379748,-0.015542752211847272,0.011000886923615612,0.011527312185179219,0.014222139549717062,0.013227366042403335,0.024931002950580605,0.024854862264212952
82,0.03417075143023845,0.041617696480539375,0.011816279061660166,-0.016324344844790856,0.002495054522308817,0.004692534650950391,0.0054936851036710465,0.005677403954526365,0.01434522101587635,0.015917112986036708
83,0.031100824481337684,0.0395328873655875,0.01273289161370823,-0.018708729908149025,-0.0006016449003139537,0.0039328978408936215,0.002641546128244856,0.0030780195009291523,0.014704201350828455,0.015093302657781148
84,0.030766339834760854,0.04074956264173165,0.00955054702858087,-0.013800508226325564,0.0003629967880816339,0.0057496747754507875,0.003241642304576002,0.003374995259428934,0.010889936631689716,0.009910226504462943
85,0.02695527825781347,0.03565738080496581,0.007675304774953017,-0.01718799572330655,-0.00023023562424029197,0.002182823543824163,0.002287483819841181,0.0023615620698713546,0.010111521037500158,0.012058230591005636
86,0.033220686299069505,0.03910935499091546,0.018387894693878436,-0.0164123024141932,0.008817604170807375,0.009257130629830084,0.01111859541940504,0.00928555031078215,0.01883313784999594,0.01907498160586562
87,0.03342291971014255,0.04165698459120912,0.008965307745614303,-0.018535864164333674,-0.0007778252236063984,0.004623081289790395,0.003044747999571059,0.003904461955789705,0.013337611690201099,0.015486316926391094
88,0.027010159504534236,0.03547752511628225,0.008873654354861147,-0.016836262829979912,0.0032913922059412924,0.0035787161661244016,0.0052196953448889905,0.0033891194597100937,0.013797469259648065,0.012817735216388803
89,0.022289021273675436,0.02854779010383517,0.007442794205339051,-0.017238109039673544,0.002292471054924492,0.0035028834007578107,0.002689221657302599,0.003364905790654813,0.010260730187469336,0.010920875617493359
90,0.025141193547389473,0.03281232456524705,0.01069562806390135,-0.01651566292308651,0.003349359598818972,0.00336019365944914,0.0051039766194839655,0.002987978592987499,0.012580482512945449,0.012062855578213148
91,0.040725583090413964,0.05014110921914654,0.017715662389641743,-0.002553648116104315,0.010621757588421963,0.019361209948123827,0.012952072481556418,0.015699262395960523,0.022838289409202232,0.023183956490090047
92,0.022579164443961318,0.029903545837081786,0.012271855230178276,-0.015671109564329856,0.006647747503316902,0.004667982728213722,0.007758969324973069,0.0041018712618322425,0.015184482927396334,0.014394411116010147
93,0.0265045619847812,0.03485143791137017,0.01750141798105411,-0.022191619030887327,0.006316702121484221,0.00708616511406202,0.00833783404231181,0.007872438366863108,0.02087043177190894,0.023986219456187667
94,0.026872717734784595,0.034030722740833,0.010665310198819687,-0.014151230955462907,0.004059568373472755,0.0058069702290423604,0.005291347191963763,0.006901171194047426,0.012615798067330953,0.013876455532982359
95,0.031648820588284686,0.04153859585938634,0.013627552533266802,-0.019439093733060957,0.00021784664202120383,0.0017049139485369978,0.0027634018272646487,0.001734580614184289,0.014592203393660848,0.01588517724625961
96,0.022605354797339,0.03203718502211939,0.007314246517349915,-0.0144094441694613,0.0008876103303823005,0.004883545036179468,0.002211034258779695,0.002915673934763343,0.00972684995319578,0.011149595343623754
97,0.022167986939622936,0.031077423424058427,0.010285006461833555,-0.014386162382272827,0.002603327548679295,0.0020992107449834436,0.004597076509483865,0.004244597885569102,0.013674126294672526,0.013219099078233525
98,0.03244905957139067,0.04003079967638022,0.012072552603795684,-0.016742549711803383,0.002630868522809566,0.00599044254813671,0.005246804392139962,0.006341001911552067,0.01527916300938563,0.017105231750189288
99,0.02747066517611607,0.036123499856250685,0.01414840888809631,-0.02002741268527162,0.007352087447265103,0.006309662107027393,0.00786135812820413,0.006381610266521473,0.017911845265220806,0.021389128929012187
100,0.025319410047950817,0.03345032868601683,0.010363577952337489,-0.019124051245888916,0.0024980134355632984,0.0028337150863064365,0.004684885112366357,0.0030262968447945797,0.011830915792630032,0.011130152380594092
101,0.02807626864959765,0.0382926342178588,0.007308272745920065,-0.024086376416234227,0.0001012164989766174,4.93387398177897e-05,0.002017685520734552,0.0007974583735330025,0.010433514667859491,0.011397797448071333
102,0.026583040252530277,0.036194120001729654,0.011333419789108814,-0.013309074548844581,0.002762114037958906,0.003826118853277742,0.0038162956461550435,0.0039006353908700776,0.010976665746977912,0.014416534574524348
103,0.02425541601384982,0.03340243431169794,0.009781360776768357,-0.0150212623437853,0.004496237242992555,0.0036932421675130236,0.005476998046517541,0.004743825560637236,0.013561050360434498,0.01248501569657665
104,0.02580159769987253,0.03201206900045459,0.012452767084581953,-0.007554720176330429,0.006553674882141211,0.008088710577546931,0.008889272024884654,0.007864431427911229,0.01507627218375436,0.017441281933560347
105,0.029888674296951502,0.03647201741968109,0.014030668875166397,-0.015044438070687402,0.005330169028048613,0.00770151228798494,0.006535879998018565,0.007704563559914253,0.015449897664481186,0.017787437382441866
106,0.021063692126237477,0.026381553180548228,0.006807317036715036,-0.017629190666172617,0.0002885250971898129,0.0004516821876122394,0.0009793402200200334,-0.00040043019588561465,0.008159356609771077,0.006527285037533729
107,0.02517513420285279,0.03161607162299712,0.01285049181876934,-0.016016201902614647,0.00462512971350683,0.005617263073247383,0.006944393901273838,0.004860422591715139,0.012925634147023843,0.01249500910084009
108,0.024907382579412406,0.03140022467166505,0.00263139639886146,-0.018178876227990255,-0.005231296548038206,-0.00265953346587742,-0.003329635830755121,-0.0029424056185606714,0.0051220339536473935,0.0059643820760243
109,0.028114224330981902,0.035984405277980566,0.01305182293709314,-0.021192324163261497,0.002909791199527418,0.0016587501552312051,0.0053310072498332,0.004426607226088883,0.01524507945366812,0.015403447497275421
110,0.0266720541697907,0.038048233162272266,0.01152111891407679,-0.014524151570489077,0.0014114741682800778,0.007205811995982678,0.003468444299928998,0.0034515241524901664,0.014056053591175103,0.014716204113489225
111,0.027342946878507197,0.03869406567548204,0.014622021499898798,-0.014664649439326768,0.006011128806761258,0.007491580588918643,0.007689178255335998,0.00821284459127461,0.015546203744818798,0.016606092357472402
112,0.030100650660401546,0.03518545877915051,0.020035188723510535,-0.010300317791915838,0.008622043616491715,0.008882442024622232,0.0109401458147415,0.011475578588862893,0.021645713845541998,0.024759696020287894
113,0.022983148737038057,0.028851849878365487,0.00996442211214641,-0.018687949073821007,0.0020124068101346594,0.0022498798994841683,0.002512721526978904,0.0007757651795701631,0.011648726504803236,0.013580310014364338
114,0.019267008284602045,0.02788754260093456,0.004263554233144464,-0.016902175463412866,-0.0009747424637986526,-0.0007645015298308986,-0.00024394056663498248,-0.0011315226229142166,0.004955668889325847,0.007939740336643328
115,0.03499813932472266,0.04753995202063056,0.011234304991332284,-0.019761854132883127,-0.0007124276695655936,0.0013210366873219813,0.0030175354207118824,0.0030415596317816583,0.014637134703179015,0.01747869705138621
116,0.033422798157625236,0.04336886206430172,0.01338655103922117,-0.01486724287826802,0.0037760797638827096,0.005747510249639378,0.005897845808438964,0.005719488221133764,0.016062100037488983,0.017907797426581305
117,0.032667119448486326,0.0411919451075765,0.008997452434760057,-0.02024020609823229,-0.0001717086606643427,0.001801925235952316,0.0028395314341811144,0.0015090170804376603,0.012436660606270794,0.010652596006768336
118,0.033039300246456814,0.04461705603356501,0.01720031886815847,-0.01741143998353312,0.005976994244666619,0.007307505738847753,0.008395907845198553,0.007713950328622046,0.021430024070379222,0.02123615038296395
119,0.02863541526953267,0.03523460742944505,0.005315706530756642,-0.017511909002324043,-0.002325981636712374,0.00011870271625664424,-0.000651066269501569,0.00039796384053594465,0.006825434871132739,0.00823770262305421
120,0.027891801841275744,0.033813778885699405,0.013606328081830248,-0.013948161339226148,0.005841651889238833,0.0068280638968573615,0.007977308294285834,0.005423432310124356,0.01643738331996244,0.015664586231107794
121,0.03758930893625121,0.048507227153087015,0.010499028035780964,-0.012133195304845353,0.0005828629549672213,0.008379301631866877,0.003310749132103872,0.005144321559094211,0.013586638799538659,0.016201429177929737
122,0.03238952738391686,0.04010026487477819,0.01620073412456189,-0.0086027063068581,0.009532704494615268,0.008877727780259363,0.011279965862168324,0.010447741986501011,0.018886084573755735,0.01986207490364109
123,0.026655878725784475,0.03718066791604048,0.012036089014928867,-0.02242854812027218,0.0016346537071321293,0.004580242626862839,0.0036384669244073874,0.00558123732677334,0.015433504245633861,0.019322401432082692
124,0.0309073825414569,0.038731005836875526,0.012096633091689738,-0.011265746242706954,0.0026068101656028806,0.00926403569411834,0.005229005501792924,0.006853054533208095,0.014135584692554895,0.01658254479925648
125,0.030773999672465392,0.03988486870351364,0.013148667612901085,-0.0178351364205199,0.006399678951631229,0.007201612636064123,0.00794818677496237,0.00717824477912805,0.016382118593298602,0.01507667952223266
126,0.03164432562985074,0.04074524639585329,0.009328142537856571,-0.02044336848646373,-0.0031297045508440224,0.0004949063082949433,0.00029201914950712567,0.0004127437464998095,0.010091252074297974,0.012698936763995966
127,0.03617045970441743,0.04272118414435782,0.012024068416427202,-0.016389392988361444,0.0036985288990585017,0.008668592903192327,0.0060318993866387595,0.008362781891023676,0.015073432522472657,0.01919727127539616
128,0.02536833057929645,0.03518954490218891,0.009943324146010697,-0.023575076280393445,0.0013702237455720258,0.0016770976326268897,0.003922600107997399,0.0034970602830282213,0.015957108070951197,0.014707628878308265
129,0.021960288611416835,0.03103775377486593,0.008751006640401435,-0.019421254579765818,0.0017098365376710986,0.0012078758135378896,0.0028680587955305682,-3.878074173947442e-05,0.012049656420145431,0.013315242041396277
130,0.03396300740642759,0.04417444980144618,0.006593470516062792,-0.018104312304453196,-0.0039625469130246714,-0.0003963865454498187,-0.0006675034669696012,-0.0008864741437768281,0.00859161585899148,0.010736598271873407
131,0.02954397909109311,0.03545158071550153,0.008010416768878455,-0.011469653469354088,-0.00036788838625271983,0.006422640903750257,0.0023015579089932354,0.004039915148951691,0.01089113318257726,0.014246356332524274
132,0.02780457904187723,0.03852141541116962,0.015551107340114893,-0.017616626369777507,0.005971985641913212,0.008638850869694813,0.007954990920091037,0.00694199909501667,0.02022522209110914,0.02100916386036026
133,0.021364838975220086,0.030083565099445365,0.01055180831028544,-0.008388601091101731,0.0035751288369672506,0.005078969142002168,0.004209086790108184,0.005823426248765721,0.012146532306132203,0.01616250812946465
134,0.02387323252844624,0.03389858469038957,0.006521911051778985,-0.011888619996748315,-0.0007160362444122319,0.0032315394418266597,0.0018510635060581672,0.0029351803750987215,0.008394013495596566,0.008225079311445588
135,0.02794728012246823,0.03799748436923789,0.009216167058702913,-0.008578059533212754,9.023826326780438e-05,0.004779426177987035,0.002394538233512089,0.003130686586622691,0.00909531176736667,0.01032123719573044
136,0.0440922689494012,0.05732769346391646,0.01720370004917822,-0.010249160797545013,0.007804585409654198,0.01363805666340114,0.011199081926053086,0.012290792759612241,0.02047325074925213,0.021467913857175176
137,0.030653942591701965,0.038456218768448326,0.014189144113063112,-0.011605384965653723,0.00660214968047646,0.010755077912778306,0.008301705460842752,0.008682681951981469,0.017093575797968625,0.01869259386450294
138,0.026150066320924092,0.03701421707113291,0.009600812665609283,-0.00990861865707221,-0.0007656312051062221,0.004044282898159996,0.0010950320056565483,0.0024526901978185246,0.00912336481270341,0.011935663368575168
139,0.028716019186448383,0.03832821099555068,0.01604267443985576,-0.01769264233892016,0.007031237593329474,0.008801253938524024,0.007850792762284106,0.007518581435475053,0.017844659363566197,0.018973827947882414
140,0.03217211587870117,0.041176454814274045,0.013036939788205915,-0.013452484172650811,0.002981826291917054,0.009384434760307847,0.006461955925754258,0.00669844096009019,0.016904084170379502,0.018217344686860336
141,0.027492162271944155,0.03642752188625033,0.012162068399925114,-0.0152275434888537,0.0020438243607497596,0.006172366630411931,0.003922262797916622,0.004480324829619433,0.012760949898680951,0.01359975361998551
142,0.03260971866562943,0.04240762510275453,0.012517593258981339,-0.016299039694435715,0.004328120035580575,0.010009651448766206,0.006355412006729573,0.008946406084041883,0.016509610904921767,0.02018113307700911
143,0.030560972061684427,0.03655703564565765,0.01382218416510129,-0.015591626418534005,0.006961575009459667,0.007977693708656319,0.009507349510633128,0.006945273949631463,0.015780376586201145,0.014555198250480433
144,0.02256893441113027,0.030956083412280767,0.010344931037257688,-0.01653858039291644,0.003503432444751954,0.004880285832029556,0.004863801507088053,0.005871152943169868,0.012155591222515388,0.012175158319642209
145,0.023574359281823384,0.03518796104009364,0.008956589360184782,-0.014860125353382839,-0.00012363428877202887,0.005699521804958675,0.0014771923442464295,0.0029804889732984547,0.012811462920678151,0.01394607926405309
146,0.03332388261061736,0.0409676542931504,0.015021576918019353,-0.01827359269283557,0.004581695175272711,0.005089478245697797,0.007321358034140077,0.00428909314944606,0.016561467629425928,0.0193132477609531
147,0.030658706186523176,0.041585691023493535,0.0116502818959442,-0.011742563944433449,0.0032996468940131316,0.006949670584201516,0.005994912156848895,0.005933623327231625,0.014176287774977337,0.015317505360225584
148,0.027193355899085853,0.03411670739981702,0.01274464397257474,-0.013225804006038766,0.005329815140734498,0.008724845404274541,0.006904403809575886,0.008507478263524354,0.01590531391267992,0.01775252025472674
149,0.032893473429702745,0.04096352110151512,0.01127031427125384,-0.013804242688161439,0.001614154956638186,0.00699976428585723,0.004317406093615099,0.0037377494125500114,0.013462308814057803,0.013105407488971932
150,0.031159761228586814,0.04060948194725919,0.012603541673740632,-0.010431174617864948,0.0026605176715750853,0.0060043122234583746,0.005501937011779057,0.006023920911916255,0.01359555192619909,0.017201727604842253
151,0.02013822902533632,0.02813331575715754,0.008395340790800865,-0.01703871049811372,0.0004848774927199451,0.0031471396441893626,0.002441079848610698,0.0022468523859586415,0.011467589139669932,0.011099098623440213
152,0.023632207082789288,0.03182398805575576,0.008987159455706755,-0.02134958684137032,0.000684534361610915,0.002812906240797097,0.002828579858624274,0.0030365498718660086,0.012617355024977878,0.012268388876147071
153,0.02141480827757967,0.03023331470201805,0.008282400182278677,-0.021957709144597933,0.000788122032991666,-0.0009221846755452099,0.0019962935032105584,0.002386592777559757,0.011398615221482642,0.014151039275150901
154,0.02305034176760859,0.02906369950424522,0.012213209102052916,-0.012074171785377586,0.006398051478421106,0.008579257950156545,0.0074709446871809694,0.008524518488158788,0.015134100536398404,0.016985579863857986
155,0.02865550894005834,0.03452886469813982,0.009575273291579397,-0.02208051971384477,0.0005410886324318883,7.910364928861527e-05,0.002726652027687569,0.001554978350482609,0.01243115396454048,0.012786322009049828
156,0.025627966218808494,0.03515371795035023,0.004520245674011496,-0.022083539414445803,-0.0014362577371942501,0.000750616469573416,0.0009976588799525963,0.0007847228843487697,0.008300402833970127,0.008450145892931974
157,0.02712226830111583,0.03273851479310505,0.013731913254386446,-0.012088811393593983,0.0040702429039505645,0.005475487468726817,0.006636215487205372,0.005960687831305543,0.013809086231998627,0.014741409978168585
158,0.02528352805753693,0.029937283728796817,0.01526514080462026,-0.00946289395773235,0.010071362577398432,0.008674936645583387,0.012034007647029455,0.011172061306865162,0.01929887909440606,0.020648186768852887
159,0.022953261258078166,0.03237695993623248,0.011000481392006699,-0.01528669767451223,0.0019523059007031528,0.005503429382066333,0.0032519060557464367,0.004621826410626545,0.012126461112589172,0.015152889200869993
160,0.023381860480858163,0.029342777534239424,0.013283142677941387,-0.02068275075762411,0.0025227816562274127,0.0019180633542426827,0.0038951377923630215,0.0025197233032498967,0.013613897359104937,0.015020044024038249
161,0.030108914555129273,0.04139714040763297,0.014876274618324808,-0.011322456334816863,0.0055396112604231326,0.008532673456367225,0.00793183297188843,0.00882061085821115,0.01705209165907562,0.017595965454218175
162,0.03006328541845062,0.040354541850914305,0.013024677490213766,-0.009859599517323214,0.0025447486952704353,0.007495726605871206,0.004693610719713479,0.005764189182174057,0.014499234293987976,0.016046696993214028
163,0.03234053932227786,0.03826572656233959,0.012732423578698054,-0.017735536617804703,0.005275546914067415,0.005753855026940065,0.007728492169309065,0.005228093578076886,0.015797135315334408,0.016948402165475593
164,0.02781018750737561,0.037131073565452206,0.011234095559944002,-0.01671740255199381,0.002118261017128976,0.0023326554232281412,0.004722224035156579,0.004247177525528936,0.013730308444239553,0.014194715388011096
165,0.02046931016891851,0.026366215691445732,0.01027307844680428,-0.015550151930130065,0.001357647450885456,0.0017749585460990914,0.0037470584485614147,0.0016426175104732991,0.010623983777164142,0.010700565705391522
166,0.03213488765994542,0.04044892570781231,0.021712563100493902,-0.010840040033918714,0.013068548814175915,0.012471833897653307,0.015600654326272704,0.012025582760000108,0.023609460492568034,0.02384358221925607
167,0.0290342526646514,0.03887773269753295,0.012899196531694912,-0.015647196218695376,0.005783401743595277,0.009157970266478865,0.008110424749968728,0.007097697516005056,0.018510015871992653,0.017444692370730548
168,0.023469152777703804,0.029665451091143498,0.007563556466701283,-0.01605020345842603,-0.0016346150318026173,0.0002017322277998495,0.0006724715055436353,-0.0006954892738431948,0.008430079537804853,0.008524178857819868
169,0.030758954997892378,0.03560636437591234,0.020093852765868402,-0.0085357533196548,0.010737247361537501,0.01115691915868846,0.012490230157881763,0.011952759728596565,0.01916085167179728,0.021831199733174367
170,0.03655232594795844,0.04584173127312856,0.01606979336292623,-0.013634526336643906,0.006201119240039657,0.012422135832642987,0.008699162993398549,0.010635575142920994,0.018607258152197496,0.02185118326070919
171,0.022797287979004908,0.03131908702190232,0.01160081099401045,-0.021792993660225395,0.0011334534159693703,-0.0006925429237357357,0.002167411311219713,0.0015628538115386933,0.011912124414648322,0.013213159891332876
172,0.03241376228824942,0.04411269995715246,0.014323221359979769,-0.014153690624057932,0.004173317406769468,0.009072215387588126,0.006061243645353145,0.007638786758685257,0.016377398768781266,0.02093128127590189
173,0.029278349201030156,0.041323097074326805,0.011662143793324036,-0.020318558861071173,0.0023402623890923925,0.00485266862531455,0.004438476980425736,0.0031091466166377297,0.016056767209438064,0.015479929673976229
174,0.033495088786893876,0.043032607737353124,0.021780612052015813,-0.01470022847915089,0.011496026272922,0.012151496873122693,0.011743562231999839,0.010374051948797975,0.02240797522017819,0.025253868425389812
175,0.018942539915514464,0.027472979457787074,0.008855288461386442,-0.023235690394020694,0.0005653027756432194,-0.004044681438429144,0.002655459513307965,0.0010398849974097033,0.011885358697971643,0.011723824263723004
176,0.03215816097894017,0.04021738266544337,0.011751897895523816,-0.020214650238488223,0.0032022639091153536,0.004287645287030407,0.0060458016476502095,0.005009198974400215,0.015240121908329681,0.013876181245834378
177,0.03472614290515151,0.04453988314549283,0.01732410891407461,-0.009123470047471082,0.008402681437343578,0.014079490698119788,0.011856189682254282,0.01230113587149095,0.020305320245555654,0.020603565565539196
178,0.03146344174429587,0.040105909556025075,0.013113089881690429,-0.015515682475759457,0.004164613067214322,0.0046897018292352145,0.007058396736576248,0.00453597242228579,0.014903591637516495,0.01425588437508674
179,0.02981325136189079,0.036125658639529164,0.013791834327770421,-0.011007078658600875,0.005829039899871168,0.007634693913939293,0.00786364535660981,0.007444648416665274,0.01559966980219531,0.01862203761811244
180,0.029091617089334935,0.03857034750008288,0.008127093291072075,-0.020212712647743054,0.000890972505785735,0.002945403442988357,0.002444050144759802,0.0020629421841137107,0.01164049748579099,0.012784404903981092
181,0.029293827029677227,0.03743502315050558,0.01547775905374726,-0.01418436784623051,0.004940684881679028,0.0072742823130850605,0.007372504768972629,0.0064750689161472905,0.015776414763495707,0.01595841271127805
182,0.031475017611100414,0.03864397301621199,0.01361433838454269,-0.01323615765716957,0.006417917050010863,0.007369682704813027,0.007695335220323745,0.0074849217979343725,0.016197964063442753,0.01666701932471356
183,0.0261739623280648,0.0375508438155065,0.013927962020740151,-0.021511890234530134,0.003652736542781001,0.003573257065164909,0.0061860013398256485,0.005508408706249355,0.01780265443296088,0.01866309444778611
184,0.039843767107377845,0.04907262694011636,0.016472531182968864,-0.014439714351143506,0.005610733596967832,0.010162338923791914,0.00768721804025128,0.005450645336388532,0.016059218609748856,0.0172335553108936
185,0.03523049587360859,0.0414325695500566,0.014911783478638441,-0.01628916189530267,0.00768475670155206,0.008835205653321784,0.010149487463493737,0.01008780172806446,0.019320337749260178,0.022126406684235406
186,0.038193754172662825,0.05048301481616514,0.013605841679021463,-0.012785146207913423,-0.0002089722576156667,0.010457827536423946,0.0034225128963833507,0.006948541312192999,0.0132072260427902,0.014493353135342946
187,0.029703725507764973,0.03710586492137057,0.011656821028364758,-0.024772744918650655,0.0037098111487818683,0.004125255891379722,0.006510018023655868,0.0053647622817282106,0.01481345996294697,0.014635239672831469
188,0.02560458551980268,0.03523599701949239,0.009881768408765985,-0.019410144000442442,-0.00019932286923931224,0.0011246779459441222,0.0019145619379824876,0.0020916720278569456,0.01192864819801331,0.012241637205116498
189,0.027331702380782925,0.03824127953569843,0.0052011204512631025,-0.01830626476777046,-0.00029944305706741133,0.0055990182390541245,0.0010659417568441674,0.002378529857262124,0.010266342750485831,0.011285962854181198
190,0.026510218015747107,0.03430393298962785,0.008797955001460954,-0.01422030948369558,0.003526126494492479,0.00471540516528103,0.005629883857271116,0.004595907924522561,0.012144109961453205,0.012956802232244125
191,0.018736181922247946,0.024706215266955746,0.012593464090596456,-0.006114418328011406,0.005416639699044935,0.005721227439587928,0.005912527400735466,0.006643308740688911,0.011847621111652986,0.014603575085010641
192,0.0261436250903603,0.03225120860868631,0.0118731831757035,-0.01825479619817108,0.004562665092545241,0.001745327756317707,0.006008877721689392,0.004264057784734429,0.013665363382614268,0.014535063005596163
193,0.02965408945145955,0.03558586005677534,0.01980547027896676,-0.01606719595860486,0.014964241200468045,0.016326252676306763,0.015068762516685028,0.013854803856212794,0.02382904843180588,0.02506142674124674
194,0.024351395980571493,0.03191105915882495,0.009178585870311224,-0.02437685509467207,0.0009161699143078342,0.0039905949528165775,0.0013211231184797226,0.000767731222245298,0.012224788818522143,0.013783075693425403
195,0.023750491203151255,0.03226394550810046,0.010494520611415833,-0.014670183939490747,0.003197799183641465,0.00028079656170874585,0.005614115490128905,0.0034061066202586594,0.013403824173704507,0.013263085954951287
196,0.03176458837686171,0.04027828084763586,0.018768288304302883,-0.011703677804654034,0.00846771690648853,0.009733729670516705,0.01023715092669846,0.010822095005106188,0.02014665040303718,0.022841682110281723
197,0.033283042050339384,0.042594568377217035,0.010624013326809373,-0.022438785505547152,-0.001919151914254094,0.001634033340929892,0.0015970433763002599,0.0007843817002976605,0.015305257161577143,0.01492434224030755
198,0.025159288208998376,0.03321383346825805,0.013420984385935707,-0.007481438930724386,0.005879614735642537,0.007299104845874214,0.008268034545521772,0.006922263585160004,0.015840425839125115,0.01566370127906051
199,0.027248419484665033,0.03638293830240928,0.013932104026534334,-0.023551484389691364,0.004726970238238247,0.00382705473692755,0.005705314542627958,0.0025033794187508005,0.01506854017135816,0.016359516219675317
200,0.025165003574239037,0.03377833707529891,0.0074203816534175225,-0.014994938700136216,-0.001474475743559195,0.002374903243065343,-0.00023390627254796307,-6.067059310694289e-05,0.008963673988457948,0.01133300135964164
201,0.018669742313198408,0.02598665757863894,0.010427176173867122,-0.017772885200579427,0.0055699968996609905,0.004841552891780167,0.006815276689250046,0.0041666037938762465,0.013682363948923346,0.011482800841181003
202,0.030747837283352737,0.03950703043716025,0.01822982139291491,-0.013555831669306831,0.008089757766561933,0.011550386237782435,0.010363209236944072,0.010538265359858615,0.0212234220798721,0.021192935646574006
203,0.02615940397055508,0.03360245469271553,0.01411088793465915,-0.008479689014346543,0.006832849790429127,0.011609578469479315,0.008123710005745372,0.009287048634168318,0.01662172748994737,0.018457592411871025
204,0.02347728805961388,0.03127708908218162,0.008335912077323673,-0.02394145084536046,0.0012475419432101805,0.00291113377745864,0.0028499267877064908,0.0020398992029478902,0.013160619409810587,0.013145896207710627
205,0.030652991712048206,0.040800467256995994,0.006838391382208975,-0.02172147804960035,0.0007019359103387513,0.004281730622308151,0.0034383395368697877,0.003273505714403809,0.011055105695816816,0.01403613493069083
206,0.03165301559476322,0.04183525282782959,0.0145853158707922,-0.01093673200227331,0.005881735610538804,0.013074762078766355,0.009359379612280925,0.011796991972773181,0.019698123980124604,0.02082665447023028
207,0.02213373151283854,0.03102634975360971,0.012226705174940174,-0.012331940307914362,0.002766199482322253,0.005381511616209049,0.004470320552390543,0.004096312494293313,0.013774814948055908,0.014191121311272401
208,0.02402746282822544,0.030571082886624384,0.01671363935952979,-0.012762347744702566,0.008581793464654618,0.006306184677435123,0.009916163762226888,0.00925483634640755,0.018644044462958483,0.021584122562282166
209,0.034117795766204016,0.044926731395466504,0.004732616876379646,-0.02088728946452726,-0.0036519400065873667,0.0017369020484497247,-0.0012864686332848048,-0.001481576826403126,0.008062876920152458,0.008231850184099169
210,0.024478725273944294,0.03200701184990832,0.009961680634799705,-0.020686727721736187,-0.0006610116779947527,-0.00038905575945618595,0.0009945734514445032,0.0010270356931104218,0.010527990581000147,0.011649779917368163
211,0.03655272245159576,0.043450636828462744,0.01826783148106932,-0.008364520106825674,0.008654685650706885,0.011977960956232247,0.01092069285720061,0.010348762054974012,0.018670418247194124,0.019247281745965933
212,0.022436497242883817,0.028883206441958863,0.0026409634498533578,-0.02061219596282478,-0.0010794220585624921,-0.001435558440457392,-0.0005030143500398337,-0.00142384257769305,0.006197662846670103,0.008761384090590517
213,0.02065652677441257,0.026027567605928264,0.010891011631602386,-0.016056239869879873,0.004413342851301721,0.004581868061689708,0.0053191142075309766,0.004076428968187879,0.012269041545607307,0.012602172441093115
214,0.027725223994415887,0.033437477359730315,0.014892298485443638,-0.01521379031021026,0.007199153506641656,0.006243308039819842,0.009230601370155184,0.006302863672834269,0.01821284656975389,0.018585642674651938
215,0.03489872482431278,0.041418055555665176,0.014007012858467399,-0.012865508993729489,0.007119436173486915,0.00878582921133258,0.010230619711384788,0.00842541615438052,0.01810829970288138,0.01660392996860236
216,0.016820928829264666,0.02497293826908336,0.007298803816322969,-0.020325844714010784,0.0008928151825273107,0.0007616607026788775,0.0016880814907226226,0.0003988100992583657,0.00967067332327155,0.009128840657354021
217,0.02372589354575677,0.031817684974188694,0.011739147802101207,-0.016163787042800082,-9.795915048379611e-05,0.004144353820574226,0.0021704679764299054,0.0012663234720742137,0.011676314860978653,0.011308526532201772
218,0.0321374961815169,0.04084449427956169,0.014319677594341409,-0.014149339416030948,0.0037629572714835214,0.006342325794692081,0.006639931034086606,0.005226614056228297,0.016046967388656526,0.018877038061031783
219,0.03187263682850964,0.03962092270198472,0.0135679990562112,-0.011969055737840382,0.007158637739288323,0.01085041749670088,0.009137585356533015,0.008221572519403992,0.01718586392790533,0.01753640880389673
220,0.027483583135834787,0.03670990874230838,0.01230200204521941,-0.005443122987422147,0.00656573574219563,0.009696483548514186,0.008440981119594735,0.01118946910007231,0.01451203690669863,0.020516416081443386
221,0.025604092828148135,0.03239646093237115,0.01409170544944334,-0.010531810163667523,0.004936201658025064,0.007213628568163205,0.0072773496515848215,0.008503999808617912,0.01505385783317476,0.018192403609846607
222,0.02424911744008175,0.034296263936561336,0.012419439545167003,-0.01246691333854507,0.00584392440450245,0.008718883033294213,0.008220694296398596,0.006581151479156701,0.01529960381098637,0.01296967550421233
223,0.030624073077637225,0.0397116002432306,0.013993258634383976,-0.016535954501532217,0.006564103397868244,0.005956553499673032,0.008198064161981095,0.006273170395696001,0.019200273417959362,0.019507290461911304
224,0.03150710534341922,0.0422157403430861,0.011956066266235351,-0.017085258793060155,0.001941389361959489,0.006222774624313404,0.0048304298671036795,0.005956741025950162,0.013750263799461909,0.01611811321117058
225,0.029029500401670183,0.03481571334044138,0.015213694493492141,-0.01495958733195198,0.003296266791534624,0.007501466798038897,0.007358525962683865,0.00877506106280462,0.01617924891791022,0.018267110026263748
226,0.026054237241225166,0.03389161755067266,0.005378365469994884,-0.014090556164309981,-0.002777981473041732,0.0021230390331485457,-8.775075051324528e-05,0.002245460989262,0.006153392839429583,0.010050813512060683
227,0.029903596240920614,0.03672423605277386,0.012412100184641364,-0.017806454267507456,0.00302747553221645,0.0020845205087315893,0.004926973720219829,0.0033055548677764306,0.013322126244219693,0.014406389642143264
228,0.022436996229408583,0.03263276501174232,0.008634255058135577,-0.0208944529710741,-0.00043289944857983424,0.0003443000664220579,0.0007192797561655765,0.0005481790266378005,0.009798335183740908,0.011063331927006554
229,0.02979795067580915,0.03513853739365497,0.017782667950054495,-0.013932851658952947,0.010001636416264278,0.008265159189285515,0.012321285640137363,0.009072864507582074,0.02043659616262295,0.01959614299594718
230,0.03591467841937318,0.04622685523139093,0.014470521683578092,-0.00870794258230206,0.007325473007590978,0.010779670631722946,0.009572855485566897,0.01104577628755123,0.01854429862655459,0.021870972820086924
231,0.01874046313772288,0.02634211979080542,0.010113935384563509,-0.018248653170291645,0.0013542557078096752,-0.0003394359163323879,0.0027570060898214352,0.002092016995089141,0.01181426751666286,0.013428458427716186
232,0.023645583324775406,0.031573218372517226,0.01078010326789553,-0.011482786326238018,0.004120039283854628,0.004017604929548098,0.005846337153678928,0.0034089200533357076,0.013203156796258917,0.013260284541173301
233,0.027598704370263256,0.035773713167674484,0.012988702414685777,-0.019533120498952772,0.0029747858560542203,0.006058719358124507,0.005199078170734455,0.005471056515758483,0.014320892652940087,0.015498151877139646
234,0.026597166575992915,0.036646284702925955,0.007796093475784527,-0.01443757481023035,0.0034433965464872895,0.004510956685053195,0.005152710730195851,0.0026730805983427018,0.012926040755080182,0.009865752439852627
235,0.03404180985243359,0.04059530520561319,0.006414054923611939,-0.020666157233015375,0.0006874938719364965,0.004094549964740199,0.0028374886409342683,0.004729981025597676,0.010216893145222224,0.013673137495791651
236,0.02975883545225763,0.03586037908766593,0.017639850252591436,-0.005873211435498876,0.009340775722125591,0.010713908630194965,0.010833335375644852,0.011937053786876475,0.0173008262705317,0.021107586083149863
237,0.02625459226666968,0.03350914668395774,0.009775002867227957,-0.020137570401636662,0.0016027155643054119,0.005734314064484894,0.0036480576076076436,0.0025960296089910157,0.012009831951270613,0.011788448596450457
238,0.031037430715983038,0.03982041000515485,0.008408506304280625,-0.017392348396021575,0.0005734172719016793,0.0032290407426682085,0.0029110273306830548,0.002059502528196187,0.009946985947982694,0.011083247599674436
239,0.037877663957305636,0.04603730681606541,0.015097294124436073,-0.015914467908654965,0.0032276084024670847,0.008063965520085831,0.006741014660315532,0.007173037317017827,0.01803630569554031,0.019879064956536012
240,0.02585884369913157,0.03755550060632479,0.006347707269885703,-0.020518664102795035,-0.004010499437818098,-0.0017418441538951872,-0.0017362787043262242,-0.0030034730961330516,0.009277526621587035,0.009331370055936069
241,0.029337967422614925,0.03421683690256482,0.017734273338459644,-0.012907105818389077,0.008165302854764278,0.008916880459468677,0.009815479459881232,0.009150603206355157,0.017886380680012845,0.018411277097216305
242,0.017297944126119836,0.02453972221457461,0.0034369640903783904,-0.01853581586984421,-0.003161454929863517,-0.0009201973532710003,-0.0019178754460908386,-0.002367273242285138,0.005792483216443644,0.005465724243268598
243,0.038488237898247415,0.04525991069094366,0.014988963243820106,-0.015561870888727269,0.00818317871895857,0.009988425436340254,0.009829562487059063,0.009963826268044765,0.0190560459197373,0.018654236345168492
244,0.022626663073276845,0.028491383383893294,0.011431053423990756,-0.008555942630836517,0.005662236365197186,0.007379150166013639,0.006527307583933209,0.006111411374084417,0.011518396783607806,0.01370647369428113
245,0.039542275297199204,0.048443034326219506,0.0181404687685525,-0.0049103321707415545,0.009567790068255404,0.016590888029293333,0.011978880981521731,0.014152269635940457,0.020399237289814166,0.022374357664252213
246,0.032609671229205835,0.0407483913366304,0.013837849021172743,-0.012268148473392627,0.005030457062551922,0.00814903762140953,0.00817118426343354,0.007114415377695142,0.017772143357868263,0.01792823354475759
247,0.02845713593445818,0.03765616752669825,0.017919476494656805,-0.009257978205591506,0.007297400742495524,0.009892505732682978,0.009445454377486945,0.011095443998789596,0.01838623368484961,0.02376226250722855
248,0.022629083076165783,0.02962377809302552,0.0069809124081863985,-0.018506163187322445,0.0017015771189314605,0.001959842461368661,0.002563401488252815,0.001491167281959266,0.010997164770301063,0.011216636156269203
249,0.03638967720681198,0.046374911797576766,0.010931960385389287,-0.009060973252763244,9.948067766221648e-05,0.005781323066286771,0.0032686769237836753,0.0027489385494970753,0.011908705078211493,0.012924463726768656
250,0.0272769136974939,0.0353702803817406,0.012457736839840538,-0.012401296537067709,0.004490372244911776,0.006977865460089048,0.0067257529460436295,0.005851633122243227,0.015042962772111973,0.01774011357115299
251,0.02901226909092658,0.03813276906148638,0.011910579735025757,-0.015992896589568255,0.0052861894347221,0.006856998962824668,0.007204456415295759,0.006316532558716533,0.015139485686357517,0.018745775225955223
252,0.025007625231199964,0.03095268879229452,0.014139440539585236,-0.014293933135387366,0.005996979134959017,0.006791196242000666,0.007482635051619437,0.006836375306174328,0.016551503111049467,0.02143146606391092
253,0.02833300857729625,0.0374763287777707,0.01347936976380655,-0.013671738131310507,0.00540409132585989,0.009667928058422565,0.007196867581599702,0.008332318361284369,0.016010158406504483,0.019388939942133636
254,0.026256745157165244,0.035494849504497564,0.0131522449279791,-0.012165301618926327,0.005560413032187997,0.006910933982317524,0.007981336814880731,0.006979033499524391,0.01646748838572681,0.014650239347222723
255,0.020578047481809116,0.0275400103608422,0.016740402618776767,-0.02250724836085643,0.003430033813939591,0.0017560803391341328,0.005985741886800312,0.005308826430920521,0.016155930367109776,0.017366633228104424
256,0.033997765036015606,0.04224374959548623,0.014091938257850373,-0.01295603686912682,0.0077566277376508504,0.010007223721364188,0.009620284551510937,0.008279996265871985,0.01787626200892693,0.017016242237654598
257,0.038813797505251005,0.0491896074252949,0.014211191766053588,-0.010755391052131063,0.006450224711473135,0.013758339079362353,0.010451948876944962,0.012395029235608456,0.019678131260820592,0.020430356703270775
258,0.03586176678902156,0.044154136422543025,0.013215762024261266,-0.015229473865491288,0.005760794348354802,0.007599512197492002,0.008886049140086925,0.009209540314416734,0.016887610861251033,0.018668506633660282
259,0.03368906825462068,0.04316830640095397,0.012978334073958871,-0.012104361973890285,0.002147775699368208,0.006873060594315991,0.005047568180344076,0.006313183727747339,0.014814002115844471,0.01710349210411446
260,0.03166305740356218,0.03929401824285935,0.0130286694125508,-0.012747176066757964,0.006122141675364954,0.007460641484408453,0.00898132198605164,0.008396251967111416,0.015500896135535017,0.01811544920044091
261,0.03541286761542496,0.044114229628434684,0.015359331901716622,-0.015096312653654829,0.005168979512517539,0.0105518442324307,0.006701117308369663,0.0067023104291323524,0.018023398093426454,0.01874107288370661
262,0.03736268662063734,0.04671886771127067,0.015079969812835561,-0.011754628682740898,0.005408541210038721,0.009642614344377628,0.007826479138647103,0.008602988360298219,0.016017506691070563,0.01937617537662377
263,0.02729503728389355,0.03487526425533662,0.006048498235118686,-0.016698212414408713,-0.0024442366610581364,-0.0018502294212636998,0.0004101754708198389,0.0016038586385230015,0.007626146035261327,0.011689471035453577
264,0.03237588038768948,0.03943997143756084,0.020105987007454664,-0.014558096593032735,0.007120060827162933,0.007696642148180441,0.009568269288353042,0.006939898734950323,0.020703101887671504,0.022262846300870488
265,0.025773690518330172,0.033546767529743934,0.014453047826941363,-0.015009961358359237,0.0057291659620416924,0.008191159444866683,0.00795776604386203,0.00819764785265564,0.018208674860885697,0.019430510444582605
266,0.020461707161460067,0.028801512164746922,0.007800684594384733,-0.018563828952383073,-0.0016065254045792812,0.0007900423310193293,2.7335261664675724e-05,-0.0001377713936750415,0.008967183013867827,0.008358532495753569
267,0.019735258753993224,0.027978707820643305,0.007285530222559006,-0.016943258408334792,0.00041878016219161745,0.0026997956276334197,0.0007233799808175451,-2.5373731438494295e-05,0.009499906951775213,0.007442304470203831
268,0.028691537654616482,0.03710430663604544,0.011052660685544622,-0.018956877832180627,0.0011190134743431037,0.002558431819383383,0.0030585383145116524,0.002337823065181394,0.013484816272695738,0.013506732146863733
269,0.03353850334776729,0.04140543370302039,0.012753371417370096,-0.01687402063554947,0.005307786720568067,0.008080262325737149,0.006536091042346913,0.0062863238032661835,0.015331711069317504,0.015260813641659304
270,0.027506947296804807,0.03728719177930255,0.011508587893234428,-0.016284287742970947,0.0019728868032492857,0.0057885486852531165,0.003637636250806653,0.0054491061537434,0.013803914454580294,0.015210646842154538
271,0.023596509361163417,0.03268163167178388,0.013836385023842166,-0.008312674764394333,0.006796072774649463,0.005965303774034223,0.008533202103710577,0.005224695900932498,0.016282752558375267,0.01435609523059667
272,0.028215759868036993,0.03469110979614261,0.009794825521618712,-0.017161982373384458,0.002558670814277478,0.004233648905086848,0.004174776080869484,0.0036906896124657427,0.012522576118506734,0.014021918728310373
273,0.0341232699702359,0.04269257148807423,0.017694884365780407,-0.016757479246969416,0.006399167846235428,0.0051929769728842655,0.009356944778140853,0.007395719992260808,0.019669370833679027,0.019368002166105524
274,0.020046562866205025,0.027819146394428413,0.015344561666393908,-0.011558314171947177,0.008441122399169311,0.010450284859142695,0.01083040087826079,0.010874631185731785,0.01763825078568076,0.01575189046472605
275,0.028629644452068875,0.03777720072660514,0.010933981025432218,-0.023606125745411145,0.004748789410575748,0.004702179374424494,0.0059424410745268046,0.004087207872205658,0.016460535797403298,0.01534427152588139
276,0.016322572660134725,0.0234843879352808,0.01006360119191228,-0.015056673948529784,0.0022449213604621206,0.0028754188353219278,0.0030488043828257065,0.001243236095336535,0.01222083117745279,0.01201059192357251
277,0.025746083995503953,0.03343351337724662,0.014668867252187268,-0.015241741408574181,0.0065811153623367025,0.007488962461780593,0.007666092392093296,0.006006531856608882,0.01852261426514471,0.02056647696852171
278,0.033033508129753614,0.04221383584923303,0.011415876414154405,-0.02000309952773965,0.0009162867246422311,0.0062672032657192026,0.0030481680956818994,0.001984085991779681,0.014473666261608217,0.014722390687704248
279,0.0305375624199125,0.038649591777154706,0.013483310116289024,-0.01225345959182975,0.004916731737528661,0.008535779704872865,0.00801697162252622,0.008503399572328924,0.017146961816870206,0.018344311273734544
280,0.017025376472595506,0.024746729725609776,0.006663222853834828,-0.021788098052360753,-0.0005102787296218088,-0.0028650666156787657,0.0003384543438161062,-0.0008018891314937573,0.007009540373948628,0.00863298225601657
281,0.03306933985490425,0.040934297180688264,0.01482059548946495,-0.016319888659509615,0.006225348279183606,0.005100369364455671,0.00814806516269231,0.005082379857022343,0.017458741392189298,0.018993305017173938
282,0.041313903917040935,0.04973010771689394,0.018991042156905787,-0.008863925545394542,0.00842084610629312,0.01150173936465074,0.011857701288985664,0.01194589834390467,0.02151192408065543,0.022105539426579782
283,0.03271249691965277,0.042081600547216304,0.007982048728787645,-0.010043228338131868,0.0008901609237686684,0.007182294655592952,0.004512166582559283,0.00546810885051045,0.011201280998675553,0.011362292325715064
284,0.03221262388026775,0.0391744435033347,0.012625291950167913,-0.012644399501034556,0.006555486404557523,0.007835366818075295,0.00853982220155557,0.0053590770025249024,0.01528391379748761,0.014004584845094186
285,0.032144215623568693,0.04172908902221109,0.01358992513882717,-0.014416236480424824,0.004367593146103887,0.006762505280712242,0.006790408688847391,0.006581444119710319,0.015349521777672856,0.016690406483923954
286,0.03133139043723445,0.03802607327539975,0.013981275134352406,-0.013649162230117565,0.004530239904370729,0.008338330056501274,0.005553260221721869,0.0062575392791458405,0.014146424083428727,0.015356890056206824
287,0.02921448502428752,0.038850189695299714,0.016630523276589627,-0.009323190265197543,0.009264392087695427,0.008987161121549004,0.010585958144682838,0.008746044768437765,0.01822922602519008,0.02014321297716681
288,0.03150612080105551,0.03970387570541345,0.017189765516357168,-0.017214840046895795,0.006893369657997368,0.010828965282991853,0.009712444785190639,0.011250935046460974,0.020375088753865716,0.024618997745595853
289,0.025792585471933787,0.03591072856850355,0.00777969592640604,-0.01809952560239543,-0.0012778676137447703,0.0007859093117012599,0.000907520620343447,0.0007563717844451215,0.010362430046516454,0.010965704953864477
290,0.032609635695525864,0.038828252450363095,0.014357534036811243,-0.01179328329706504,0.00323045721527421,0.007489579263158909,0.006307005108540563,0.005896696991426845,0.016760781282213495,0.018406446777510795
291,0.01880490679565517,0.027198103579803273,0.01029313191931273,-0.015100164523927618,0.0038946372270249026,0.00536364253563337,0.004458904496582792,0.004905705111538754,0.012766633240028882,0.015773688869136108
292,0.021582007473205548,0.029795381832911177,0.00926438559642058,-0.025325812586283324,0.0014503832048110082,0.0011855686169323881,0.002647883616089523,0.00042453746050967543,0.013863381522519544,0.013340813746473456
293,0.041042638145768216,0.050335127659891364,0.021039401311954357,-0.017686886619649962,0.009864361922318546,0.012013169548511608,0.013263369813322346,0.010176252570618969,0.024936714795583008,0.022779575466450694
294,0.023692416326571843,0.032092226484256074,0.014037622691528879,-0.020918685936656856,0.0029010713098697443,0.005459713741144766,0.0046313852975161975,0.005862983957522389,0.015122355683388416,0.016293841080390357
295,0.02498666538136744,0.03385115505725293,0.008584678435211495,-0.020907287586975333,-0.00020350842537580766,0.0030192276915954525,0.0013663508329069575,0.0020026158768069787,0.011297740758147684,0.01284606985714464
296,0.01933879769149654,0.026355873120555116,0.006406981318293481,-0.01858801374586495,0.00030417522907122017,-0.0007935837343696501,0.001615160899936852,-0.0004545208372099533,0.007901549424552241,0.009069085254846067
297,0.037414824020645984,0.044480057407234756,0.012880500151494747,-0.01621150585270391,0.0031979777349142743,0.005513087281474915,0.005982501442586257,0.004120912049683358,0.014622842041351575,0.016815747833505132
298,0.027420624620234306,0.037080729041625834,0.005654973147144954,-0.013415082268503322,-0.0034422538022236666,-8.058405751028232e-06,8.434218459903411e-05,0.0014775041903468153,0.009188024857132413,0.010176949802578295
299,0.03748504675143924,0.04637035980203996,0.01757712075463956,-0.017164275392206007,0.007069673141851013,0.009408945611085736,0.00975023627676638,0.00872003446920506,0.020086645671375768,0.020788455314329747
300,0.02934840111063173,0.042749099258513654,0.004623239062709758,-0.023930187385234367,-0.0054635522221013165,-0.0013377260926673014,-0.0032935885103173137,-0.0014281439521190227,0.008914599703019048,0.010485563637356804
301,0.031270959771818825,0.042470870713014405,0.00621748376073238,-0.019371701108576386,-0.001457904562338323,0.0019950993440298317,0.001077277908858666,0.00018979655729719344,0.010988713238617661,0.012055747824433357
302,0.029468067667122778,0.03585621221502684,0.014969115607298175,-0.008104220798621914,0.007331783439464011,0.008525579671459813,0.009952148336650117,0.010035215593770226,0.016112377744347532,0.018128049009267403
303,0.023878383182154413,0.030172179881319934,0.011479398021366067,-0.011413536012886352,0.0032261944788997,0.006487405780831607,0.004559495028028455,0.0055189332600417045,0.01369851125610915,0.014960920170544267
304,0.026782017330405007,0.03478357280940211,0.01226227665819345,-0.020934362768612536,0.0053142393019162066,0.006370825076733226,0.006568824641745961,0.004794736868129828,0.016266911743065684,0.01465168497397587
305,0.0341472740352746,0.04018873211586593,0.020281889203042115,-0.020173667180566686,0.008284719597556358,0.007986033732006088,0.010818553530365056,0.011774808835342817,0.020355064564771798,0.020894771375409075
306,0.03027022234409043,0.0375945988285485,0.011960723183512453,-0.022253154038153353,0.0007593707693741913,0.0017716294874566558,0.0036431391033995087,0.002395663777175977,0.01607052245523428,0.019227422212102756
307,0.023409085876169574,0.0317634116063837,0.013271910905153953,-0.010346203246989195,0.006926269864960996,0.007383977334497921,0.007594613850770171,0.0062479350961483614,0.015350755985909662,0.01473960616028698
308,0.027641393303878926,0.03594956955971804,0.009911944299004126,-0.01490039038263336,0.0023590896719770304,0.00773764702691136,0.004689448732219559,0.008034313099347674,0.013955647695379597,0.017052906356199778
309,0.024023167620952295,0.030832607735175998,0.007299148672319983,-0.016143999279629756,0.0014767628002907251,0.00211809119019692,0.003517879618642642,0.003659049169069474,0.010623471393202119,0.01276457943643956
310,0.0352539926379989,0.04324507665338526,0.013830786753425878,-0.007990819965210044,0.005676977930831375,0.010013997632795198,0.0077768745143847766,0.007989175695007577,0.016345707051965263,0.016064323762367695
311,0.020832193536222506,0.031358263046385906,0.009083004828504031,-0.021291168799117303,-0.001443311900299861,0.0004889928594258087,0.00025420022721802125,0.0009819998567441447,0.012653287978222964,0.012210741353748935
312,0.03025467978862878,0.040133787167797655,0.012860749309947924,-0.012726253274476873,0.0030147807930827053,0.006886388980072579,0.006250860474790959,0.00741391869087252,0.01481965832829743,0.019414306594402866
313,0.021110723674239,0.030538383077333142,0.005003771814640135,-0.02101636748792162,-0.0013602801641700213,-0.0023876437616339144,-0.00039268893717033117,-0.0032338583856160383,0.008422309554323174,0.008492262140843379
314,0.03056596940748968,0.03708613430108466,0.01328151983814983,-0.010562934326547703,0.006495695431043743,0.008843323904817842,0.008083917157545653,0.0066071040990759635,0.01626575559059042,0.01660006862590871
315,0.03316284224635908,0.043179171856732194,0.01195036763249172,-0.02019754205626875,0.0035594590794746665,0.005416372834341651,0.004789412004673234,0.005360541843831683,0.012550901650164564,0.015487641000481337
316,0.028661304458841158,0.03889553453441536,0.014974963647770368,-0.009721998972668709,0.005501775572056814,0.009751755880494583,0.006601161616692832,0.008924302286831175,0.016581200003576754,0.019280587324200505
317,0.023034899217780784,0.03487526076044342,0.009790621196661974,-0.01528040628954538,-0.0007667005651179391,0.00424100714925178,0.002780262565288887,0.0016892126218157229,0.013172937160089016,0.011578845709898587
318,0.03219600083209543,0.042685187452493376,0.010717708140088569,-0.012733238399981547,0.0016687788455851927,0.006882432437577213,0.004634094000232946,0.006469257564076593,0.013203229830627689,0.01632863240757531
319,0.020947479979058943,0.03065137797737502,0.01192567700983205,-0.017803453502049225,0.0025353773699071285,0.0023850766546089754,0.004644909784006159,0.002733254884152968,0.014056770305466305,0.013388791894718713
320,0.03602453444578514,0.04102202472253268,0.008965947430368295,-0.015926784355083132,0.002544158843281124,0.0071096878938595506,0.005450048652322437,0.005530466695626883,0.011699747607307905,0.014814306011212568
321,0.019209400622465428,0.025004737063188082,0.01206744562500925,-0.013003593235711059,0.006606209232637097,0.005474196151579667,0.0066404214794863305,0.005986275096832712,0.013369657188197279,0.014801728459558594
322,0.031339793774326656,0.04065501009985277,0.011569440064025795,-0.012528861386726828,0.0008912290122750508,0.008537581294473271,0.002770029198496168,0.005175774723342861,0.011640011483292427,0.011553002407484931
323,0.026979070847594454,0.03438801941141267,0.01698576338164661,-0.013931298533233605,0.007454912089004012,0.0058998153426836975,0.009554877078566197,0.009231951348863409,0.017632476654663266,0.01680698689856967
324,0.037319104936532746,0.046503478410209485,0.011243710180741672,-0.014279821309019955,-0.0006119108232061384,0.004190995244525696,0.003708010688702941,0.0039953530758090215,0.012199908683350337,0.014883964125653099
325,0.022607213099548436,0.029671104369693807,0.003831917353753357,-0.016787729693571375,0.00028397117547997717,0.0017235028319022756,0.0017753642450704782,0.0023365663397726328,0.006982958163308242,0.007580074026012189
326,0.029153767215479014,0.03516023953000608,0.02153855325530859,-0.010860826946514534,0.010364301462862243,0.014372914687857272,0.011731855120539059,0.01269319923331814,0.02018510362575683,0.02233192064433591
327,0.032866242636433875,0.04045103349549427,0.016105299633182052,-0.014485341216193635,0.0051629059623481055,0.010180673317954967,0.00839797551585466,0.00974383189009827,0.016402544198078357,0.017338477192773556
328,0.03167892978486319,0.0400638884135454,0.01934236200940671,-0.014146716020378564,0.00848814161621516,0.009091977114688822,0.010480894704924092,0.008500742136920056,0.020367817190239498,0.02347445964451273
329,0.027470757767374156,0.0376791591312003,0.01231927407719569,-0.012388984497564962,0.004523100429997545,0.0071447713626114654,0.006524040898771682,0.00809216256802025,0.015839583377700535,0.018514448624808767
330,0.03923700833962731,0.0458762543290943,0.022908016978393765,-0.017376019894773147,0.012839146786522223,0.013162336935069213,0.01425358660937322,0.013370493796858516,0.025768892960409972,0.026222848521602955
331,0.02972210983652106,0.03665573328250236,0.008249042182379221,-0.010044027900732541,0.0012112420613063738,0.004885237908547063,0.003960249168777691,0.004785919242080257,0.00892840848327214,0.009218383948657028
332,0.033559207359748704,0.040709511804395956,0.014621723402605832,-0.011465987879154007,0.004863176525424325,0.010112047331203735,0.007689173679754505,0.008635222561200006,0.016696290551048543,0.01898355220565206
333,0.03546244244267914,0.043942631551508765,0.019082525520288857,-0.0143947176720364,0.006869676815543672,0.008963946487410097,0.00973715231932019,0.008584124754163239,0.020623354244240704,0.021526605724299958
334,0.01993220750615821,0.027979390608002593,0.013530971796138672,-0.01609339652654714,0.0052997216732047405,0.004829252893032101,0.006764029915214025,0.005951072426393297,0.015340830813654085,0.016696723909364553
335,0.030204629644212038,0.03749711609993505,0.014102624595253632,-0.02113562186340897,0.005368031985585076,0.005163886913120186,0.006677228002462264,0.004612331659407774,0.01750855624354123,0.0203268792124626
336,0.034757966886637105,0.044759601118,0.01842307472808647,-0.015773228471541757,0.009082683525140462,0.011322688972232249,0.011875148003922177,0.010520719168997245,0.02473460316757689,0.025600200852710343
337,0.030943046301662492,0.04003418363588801,0.013089479341284082,-0.010478097268473683,0.002940989698959854,0.007791009716220508,0.005462614239605871,0.006131339204991158,0.013806997083163042,0.016012700769874356
338,0.04132974073387922,0.05234658863000115,0.018786029264184628,-0.009433257304061287,0.008349760862352031,0.013331265858061273,0.011930565510878371,0.012901636181923156,0.021488103265307992,0.023639460584707648
339,0.030447650274132647,0.03581086924035315,0.02111146199938409,-0.009705058443756022,0.011047283800819183,0.011768004760418416,0.013648043974749507,0.013475167677704111,0.0228646243364563,0.023907414695238233
340,0.03206818646299206,0.04094438462399269,0.016443065771902153,-0.016869248676375095,0.008378022123634216,0.008882180939163615,0.0115999506918226,0.009534642710341166,0.021396636796892018,0.019922236093822883
341,0.028853475593643135,0.035819856132770125,0.009760408697714718,-0.0070971454457494695,0.003986245160844853,0.010597190601641968,0.006058929514593069,0.008229521868638108,0.012937194570109941,0.015437396077692487
342,0.039410033682430325,0.047699549572193516,0.02084805385548357,-0.016941275490344535,0.013629444308983666,0.01566606860693454,0.015259711945418013,0.01524464746126818,0.025342602858624146,0.0248660035472474
343,0.021570981104135127,0.029086391099204172,0.007924499538620896,-0.019717870564891955,-7.448525150267492e-05,0.00022694081290567208,0.0020035199315700672,0.0013611884635349432,0.009512275851164046,0.012326290850660128
344,0.03814245126539963,0.04575897703332209,0.011100103121870613,-0.02195452070138596,0.0016363012181184896,0.0005681002210566657,0.005003097930524868,0.0042389903354111795,0.013089196684344823,0.014144209163071703
345,0.021970297953007808,0.029079217083270142,0.016288586236318035,-0.011986775704936486,0.007795942017099752,0.007936354401279298,0.008648829046508788,0.007888774517195812,0.018553265541358346,0.019176765930439894
346,0.024689350284825433,0.03456767044443894,0.014725729832607387,-0.010856665049229951,0.004427023729762902,0.009886211930586345,0.005391020444621992,0.006662065999396015,0.015433644904450173,0.015460315732156126
347,0.020816274463489114,0.030465357397375332,0.004597851750261969,-0.017441198242115912,-0.003924302987544014,0.0015297984191854981,-0.001498594762588117,-0.0011501413091410707,0.007304548684263418,0.00463642307596159
348,0.031360568479854925,0.04096079011266711,0.009439710411477797,-0.011126279162704006,0.0024060483873772497,0.00966736712454817,0.00488341485121452,0.007030240843779681,0.011982751256653842,0.011925878291163707
349,0.01935556066102007,0.02381366556697562,0.013302329952128027,-0.009426409090615774,0.0059559986645028404,0.005698081516930706,0.006982087232977191,0.0069408771825492975,0.012650110563656622,0.01442037803323156
350,0.025745689910616938,0.03407767207461618,0.010102535635362394,-0.010632831104001508,0.00027363277404615773,0.0036722570437911634,0.0023634735560872934,0.0033108201991052,0.008671156530961076,0.011767543721330594
351,0.020404611235879586,0.0320625071216035,0.006702819667310134,-0.021263393381465587,-0.0010373436010328002,0.0005961170986600334,0.0011431057430023178,6.359607614804703e-05,0.009056459928152745,0.006997291993328224
352,0.02198101822237001,0.030460589784487152,0.007267361281863585,-0.016031462917293824,-0.000360506608290766,0.00015479738296796672,0.0007832390395891327,-0.0009933100956365092,0.008573188612264544,0.009414192919078052
353,0.027897140935788028,0.038037131455955865,0.011009694740833024,-0.013994584447434993,0.001720837810541672,0.003669917999295381,0.0027031222164408657,0.0022029662211117055,0.012992179230354808,0.014082017976324496
354,0.02880640397668798,0.036674037626043966,0.008728998933232823,-0.01617797130109458,0.0020205375742630835,0.004902944730559671,0.004392511859652458,0.0037312832088746825,0.011451003497537589,0.010097052550424316
355,0.0370419092116043,0.041541643231949255,0.013140053215971479,-0.014846952725698965,0.007713827570288681,0.007631114793330632,0.009785815308460576,0.009051383766869727,0.01731798276989509,0.018235030883104828
356,0.03422169478673996,0.04155833521192799,0.02356030367263182,-0.01092650729860643,0.013178900254451861,0.013232707307348221,0.014863709468329305,0.013677359936575813,0.024670239455487318,0.028532066431610777
357,0.022252372613277144,0.02788720660723637,0.01169639844706323,-0.015652407519965578,0.004577098842968206,0.005457509977962965,0.006359140136202787,0.0059051278843465175,0.013009777456328666,0.015085004784723582
358,0.028714132728333553,0.04215138329850936,0.006226406043591333,-0.015162343514495843,-0.0012359137661489157,0.004128318601816122,0.0017606275867129834,0.0008881608224470215,0.010714956688778978,0.009579670882959673
359,0.02880788713907863,0.03703730269260678,0.013410493639455928,-0.009256676544079285,0.006446238075173768,0.009164330239101563,0.00811805476883488,0.00754134874363319,0.017187287781531422,0.019954940297684118
360,0.02525007210684165,0.03381148394111788,0.011517373113346097,-0.016225796290593182,0.005528158612811267,0.0077741698857057935,0.006320441895767704,0.005203622576223121,0.014725820894947481,0.014881196930670849
361,0.033790016265080464,0.04424949841742568,0.01526092039009223,-0.01593042616001965,0.006930988807764648,0.008310882182611007,0.010150126564565636,0.008824621047551577,0.01990229575313542,0.019049387686506984
362,0.030639249625128623,0.03844002510018367,0.01780596406065153,-0.012757833648446803,0.007772314956033433,0.005203069508731517,0.011059880116633255,0.009010185717127386,0.018678789375332773,0.021015267284904594
363,0.028130966916188903,0.03222456123521216,0.013071356404447305,-0.011847823708879929,0.00519566595173161,0.007611335564655484,0.006182305618062746,0.00569319318769115,0.013529702728895875,0.013370052917853667
364,0.022985179300008363,0.029254297771385086,0.01307831380738891,-0.011864673495429922,0.0075032306516292415,0.006892060886150822,0.00846116077725466,0.00768433578720986,0.014340522505910207,0.015479870846113635
365,0.02198246687301461,0.02776750153859715,0.01746380424447242,-0.015377506390351117,0.006937090770498084,0.006399771785387011,0.008972459281575982,0.0066280056188857284,0.018844032827178343,0.01984686125946617
366,0.029976030485715767,0.03902177290855215,0.010211323082712836,-0.01723126319284701,0.003151435733299017,0.005065678661066884,0.005949111432824468,0.005674284205638621,0.0140329720239134,0.013361687110953178
367,0.035011472879947006,0.047962466359402496,0.014157402525239404,-0.01430023860659448,-0.0007557709974585118,0.009165728123355258,0.002486322387036925,0.00643576329015597,0.01498518218560895,0.01593830947881056
368,0.03204716199577341,0.04290383519233005,0.007109893097236156,-0.026518314559915917,-0.003940092497835859,-0.0014074161091917514,-0.002405616578961306,-0.003702009082036662,0.00992423754001825,0.01111097942483747
369,0.027858405565289866,0.03668813110025006,0.011620201168986563,-0.019448065544193253,0.003376351015852873,0.00448442924894858,0.004875826144357874,0.004673686947031902,0.014900038828531198,0.016696965468114146
370,0.025303123051566723,0.029445858037553507,0.01128749842190763,-0.020765953470930774,0.002856922374677976,0.0018777538808887999,0.005076277668386682,0.00269849931462888,0.014032390121153879,0.01518227563390676
371,0.03221691444462261,0.039917129635733524,0.016021743086573913,-0.014012399607477896,0.0057594830718647495,0.009059613768545529,0.008144995739563848,0.009232628556841857,0.018057900520170082,0.019984545250989826
372,0.02440619700061834,0.03179015961401334,0.013130557786085895,-0.01625145978536242,0.0049321757619333675,0.005756758261617978,0.005327983856343026,0.0053169927398144514,0.013831106344384562,0.014371065253316223
373,0.01562703801615058,0.024930159162198054,0.014054103823947575,-0.01960640080397785,0.006780576881782227,0.005395928480429328,0.0062225004836134155,0.004179919468023088,0.01537302700778358,0.014537793185902486
374,0.02429640220534325,0.030013442645659617,0.014998907307641963,-0.01689407104611648,0.007470835511467995,0.0071663442888806675,0.00923752035865169,0.008142654670491056,0.01612539618108249,0.01733288138734434
375,0.02512120536414063,0.03313299814581538,0.011585198411936348,-0.0136321886692651,0.0030001985090257507,0.004515774615171593,0.004647545845865635,0.005212513742258156,0.013302231380369988,0.01389884825166092
376,0.03191364508401166,0.04107952467665571,0.012517610718486186,-0.013099988294702774,0.002107535193524897,0.007726797279637314,0.004888316188744652,0.00594761209559156,0.01312600170667214,0.01502803069450979
377,0.032735751871454166,0.041521820658378776,0.019300847933932056,-0.010912200760485402,0.007391258031660281,0.01034503740943914,0.010338211455192488,0.011081766838221378,0.019898166766165636,0.023119406156078593
378,0.026205738812058132,0.03872686907079985,0.01256073416006431,-0.021181859469080667,0.004505118201496114,0.0062435466157960045,0.006469964561011313,0.004396999435613122,0.016915064161785405,0.014847534619785335
379,0.024533747386741616,0.03252895139850564,0.01572313743891767,-0.011697460052005927,0.004321231554539137,0.007238147860974338,0.006152820340856304,0.006844556982818354,0.014090852587416191,0.014275741608555608
380,0.030634768698496528,0.0372839946090857,0.011367492785090371,-0.01719241374968533,0.003848380856104369,0.005116006789123163,0.005640053084560383,0.0027518174726148146,0.015570332318076297,0.014417365098116988
381,0.02879277901632548,0.037486376248894504,0.011942283249065364,-0.01655086699675902,0.0016758045581772199,0.0026399950490380132,0.00416063410883015,0.0028628371338513974,0.01256840107658599,0.014042686545386448
382,0.03298838000443306,0.04042514556113594,0.019942675375969346,-0.015353041955499375,0.010545843874354312,0.010688230893464611,0.011177504055499493,0.01098336134352447,0.02119058406221104,0.023132112142004328
383,0.026346433445776023,0.0334817558650593,0.011404159152220001,-0.014644763595613435,0.005024648583336776,0.0036015541802440426,0.006422746545460043,0.004475003987769568,0.014469195479758676,0.012196116874534974
384,0.022875635154136317,0.030175434152812496,0.009965781687118255,-0.017808837564908107,0.0011366842988150077,0.0012569414894812365,0.003804153831774193,0.003641896068050438,0.012951431805319713,0.014820227551689777
385,0.021170523974269613,0.025994914491583122,0.008749863154263644,-0.009638984295845228,0.0029539141969771128,0.0068623149121080865,0.004782699245359745,0.005914241660317297,0.01203082689839825,0.01264053545791175
386,0.028030053485504684,0.035055652993735587,0.0071284643564040896,-0.016225263666388254,-0.0011840195542695007,-0.001988735605815359,0.0008664331233928331,-0.0010961147468781002,0.007916827615641086,0.008622031856910402
387,0.035269299661774514,0.04143306721216837,0.015374518064774762,-0.01074004935880852,0.006585825321565715,0.007893297050367972,0.009108168791776646,0.008556096630552387,0.016838123599685825,0.018692804919375132
388,0.03206487081572834,0.03919671683640642,0.009716204533246803,-0.0170837608122298,0.003347175108596813,0.003140158786920777,0.005142271120818435,0.002786955953487162,0.012965248240885787,0.01129722546457432
389,0.03758168201251261,0.04593614532573272,0.016799209419776556,-0.008175759652796351,0.005560019024266899,0.011589863758661275,0.010021696240694213,0.01043828936200826,0.01913574158184602,0.02062329347439206
390,0.029551673170992904,0.03757127167471064,0.016100286713847896,-0.011858434571442412,0.007374346369120913,0.00906612022763161,0.01000038805952434,0.009051622048006592,0.018903140874404978,0.019018838713337774
391,0.030025539723231763,0.03810765201995399,0.01642242969500161,-0.019682066547553237,0.005563062114811745,0.008411527566922393,0.009489091157112706,0.009392266914779486,0.018781390175198722,0.01975624804827634
392,0.03618752458318835,0.0459100880951128,0.011199938382919775,-0.011492017666923069,2.629834358742055e-05,0.006256847639222967,0.0033920764780506125,0.005131697305787057,0.012675869985256527,0.017615371222183197
393,0.018010736724099783,0.026237937929343598,0.006865431772150095,-0.017277048038858638,-0.0005363634612294418,-0.000719157557169374,0.000640966626581158,0.0012596193707368746,0.008572853426208765,0.009185343842864954
394,0.03861411879557986,0.04432246122644247,0.019921106523398666,-0.005882976135788404,0.010377192836450637,0.015094750609980317,0.013408525223712359,0.016044018409627697,0.020820762767800906,0.0244399078714736
395,0.02794430765702579,0.0345313517184228,0.008764288377167202,-0.02137979606168836,0.0015304199238964152,0.0025420000359199163,0.0031211634105283124,0.0031097802274485517,0.011701014011908262,0.011758636849544707
396,0.024944846705193587,0.034902740047466366,0.00964174305121323,-0.0204277669287438,0.0010191769494871362,0.001586388522518141,0.002172604872703103,0.0021415086102725355,0.012125602994714334,0.014499281335703981
397,0.023563464162554417,0.029142433963287036,0.01055394627819725,-0.01779544059339385,0.00421821054929517,0.003085257995192217,0.005215970577425756,0.0029923695430346705,0.012433057219389627,0.012911930814185827
398,0.024232540032159102,0.0332130912875641,0.012431105939115223,-0.02113832021055558,0.003643036112086525,0.002038010868017332,0.0055134015260524145,0.0037510272454940887,0.016884677423018794,0.016813687672560772
399,0.028189948183070513,0.03550589183823981,0.015460345104915674,-0.0126572201267832,0.007493456925855892,0.008997611547060084,0.00962222211596785,0.008067902037291297,0.01912006351896229,0.020025956067832994
400,0.03498629202035229,0.043192923993139044,0.01514572669031713,-0.0156379864045004,0.005881050558670687,0.00727807665658662,0.008242158855418956,0.007269021035224904,0.018900060108529154,0.019866911661455787
401,0.02437278501527246,0.032473562031510174,0.009536645586567092,-0.021098426003973835,0.00019194346179670176,-0.0007509634675075267,0.001645550350830062,-0.0004089191597486443,0.010002996386212038,0.011346411038191645
402,0.03293910976102455,0.03978356183324767,0.016569569191050827,-0.017622182882814856,0.007277965436622344,0.009136079983323563,0.00879899998930955,0.008083648635287249,0.019202538762213197,0.019728242296822022
403,0.030191112513416617,0.03937490177458001,0.012997094464064851,-0.016054889067897312,0.0041897617393729545,0.005313287313793082,0.0075345933800129595,0.0068551503023085315,0.016458046482444658,0.015058483847379494
404,0.039206167317161304,0.04923628729413168,0.016862386035448904,-0.01822679418917127,0.006581084443174535,0.007724483003487867,0.009629995982897011,0.00752540037174661,0.021637034004565507,0.020303310408900786
405,0.0436304439918045,0.05323780034401222,0.019836858535391865,-0.014910921708592506,0.01022115414022853,0.011805802476287265,0.013127482395783823,0.010716667094169496,0.023187005567415722,0.02270120025889475
406,0.02430896169665305,0.03252798199005194,0.010755779570444187,-0.021416966634051224,-0.0010150506234147647,0.00279779341349566,0.0010698713857809716,0.0021878066087655298,0.01245642855504002,0.01209811494154705
407,0.024985192613836173,0.03234705890485032,0.01257954252192697,-0.018786668057171413,0.005753776670186349,0.007700247346418379,0.006866335055832678,0.0069445973802510375,0.01568655192466262,0.018218024095284495
408,0.023904887279500298,0.030293657620239667,0.009342902081496376,-0.011498307439914172,0.003184656674842694,0.005216597314945195,0.004112818985243116,0.004356432632621608,0.01090082779790175,0.011114589163477307
409,0.024843875711376185,0.034360739938974524,0.007293489027199602,-0.014452360285766084,-0.0004953385181022413,0.00232433844949956,0.0008638053572363859,0.0018964724800406385,0.009022871392107355,0.01156700589401915
410,0.016570811716238042,0.02382480183914345,0.004980260135726929,-0.015330811922370537,-0.00028690070228530763,-0.0007476690191434365,0.0006020725233295226,-0.00015666076840302907,0.008407434252288898,0.00989764484648677
411,0.03143356444707229,0.038134677303897885,0.014362819557679454,-0.02087808952875393,0.005151116002874897,0.004768728390531387,0.007690661989043448,0.00556672212651919,0.017125241677349173,0.017226063081486692
412,0.027499574476892618,0.035517215582423836,0.017735879492486197,-0.01654291479198429,0.009557715518754239,0.008706245105957832,0.011528542291582282,0.008931115408474088,0.02189185195207418,0.02118766187923751
413,0.039164946192680995,0.047418053729677306,0.014228423733576408,-0.009359083135871147,0.0037428576917682655,0.009473373472497711,0.006891915568787224,0.007183795461454064,0.014246763563434295,0.015949141645378834
414,0.03001444402106842,0.036034346414913654,0.011105471855663709,-0.021193507901728074,0.003269170165933015,0.00401593495293968,0.004980748626612495,0.004907696357383556,0.0141202145131136,0.01642311756881594
415,0.026489086764082913,0.033912990538116874,0.009783124399100805,-0.01643638896040067,0.0026156353593440257,0.004527173013642848,0.0028041046888480025,0.0027400473790096863,0.01119150531189377,0.012300152640298365
416,0.025385294562879645,0.033310953220823884,0.008210155640364054,-0.014340160605730429,0.003185682673106518,0.0062065800300667735,0.004840976926442838,0.00467949214348322,0.010748191402722823,0.009510801553594685
417,0.0379243827159184,0.048772864930677125,0.015548983393515136,-0.010431196266828542,0.0018511510741040355,0.008799995698430136,0.005625300584308576,0.006195847882875296,0.015929466192409127,0.016183801922709358
418,0.030944358465369186,0.03946843236582597,0.015808032116251956,-0.014509743689829848,0.009324140429808178,0.009896600036995211,0.011147483264730817,0.009946784757502828,0.020200034499670706,0.018562711444255163
419,0.03821859602232816,0.04800459118241894,0.00927296338764153,-0.011638026042401826,0.0007911765478202055,0.007969171593726444,0.004396118927597965,0.004725214960897051,0.011502887277384207,0.012725818686243544
420,0.013393369753770062,0.02049544295853086,0.010096361480040582,-0.015746178574866466,0.00277642518978174,0.0052549073564787645,0.0034452513224304247,0.004032544969355577,0.011231681523191145,0.011320296262365467
421,0.03431496046153556,0.04129045881298003,0.017078703975581224,-0.015346957362729202,0.008689439372714816,0.007340792251096151,0.010591068780315738,0.008800515161123415,0.019266477910639526,0.020648195595855963
422,0.02068568896709474,0.02975455691102722,0.011029087135967622,-0.015161968347954271,0.0018896588448060747,0.0032609241502427042,0.00287993879049406,0.003358658268161207,0.011763201819541972,0.013755696426052557
423,0.02883062694428119,0.03720876389284689,0.010093066722351555,-0.015506444143129114,0.0015764437895048275,0.0034522941616436514,0.004082640321727509,0.003780616155810993,0.011926725487871416,0.014252280025954332
424,0.037004153230986575,0.04388788287940408,0.009970728304504411,-0.01874693809162922,0.001596628850430396,0.0037644859894575616,0.004740142676587572,0.004826194011211179,0.013081836005403705,0.014053861208739022
425,0.029370965824668572,0.03649520723908199,0.012957632226229615,-0.01226424288874387,0.003594580131865285,0.007252921492605258,0.0063451652112349625,0.00900137912150851,0.014151829145327458,0.01817236702004258
426,0.034154937249752854,0.044556226759184824,0.012072132813868073,-0.013306222278935187,-0.0010648660860717067,0.0046988885148572575,0.0025419699313475046,0.004340017464737651,0.01096753804971103,0.012947444637189779
427,0.0322123811884784,0.04115344990020393,0.00880666339908461,-0.018313973340956365,0.0009129376128463983,0.005261152286754952,0.0031732532479682276,0.0028022539553038436,0.012088483366085364,0.014152065498512034
428,0.025947338128592234,0.03461195477405608,0.009600811688436815,-0.02056619168629262,0.0016530691400335452,0.002828182254257454,0.0032383264266248003,0.0031006715270462675,0.011055494938964783,0.01318779592598154
429,0.0345747187323073,0.043375006182184,0.01690552195362561,-0.0159156506531252,0.005918509828499733,0.006459561644057883,0.008334456705839923,0.008411605961914956,0.01942556628305569,0.023619227296473394
430,0.02579122156973407,0.03292154432887318,0.00879444451021186,-0.015255904788184746,-0.0008191506811451622,0.0026402892289149747,0.0011517423709979974,0.0034045032014137348,0.008280856032662653,0.010010012804137181
431,0.023339971397350223,0.0306704956392407,0.01024916274078502,-0.021822348842533625,0.0015036586693351933,0.002236724174304436,0.0028088115877688427,0.001753759025995284,0.01323496019236874,0.015294554979362487
432,0.02333335507843409,0.034645769592671925,0.016838521250254392,-0.022660774356169654,0.008413922785852094,0.007695476839448706,0.009216102170347056,0.0072153231226313366,0.019922647538755205,0.017868108721343562
433,0.028970747152801197,0.037035737919038234,0.016418667436916678,-0.0175069703961833,0.004208185124222266,0.004850515340366643,0.0062116046500754075,0.0061507949991258404,0.01631827470874981,0.020364318655724856
434,0.02519880222628349,0.03494925575126524,0.006452466583094803,-0.01589062194489579,0.0009834499803453764,0.0029810115778602696,0.0032790830775120115,0.0024781765978806325,0.012646669955891903,0.013267403282465113
435,0.028198476857430505,0.0336408534944281,0.013657838166665784,-0.01155696215594275,0.005204384317280584,0.005820848468929917,0.00779809165342483,0.007399201953410911,0.012854634075873986,0.012757363721183274
436,0.04376562448519834,0.05483427856894781,0.020116282279316968,-0.011052881065358287,0.008478093467951194,0.014395222965503057,0.011605314892859039,0.012148278852394284,0.02317237269619124,0.025034501659680915
437,0.02722265150208175,0.03606940777962656,0.010930708576756928,-0.016519921765794417,0.0035424726844256816,0.007492935223921698,0.004954568052098844,0.005912123814103465,0.01450941799339803,0.01615391269510521
438,0.028421153416559874,0.036222956869676054,0.010486381958730489,-0.017760928087210626,0.004869746813444899,0.004694725632505172,0.006411624326017785,0.005158681958706888,0.014154863122341224,0.013931532566139626
439,0.023048947880817915,0.03022100058648295,0.009697297049636101,-0.012815987434240703,0.006002705022437356,0.006432515465896597,0.00691686763745779,0.006888384604302983,0.012343815282691548,0.014954734336783149
440,0.030094855829246654,0.03834414291980281,0.014051100693319154,-0.009640058164840705,0.0052938321096531165,0.00971526020101398,0.007388998314485222,0.0063721982502833755,0.015526817020007582,0.014723234354276474
441,0.030417757411118945,0.03922799740518477,0.01250493315163218,-0.01733720012762296,0.004100666765644937,0.007370335608748051,0.006199420906219949,0.0041297302339381725,0.01497449540303196,0.01334563668954534
442,0.027236782124394544,0.03622999090206425,0.01434975000758002,-0.015073645124856885,0.007634686383423299,0.009429357745406021,0.009457880246113081,0.009769524900193952,0.019207739978710038,0.021414191957117308
443,0.03750591498003768,0.048684150726894845,0.014731546386873542,-0.013414908237960228,0.0023843394482268845,0.009170203450764924,0.005852662238533953,0.00715341944660995,0.01659459720330489,0.016941702369371398
444,0.026180505699242806,0.035255259441480225,0.008457255254948056,-0.015245881505721301,0.0021503650490179264,0.0041618502783204,0.00383146146095582,0.0028431828941700094,0.010480617637943218,0.009231565079403118
445,0.022381690105406103,0.034245028107291464,0.004688298689513682,-0.019884326300297465,-0.0028787455489853757,-0.0003000967177352231,-0.0014058773321793258,-0.0015951759916059919,0.009285447542568319,0.01055769653858846
446,0.030605760163580065,0.03815963666750659,0.013555807380832735,-0.013862273492159969,0.003784498039036254,0.004280654561356133,0.005456449406889295,0.004887142487124437,0.012535283508427192,0.014880791609763504
447,0.02767940150508575,0.03929903415449078,0.008643996223532036,-0.01492538205581317,-0.0002168143065065212,0.004696602477959917,0.002097073408932129,0.0023634745073038287,0.01226303329657991,0.01437469318125927
448,0.028052010302451365,0.03504667799129331,0.00953213960722755,-0.014988375933896157,0.004263151600548092,0.0067725449061010485,0.005496602797616279,0.004958498067962704,0.012707100315619845,0.01321851779034707
449,0.026947957362995233,0.036431364296771365,0.007091984728144954,-0.018174210826977243,0.0009609359514591486,0.0066135985461927395,0.0032890174693874412,0.0030068453026573906,0.01095051722344188,0.010578758730279605
450,0.031352501718899944,0.04320153442785264,0.007921198235208145,-0.017289412181940845,-0.002292749371041549,0.0025280677269611204,0.00012323830435216084,0.0008628894622729124,0.010316660861475011,0.013630308937498354
451,0.03300770414958648,0.040735650671171506,0.010881293741028596,-0.01679617609741161,0.0037448312946884157,0.002208662888424391,0.005210481484039539,0.00222768434616884,0.014143130482051708,0.013094644336593911
452,0.02856282186756414,0.03703882599416954,0.012462875076390758,-0.01747767479866569,0.00173856552096252,0.0025041693296395584,0.004679242602157964,0.002411233641574745,0.012849023027585688,0.012575768152384514
453,0.019545458213572113,0.02955192110942669,0.0091859042541098,-0.024726373678960186,-0.0005550366086534298,0.0004026294737782741,0.001042207435234888,9.347645131497668e-05,0.011500404678820696,0.011188880223938399
454,0.038421912161780716,0.043257923400046056,0.018965042679464254,0.0019595563381217666,0.011364317893096058,0.015201287678205408,0.013217007957565807,0.012799646850754857,0.019975249845260702,0.020497035854506986
455,0.03382904136078668,0.042592254701224894,0.013515292965253311,-0.017218612356003672,0.002218064479244394,0.004344570810952455,0.00475873823551363,0.004313868065690995,0.01501309432078407,0.01613144670038114
456,0.02454493552733012,0.03183176115994286,0.012547359206678193,-0.015038998820155228,0.003334918170188797,0.0032212660024403235,0.005099708019479017,0.003158583352385151,0.0136233459727706,0.01338565881816523
457,0.03373355088433928,0.04416547581777088,0.015638896208443397,-0.01087957760601484,0.00545104309051088,0.006854622332548707,0.007682858275627103,0.006044028617559959,0.01572886608561403,0.017295911878547544
458,0.01973426525930947,0.028799943432802576,0.005499107951304363,-0.013810653877989748,8.17801987651417e-05,0.0023343971980428367,0.0016107362552314458,0.0035637146260874145,0.008661938748327791,0.011681629606568964
459,0.03030644412789152,0.04043756197699218,0.00983080986142435,-0.012742809921845353,0.0021971984962245055,0.00774180409088236,0.005675378781601047,0.004301925503008802,0.012422336279333115,0.010490610709283848
460,0.03217061998486038,0.042313024880730715,0.014865729484397277,-0.020543247550069255,0.0022736416254405868,0.005029181216373779,0.005293210187551946,0.004669780343560434,0.017842672526890084,0.01900872208293737
461,0.03772146244143114,0.047830529210847086,0.008563339371118379,-0.018083938067142785,-0.002584148104410982,0.004410199440874599,0.0006645021586117322,0.0028233750262905396,0.012181182290884243,0.014457119710331576
462,0.028135369250246473,0.038192200671084545,0.008232145226917283,-0.02226304788435069,-0.0025476860600747936,-0.0012880622139008681,-0.0009833767415090143,-0.0005224752239128734,0.008861817809874353,0.012304055646882967
463,0.03217247774889905,0.039071304603610156,0.014372274500120668,-0.014551625846369334,0.005121898785136577,0.009146156176008387,0.008170434178355614,0.010927492551412017,0.015853222070321655,0.016037146777201118
464,0.028252248351974808,0.03869632863130629,0.009103033595136239,-0.011671020990676531,0.002202234960577359,0.009125683223989746,0.004179374453519231,0.00523240643788037,0.01069892535896241,0.010907011490649387
465,0.02811419880495978,0.034512965026544294,0.013723035374619583,-0.006830173216353093,0.008096987369692877,0.010745631303678822,0.010049786052087374,0.008967888878100804,0.016967032418735605,0.018153803745770247
466,0.02808144696219154,0.036560627729994515,0.016161783321709568,-0.011537475687277171,0.010254017069654862,0.012358754018058244,0.011450085241971482,0.010746757453061636,0.019385400111328693,0.020101835313623966
467,0.03654026361542766,0.04566798961170745,0.01897178362004222,-0.011767775548304781,0.007116169230773498,0.011445721667997193,0.009726804605690139,0.009651724006035986,0.019906423708739816,0.02114157387619816
468,0.034348676389793206,0.04266963329248907,0.017808314375540993,-0.009546626633521653,0.010503108393213393,0.014524077031289504,0.01299602170337676,0.013264066142813984,0.021715289896777325,0.023030542410813842
469,0.02233889705783715,0.02953103010449188,0.012341812309036687,-0.01657645430304634,0.00427695606860691,0.0030652291698458536,0.005508366320429116,0.004380700813907915,0.013584848326720803,0.014943197930923635
470,0.03421421753620596,0.04184249443361046,0.007735946993151775,-0.013551774531060707,-0.0019581669796496343,0.002936943149334894,0.0008632557764161386,0.000950102488748869,0.009194281466784863,0.01180833480855887
471,0.03662234264823442,0.04568513253301438,0.01453928454394037,-0.013336835762345631,0.00768040920576793,0.011421677400234788,0.009284873615032885,0.008961455382970765,0.016858794918530866,0.017848746546517552
472,0.020551800024263225,0.031384960525221786,0.012368245967391833,-0.017894623383537638,0.004491001883900286,0.0063356942737999465,0.0065340548004170895,0.006331774426433623,0.01563900031264868,0.015579065685731374
473,0.03852095402657989,0.045615902065253296,0.014710828047082458,-0.018135337963272075,0.0037386673715896364,0.008655152538002819,0.007991828417087444,0.008637499383280043,0.01782807265840714,0.01672409082369865
474,0.025908634818864112,0.03160369188263297,0.00860934550958312,-0.01874411645824903,0.0026520683546008925,0.005334969812016093,0.003566421975108921,0.003507096755245887,0.011690866073756877,0.010786337949547822
475,0.023232802844717227,0.032538386987110535,0.004511056448535307,-0.017674921311859007,-0.004189210485282968,0.00031033817242116974,-0.0020961246155592425,-0.002008668594313304,0.0066066909127897285,0.008787122149704913
476,0.03053853405213981,0.04269190461131043,0.01504032910103301,-0.015270385471863749,0.006293607314673294,0.009925631630901786,0.00780817747784662,0.008157072751136247,0.018191286934522856,0.01992182714681979
477,0.02956673813247494,0.03748060700512468,0.01510914304714669,-0.015882484733135464,0.005075095393265256,0.007615977637782691,0.006780044669770624,0.006524963205174596,0.015306889692591304,0.016228171996634854
478,0.02823369007383512,0.03536676783491743,0.008718116108123078,-0.01907856512326166,0.002253534609721163,0.0022748788440224597,0.004341913152023931,0.0030979631676416076,0.011913848685074885,0.013632548091749356
479,0.023138006424808198,0.03097411612862343,0.016550372946321702,-0.013633659736033615,0.011574331693658221,0.008346949300441473,0.012685251210362885,0.012393096289855713,0.020808472490949054,0.02019765840529595
480,0.030801678933764294,0.039924407421841904,0.012967154548408116,-0.017483477061845547,0.004352988194693177,0.006313859616974983,0.006242712044697016,0.006334299222689572,0.014843258497734546,0.014017084007162705
481,0.030092350247453926,0.03787235984231446,0.00966486562515603,-0.01816781217319697,0.0011022282699689808,0.002712964185117416,0.0025734351037719786,0.002118079248288463,0.010453293853595565,0.012763973626620701
482,0.0256556275524246,0.03579318785906639,0.006594295127255877,-0.01901489419429556,-0.001869976888013045,0.0014635745687470105,0.00024156263535616735,-0.0007707786522557025,0.008892616971696778,0.010333175170288016
483,0.019949036610213196,0.02757376240181326,0.010234498813748511,-0.0189534679247645,0.00517652896364027,0.0035233924931112894,0.004932944971067241,0.002810741971243123,0.013150827977514799,0.013534113249009156
484,0.02789691338061845,0.035927397441379585,0.016765741732005058,-0.013011849751597818,0.00657408189204044,0.009250272855528352,0.00947513145039192,0.006573131086259153,0.01818867310917982,0.017954110234234363
485,0.025722273638287628,0.031779032249482024,0.005727934622047864,-0.016965152346611244,-0.0010045588204782268,0.001629950837553812,-0.0001272457447221518,0.0005817459186075848,0.006444715630564581,0.007527575731331511
486,0.03594044745219965,0.04558287842335481,0.010058522807364726,-0.025108280457789768,-0.0018915552430233923,0.0019526899393835485,0.0015728376354005168,0.0009932562885594865,0.014764226593315064,0.015490502707612267
487,0.025302851417973605,0.03487826246742949,0.013904956001484944,-0.01940804199746416,0.00656280764882491,0.006341938725007222,0.0074729424698054495,0.004247526535463628,0.01842593629881359,0.016664664206489405
488,0.026161908251564066,0.032713115602216715,0.01337796101986449,-0.016253534780408786,0.004290148211335344,0.008449323764058953,0.006761654138991421,0.005482197471718127,0.016823953378285697,0.01692891967256712
489,0.028015123010361333,0.03538670942069503,0.014599214200236077,-0.01197799857942455,0.0027399392447002074,0.006067754134568456,0.004822472485700419,0.007486011985485494,0.01216970358835919,0.015875557462602895
490,0.02313215633674954,0.03186590811574486,0.009405465678852533,-0.01110442005287331,0.001816576992284621,0.005781147693795677,0.003647431901028263,0.004105774307745248,0.012229220928063101,0.011708096857408031
491,0.030732453430899677,0.03578707383907494,0.014925335489654181,-0.018234485347957526,0.007549066862336658,0.007247907316360452,0.00925197355091584,0.008740241218120807,0.018081275973882198,0.018920473412305676
492,0.03646925695193341,0.04363584244442689,0.012267637240453391,-0.016343605503633,0.001984548074460238,0.006503655593369481,0.006324764688231408,0.006565771768604185,0.01592823401677468,0.01919759912669471
493,0.03636693477721526,0.04620469404926504,0.021526237456313317,-0.010852079223712601,0.008646549369567484,0.013194612315233459,0.011264707693416313,0.01378609143925542,0.020163568499793033,0.023620409648569183
494,0.028280818672229528,0.038366967061524294,0.012375196373197886,-0.018694860642523174,0.0026575591750089282,0.005426570974918955,0.004450245163441638,0.00557475123526502,0.014970417355820217,0.019539097537038967
495,0.020662364114129795,0.028532716335345588,0.006572457206390901,-0.025305392111415047,-0.004188675436312074,-0.0031349143809040955,-0.0018104125671374424,-0.00040892106514068465,0.008310943139820939,0.010392738106985325
496,0.028782444755883912,0.036782480918079355,0.012710281900894103,-0.014236325669142652,0.005586704037796321,0.0056111593140884845,0.007979587421689577,0.005635520696937414,0.016379618216554072,0.014910625222677628
497,0.03084938221244079,0.037578948686375055,0.016534497216726306,-0.013919039238957754,0.006302783295214241,0.006636775397342215,0.008712822237411554,0.008205245883027904,0.016879912426533333,0.019492312001606622
498,0.022769826556841597,0.0317203878852763,0.015539679956099672,-0.01223020592842142,0.003550848337511514,0.005166944214510341,0.006331904061637525,0.007851704655575222,0.013426749988269638,0.016993273939799214
499,0.03481123111432654,0.04152746376272088,0.014559210081665127,-0.012131800393789794,0.00548303137964414,0.009985466644910911,0.008816941840862909,0.008980172585466715,0.016759856146863965,0.01835329296259581
500,0.04341465008747249,0.05073727232937399,0.015876072738969217,-0.014152322251817423,0.005689663413605525,0.009476606431513497,0.009297186175244332,0.008776483889203062,0.020060937504513467,0.02008379293686569
501,0.0232158699426804,0.031114326480844716,0.006910991628384067,-0.015671376847239914,-0.00045062378110044684,0.004629673195556731,0.001146752347094599,0.0007050444669827767,0.008809493286804814,0.009339202528986238
502,0.02777378568489907,0.03184268582732666,0.015152152396975458,-0.01602976841239958,0.005171258141196206,0.0037642076158572713,0.007409208868400038,0.006691973129268959,0.018932454465097844,0.02091856366852167
503,0.032307993387140535,0.04549637043225007,0.014147100929559675,-0.01646636719134189,0.0034794014988805536,0.006771010977333738,0.006329422052799809,0.006898640741758813,0.016568703773543383,0.018481786772636077
504,0.031840260163562284,0.041997193430954004,0.01339123304834781,-0.018979480622864288,0.005871862647938946,0.005806498679762572,0.007206755277507948,0.006625144148346235,0.016563147348820133,0.019157829225778543
505,0.03284723648499662,0.0431646224125609,0.013365102096853343,-0.013355653426300282,0.003539821961352136,0.006599110467251948,0.006929120645379249,0.005535895517053763,0.015259864639278147,0.014216643916771316
506,0.02715975877569281,0.03663136280902383,0.006896547825931616,-0.015045863015883194,-0.0018273216461746297,0.0025737494892175646,0.0017364438474919911,0.0019452650619452689,0.008864965606071787,0.009644615936994758
507,0.03533817780534419,0.040700899431709195,0.019474011866413683,-0.013844558798321305,0.009934625691686084,0.011928815282175747,0.012426041939857932,0.012892636180722844,0.02114170773269364,0.02229780783069859
508,0.02671545791286271,0.03614460938170501,0.011661144880319689,-0.012751189553287185,0.005208067245879111,0.007614046864467176,0.006571132888455418,0.005962163911362452,0.013970326955765297,0.012673505307995481
509,0.027069983938972298,0.0341015229859621,0.017105586296833345,-0.012072935052320896,0.0070989283458328094,0.007637343716694627,0.009275879885076197,0.009006314086132502,0.019723801338810985,0.020824618620844428
510,0.027906985602066076,0.03678132809365346,0.01522534118909868,-0.01446300684521755,0.008364998649551477,0.008827601415319925,0.010035669823020791,0.0073186522092724944,0.01911660034544836,0.018648687784727894
511,0.03308218563096549,0.04279492002128282,0.022046381235267917,-0.012266884654951491,0.013199239282752651,0.01415152524170564,0.015886659577405017,0.013798229896606095,0.02578214237585042,0.024965504882551344
512,0.029796382224691935,0.03974773793912953,0.010752720427166077,-0.017444571359763135,0.0009431019352882257,0.004295209829722359,0.0030617535867096366,0.0028149136797495453,0.011700783586036411,0.01328326203812541
513,0.026985164094887142,0.034165057971999015,0.01855256818788404,-0.013633379939112577,0.008525193883635238,0.010653280771926716,0.010615467423242389,0.010767576989045503,0.018428462938980587,0.02111474893612445
514,0.02483509468523868,0.03458589932306729,0.010363274482868494,-0.01351294071893919,0.0024246562859236674,0.0036198142234244468,0.004896414690188227,0.004745717719501801,0.012516726108043705,0.012399088289880036
515,0.022848872980543937,0.03281152683055997,0.008997322231566263,-0.014194890931632342,0.0006791340502615513,0.0011910101287136259,0.0023898273543085115,0.0017042276142987972,0.010319656751326246,0.010588321872356518
516,0.03247989210503206,0.04103619664082812,0.013122750271693828,-0.011267173409691767,0.005636251292754094,0.008368929761222306,0.007454408594521003,0.0069484804490434985,0.014366423365217523,0.015556590712662442
517,0.029808288686479674,0.039718026907314255,0.010547549144979722,-0.012419335169931295,-0.0029094089102357085,0.003532878629804988,-3.361687565922701e-05,0.004299995269107449,0.010604901806629659,0.014097571958137095
518,0.02807259757659446,0.03963084439281804,0.012916059962310166,-0.00708291304847058,0.005268864710526509,0.008014978606369356,0.007156183553178158,0.008586441218304902,0.016079821471942823,0.01846539733053088
519,0.028829437483781806,0.036136577924166954,0.01557421539088737,-0.013940072295115713,0.007956317364751367,0.009520229294005063,0.010147344325206758,0.008498429493340192,0.01939094412107304,0.01792888056454047
520,0.0358939417861561,0.04536221053574391,0.010538013549782644,-0.013664843445327765,0.004138481671196695,0.008364917415919684,0.005846343082202046,0.004798979969899481,0.014536066752351784,0.015399664722157896
521,0.03439270234670615,0.04195412400103886,0.013557858054500188,-0.012350439082537688,0.003897803980178289,0.00582857678099782,0.006465595016450771,0.006037226659445685,0.01590735227964366,0.018438283332830128
522,0.02748605036136188,0.03663293710756958,0.014003098513806819,-0.018289808643177953,0.005263487176694337,0.005914211951464154,0.007146230331379319,0.006435977393386067,0.016684075194995186,0.016056063687302384
523,0.038384988043993394,0.04793327401131236,0.014574133979062796,-0.013123852629792626,0.004044825636499066,0.00891837741656734,0.006935099498072754,0.007391533075936381,0.014909694617869396,0.018980672404886833
524,0.019526330525680518,0.02800597998937428,0.006353612622321729,-0.018415204485853175,-0.00011318512996026191,0.0005185905805233312,0.0011559491228752144,0.00043759096309072334,0.008803385308231357,0.008649758686912718
525,0.026035836661719786,0.035553912600367464,0.011964185992685842,-0.021276941215291535,0.0023111205576437743,0.002943869329670247,0.0027861674760924268,0.00176989883833349,0.013012176744101985,0.013542804613944808
526,0.018520660586702344,0.028210819935499336,0.003865767055775747,-0.02857428793906111,-0.003947352645416311,-0.004425154228708296,-0.003070737457310949,-0.003674451903783954,0.006924162760174435,0.006333768269918387
527,0.02602230679492944,0.033977903866956115,0.01475416598314357,-0.010891839650155864,0.006238794331694391,0.006729552399032198,0.0072153344537670095,0.006854241193605737,0.016840818136720344,0.01834983774628319
528,0.03199413659757242,0.042284855056353696,0.010960413851585997,-0.013867795780386683,0.004013367992973543,0.008387200617554472,0.007484755881022848,0.00668085665322279,0.015832596923749522,0.015442519080673577
529,0.02685836563277203,0.03552499480104889,0.013030937999626558,-0.015559146717207529,0.003927685506525205,0.007014123672985715,0.0054285146562358605,0.005404264717378392,0.015628332278953917,0.017762915937762462
530,0.027868761511692493,0.036567370243708985,0.009693790977571216,-0.014489388350248841,0.0012944028213843742,0.0019934912566588465,0.002593831153200922,0.003666266669053643,0.011412650071557338,0.017344947322783154
531,0.03533623933714654,0.04440283589210287,0.014753111403111748,-0.01749175614033712,0.006567297877567324,0.009340028542628472,0.008770157584920467,0.00820448260235403,0.018286408045804732,0.019658082882797797
532,0.03182049630789797,0.040357152945121426,0.012127810700042322,-0.01657758193661526,0.001717726198533475,0.00461580201636344,0.0058634869945748975,0.005801563241095499,0.015721855641390142,0.015064004497220696
533,0.026357289967852505,0.03298987808619093,0.011787348600906744,-0.013086521106945952,0.0027353345820059958,0.004786994383898217,0.004997671001658831,0.003719034216416789,0.014202502749023465,0.014613108080212392
534,0.018436331023099835,0.02399738649045102,0.00786285937440753,-0.011282802706907286,-0.00017414728028981202,0.002015962977159913,0.0020272754865090893,0.0022598801271019,0.007984521687774953,0.009712513110076404
535,0.025035316948540852,0.02980234901562002,0.010882498638816239,-0.020310778837810198,0.005108858025489797,0.003711883460307946,0.006484739290948169,0.0023271820890028443,0.015337432746208158,0.010403818939877161
536,0.03532167168356719,0.042799594678283634,0.016409751040637258,-0.011380003455894067,0.006079173049931812,0.009852192411939008,0.009472805835841874,0.008464172895778792,0.016197721341739982,0.016485970296123163
537,0.0195982957861404,0.026325206832419224,0.010639776379442432,-0.012545840182821696,0.0026668803357845655,0.005280787805857176,0.004604323291292309,0.0048726325600838075,0.012580370082878068,0.013822713816485088
538,0.0219830511531159,0.02998984579497447,0.01006870242653337,-0.013654131370349034,0.0029550969092232864,0.0035791277053213006,0.00308256535558461,0.0030138319783275494,0.011807176484291967,0.015137250866617592
539,0.0362509342591746,0.04739885191909669,0.016615481231421078,-0.015158646309607208,0.0031595843783806033,0.008227367137791656,0.00641398782700398,0.006079792730769936,0.017151130751217474,0.017856260908622898
540,0.03435236143864161,0.04486254157444976,0.00902421632067378,-0.01329030914727949,0.002182107115049503,0.007350486602106884,0.004887063844658783,0.005145135336652726,0.012353415905792467,0.012183636478499106
541,0.017380936883702784,0.02412033617589665,0.0043008327554009676,-0.017143002216255993,-0.0005437385294007102,0.00024286815120524467,-0.00016902199405591153,0.0009842270299376215,0.006687452117432396,0.009779911868027144
542,0.030004174866781735,0.04011075356003095,0.013162277378154225,-0.01616581036839104,0.005287444362097223,0.009451094702878865,0.008611654045221016,0.006480569179525187,0.017948172448373496,0.015470007665858224
543,0.023678241901454254,0.0324532565631327,0.009356866425956371,-0.015232377960371362,0.0011608186218787157,0.004614696840499353,0.0021726842756399243,0.003513507330973219,0.011617313250082494,0.014172654968059561
544,0.03488518701626151,0.04114898238551972,0.01741145436348784,-0.01778926223168357,0.009126045883089441,0.01017333756575411,0.011239159596223356,0.011022383057202916,0.021596121855275423,0.020849385032772432
545,0.021349263032911354,0.028157046469087725,0.00990559090776036,-0.01830783358483582,0.0007742088358115172,0.0010500317425783587,0.0019191035629045148,0.002095754627980264,0.010035259970839932,0.011872484475776646
546,0.025455244135513776,0.03643426477743901,0.011932548697159337,-0.0199331848209689,0.00404958370259254,0.005191686914392498,0.0049778246226608956,0.004079410687388955,0.014397336797345908,0.0141678852423188
547,0.033182152386192224,0.04190545368981868,0.01482925690504503,-0.012942773477503732,0.005089367575403644,0.011043068818807119,0.00800144922552469,0.0090066127578451,0.018609981928513555,0.018598389777657393
548,0.01836467579385088,0.02683176607517602,0.009053193641087554,-0.013625628253880934,0.002618490025594023,0.0031534002906571665,0.0031948289245931393,0.0024376983934074918,0.01087712391916466,0.010150855382584143
549,0.02960612585832586,0.03634540689187896,0.010435088695435524,-0.01803763345194487,0.0026507217576583427,0.002800152950583628,0.004694829086356918,0.002226031504373136,0.013358632773365986,0.01176350025009358
550,0.024770094176361133,0.03180678932838268,0.014987803654522996,-0.009113632160883383,0.005555512992275557,0.007410548750903023,0.006922760146082699,0.007010753350119335,0.016267271028914048,0.017320734221985955
551,0.026695415650113696,0.034865344809379514,0.007852134417907984,-0.01440040382230936,-0.0002705682211410863,0.002997278210082113,0.0022400876975468055,0.0032076672648856963,0.008605976689611097,0.010988116994220039
552,0.03395711377453557,0.04544607069706453,0.013685705723307795,-0.012953705546080057,0.003098548890982792,0.01145938309253262,0.005350217157219214,0.006877875893773003,0.01689010238970415,0.018067575649335615
553,0.028451240363413427,0.03893413159024724,0.008418939689188566,-0.023071897827693807,-0.0034271692149038537,-7.292226843544431e-05,-0.000728545905319198,-0.00038022811723070727,0.01139118880959802,0.013220115346960054
554,0.021459835808859153,0.027997406217508503,0.00717560995592727,-0.01776787306251431,0.0031673721850991577,0.0025061932679562708,0.00442358322523861,0.00437548334043571,0.010033847829327555,0.009878398112550662
555,0.028852546424145475,0.03663274615995658,0.011476637420631746,-0.013931221619789208,0.0008458924038096691,0.005051637910003121,0.002699505638714557,0.004660137978287801,0.011071582423943323,0.014537981083457153
556,0.031004966419688244,0.040544548881702544,0.007880842672735321,-0.02036446515926906,-0.001245231397410575,0.0023904043146499507,0.0006460806854761561,0.001854036644183583,0.010738609925920658,0.012424644279527504
557,0.02458769590510517,0.030668151754713564,0.01457806311941964,-0.011539914806549376,0.007462305618949486,0.01059545385922227,0.00948878356278136,0.011289189727069505,0.017310288127623596,0.02033064486702822
558,0.029959251945477695,0.03974407161579223,0.01143485678149313,-0.016700950667603343,0.0008463735358378901,0.005325733046089117,0.0032944864431556768,0.005334557254748005,0.013824633050601855,0.017121520090759637
559,0.026649345115841837,0.035763699218831824,0.01199810138769385,-0.013601035861051686,0.0014854835412909631,0.0042824270630564066,0.002717287010186348,0.00400052248592359,0.011236161298930559,0.01401659757697151
560,0.027447427010199588,0.03621001173708081,0.010903619864822278,-0.015062777164240435,0.004008852754112221,0.004629096059270055,0.005423423322823253,0.003865132883747564,0.01322985172378501,0.012700164123369915
561,0.028512707907601197,0.03597702080910686,0.014615160626125417,-0.01348738711616393,0.005289478063812587,0.00886070992147782,0.007491286482121634,0.007877134594218425,0.016760993252402535,0.01811048026642198
562,0.027162690165217003,0.03345124775656925,0.012390545520760004,-0.011114832475002898,0.0059631118925143264,0.0056767449551959745,0.008605729866209878,0.007686217167854286,0.014641664134456061,0.016446658918702787
563,0.025169737114994345,0.03280460323849864,0.016340860229508303,-0.018463663810475324,0.009066602661351416,0.0055685026078427366,0.00912707430195503,0.005798583118409689,0.01916676383928438,0.019273838899503702
564,0.02634838830274703,0.033172848608611596,0.014424046289281681,-0.015719177607137376,0.006556482647802187,0.006167972806726098,0.007562483585644502,0.005999736273037166,0.014601335785759156,0.01560766173020679
565,0.022318439321917193,0.030049589729663373,0.009471910028131098,-0.015469517161945407,0.0008033508493538713,0.001120843926619493,0.0022178993523112515,0.002691076183765428,0.010477057917530777,0.014538061626111315
566,0.032209417881246774,0.0382229475443482,0.014293231626841435,-0.01844968327923497,0.005451698536835049,0.007736282761873027,0.007526071547657111,0.006384515299400266,0.017540308369487823,0.01822887573279289
567,0.03019222436098599,0.03993931773880835,0.01855631374279631,-0.011922626267467915,0.00809773242719761,0.012521715993880389,0.011003146798922673,0.011999390864622862,0.021526455428397658,0.022412987831420206
568,0.02689204629492713,0.03733036540287759,0.010372519980249037,-0.02244728941328579,0.0021318465240075047,0.003253054131260956,0.004464226351826246,0.001900716688499573,0.013815143464116253,0.0122809614034927
569,0.036546339569171915,0.04561255322427904,0.015019157581153525,-0.014313839089304998,0.006466535535984213,0.008251125712997187,0.0091730231273864,0.008588123847789956,0.017539695663502386,0.017524039026818268
570,0.030130824742377393,0.039839756095915786,0.008920754942525026,-0.009884624769067912,-0.00028316121351198856,0.006532000834453486,0.0022387951631561882,0.004308094821166422,0.01044901338519003,0.013317531223240217
571,0.03430661327529157,0.04378618230482591,0.018309367057714496,-0.01672378337603301,0.009319567414512678,0.00833073786069925,0.01193283012513421,0.008638099440372363,0.02212554773442566,0.020673921259675224
572,0.03415439874736738,0.04259999327575701,0.012491215414982035,-0.020952919405000183,0.0046017190401491884,0.005662108050507538,0.006540420344565914,0.003973706640741168,0.017412210013214698,0.01622299682890894
573,0.031047971604055896,0.03628195457150303,0.017106086039323082,-0.009553431453191099,0.007441047057459627,0.011477979354528236,0.00997785392765911,0.012092961110945837,0.018221818376703454,0.02122132707936378
574,0.02513191142244639,0.033644262132358715,0.013883871700070457,-0.014466331703230733,0.0062763861499433304,0.00560504221662487,0.007435661606076694,0.006989946345890831,0.014447647078002775,0.015604220596471752
575,0.030124518252941757,0.03778905429854471,0.011996998942299542,-0.01173439187849194,0.0019277161172604,0.005997504882103388,0.00401715685730607,0.005326777902822269,0.013718024865898121,0.017570668055232278
576,0.02877333833949357,0.03837370025533614,0.009318938089504757,-0.012302118745694821,-0.0019845521898494258,0.004491410307332018,0.0011721683592382608,0.0030005421669798272,0.010161236418102116,0.010389313230037214
577,0.020710664398981886,0.029888994276398916,0.011398609906988249,-0.015566645044724648,0.004213369366714334,0.003639698241819493,0.00517487963902754,0.0032410450610683055,0.015196511180300992,0.012543753601388735
578,0.03525512765912525,0.04223301686390953,0.012384550184250474,-0.01635151513180954,0.0028028065725892604,0.009522187121846406,0.004793450758869845,0.005918448919053837,0.015359388760963627,0.015971361478821326
579,0.028097532367861267,0.037890597778797844,0.014504726806577726,-0.014346496236758507,0.0043397697231061455,0.007597963938928193,0.006573095993596341,0.006659109329940118,0.017094374267964854,0.020592095302288376
580,0.0197729988490154,0.025048320341755432,0.008707460836890574,-0.015621722241446945,0.0037000253292678274,0.0033052235586576066,0.00339648317860902,0.0025521623731090386,0.010676566534324044,0.013502676846375636
581,0.025781772395343718,0.03278499904559305,0.01640120921936806,-0.012376342493902095,0.007984235691154383,0.007098235137944213,0.010001343203840937,0.008523140446778796,0.017849760042630326,0.020770997606343086
582,0.02464047072375305,0.031976995364427635,0.012185990616956542,-0.021991221822735354,0.000994318433468179,0.0006178636287121322,0.0035064837736436373,0.0012134889061321558,0.01327251629018967,0.01088420727217102
583,0.02892030508328654,0.036473228171749736,0.009586684430134223,-0.012143514909608882,0.002728069866783385,0.006473097747582321,0.005192469951069761,0.004244608313444858,0.012226790413741865,0.01201870471769908
584,0.027133951527061828,0.037286819909576656,0.007722711183769637,-0.017959898624974997,-0.0009653433642346863,0.002693205271448575,0.002387483848149929,0.0019972484748863244,0.0114988457713576,0.012796629889016642
585,0.03738610019166212,0.049249215488342865,0.015409847840821023,-0.008993492676925516,0.003791067398197135,0.011172154356639796,0.006657269461597516,0.009631851139515892,0.01647732656183623,0.019346250170040845
586,0.03223680331131983,0.041258255565454774,0.015362576252014797,-0.011018108178746443,0.006075207890625211,0.00880450939316011,0.006782516785280568,0.006948600887374715,0.016234300740396092,0.02000366118064054
587,0.021550574801940038,0.030430100404276246,0.020753189710210396,-0.015424474483155537,0.009366526109539655,0.006369203526581491,0.01065603000492436,0.007892649788787249,0.021576331281030668,0.025435318249950746
588,0.02804047480293313,0.03715283904674228,0.016634032317425506,-0.009182809665939316,0.007044716554765927,0.010744660162414215,0.00930336697939747,0.010827575156350851,0.018537322664471858,0.022149083362443707
589,0.025698740838160965,0.035467386060115194,0.010605286056100302,-0.013672420186601877,0.0007190609930287723,0.004379444882621106,0.0029118296401466127,0.003945037324758307,0.01179275285762424,0.012538274258493068
590,0.02935202082441716,0.0417397042229037,0.014135458249556625,-0.02139906498465685,0.005225160977661261,0.008037962593093233,0.007043315047644197,0.005487519546921182,0.018325823400120407,0.017320188006045036
591,0.03389109705658654,0.0459155574444821,0.011976704235660777,-0.015141922564251138,0.00020777559991765342,0.003662478871848558,0.0026264092089640116,0.001173273410891775,0.014308979876262446,0.016918504357184432
592,0.0260055215096588,0.03190861473887324,0.016734019255463466,-0.009294472184351208,0.008512104645865394,0.01097663579925437,0.010254475767730033,0.010792508000613597,0.01829913799234369,0.018544113396347112
593,0.02340610939412984,0.02982127482121109,0.015431366973875824,-0.014840877500202732,0.005692451330222146,0.005847892293729907,0.006891814712297101,0.006045836733612407,0.016264708522307415,0.01689034429961587
594,0.030771185855663914,0.039702296143136466,0.013726041873630385,-0.011686385637859854,0.003490422758826356,0.008162442005982953,0.006250417755520739,0.006830230026818493,0.014750913059228779,0.015571724124921648
595,0.024727638728155452,0.03266830367724781,0.006491300635054815,-0.011606723127720294,-0.002248446612893304,0.0044607964865557344,0.0010159843936408987,0.0028806437471837988,0.007990854559217771,0.009321271392856554
596,0.03422900144022622,0.04875166757723357,0.012876098755437554,-0.02333219994170863,-0.0012071553124508563,0.002651195823890447,0.0021932839893776344,0.0032837175667948136,0.016840332982353358,0.018808419261490954
597,0.035019294921687635,0.042585730764243095,0.013657784280341648,-0.01493827082087552,0.0021452168590664323,0.00531488950478946,0.005256897284905589,0.005288387097488037,0.013856348728385214,0.01763758817748298
598,0.024858526118310263,0.032683967622405996,0.014595290561032754,-0.01628763636095689,0.003718066563760328,0.004639178513436889,0.005990880607627302,0.004235248085309114,0.01512164656592426,0.012549958063818548
599,0.015111763237339168,0.021001562580415262,0.004904011419450112,-0.016869934326214593,-0.0018606505999266647,-0.003269145039619022,-0.0010174097460306322,-0.0003897549769247533,0.00660630447977918,0.007693462661149899
600,0.02770222454182215,0.035234780537232446,0.015522059204254202,-0.016296129440851116,0.007626596213894335,0.008721735159916238,0.008668948922968706,0.008354147516784016,0.018471371502575256,0.021231726764827867
601,0.01681752392404726,0.024477353004917858,0.004325545352050181,-0.02028041106647665,-0.0035383030949458576,-0.0017989857814265787,-0.0020874864351575657,-0.0017022212661927203,0.006675559419717085,0.008464461387134744
602,0.02489903058634123,0.03260987966796832,0.013835817395022407,-0.011204149232196972,0.006435889982103043,0.005963708619690358,0.008391375188884956,0.008509695260267501,0.016153515403382942,0.01900628332295449
603,0.024227638933231748,0.030480802377392896,0.010708667254130956,-0.013210345635368137,0.001902281727693108,0.004445470805476674,0.004374945307729245,0.00519230312037562,0.011556833603452676,0.015079053124682546
604,0.03112201907842265,0.04032346097856658,0.016393366218771774,-0.018426952502188124,0.008474205412014121,0.007931710857602173,0.009896323289971533,0.0077075856541492585,0.020338262422208847,0.023948237782506557
605,0.031944132158555405,0.04414747500239162,0.014865376376036807,-0.015458477310670196,0.005050538022537183,0.006732844833072016,0.006714777470903407,0.00553017541727704,0.017325398232339764,0.017798686808183
606,0.03220186464876793,0.04267677236680036,0.015677537987906304,-0.01143627920423515,0.004945725754412094,0.012386543088386447,0.007487345147881602,0.011086800110865656,0.01677672885350709,0.017822799287237068
607,0.02688548847861269,0.03450011909302913,0.011326404332702681,-0.01642761861227598,0.003100831027182378,0.004392584830814442,0.00494039931239361,0.006978093709557198,0.012996266768602655,0.01662458772374855
608,0.02643574639084443,0.03513100860221163,0.017674355498772137,-0.015222522330119328,0.006213396241516509,0.006069923949617396,0.008334431231055652,0.006342584854397591,0.018259437984866872,0.01741967656019127
609,0.03076377287882161,0.040609465945279255,0.012873157189710502,-0.01536453249896711,0.003458374373624311,0.006735109848893165,0.005695827601253852,0.0056017380598060666,0.014951852456219761,0.018522097382855186
610,0.034065310650459264,0.04148998820776338,0.02438906901461329,-0.010057119750171341,0.009858156769891607,0.013237002149789314,0.014183816859396084,0.015715674231883574,0.02382883683763414,0.02816413784136192
611,0.026703795106930044,0.03331895913276367,0.013484157974344813,-0.017257662934511437,0.005169984842555283,0.005053979991728752,0.005908608492141397,0.0034584034355487113,0.015165326128535484,0.016060366418063257
612,0.03504672346029518,0.04080826568515914,0.01766724484612074,-0.004770220763327895,0.010081601483572119,0.014878389103148048,0.012955371267075893,0.014532255664061893,0.018794678435916784,0.020628056148812697
613,0.03597954098798363,0.04637620057454072,0.012706455063828231,-0.005163919422183827,0.006637128520711898,0.011002035385747526,0.009743231443075399,0.009701518948538863,0.015592807512644868,0.01705234652495067
614,0.022363904039093864,0.029114711415610145,0.010216275951630384,-0.01118835467087783,0.004254017382110033,0.006371340737286814,0.0053856513505321,0.005910786585988263,0.014352005741387097,0.01857390247065775
615,0.025863984743239983,0.034983362945569384,0.009405840451237806,-0.0169527675857457,0.0009476563942125097,0.0034742223817077677,0.004059595948102525,0.004330561894273404,0.012709793394002165,0.014009577495489381
616,0.021944760207125092,0.03076498538733926,0.01447422939277145,-0.015448006160234113,0.009025545859906774,0.008212829848642494,0.00921191978744964,0.007675752844525989,0.01816950775113243,0.016837058844383447
617,0.022766531696212327,0.03294297002067317,0.0077811744971707855,-0.017330248001254423,-0.0004344973793306761,1.4058785472547461e-05,0.0022891712649819743,0.0021764892323783043,0.010716152712311591,0.010352750141931889
618,0.02926099555958166,0.039419839889933556,0.012317648071021928,-0.015491109883064286,0.0021749066048621234,0.006064389896919165,0.004292925026143284,0.004351342322735821,0.015118894453772574,0.015502444897821219
619,0.025787391610331084,0.033119152134581796,0.012933150772899794,-0.020576803916538995,0.004782868991016921,0.005302489009496814,0.00669150748559708,0.006801275485518213,0.015286765398654428,0.015487021220847528
620,0.028560574285176187,0.035175902226863925,0.01553746427194152,-0.013611567768092789,0.008797958050644443,0.00910372281615325,0.010488655218179013,0.009645156197990012,0.017872089676672122,0.017609230643185498
621,0.03265355815351636,0.04103408750030189,0.015022511510271567,-0.010762172668217957,0.004428948939975231,0.00844867948157967,0.007065714656576699,0.00845173606303048,0.014740563923886096,0.017754000377016084
622,0.027263711720960516,0.03706589534861116,0.008298876941272817,-0.016911477448896237,-0.00186360756957996,0.002936301210408194,0.0008731343218137061,0.0011680677403169502,0.011340227315411204,0.012036336788335877
623,0.04283590086589092,0.05171247379206292,0.02006167448315112,-0.011314149164288278,0.009306841866429709,0.015310444806879953,0.012186501154845219,0.01187555254246267,0.021771279396477602,0.022344982169436846
624,0.03280929068521095,0.04344881885127934,0.013365066208861987,-0.017655068360434203,0.0027979133506231242,0.0054343043093358755,0.005134280030904782,0.003391826418575745,0.015046738518791397,0.015217855123511601
625,0.033576916607614,0.04247077915394294,0.01589940265494539,-0.007982833499957263,0.004260288713299901,0.009510450940315695,0.006916481817550414,0.00844141199261838,0.016950549434036778,0.018993531420780682
626,0.03017608338620918,0.03904299293073089,0.018610158827109723,-0.010816053666908378,0.009211898790755452,0.011298251521482852,0.011286035721941964,0.011417592101878034,0.019560228619524934,0.021452490346163193
627,0.02824870770889113,0.03653325729612763,0.009567401374477322,-0.015186732850749785,0.0011796792113533295,0.006055625584784715,0.0033937036015732024,0.0053075473101602735,0.012211114132449338,0.016771259524204923
628,0.02523757897182615,0.03274306870112223,0.012293277207954187,-0.019040723097780654,0.005660758161237726,0.0058568925010485,0.007632935272836754,0.005329727770645972,0.016022028816454932,0.013460637631200853
629,0.031881558885462645,0.04021122002335821,0.015046631446724565,-0.011781563076283079,0.0038430616019991945,0.00673599683779829,0.0061885680389597375,0.006757738181931578,0.013760564732555196,0.017409112686806866
630,0.03590439728808583,0.04619477477461856,0.016693440749472245,-0.011199274685440387,0.004786585485838207,0.011159347468432482,0.008150131473476334,0.008872287559892209,0.01925543473747127,0.01903034261417509
631,0.03164484563588196,0.040182085877537375,0.015981614885288698,-0.013944997338627817,0.006671875515092206,0.008041506065641007,0.007823779517376233,0.008756952716728186,0.018143728865422544,0.023805159943168022
632,0.04128128529457992,0.0507824069826889,0.019177574435186362,-0.015036656401831484,0.010377855371261558,0.013217482681691725,0.0129093280012624,0.012150643673037354,0.0242238659589522,0.025901265969140903
633,0.03549878539831468,0.0458458087302475,0.018866357510373216,-0.012526644108866175,0.009565755074243874,0.011505534660733617,0.013144418665793961,0.01218716802316044,0.022986217221823996,0.023460838065113183
634,0.02570519503399299,0.034915522017315195,0.009381886381530322,-0.021990952541814306,0.002029359925620657,0.004963927407671095,0.0026235149057313957,0.0034220709603788577,0.013878339263560868,0.013069969654227489
635,0.025644022057497617,0.03628083708215427,0.009566096764089904,-0.020228321841280563,9.227554425448572e-05,0.0028655034558803414,0.0016597244012984032,0.0010376970413079954,0.012799044369060809,0.013124363043801195
636,0.020506054244018346,0.02822976193229394,0.007263736028836653,-0.020540449471023355,0.0002534398836981303,-0.000931555972328037,0.0016139978529595398,2.1994025163018204e-05,0.011185543788898456,0.011503978578138733
637,0.027872022388711132,0.034264591498341886,0.013222807386790655,-0.011941798009413179,0.004788886129415033,0.0070467449823857055,0.007798241676558233,0.006660567705327337,0.01614319810172714,0.01605916043646357
638,0.03267384190063467,0.0416786451152254,0.01606736629836826,-0.013661818918938409,0.007176507517127538,0.011964442475928696,0.009156993193615414,0.008905254342252008,0.018440300732111035,0.01785759780156131
639,0.027699726130966263,0.03579262228501148,0.015704226090768377,-0.014063005211837145,0.006500312455769208,0.007889313682551663,0.008633611855443092,0.007577590434475033,0.018475170080000887,0.018803866216623215
640,0.032859962572968346,0.04398950056349656,0.016118764419394256,-0.017483741342297972,0.006964107119910683,0.009256913450973658,0.00969129614841261,0.010595647181690223,0.01908960417847754,0.020442911869405368
641,0.03623741335533701,0.04744096794529091,0.009269650425353472,-0.01658651754822066,0.00014289483161463264,0.0070398571217178295,0.003674675982673425,0.0022938721680686564,0.01415878639588608,0.012537208795444201
642,0.022750558440252297,0.030766427792866875,0.009502951211691845,-0.01938154358474109,0.0004171225848861616,0.0016440048494477239,0.0013963062318426557,0.0007324746266496676,0.00943740106387835,0.01027114506524234
643,0.02828880399930967,0.03894435665447482,0.012185109660538405,-0.013193047841707694,0.0034548139361584565,0.00377659643637608,0.005339007029609787,0.0036795003727527337,0.015438047799429113,0.016049783508789817
644,0.030251163511688196,0.0394600202647963,0.01805969601904497,-0.0162149190316831,0.01031982855138365,0.010225506650324559,0.01304330263507722,0.009374049027294431,0.022421120296062927,0.020139718672852275
645,0.02606231916038728,0.03555413579173516,0.01251880944284423,-0.014050768997621796,0.0019312023248464392,0.0054910139426740555,0.004595469155677566,0.005391681946437709,0.015102232082079331,0.018130194839333813
646,0.03786287335542493,0.04748641440212953,0.017107208767251806,-0.01755441931317657,0.005218920198551719,0.009088708663536301,0.008643979534805741,0.009642675249716945,0.018879539620041963,0.0217461454239476
647,0.031200254348554557,0.039772211374781784,0.015005586475440123,-0.015597258814524478,0.007276831050500662,0.010666662815347611,0.009245691331156962,0.007172459887464938,0.018227077964603693,0.014459524840389565
648,0.030976136986702273,0.04136422848185704,0.011155993942604485,-0.014801821958203048,0.0018622133411992728,0.005042393232290486,0.004295405619831488,0.004106950927381319,0.015356511422549162,0.01707743533307739
649,0.03296468367164908,0.04236896305257459,0.009545960086267482,-0.019319632068677334,5.727743799129814e-05,0.004186830983243069,0.0021846873727386453,0.0023754782159333037,0.010842185079463917,0.012784954346330837
650,0.028950470943857,0.03573494941007705,0.011261315878891485,-0.008736175069197796,0.004652748862688088,0.011239326946495007,0.007919470585217876,0.009520915257744058,0.01546661868125685,0.016629735437505296
651,0.02853879323689314,0.03743201395289296,0.01591855550004989,-0.016994579110309847,0.004556195703007692,0.007599882731363208,0.00596485617689191,0.006948230058707605,0.01795713496617706,0.020532043720313312
652,0.01882307435819376,0.026145852039693405,0.008979470831696566,-0.018756494396985308,0.0038339945948549525,0.002235737485469346,0.004540416425241295,0.0016940204823464697,0.013114743567242798,0.01172563759779264
653,0.02682748984437821,0.03659134378058064,0.011417616690972444,-0.021692529830713715,0.0038869602843102343,0.002998027367744837,0.004779065829862529,0.0033669035922200075,0.013723835053079744,0.011692224527382982
654,0.02398782580703619,0.032130793222493195,0.013490471386063999,-0.020421331231067576,0.004222938617366482,0.0042774983648158574,0.005016730617833148,0.005610886246602892,0.015185238476685672,0.016784747101658226
655,0.023320284747534996,0.03282048644725937,0.0068158503099152706,-0.014536669927390066,-0.000727436337353846,0.0023823764353307305,0.0018084238502039246,0.002092610903495833,0.01007851889135204,0.010058873096482249
656,0.020080956961124163,0.029654994110294187,0.0031089058035086354,-0.018926340077621773,-0.004995808435397977,-0.0006963479043257675,-0.0037871941266622933,0.0005335364772892027,0.004500739036882315,0.00905933316588968
657,0.02369167588537461,0.03165988550889971,0.012969796918746218,-0.010439165072339416,0.0028354799308405792,0.005943218238529896,0.005603921633637983,0.006227932317676548,0.012995074166682418,0.017234847398678494
658,0.036114010982208344,0.04302523502672882,0.021018013891911252,-0.01521967759385306,0.009781856553221691,0.011900995869632055,0.012328972669833283,0.00976868424448139,0.022893758610622563,0.020713184844551175
659,0.027416535813602004,0.032745446532910914,0.014036134428843019,-0.01314052165538109,0.005026897537093759,0.007756057842316826,0.006421583499816921,0.007642217495465899,0.01441483079817,0.015171319687582844
660,0.021062917092694033,0.027117544797935246,0.01444734368152768,-0.015061142930760302,0.006834122925675559,0.006405025015834552,0.007758727129609693,0.007258803557695627,0.015914877683182317,0.017401176184900103
661,0.02347700045898391,0.03349708740054061,0.010779453232913008,-0.014874239550119614,-0.0004930713041676746,0.004043559690396285,0.0009033555144060228,0.0031860836717353806,0.011192200313697748,0.014825953932858241
662,0.024796634893264793,0.03437764033576801,0.00971416586078874,-0.016763779836696212,0.0009786249958641923,0.003415975963679442,0.00284515090765623,0.00316266371240726,0.01244855583731342,0.011850574072867926
663,0.032267371131620426,0.042103098818488935,0.015165081013951415,-0.014287579095799438,0.0043493842275364476,0.009149637723139996,0.008107108995879167,0.0068392283351186205,0.017694723228669943,0.01557447966139045
664,0.030850570472121412,0.03859811947199233,0.018081230139735716,-0.014565264124977686,0.006719194476252623,0.008109876895113003,0.00842204114594706,0.007367152982947958,0.019007459410304673,0.02017140595095355
665,0.0238420401983346,0.028762188246452387,0.012736509465664417,-0.0143300950319906,0.005482982632709998,0.0062900092971988385,0.007506720045286778,0.005950255698430535,0.015923504086074465,0.01643350026501348
666,0.027547140230676493,0.03356061409425004,0.008593894256109253,-0.015466727755039803,-0.0013177924310477675,0.0007416658001183193,0.00011780757091260051,-0.00017636208463551236,0.006376859100463326,0.008535924394147637
667,0.022987142482487535,0.025531668268431333,0.012801325209501765,-0.011040553233900411,0.00556572824190606,0.005855354680886789,0.007218498851476363,0.007423378519245216,0.012732171503908768,0.01701226736947756
668,0.02476418057403499,0.032875621691742254,0.007764611270628957,-0.019794499293375626,-0.0019244747205210248,0.001725190504443861,9.501663638565583e-05,8.838110465130148e-05,0.011419842488010963,0.010938033636055059
669,0.03660973275366671,0.04081459572460591,0.011254524338917257,-0.014592723023203502,0.0023636628400720266,0.006753698483235477,0.005034601023094314,0.004883740058604594,0.013066300350819331,0.014024281048150747
670,0.03249159141669259,0.03911888680935867,0.012101751420125133,-0.012822666495627,0.0038583709616586614,0.007812282597744374,0.006964614626063468,0.006526240966839181,0.01435659097278871,0.015580495661955967
671,0.031427376807405025,0.0395794068659844,0.008823460142697,-0.013846451116680846,0.0015117363641399615,0.007315901570805787,0.0040223706887202145,0.0046437704155850605,0.011971283177923547,0.013757853513620927
672,0.04241830071362583,0.048657469870479246,0.014128982828474398,-0.012670499436905935,0.005124348996364764,0.010626323643965868,0.008405984567489505,0.009061702499086189,0.01662017513316503,0.015756560088985395
673,0.023564656058735804,0.028591401958381057,0.010282155897492746,-0.016981827188764353,-0.000285018159378494,0.0018162455507778157,0.0012599250453805872,0.0025902565693447493,0.011370030323965132,0.01427478575417048
674,0.0341968481508927,0.04195539868197242,0.01716677329555804,-0.011330243666601215,0.008633812038692542,0.011325614248069564,0.012047592517147244,0.009927075787092987,0.02242320880507935,0.020672800687868052
675,0.03346865725128974,0.04198223271362965,0.014203937575935688,-0.01687049311401895,0.0026464317473285847,0.007978800411593656,0.005652515952743938,0.007057188892463521,0.01725398578760439,0.018064604400520146
676,0.02902851783172756,0.03673459063164517,0.012530213461242418,-0.014584570683512297,0.005582239175823784,0.008074395380995521,0.007116672817135158,0.005949863101994971,0.016221941648643712,0.016507974221591178
677,0.023172314066836935,0.029500685453355928,0.006131371275510916,-0.015811251965144137,-0.0003375079693299962,0.0022836766481690125,0.0007101019305838551,0.001128248667184699,0.008021132098122444,0.008505861981307367
678,0.029405965223292457,0.0359226185562902,0.01341077413285926,-0.01708733481692699,0.005433479118746255,0.006591185359711571,0.007170886809998903,0.006973005182121332,0.01682999511855335,0.01865212164327317
679,0.03187230719157132,0.042710794061440086,0.010172506571211026,-0.01801098320364914,0.00017907775197659878,0.002895292190803505,0.0024993443014957708,0.00044086831306449097,0.012855796158018462,0.012849264361314058
680,0.028004105962389742,0.03809377024923805,0.008912454455196249,-0.015938133374448465,0.0027781300420307515,0.005168065684320089,0.003572658688142014,0.0035676906855020988,0.011481377725282026,0.01373157784487881
681,0.039870297244144995,0.04747414140812337,0.013634339407713688,-0.01606517378847153,0.004424622577017443,0.008636173089806135,0.007866573324863667,0.008221516806990454,0.017755925014181495,0.018586984580710883
682,0.031720657878767156,0.03926882155871063,0.015492523844678991,-0.009795296975648432,0.006847515757511534,0.010138885608143227,0.008482293134860097,0.009716214531291883,0.01461023756010602,0.018247096903493666
683,0.02002255067802771,0.02888373364246305,0.012341000423332764,-0.016438285316704722,0.004315060129304452,0.002458819140399249,0.005471901127039333,0.004561887640222303,0.013861008400164182,0.014098737935402433
684,0.028791154990207773,0.03317997627701335,0.012263210352659575,-0.012661024667775023,0.00744101397902147,0.008562477781760839,0.009618492966604653,0.006677197577459222,0.014850178680788565,0.01486607938315867
685,0.027026718670366996,0.036512633270126243,0.01055840029913506,-0.02405779804532568,0.0013569990739202298,0.0026620400009533746,0.0029567215781003318,0.002936746598651297,0.014838016119918954,0.016479476024125174
686,0.03397153502512712,0.04005632466596773,0.018115666046924946,-0.01624140298067756,0.006723499803059124,0.00697127425358055,0.009926363775875139,0.008792942392328657,0.021611122601601678,0.020640561767217624
687,0.025931944296778697,0.031163140172003584,0.01509080638540031,-0.01692837414185782,0.0055571195510939865,0.0031435195186433245,0.007472674959441481,0.005576543379964945,0.015961180714843537,0.01814520992486804
688,0.03628695869925935,0.04553194741998619,0.016785225931166704,-0.01811503741738039,0.00495226091985628,0.009602523167670273,0.007374491710350496,0.008588145285701688,0.018986351092402126,0.02154606966429607
689,0.02499144018781341,0.03235207170753738,0.011463268294383754,-0.013929730079142383,0.003384821014911353,0.004770865908855266,0.005799562012138056,0.004537868660116856,0.013436940615930603,0.014083723942699262
690,0.02603444138818156,0.03401699677326816,0.010984611225242044,-0.01814133158123728,0.004080239587518459,0.003283128811354635,0.006074693737369503,0.004130224749760321,0.013115679469472268,0.011513740071409961
691,0.023339124830160967,0.0330632345553182,0.011533378152910223,-0.01702230079314719,0.003412328581389417,0.003965224684246658,0.005856907602892453,0.006868474374789484,0.014653830948815246,0.01448572880562736
692,0.021070102532468528,0.031327360931204154,0.011286694590924889,-0.020168056461094312,0.00012336783051080175,0.0013741102896411327,0.0016851485888338981,0.001585264750389374,0.013631884587411524,0.014405900232961677
693,0.02846353567561864,0.036183944054529404,0.01057590965436311,-0.01756820605368782,0.0006347773439040213,0.003163570875276452,0.0031048563472364397,0.0016864429000536221,0.01162976297984487,0.012409534667843839
694,0.02493078814972468,0.03461560847463634,0.006548104995470351,-0.021274772130584783,-0.0029272801686723447,-0.00038836339565040737,-0.0012008032229169265,-0.0005423884167367703,0.00852679049122117,0.010455123553263172
695,0.03713229818224603,0.05025422325599808,0.01156105856283332,-0.01958563971939887,0.0004600008578988906,0.005095467377418406,0.003559771393532461,0.00532270249963126,0.013379828469903099,0.01583829421674229
696,0.016235352450281883,0.023302006571576026,0.0024312514029043246,-0.024024255869876995,-0.002812430663723742,-0.0024496923102429653,-0.0018751485897505276,-0.0032709554198895874,0.006828608919078612,0.00639582145347223
697,0.018097482937074732,0.026789163333968236,0.010451092821997623,-0.020278458872661914,0.005049866632344074,0.0037205850781364,0.005357095296389563,0.0019045803150676468,0.015348348005692982,0.0138138823382258
698,0.036379364926620694,0.047082705013576025,0.01602998753316094,-0.01021428762296141,0.0025165164205517713,0.009624241175431503,0.0058808086511253615,0.006289317954117073,0.01637627923661846,0.018922343009946264
699,0.02443184609149846,0.0340167658480338,0.007192146290803324,-0.015679092295394645,0.0012582662707074917,0.0007799779040021021,0.0023956744723621125,0.0012847246417463925,0.009320251814799176,0.010560881722278048
700,0.02918737546293617,0.036161918754886856,0.01341032828556504,-0.01644692503940645,0.005467284900286655,0.003887563453265916,0.00769692259534113,0.0045893427909483595,0.016525512785115097,0.015525819309734328
701,0.03237967601215216,0.03850855355495049,0.02230707111196236,-0.007570539933061412,0.01640925250899125,0.018025200200651938,0.018340003040981597,0.016224479759023636,0.02611682927005863,0.027057002279863802
702,0.026902847330801387,0.03207422668647877,0.014885533790973607,-0.014796202553120636,0.003077024342168007,0.0036338544104741787,0.006060452098650612,0.004914811980143817,0.014686855605861793,0.015238803288615696
703,0.020352113746443887,0.024817863675894836,0.015261119795097658,-0.017763019788420993,0.006912334509844168,0.004449491171008979,0.007483329699600159,0.0061637551808561755,0.018413130170556773,0.017724710589910965
704,0.02349607491247331,0.03263964214143306,0.008201857320937518,-0.020957494283377447,0.0017580056137075704,0.0034733305364617398,0.0033169823309587487,0.005487577918707609,0.013676520160798997,0.013779437828612805
705,0.03810915059114095,0.04889313455013991,0.022901928349439486,-0.009408781978990513,0.013663821453774561,0.016744884027473247,0.016135060688117597,0.016378973611558576,0.02642553772437296,0.02608649104024518
706,0.029439333765058973,0.03619487256572145,0.015945095980032596,-0.015376755899213237,0.00956840788310987,0.0091948197773113,0.010728359784684081,0.009937055017943688,0.01855130657453692,0.01934394369921221
707,0.02895113472788107,0.03717929304816763,0.010309928936413389,-0.01719346955054034,0.0012024320607735364,0.002510467707677491,0.003247532251783117,0.0007865003776720567,0.012709374995870038,0.012617585032801007
708,0.013930992312789197,0.021368899410704884,0.006067074507388408,-0.01821084103941423,0.0007241061628225968,0.0015049693979593455,0.0009780926486299055,0.001426353273657495,0.008566009964814178,0.009536190873310792
709,0.018762401887044262,0.0256044281252377,0.006176489430651011,-0.021973354576591646,-0.0013683651123402227,-0.0028208477931529327,-0.001245847964874006,-0.0022705758262708407,0.00639572257436989,0.00735930868914574
710,0.03671125980859517,0.04611961500080467,0.009708467299532383,-0.00953080557442868,0.0008105809243557253,0.009418042912267366,0.004203205917403461,0.005838958766883581,0.014083386037305873,0.013992293256905078
711,0.03628593093214193,0.04320085498683553,0.018168535222583236,-0.010253462968438109,0.008963542843577723,0.011910473772271179,0.011730634971130584,0.010833652893439315,0.018794709782669356,0.01951649451522018
712,0.03995050646827884,0.05333130804673172,0.011308963121134653,-0.02287166813516154,0.004550333116892828,0.009333159636261587,0.00739524121856162,0.007601529670363534,0.018481810557419775,0.016149152367406293
713,0.027945862714311164,0.03424302146645492,0.013164485621629219,-0.01684536250748179,0.005085532863424809,0.004644269269748913,0.007574756616132823,0.0060432284485950685,0.01530256529710359,0.014157017448932645
714,0.030147485485101783,0.0385940907738679,0.011045256416674445,-0.014117240718619695,0.004717713846081921,0.007592104180778403,0.006233977003961673,0.007897987380133989,0.014014102573803958,0.01619890768907027
715,0.020670128534799194,0.0300413858808811,0.015013323475097377,-0.0139974218623964,0.004980484414030502,0.005427914595729122,0.006401691895572546,0.006742765217317122,0.0154092027278523,0.01690388403461389
716,0.020905401195629003,0.028799606819302583,0.008802645023152741,-0.018154638279213646,0.0007896104710701948,0.0017642505021554626,0.0021240080930828974,0.0005610544388856763,0.013491331388816623,0.013389269362845577
717,0.02434036241680771,0.030556482553096613,0.014946661999947885,-0.011075525088288815,0.007914093376116546,0.00719716844726182,0.008986754135010693,0.006597617157830313,0.015256301835775138,0.013227414058956301
718,0.02521936055959665,0.03202531335532453,0.007863108484194862,-0.015449049358859468,0.0004649161627503731,0.003543757812728246,0.0030360816873019427,0.00326659326699093,0.011233786281414557,0.012700956101149314
719,0.02704229939438426,0.0322781043608851,0.016295962271302613,-0.010415954491835348,0.00753460432694099,0.009168791243004609,0.009849685277082656,0.009123721020336041,0.016731790433674017,0.01747593011198506
720,0.030068626299804217,0.03845287836716924,0.006541398008369952,-0.01828928013707673,-0.003370093182812218,-0.0010115408180081538,-0.0009086146452179691,-0.0013676671757694744,0.008151952402789656,0.00936582347077629
721,0.036258931275392085,0.0427137035972421,0.017846950317669537,-0.014391723433872228,0.01073616401419877,0.012744411894050872,0.012647050087130901,0.010991013605590502,0.0219214454088433,0.023742557246593757
722,0.02863868767362469,0.03835679537338803,0.015140540725737056,-0.019316261067298543,0.002891156716302914,0.004009245948037066,0.005934021533755171,0.00514034572520017,0.01732271721379452,0.018499888830724627
723,0.031653692045819984,0.03989688325122913,0.012389551989692313,-0.017952351896345843,0.00012834424641701797,0.002728790666448908,0.0028339704356104218,0.0026436726264854006,0.013141697608610272,0.013967220414815799
724,0.04344758272679446,0.0520001592503455,0.019342766925077765,-0.013570538669201423,0.007482703044843611,0.013798809908435707,0.011032821236973226,0.012722009010927859,0.0224934921747798,0.024941355270894805
725,0.020041852830242686,0.027994950964433895,0.015837439092477618,-0.012673050608803013,0.005788539095200934,0.006743186491242492,0.006942958000136541,0.005731856543059723,0.017344921471705584,0.016255444280086528
726,0.03640785653895384,0.04603526651394968,0.011765961452760636,-0.018929983639204426,0.002943245878969707,0.0063655751828144745,0.006202883501945267,0.005969376565093774,0.016624454629822757,0.01850187214897091
727,0.021179830950163632,0.03148976834747814,0.006025966928008325,-0.013371048194652832,-0.0004312128492979908,0.0027487778799989873,0.001627414714654693,0.0008627311724476276,0.008198070637884174,0.008168649710319019
728,0.025264090270790473,0.035651088735805976,0.005847019279210085,-0.020419253689777338,-0.004934280067424251,-0.0014137834083510533,-0.00218635808276353,4.1935058485502964e-05,0.006904808934450735,0.011108119724900785
729,0.02736822179278009,0.034861005568918725,0.00758884106273085,-0.01902705603381198,-0.001007295303178618,0.0025306867571911217,0.0012261821201308121,0.0006559952043068272,0.009113354510121961,0.009983847327298945
730,0.022590142609043875,0.029414327303751635,0.008554582822071492,-0.018305485487649428,0.0027320960009111364,0.0025046049386349446,0.003416032459583565,0.0014554502520764164,0.00974383291233051,0.00981821490361342
731,0.03457950710613891,0.04077512029093546,0.020535531344827253,-0.010766326033187472,0.011621592816324178,0.0164114447809053,0.014406062406358514,0.013846147028998213,0.024966271297890624,0.023682642903378886
732,0.03546992592316097,0.046032941184114676,0.011712679579503458,-0.012640688901265129,0.0022384135848556273,0.010234850676872076,0.00489352189972409,0.006618142735756863,0.01432129884579868,0.014143934253609441
733,0.022433525195516155,0.02697584422330617,0.013409362886439813,-0.011291348497920795,0.004250976643243453,0.004836827687632778,0.005664362962085865,0.004957782976938765,0.01266085740440534,0.014369098823855389
734,0.027776128923840727,0.03255288977282966,0.013529100071961226,-0.013266498891480983,0.0040515195040736925,0.006347575388806636,0.006283677378863278,0.007852651373101024,0.012868227417456257,0.01724293962946478
735,0.02650852855893741,0.03487537173640558,0.012250212395842144,-0.016918301585654532,0.005811274802794507,0.008663498841527987,0.0068462712993990135,0.00605972518665379,0.01666918834699211,0.015791272434352546
736,0.028431517706053105,0.03408081914595236,0.011341248610356574,-0.012876023115900009,0.0013169904298108981,0.005099881703551723,0.0036445843932669244,0.003532359544335068,0.013345375417106484,0.014833107868798495
737,0.024397117905680426,0.03288858589900425,0.008236125325680303,-0.01348829537393188,0.00011544224437638067,0.005373643343125465,0.001513768371937493,0.0017734862290188758,0.010573554480648176,0.010397620648009403
738,0.026385099573467193,0.03466011432993257,0.00734928085551016,-0.020689933655390402,0.0024591985447073956,0.0027838253064737173,0.0037915853030029124,0.0034296956611563614,0.011416000998161022,0.012757968711673149
739,0.034628788222721044,0.043125869359368796,0.01544183952551544,-0.008029662494111436,0.006430524879650545,0.012578647045611114,0.00953133774580465,0.0093845884769087,0.01880130134666714,0.019829507852918378
740,0.0296715686469255,0.036683337450206466,0.010060860969265523,-0.020387790490699328,0.00024588243525521273,0.0012403666842994436,0.0026247298710484228,0.0008126189578157416,0.012713436480507368,0.015593077339760694
741,0.02166725762729168,0.029122342265814855,0.011861821872552109,-0.0161424558715861,0.004515724063896352,0.007184631296685395,0.005411817179915795,0.006289880770952688,0.014638831582689471,0.014822719439362756
742,0.02896282301838358,0.037410228435857215,0.009806138709595378,-0.017269114810966275,0.004085782972487189,0.0037678167994521796,0.006481325382753476,0.004002975694529848,0.013355419487086578,0.014394876192353856
743,0.029393659959178316,0.03841104132544408,0.01753860701113689,-0.010795068488272896,0.008720557053725117,0.008825777232329322,0.01048172985871309,0.009883415994523791,0.01912666639763891,0.0196636829882775
744,0.031478322467501,0.03909590776851125,0.013282758587893184,-0.012316052699414328,0.0029061968595654572,0.007394045815590548,0.0052360878192683384,0.0060252919202568155,0.014048515732230945,0.015852775604449126
745,0.029410385156951824,0.037369421335871365,0.008794474877962434,-0.018407059789186782,0.0015352846632253688,0.004832768432996187,0.003185755874903397,0.005373903105974692,0.011065136492837404,0.013816857644048133
746,0.021310480243777977,0.027829733332672142,0.007406810407164841,-0.01718264356781545,-0.0014736275453536547,-0.0008650271262654417,0.0009840585082686831,0.0006116693246432119,0.008586241203958548,0.008910808260208722
747,0.041002521493332764,0.052584145166091875,0.017046994771175723,-0.013712099865020828,0.005235871519837144,0.010099401024084381,0.009475159620737876,0.010695529783189632,0.017218219327801144,0.02048327275568495
748,0.028740881153051727,0.03917382768154429,0.010255929522043235,-0.015301258564626377,0.003282479012414386,0.00494251534641887,0.005337089328376169,0.005466713776228102,0.013678907356341743,0.013849393852155075
749,0.036789424622813885,0.048762001780621546,0.014964082732289127,-0.01461422893290979,0.00396965208366905,0.007864769707391198,0.007276223304749958,0.006648524966285385,0.0179572475537677,0.018681013920137317
750,0.032370402627966574,0.04010041749305845,0.010131629748938702,-0.012726838661117623,0.0019787537322010712,0.00772420685909145,0.004222700754582295,0.007569494169291818,0.013253848182336889,0.017488900598191588
751,0.023650443563306384,0.03251398700084298,0.008502026385599248,-0.013749954738998035,-0.0005415526258491696,0.0045217972115112965,0.0020341232272304633,0.003690466592826317,0.009851533900220736,0.012380968949605317
752,0.024809083298949194,0.033134086951170025,0.014559004465568228,-0.0178747369072114,0.0029740482178652545,0.0041164176849812755,0.003761150706439227,0.0030244122575097967,0.014804728995267469,0.015329292441967554
753,0.029415284424681453,0.04047940419456566,0.011690643370585178,-0.019582041712899505,0.0021944310369236926,0.0066439358457160095,0.004048353441823587,0.00602612160511499,0.014836253268155292,0.01575842146754155
754,0.04180751568191578,0.049755925013346566,0.017310893035683027,-0.0055935065133959445,0.009337723522090625,0.01629967587899047,0.013297338704637899,0.015451321484444775,0.021601155342693076,0.02304988275066918
755,0.031197232000309542,0.03974344161824232,0.017961090467027867,-0.013822105564429202,0.005367034063937882,0.008094492584889985,0.008207193707467458,0.006811604827200592,0.01789074084107671,0.019410753535013453
756,0.0235031298003878,0.02970781217191839,0.0077486447255049554,-0.020047136186138063,-0.0004425805262874232,0.0005293778579180627,0.0017209394522002385,0.0012862764606461677,0.011015415157490332,0.011587060763693873
757,0.026543556282308967,0.03440605082077416,0.01710322208049254,-0.01586271137655982,0.008144354627172523,0.006513807496110492,0.010510686231029997,0.00928121658878495,0.021522722750732366,0.023233338360301652
758,0.0319098426487546,0.03840101000397121,0.012944780051042307,-0.020597185769130232,0.004642706288325127,0.005735968188132758,0.006724778650071708,0.006694539358863163,0.01638480166867287,0.017047571950587346
759,0.03638520863309814,0.04435846164132083,0.02325999918440057,-0.009520877277242351,0.011062529979813118,0.0147159826023003,0.013981372319073015,0.01381838034452974,0.023132316529729115,0.026076383888761285
760,0.01980722123153314,0.0264884031780712,0.004842504248068137,-0.014521637495748464,-0.0012930619224759802,0.00015920043580724166,0.0002428795990737669,-0.0013010581419731445,0.007264306414705335,0.008829021399892431
761,0.03574589280578018,0.04503466340526166,0.008571921564694657,-0.0167826354648969,-0.0005979793259108345,0.0049767970282677595,0.001858763723886512,0.002555673876290123,0.011203204121376754,0.01272976298291823
762,0.029856527951729606,0.03794302654704955,0.013784930661393751,-0.015787993307774223,0.002015868052843147,0.004834572669562294,0.004265482368824594,0.004179080674237659,0.013908073795907316,0.014575562882218385
763,0.022483204259797225,0.0313076583506405,0.00848535263221527,-0.017478370032722804,0.002878058958963168,0.004869820292435947,0.0039017682491993347,0.004762893779893634,0.011700156415200053,0.011668937024594098
764,0.03279501090469262,0.04175687440757202,0.007130940476527075,-0.015727651123331,3.327507763994384e-05,0.006615712152346157,0.0022045825286636073,0.00475681072136205,0.009739808958024617,0.010928888164282512
765,0.02984470479928188,0.03628504745516159,0.015045223338287044,-0.014391495470772522,0.004988244567219739,0.006303960926928068,0.008056388962684768,0.008154011935182105,0.016723585290253633,0.0185340778530161
766,0.03049935948500267,0.03927118302691907,0.009429194132236937,-0.01168229097005579,0.00020996851771652074,0.007123803116766967,0.0035409315109203913,0.005846331731522949,0.011611615247999228,0.01227600467491161
767,0.030352286446371602,0.037490168919587966,0.015343372740338068,-0.016867206840926238,0.008745099223822574,0.007436403101502527,0.010310827824154729,0.008028062852969236,0.01782783306606687,0.017037616299227863
768,0.03461492545945204,0.04409990920526209,0.01062819097698035,-0.015607241515860366,-0.002532034729708566,0.006134890256551655,0.00011596735894909057,0.0034139746622167213,0.011378075176134195,0.01494420176012054
769,0.026673496317476557,0.037213704240377794,0.014337657322578324,-0.01910271321449142,0.004490222635081743,0.006820423133476784,0.006513400696190411,0.00643311397960186,0.016276190351960297,0.016082857263799193
770,0.02641756775908547,0.034070818893932056,0.007048221463445754,-0.01693561062626638,-0.00045679377518434254,-4.947729286070698e-05,0.0012013440407008785,0.0002496525902010079,0.008336903554802539,0.01136294071906061
771,0.027758541699767512,0.03464170296217404,0.014602111117073994,-0.01241941588390136,0.005760495151912991,0.008910696642014404,0.007897094529911908,0.00944926272287555,0.0160012844448289,0.01721858284380835
772,0.026827036484933686,0.03584999615776296,0.0062290952161401575,-0.016748257408214683,-0.0012651485294865523,0.003976334773164729,0.0004680623900964175,0.0023858627381152043,0.009742575042979543,0.01187142974870168
773,0.02565693103219352,0.0341762965449447,0.006291788045850559,-0.013335507728135382,-0.0013809584254558973,0.003008107659825042,0.0005935984469672737,0.002219201394161666,0.007393817447653437,0.009951955334455859
774,0.023042088075455276,0.02906204843769488,0.009675003439918582,-0.010578450563928534,0.0019172664099459849,0.004713371071348911,0.003824042440461279,0.002818269146149019,0.009042501837025083,0.011876282451784785
775,0.03369492358478937,0.04098355631828014,0.015411573357117358,-0.00973783280823563,0.006671743780814752,0.012137469723549937,0.010171636756783328,0.00989235756445805,0.01878323140919925,0.02035496432872819
776,0.028144066975052923,0.0375078634892631,0.012278639285699399,-0.01396036730676668,0.0034298734166568535,0.007401956770004552,0.005059835752361372,0.006008324440112215,0.014086203979597558,0.015382386774229465
777,0.020326561840483655,0.028615061566541266,0.007118766222472497,-0.029921152880443426,-0.0036971385736390304,-0.005758228184543429,-0.0018690067532542314,-0.004901352953729236,0.010523037400087178,0.009594498891205314
778,0.03672703852092303,0.04283002299695225,0.015662527878140174,-0.015338786462284515,0.0074800908180595455,0.008465724842930188,0.009468209976049226,0.007789207364432661,0.01876949013442346,0.01906413887101211
779,0.024057106937390504,0.03171817549828231,0.011101605132037666,-0.017349326296326205,0.0044447838137316766,0.004564993048030853,0.006328410764077369,0.004957195494351657,0.014908478916361895,0.015091456565085712
780,0.02708951990837178,0.0328270199548457,0.013760751579564906,-0.011861781431230503,0.005968647588501878,0.0060920591052671235,0.007675784253465337,0.005969803809757717,0.014327065451887264,0.013074692072479865
781,0.026157857198362326,0.03507855230542335,0.014583431338734364,-0.014396268390977426,0.004904306047078423,0.0075817996708506755,0.007087210427313241,0.007839049374638233,0.015390032835954642,0.017608183509932963
782,0.033504800981026366,0.04415058364759585,0.00932499116946017,-0.011014122679055636,0.0015192157713436994,0.008524611565244557,0.004291020007761825,0.006019075661490719,0.012760750702549662,0.01342503384706983
783,0.03349476775605002,0.0440659970921148,0.012149593951894994,-0.01754788722837481,0.0015592053105938535,0.00436585503701049,0.00388168207167573,0.003969042885893553,0.01399471595722795,0.015530211208874937
784,0.02765367758169245,0.0348223557480369,0.00877156544623729,-0.014953487499987973,-0.0012559014900892672,0.0024955441942145643,0.001266678304478044,0.0005858812757945444,0.010202763812622752,0.012116813882078614
785,0.023476435008674995,0.030349179048233626,0.010808581910290539,-0.014787806437594924,0.0010049428694399664,0.0028340808698134753,0.0025886410055554017,0.002282840103554637,0.012090085221818488,0.01386720121985793
786,0.03311179998837234,0.04038711856782557,0.01566884534277424,-0.017909549448316353,0.006714127146500435,0.008815222564969968,0.008891500899013024,0.008734594606878452,0.01870439114994534,0.020529603048609905
787,0.03457223898659299,0.042521456449619084,0.015608424088502607,-0.015301456724995966,0.00506431424864597,0.009361709729179045,0.008285410482528028,0.010145880287473175,0.016045455527857876,0.018425080355733044
788,0.02196214520348969,0.027805111125985705,0.006933267184670385,-0.02091054521036111,0.0006862820040010685,0.0023335856915495867,0.0023194900469893738,0.0030971390796501975,0.010766936844812922,0.012537221529398243
789,0.02758621649457204,0.03260872979388364,0.013026944255349332,-0.010269487167776575,0.008497333062536708,0.00986054168108472,0.00989657108184486,0.008788874540693967,0.01815998027425007,0.01895452796178295
790,0.034927770076533526,0.04686472902395256,0.010402007132304757,-0.017531560041650136,-0.002881244684775403,0.0029991618284976166,0.0005209986187140754,0.001306385822532925,0.010114191989907206,0.011804273252998706
791,0.02230247547671777,0.032756308357733466,0.006434602514432825,-0.013984806285352386,0.000839259401849714,0.0047109591106274246,0.0031125495267306383,0.003266512772494924,0.01087595377654551,0.011879914514663444
792,0.02881854901702936,0.035229965035666146,0.012230742012038335,-0.01511752148686531,0.005353988932871286,0.008906413535085235,0.00717438004508866,0.0075950326592286455,0.014945892842869624,0.017584038062415607
793,0.03134274108055345,0.0408396758233485,0.012257468412115117,-0.012419352012235093,0.0034221857838458054,0.007859353063667916,0.004662334620641971,0.005845698163944344,0.013213072154599595,0.015953219429190795
794,0.025432851169535108,0.03401207698545797,0.007480426087605322,-0.021811617291923022,0.0007508522347529988,0.00011367703182730794,0.0025082451748017092,-0.0014100217032762435,0.010635946594520329,0.008229996361980421
795,0.035308974294231264,0.04151398827554702,0.015061389552346432,-0.013216273955284751,0.008968164200156458,0.012075503590604702,0.011955352142855289,0.01177417986986185,0.018019240991730228,0.01671621820020789
796,0.027281027479125454,0.03147229402050488,0.007921696050287575,-0.016652435085844273,0.0007285036873247417,0.0018122863644948043,0.0029175552741997866,0.0020439884041342266,0.008817459867414872,0.009529716595205993
797,0.024898636256300656,0.03377128495392272,0.009830377233279187,-0.01998086225856045,0.002749943571322699,0.0034311535023776062,0.0036724997390493014,0.0025385378151694246,0.014183775367355564,0.014613945609771344
798,0.03090776718165087,0.04075241363977353,0.008675021050942833,-0.02072662379326252,0.00044960921792903995,0.0015465916920533716,0.004102955275463971,0.0036416580329890766,0.011845798260798021,0.01258124211223767
799,0.028444298967260768,0.03534526277129783,0.014118186200750052,-0.013531843016992404,0.006316974202244115,0.009608866443224121,0.007212655757002595,0.008410537983048635,0.01480090072793606,0.016749487299961608
800,0.026716532600379976,0.034086887927389134,0.009949612379805397,-0.011740875680788672,0.00020228722035586175,0.004209915741857965,0.0012284906687841505,0.003712520668488193,0.008946328021011132,0.0141812870409459
801,0.04300887368577878,0.05042075507063065,0.015440660878626694,-0.008660075435080851,0.005101274373610876,0.011712890870490239,0.008797858535583167,0.01010885811246061,0.016756236497601003,0.019006310624235728
802,0.03646249665027479,0.04692025318623022,0.01174699309493114,-0.009572838831464389,0.001991607506429568,0.010020568088486064,0.005913895148989977,0.006656859648957338,0.014268044697797433,0.013418692512050587
803,0.025517653896319693,0.03526615844150778,0.009858050103838903,-0.021759709627089296,0.00016412093378052122,0.0006000245401454686,0.0021481250185874053,0.00034956619955852036,0.012443852415506962,0.013843750335020338
804,0.02604154539653572,0.03527778992592269,0.010879627836930882,-0.011563597155173414,0.0021195590515270353,0.0053413307040857646,0.005492725454864019,0.0065938891672068,0.014196000698144157,0.016770830814511563
805,0.027845096934742557,0.0333852687094645,0.010475240377295417,-0.014752657301609032,0.0025929381685419702,0.0027578883533306052,0.0047654626866985034,0.004741953233909722,0.011024778386077424,0.012448674535550838
806,0.0407848569531364,0.04804179986534489,0.01534734232674737,-0.01645086691614426,0.004722903707813387,0.010353136527481219,0.008153507684475786,0.009908148468860224,0.018028721214650555,0.019581518372837788
807,0.027517428945588358,0.036311688610087746,0.01398685108450686,-0.00879210486033993,0.002887046288960756,0.00753336349469563,0.006225838978935102,0.005838424364650495,0.01526611325636803,0.01628053559180078
808,0.02689962079767072,0.03430164760886904,0.015376667693698168,-0.015008543443886135,0.00793558160377745,0.009055661931714058,0.007592646239321749,0.00695782023044518,0.017032386549316002,0.021666326422020106
809,0.030548933572886506,0.03925970558279579,0.011794410941928863,-0.013965559492215562,0.0004231305457822491,0.0054641971087386965,0.002994851559962057,0.0035178284370598716,0.012016864235945595,0.01492908980291115
810,0.03348045314849587,0.043284222493434645,0.01190345400144181,-0.011942883688497016,0.0015862884522770348,0.004398764676478985,0.004303536334252315,0.004972740103518128,0.01193938145163998,0.014194560048898
811,0.022486800754883487,0.031558789819955906,0.01080021165464291,-0.014112469079743806,0.0019216871303827903,0.004764095148933495,0.0031861312746422283,0.0058429055074919805,0.010525045122565656,0.01246197954601437
812,0.021472241158550592,0.02999948872916027,0.012262342704011893,-0.01633514771078867,0.002208829472895077,0.0037986334723033805,0.004353412470489358,0.004604474766725653,0.013556993440258774,0.01567234425832378
813,0.028762712291450943,0.03928552313696712,0.011544816213404672,-0.026988526886949298,0.005291741291200619,0.004711173318186954,0.00624609794582124,0.0039778982091469095,0.016530326119815197,0.013884059150556186
814,0.02232653205204376,0.027461889564444293,0.015302127490243761,-0.022133210575748286,0.005066103820297986,0.004568750600695475,0.006404824641785571,0.006591802125232174,0.015917414779894855,0.01800937366191182
815,0.028074922734388923,0.03752539042612853,0.013141726695901277,-0.015921353053096526,0.004290391676754518,0.006099642457309585,0.006939597903627153,0.005284231227149014,0.01594431273132177,0.01573026203050634
816,0.03291092537344616,0.040158145069959864,0.01622513801380407,-0.009008242931907823,0.006564597288225118,0.00987942474629667,0.00900642833293729,0.011052902009956947,0.018388344398144563,0.020777183728923815
817,0.02569639298937339,0.03478939882184719,0.0074427574975857915,-0.013990679270434788,-0.001767970805058975,0.0021641839451938144,0.000387779968777742,0.002539522707061761,0.008667179043683703,0.012272023882250852
818,0.011848430570317434,0.0186699364660682,0.003284446797461435,-0.021037753967572154,-0.002009759317554998,-0.0027616089685034454,-0.001298779687622049,-0.0024570192881403505,0.008307189491126216,0.008375105608064435
819,0.02392723251192779,0.03422826470511522,0.004919965825685104,-0.01915551185926685,-0.002481856838942857,-0.0019387299350067306,-0.0007718989019893341,0.0006000524687538853,0.0072226846921157484,0.010014246983051537
820,0.033436122961586774,0.04242599497487555,0.014314718895905396,-0.01384465188453755,0.004538081075208948,0.009072619381427581,0.007043438813775116,0.00818209404419926,0.01628362036195847,0.01660305062478961
821,0.026196719181896616,0.032691349744766104,0.007173798947813023,-0.01416558548663541,0.0017645119161187374,0.00659105620977365,0.003790459712454198,0.004646731499849776,0.010533339694493282,0.01059362436041139
822,0.027674352787470317,0.036943953085433495,0.016909463005966813,-0.00889022133038996,0.006675598394176288,0.009622268346252964,0.008906247824743484,0.010156438138464136,0.018159254377308483,0.021565321315094296
823,0.024076285512370073,0.032189034054076755,0.01592062388492189,-0.0068200881310712695,0.008489643997374204,0.011619844784934497,0.010781438839210416,0.01189443429209138,0.019039281230616874,0.019341670593188996
824,0.028272409155761225,0.03990258615017363,0.011609770540408723,-0.012710385303800165,0.002537468526853055,0.008857638666827759,0.004726577754803117,0.006835973612030893,0.01373197495680691,0.013853909530330433
825,0.02159393470583588,0.027300258611452476,0.006778476566550335,-0.018115671728127357,-0.00039202169117077404,0.0023600435184097266,0.0005014587477329931,0.0010485072945849911,0.007646997966646185,0.008670098458003485
826,0.02057439164175933,0.029381782056155954,0.004601362949180944,-0.02256828951195644,-0.002481159657679751,-0.002237994250225419,-0.001869329355360392,-0.0024702084091420377,0.005419809931399826,0.006923614360191084
827,0.033509185301787245,0.04154567785280812,0.019702973044023984,-0.009837995592719003,0.01099045717753182,0.015045865376579603,0.014279559216419716,0.014373024391784311,0.021832389263356584,0.02394768299806867
828,0.029191437760809395,0.036553043134605424,0.01744230728590934,-0.01526819063460271,0.009670245057568505,0.009197951314041728,0.011926447089584244,0.00888607581052241,0.020093971500757906,0.017910248287446594
829,0.024119016090763,0.035748909428573415,0.013991999260201459,-0.015561623851260387,0.003282140878580594,0.005647340865156597,0.005306938356732851,0.0056701759846904,0.016107184851623445,0.017999041217749645
830,0.027262722414896946,0.03518934398060633,0.006832615994441568,-0.016028878213460288,-0.0011530180285685293,0.003470704820193957,0.000637158444584887,0.0008563021880177331,0.007325500685419059,0.0076635884087783
831,0.02244266794442637,0.03377581529099016,0.008383122709549013,-0.018112247772698424,0.0007442469279440491,0.0017188599446758411,0.0020555241615149754,0.002547546220167856,0.010299975698494727,0.011690551494019454
832,0.02887340616975843,0.03683253484531635,0.017965881137962752,-0.009744988792710694,0.008154852768529026,0.012240127074533395,0.009776203003630458,0.008691598898970795,0.019855707140806606,0.020794712609601605
833,0.04276725266323496,0.055683413986076714,0.020727456620177505,-0.020087122481103885,0.006565031027795756,0.008147116781073981,0.01054666658586434,0.01134164100425808,0.02457300313655491,0.02711402814854228
834,0.027921062857594835,0.0346692055390528,0.00983496153389037,-0.019668116153862027,0.0009062239488515786,0.0016922895923274892,0.0032297010809854755,0.003970780947272382,0.012476570312878648,0.01452175855864787
835,0.03150764676615821,0.03897192396723788,0.014209495794896906,-0.0061575086015938345,0.00535466910183024,0.008375312403798985,0.008431480229822041,0.007146963249199221,0.016726156907033662,0.016987864580922378
836,0.023602287531806886,0.03220219532686096,0.012362250815739152,-0.015259918930301241,0.005669529319571228,0.006346452067780043,0.008425480560830626,0.00830424601633791,0.017697840113345995,0.018771693352428634
837,0.027033550309358233,0.03797551807696352,0.012092201812738023,-0.020382173777026617,-0.0004493675503611487,0.00230187982759517,0.0020039184225826645,0.0009603456750352888,0.013912860529562716,0.013624624829061493
838,0.027905564332567735,0.03484523488844689,0.016572842909177994,-0.010736320062616985,0.008547992911538497,0.012741882871122328,0.011799140970563431,0.010523972353855228,0.02014409526739207,0.019144540297390968
839,0.03284880148733989,0.038922561897956,0.01505717276598188,-0.013904496544741417,0.003463914888506236,0.006777695678464674,0.006331142800114996,0.00546874368287767,0.01540631050023063,0.015743615905859792
840,0.02650870702320964,0.035931195701798486,0.006421641160734323,-0.021307287155851683,-0.00288946153269105,-0.00060756536005993,-0.0010720853283556694,-0.0011359395444342007,0.00897686365597006,0.011608045838251521
841,0.0339078425889029,0.03764647435199002,0.01389814982775502,-0.01106068384296799,0.004728946776399733,0.007829966445280844,0.007855742565107807,0.009278670163907717,0.014374759322113604,0.017277254638991872
842,0.033108698292842756,0.04358275858613157,0.010519056939686374,-0.017534771682044266,0.002015848481943739,0.005741228548471605,0.004679394921747071,0.0043970784954885656,0.014806524069575907,0.015775176547338485
843,0.020394704313702612,0.02796263644290533,0.011122533672875651,-0.012582355510916726,2.217224220202052e-05,0.0033353550274917835,0.0024204442813002495,0.003409415826467847,0.010343818901715287,0.013488176272252883
844,0.0324995918605256,0.04144946026632364,0.01608584471966442,-0.009472850648571302,0.006321181650749952,0.010097455370191853,0.0078013151763583425,0.009670639786814287,0.015328697336561012,0.019903234909624624
845,0.018783323902333227,0.02623879314584764,0.008773238728306232,-0.021621837392234743,0.0038255339692486365,0.002191418996548209,0.004564273261992135,0.00249662922420948,0.013775938080870418,0.01292672101346944
846,0.03223258043518665,0.03894217667897465,0.014544273106587338,-0.007652803129846092,0.005890444421958668,0.00959919791763852,0.009457076816538425,0.009448977439458443,0.01697662788246206,0.01841601746338558
847,0.03268438254472901,0.03859115341199001,0.010666256018720326,-0.014649649591073188,0.003240183729883081,0.00643224342410975,0.005551481858843572,0.005269386023988737,0.013430929530641492,0.014026004900696725
848,0.02801556870523054,0.03682061593721736,0.016534749122790997,-0.0168269302620069,0.0031559144811018117,0.0055198676672506344,0.005589666978970914,0.005852419451922697,0.015566588105226273,0.0199386719647468
849,0.02966671775074057,0.03561832018546006,0.011400890597085715,-0.010641254966107606,0.0009580067278173495,0.008453875224465642,0.00491558299992675,0.008515732265458684,0.01186193419912849,0.015435542017345542
850,0.029296960920443916,0.03604607853654633,0.019863956246137654,-0.005654982263410056,0.00845556824565292,0.012060131367334642,0.01068365812982917,0.01186565089674806,0.019989719156451348,0.022571877400798475
851,0.0337996714862481,0.04475320409535807,0.011747223930417073,-0.015252010129855702,0.003439015906437225,0.008902236169660549,0.006984765187036009,0.004772929738875138,0.015677397110251047,0.014914100528153364
852,0.030554821150091054,0.039579055371688196,0.018196241861540553,-0.00746710299940052,0.007566291831419011,0.01118378173437297,0.009733765651500444,0.011371959187322141,0.018890914486255933,0.02252977932096262
853,0.03911690888475476,0.047159581609974854,0.01250403475904945,-0.013379803077666525,0.0076318726883824305,0.010350119948630136,0.009251210791163008,0.008545524071770512,0.017063958225907012,0.017729494896153882
854,0.030914687454724844,0.0380362621711877,0.013464854881965718,-0.01651519686104794,0.006008244715427224,0.007427538326773559,0.008190742329044128,0.0075539819862620785,0.018028726485522114,0.01934511460721254
855,0.021911585270161814,0.031190132417593285,0.006373868063717071,-0.022684177685112772,-0.0008950139462721232,-0.00066263511207037,0.0004608142614231575,-0.0005813250494279077,0.009348705046613849,0.010678912210849415
856,0.037775909114107505,0.046688264789482556,0.015862081666875152,-0.016817869591177592,0.004165878399504546,0.006916522564695819,0.00728877250057402,0.005500701257128726,0.016324352525504314,0.01641453792832869
857,0.026101196585472535,0.03726637055595268,0.00982424320991548,-0.021513037321499194,9.082639539005194e-05,0.0038946876973499486,0.002948369318633426,0.004333879637005234,0.012392917270146532,0.015460538654862554
858,0.026835942204958906,0.035396722129751,0.0048420803306782655,-0.02021595039042096,-0.004554495426504714,-8.360189283596175e-05,-0.0028604538171103284,-0.0012853615401458292,0.006995964967224912,0.008229501559426361
859,0.02653665330211464,0.03513812040028248,0.009693205579831424,-0.015133021096270094,-0.00041621611372038805,0.0033412673848432816,0.001496946810635761,0.003393230956133849,0.010539793126512344,0.01422737906752915
860,0.021152787672210984,0.028372327413745686,0.00724796971203326,-0.014158452392877557,-0.002019908961303687,0.0022957319016650973,-4.658431737864215e-05,0.0024544817040260763,0.008676104854811257,0.011476442426384981
861,0.031202653757859817,0.04007127602328624,0.01489909836734297,-0.012461963931860135,0.008575910638065228,0.010968060007592855,0.011511693332301206,0.010918508247642109,0.019847188163420806,0.021568455290492526
862,0.025749757576346805,0.03429804406746792,0.011358207130554947,-0.021131667756545895,0.00386105018979034,0.004870216667738772,0.005232177662437178,0.0029387376784682836,0.015322528862431956,0.015145432895998012
863,0.04128709857569492,0.05074686175601258,0.016050255454023978,-0.015798012587405937,0.0049432408864654625,0.007669549830403253,0.008631036047301322,0.008801545173790315,0.01784680544346508,0.021350311286967925
864,0.028339759250321544,0.03480639184525909,0.014378658614308978,-0.012310714232930661,0.005235516728955484,0.004824433591305339,0.007040178248671651,0.006735105910338933,0.014033560727598367,0.016963591949043764
865,0.034788320994109154,0.04327027511430135,0.016899310430731822,-0.013718534907312804,0.007726026296112241,0.009433220617920363,0.01014599257736856,0.010331392448887634,0.019454909497209984,0.020002966855022022
866,0.0287787138000611,0.03842575950707182,0.013689062613349456,-0.009644785567500314,0.005845427152411384,0.009618150542286085,0.007459267866721764,0.008775697611994133,0.015417628174757027,0.020148511274687354
867,0.03293141979880633,0.039679585273008584,0.014398117664575003,-0.010005258201633175,0.004042033152484933,0.008278490468071269,0.006915438048857093,0.008125108179979385,0.015804578017855293,0.018962145310114788
868,0.030306975026413985,0.0402081372563567,0.013603095445208787,-0.008614054957124893,0.003961628183035491,0.010775894207889332,0.006019501911421812,0.005983376149310262,0.014926079064208755,0.015075039139611002
869,0.021918588190205007,0.028106593804023104,0.011109237737472502,-0.011869791273409036,0.0017235356535188994,0.0025019855785486794,0.0036288615672957617,0.004121008671452757,0.011145353376019507,0.013235611887983532
870,0.02949756224255936,0.0368637734457397,0.013689256791429372,-0.0172518606553849,0.007266210375783978,0.0058620316469207194,0.008535405100514046,0.00440513333682975,0.01604981920664726,0.01366924530750977
871,0.02516577960225431,0.03263900489405129,0.00453100122091486,-0.01583220126528315,-0.0031625414921014165,0.0026264889321615183,-0.001873417340927675,-0.003024115015950665,0.004567756377705188,0.004752324335509402
872,0.037103656332001765,0.04426856887347303,0.015265411841713733,-0.018876004292850267,0.00624132192297999,0.00834243107395399,0.008553774282476277,0.006987325382860336,0.015949758412554603,0.0166938926854364
873,0.026699166550716396,0.036068574663968594,0.010261558004508129,-0.02009158234083176,0.0019869796796795547,0.001413741312872415,0.003635794673850812,0.0011786747964925414,0.012489925145018574,0.012772225263815117
874,0.03851561372758475,0.05034806321909361,0.015117142813983294,-0.01745889206782495,0.006332310276315705,0.007464598246510858,0.008878017624042436,0.00829044280991208,0.02068632112210448,0.021076200821779963
875,0.030993246869006306,0.042895064285311243,0.010918322989680648,-0.016216146080570926,0.0014851545880524264,0.005363127665419287,0.004303355510128776,0.0054035467645152675,0.01446134667902746,0.015879180449725937
876,0.03027319716707706,0.03817387737633597,0.011451598179326786,-0.02137154418053807,0.002082525436032258,0.0017921565069523107,0.0030275943502374994,0.0009700248685780416,0.01170117208210747,0.01088708730243627
877,0.03469637635672129,0.04232394787185612,0.0171254023638376,-0.012267253851502905,0.005198088462038722,0.009061455462831831,0.007353860620442199,0.006242355730481321,0.017344687835853488,0.018833046313315914
878,0.021795530771719848,0.029472138338699282,0.009568238815810653,-0.016703370652788013,0.0009523734081475757,0.0038548234555823985,0.0025318539827635274,0.0021254511488266294,0.010551801554116351,0.012329617387553306
879,0.02604686636965183,0.036668214866160585,0.006163239847657848,-0.010023767678495037,-0.0034486845626786563,0.0012608582614291983,-0.0008455563109457246,0.00040710122219196637,0.007389735080455047,0.010988594435562406
880,0.0157150994398008,0.024236309728366254,0.003239531731742349,-0.02412522242203647,-0.0012095504714258777,-0.0033530154274442198,-0.00046443546870502154,-0.0024879906934528067,0.007548644055166948,0.006496077774079732
881,0.020531893697734588,0.029534304595397874,0.011899194137817568,-0.008958667314833994,0.0033946154297079673,0.004286176414929923,0.004701659245642088,0.0034337322376874436,0.011813589245405678,0.011937573050761477
882,0.023812749813493583,0.03178925312884312,0.012274170835739432,-0.018845143249451368,0.0025548367105462494,0.005435613456158875,0.0030055499536862157,0.004724099018376263,0.013940041047352868,0.0161884668849473
883,0.033143035842600324,0.044310018546064346,0.01228674940942399,-0.022513755672108903,0.0008994412794061839,0.0034936602042211816,0.0037294109964698765,0.00361387191791694,0.015844763815427803,0.01612076603832008
884,0.03966242215897296,0.04757645878847521,0.02107922762729147,-0.012913527068464423,0.012296829858258165,0.013395305333687024,0.014558709166623222,0.014287967933060341,0.02360449704480697,0.02385546777866197
885,0.03582953670880738,0.046781183257929,0.008280976754153626,-0.0136176480736595,0.0021361583311305067,0.009690767123638913,0.005205795784747716,0.0060876373302105,0.01375811639531332,0.014530119925204674
886,0.029143413623485,0.03898046385577802,0.006877979528517224,-0.021409581458507736,-0.0022619503292749662,0.0036030199572243543,-0.0006607530823971228,0.0019302583359329915,0.010003310598382695,0.011185513832166904
887,0.026412935816889842,0.034366556932787076,0.013024767798823781,-0.015307397329353314,0.004819845606243811,0.008199953552949123,0.006330181926784219,0.004880780778466475,0.015051968240780061,0.014548974704772922
888,0.03105557459978433,0.04192073253882821,0.009747395220804,-0.017118985388906077,-0.00032846539530881466,0.004162527349686065,0.0015014015372494852,0.0033066196308026256,0.012750369749972165,0.016783505124593267
889,0.023577086250491663,0.029921343442273762,0.011893459931074494,-0.012466937039992233,0.0049388891161638495,0.005854171432481513,0.0056507143842853165,0.004666769144881585,0.014526275168849254,0.014292876435907917
890,0.03238697034118505,0.041058877997258096,0.012106538825318583,-0.02159820597001808,0.0025223484102775253,0.005373055839548391,0.00420892946509986,0.0024473528918979477,0.015201166793985227,0.015150335576640871
891,0.03409675102033895,0.04288143528686128,0.017611829196537802,-0.002978016439843184,0.004216212441842749,0.011915205150080285,0.0073270483696371985,0.011474603260294687,0.016093852431602225,0.02037597148195556
892,0.03566708455367946,0.042487496306869085,0.016132215965682827,-0.006865349962456141,0.009194604770855704,0.014034836059196865,0.010618050337085273,0.013439226347160077,0.017643455605786524,0.02078529714169627
893,0.02778925781170809,0.03603166747310231,0.012687393647743472,-0.01762463862507561,0.005733031774179301,0.006249179102188666,0.007644199592699699,0.006051756509453027,0.01708886949726504,0.017884875944092143
894,0.034837983083165845,0.04286352625855437,0.012878959319906713,-0.015482913763865902,0.0038565219387875576,0.004335668530116508,0.006075538925582503,0.005985693277181344,0.013296282052886303,0.016971280193034254
895,0.028817808260189294,0.03772367092265403,0.011676821602073817,-0.010605060775991309,0.0040019622888065485,0.00737305422512545,0.005536524341725422,0.0059195342799040086,0.013965618109738514,0.017006462213982505
896,0.028561014010466474,0.03777180905176541,0.007481383262377647,-0.022836920656682084,-0.0037381799515187044,-0.0005804524595278305,-0.0015012267707932383,-0.0011873378012817962,0.00913950551209136,0.009656964484185807
897,0.03394722635193546,0.043869597764690696,0.009812998053871477,-0.021550292444890977,0.0017943356742757747,0.003675725204445369,0.0036492471510009817,0.002045878895130137,0.013730586822344081,0.013028846236984037
898,0.02463188625697812,0.03301496293074508,0.012658983096255757,-0.018547839714626483,0.002192464296565311,0.0015475307691636046,0.005254977170147181,0.002918374378868853,0.014171568735387507,0.01288863882615852
899,0.022827153099744982,0.031497871221398785,0.009909314057936887,-0.01573219561650812,0.0020661245113200123,0.0038373483860397245,0.004295517660758248,0.0023859998824069502,0.012359512590384269,0.010593377385546826
900,0.032201963758483755,0.04225514663184284,0.014237007608733216,-0.015161185780327716,0.005274002726214777,0.007370766334558991,0.007278994167722891,0.008169400185415879,0.015558023180779807,0.01745607146025328
901,0.03242133967971515,0.04126114760545205,0.017221839910333582,-0.01474754363662521,0.00927833116758677,0.013484874750680484,0.01066254879172361,0.011527188866889089,0.021437795861523216,0.02053383848087777
902,0.027731903463489343,0.03534590917842108,0.012509941897058435,-0.01758559033997064,0.004438287166734098,0.005030114190922283,0.00610274651917109,0.005622351144505941,0.015539375087446522,0.016640428207092092
903,0.026828004656313305,0.03162840270491102,0.01633117851343683,-0.01251830516036261,0.00944217569760997,0.009112928274964887,0.01138997675238793,0.011416036609360924,0.018306584303162798,0.02033457013926858
904,0.03201708262957186,0.0411712770278598,0.011427827945390243,-0.017293184001911585,0.0032141219744558276,0.008120949042234569,0.006187782692044802,0.005300874184835991,0.015394105431948432,0.014036447551567919
905,0.03751952955826454,0.04808969099884283,0.01719319749216738,-0.011079300951277932,0.004765867171431423,0.013163334598218262,0.008686007865550962,0.009343939866016242,0.022120354977831817,0.022424607015975023
906,0.02810511968399098,0.03664288321622835,0.008943600663001462,-0.02097084829428575,0.0003102784510709921,0.002320367355337068,0.002534837621039741,0.0024420034883052165,0.012149342486938604,0.01212621578759713
907,0.034792040255615705,0.042101071102214234,0.015851261589466016,-0.015001101494609387,0.00572877639732358,0.007132282703243775,0.007780040214889797,0.007817551535100904,0.016568895793274942,0.0210191261652787
908,0.028779525394937177,0.03827467533498104,0.010846146029102856,-0.01450779141217548,0.0003633544857198254,0.003314371551585882,0.003410521556023379,0.004489211494805733,0.011972015259928914,0.01245935332016444
909,0.03034141676647349,0.0357779696459696,0.013779822993888236,-0.018307504555291627,0.0061677250395068516,0.005477854305206571,0.007833836108166571,0.00486137528355458,0.01593887959413921,0.015467836826019493
910,0.023620463616829058,0.0315780007185072,0.0098012699378827,-0.016661319822398695,0.0014856981320364743,0.0012386392455068028,0.0033769230450335025,0.002607865558134927,0.011730329174203864,0.011988424311836122
911,0.025421587983697314,0.03141534683931812,0.01915721834692297,-0.00985204366894639,0.00957877977605833,0.01120357784595218,0.011435593149011745,0.012609767231218311,0.019316018033914573,0.02060946706000037
912,0.033046637483640784,0.042373678099250384,0.016863978241940712,-0.014445510826974586,0.007842966247262065,0.011593686443522669,0.01112622062758127,0.01075286107256183,0.02195004694364034,0.021676623859751158
913,0.022290827544453717,0.03127993157475152,0.011672954709780133,-0.008869811201189954,0.0032695079948443714,0.005242528816881338,0.0056394099960132395,0.005946231327587566,0.012421131161550924,0.013639893523281316
914,0.030547754817200866,0.04178754070080485,0.00895936527610348,-0.015734885851909394,-0.002994105829027795,0.004234009067697737,-0.0010920754523315083,0.00021480701156629316,0.009896501049021646,0.01327125049624181
915,0.03043445372842545,0.03424435827775989,0.011737690618390466,-0.00943653176749593,0.0037941279007201157,0.007903546757257313,0.007312603881915253,0.006987922934701468,0.014272487675235502,0.014206252475034575
916,0.033568328931876765,0.04334183186840619,0.01672035423433784,-0.013577229016886651,0.007629629095043902,0.01076192439741271,0.010153509578803581,0.009621340500727734,0.020783306869541805,0.02056276224247911
917,0.02270057630468151,0.029977616896747817,0.010368801991035457,-0.019650770017357832,0.0014837570634512788,0.003422165139996239,0.003532804374257787,0.0037424417578845134,0.01234736255383598,0.012738515336827322
918,0.030072109934329044,0.04038678603503788,0.008282774796164665,-0.007463190663631094,0.000430098578848286,0.0052331787373001105,0.0030127698762165245,0.004775467390705256,0.009258408118128388,0.012890558140380978
919,0.02710068881550908,0.03643430866448792,0.014192868314009713,-0.010415383693275123,0.003305124188669353,0.0073320686852257925,0.0059879572813694455,0.005235178922287171,0.015592516805798078,0.016520368345886004
920,0.028559772054988497,0.03193304900096987,0.010763911608057692,-0.01627144598703308,0.003260671304756383,0.004464112607702491,0.005638498369197202,0.0037505029979061273,0.011663906049658616,0.013150162660491937
921,0.03039380083143676,0.03847034566685385,0.013366471166889637,-0.015031660138509484,0.005247359347715063,0.006371774833024317,0.006296937007687883,0.004183204261579436,0.014909291171699344,0.01633534849039518
922,0.029547979988564167,0.03729879044632054,0.011086208407362335,-0.016641886603207912,0.003590778210100048,0.006223047968180696,0.006176812844661995,0.004744885691704643,0.014761804288825531,0.014961468388465387
923,0.040814536578932956,0.04886137778631833,0.017699351038189006,-0.015608118912347303,0.008309974423476812,0.008192151991668327,0.010899439850807121,0.011053182949296475,0.02015162545909877,0.024308675996175148
924,0.03481173978670644,0.04379701245436181,0.012494695786705888,-0.010933542482526924,0.005040393362096334,0.010720967973397312,0.00746707544421313,0.009233571933772047,0.015806194573493075,0.018703262479226237
925,0.023292822313724364,0.03027774311779625,0.0043098861881545065,-0.013446624151023125,-0.0022878111870465213,0.0021377058322635534,0.00019628136394103258,-7.150654870876445e-05,0.007331998800422011,0.007961195932646997
926,0.0282149604207943,0.035813347124682454,0.014954364520685316,-0.012101181526573124,0.007185124716609812,0.008857146094129322,0.008864840649671208,0.009282441128505318,0.01547171027257048,0.019383714806822324
927,0.02506583454231106,0.030931360849802064,0.01084386433329805,-0.020407087086648686,0.002034941215577033,0.003017484848816116,0.0030718739891491035,0.0005555000320610055,0.014836031148265535,0.014553955886388322
928,0.023361074281989934,0.02949350890597856,0.013437650457478573,-0.021180977702591718,0.003606473390401043,-0.0005367982773327493,0.0049590980957835125,0.002224420706561702,0.013746572997386913,0.01239252002255175
929,0.02088040725402088,0.028944722156282975,0.007763367471060716,-0.021039109295093505,-0.00021349141138815353,0.001607501411688693,0.0008675663894965468,0.0005573972041077388,0.008980810711696988,0.011699772186565677
930,0.023739798216185885,0.030870602742391028,0.014477704146473602,-0.01675053918303171,0.008653412090113187,0.007786366727051091,0.009685875364770353,0.008915969664756876,0.018697025156858556,0.018558938612124893
931,0.03599448493928161,0.04400413812903918,0.018583848003414092,-0.00629659432579269,0.011216706063337249,0.014405368604794997,0.013129186381947919,0.014261573202343508,0.02053493373003374,0.024918338371813988
932,0.027520649145144672,0.038562479313350634,0.009777682618467343,-0.012494615773900484,0.001734994663190935,0.0059322636737485,0.005129157002042766,0.005515864512040918,0.013075099992020695,0.015271822040705239
933,0.03452393423382498,0.04516661382792373,0.013326782402350915,-0.007480429309754992,0.004329225218613906,0.011522216738698233,0.007996065423631075,0.010510986642593192,0.017219849918529873,0.019855263415115513
934,0.029712433489420598,0.03825608789489528,0.011885727413609538,-0.016824421797018988,0.006051147568501467,0.008981953106468609,0.007923090862590246,0.005816214576404224,0.017203236870045664,0.013904406087372503
935,0.025901878720494303,0.03273234260002942,0.015260456522456205,-0.014655232826318434,0.007066014952318195,0.0077035740449138135,0.008535447721454063,0.008576590877737194,0.017295874751054076,0.020283933273169012
936,0.023086834274159397,0.031763433129092,0.012381152898944096,-0.017197343333582946,0.004501774220184359,0.0051537073390474485,0.005473447267626552,0.003963200852714956,0.014984097543897684,0.016796082466330763
937,0.025191101591624736,0.03341966058379862,0.011333427989968864,-0.014931406242169251,0.0024598132083104712,0.004263978031685366,0.005033562713722782,0.004423215905146731,0.013195554180937213,0.01383296460144931
938,0.015411390797447046,0.027003667456686024,0.005776767626673765,-0.022434289809771045,-0.005783310087876839,-0.0026967136134041143,-0.004425681332269016,-0.004548902061557409,0.006251276414476295,0.0071984289765991555
939,0.028169555997092966,0.03494428356140241,0.01617036633629824,-0.013190440414664847,0.0071282998747338915,0.009482852176329132,0.009201220337066102,0.008637958492024542,0.017659351234094713,0.01993774620184425
940,0.023190134104344222,0.027932573032373655,0.011714460023825257,-0.013219410165724277,0.003252858979061843,0.005776690434215548,0.005104015050507026,0.004415239546728573,0.015386246144262114,0.016943662380697114
941,0.02534808224140863,0.03449121741583747,0.019922953435136555,-0.01321541609773815,0.009266787326116781,0.01137873833626708,0.010436043096902851,0.011008897157223783,0.020612038534157367,0.022394543195783802
942,0.03106019846172293,0.03903650168463062,0.010621918866966512,-0.014034640970013102,0.004185471466077345,0.007451910454296756,0.006969969568661326,0.008411871436796116,0.01385851281469561,0.01579913977642549
943,0.024365988093185055,0.03228445844281515,0.006449688657508401,-0.020024163822435482,-0.002014641591446118,0.0015379198945574405,-0.0012051780439295955,0.00020377681897240798,0.007931100020724995,0.010103136150835263
944,0.02898559930889849,0.03450646990536545,0.015509915138447202,-0.008923846134938454,0.006221593615808001,0.009765741672994436,0.007943257503470469,0.00866004569120341,0.016571735110576802,0.020823769067249587
945,0.028398349610071223,0.03621281029773486,0.013258687573236266,-0.010521178181221011,0.004038246408748645,0.00794666790142708,0.00584104918069933,0.00523160464147787,0.014929829382002727,0.015944160702850384
946,0.028413304745994496,0.03769682163605163,0.016538521618231487,-0.02038855881102433,0.007802296437958119,0.006280298315079827,0.008934750461191552,0.006874059282033967,0.02013890750404839,0.021507964283832226
947,0.02223529832154151,0.029093186529741438,0.015347207274515506,-0.017422051553559338,0.006503368260385554,0.005873966099593105,0.007736887023977954,0.00626848735435271,0.015950294069506193,0.01608984730276174
948,0.026937121770493955,0.0350485449181945,0.015539960184797303,-0.015300154999907232,0.005925582701003655,0.0073912780306087025,0.007200654060664363,0.006175511389829959,0.017287294869217783,0.018799417961253926
949,0.020051986470789346,0.02898283540084744,0.01036638004773511,-0.01486760693398533,0.0007981858357687768,0.0018437548930850766,0.0020096994072843458,0.00268122833169394,0.009544888445636068,0.01014701872854038
950,0.026854500205878623,0.03502968619558401,0.01074565746368432,-0.012835437977151106,0.0002986426370972795,0.003042767606410758,0.002463675850228778,0.003297864561716493,0.010917182148184951,0.013595753788539042
951,0.026989849236593217,0.033286273220979726,0.016725962450485382,-0.0115914812545914,0.010771262817717262,0.009373194417782466,0.012622069823820036,0.010904420522344813,0.018823815281949593,0.01818927048436099
952,0.025728929591400784,0.03576571959407928,0.010079169231444482,-0.024318103367441016,0.001794072707341316,-0.001781570898507201,0.004029881911410587,0.0017786935961329666,0.014876207840643677,0.013898766926911573
953,0.03092370009823143,0.038572370381381525,0.012734320844520372,-0.01729490556027942,0.005011180487866322,0.007348799085584443,0.007349759328421057,0.00381648253013762,0.015869013422903647,0.013691625236429467
954,0.027645076512401952,0.0362384291939617,0.016386004749735346,-0.012393000447653357,0.0060988500264405705,0.008032122701157047,0.0081766184923081,0.008697289891420101,0.017450833621719064,0.01916768184038334
955,0.036347791774443396,0.04535396025006583,0.011206807407476338,-0.013946908080913608,0.0002809796388152302,0.006338848038835184,0.0030888994182269687,0.0038287866931463743,0.011800687684940614,0.0127129223274445
956,0.03180357027704718,0.04123066968572159,0.005236053851490693,-0.01848190497482641,-0.0040402225629246205,0.0019421166297310215,-0.0009114525190525649,0.0006858067918974902,0.006466796914832868,0.0077634597823285495
957,0.03408090232070358,0.04098762729085616,0.02297919630568842,-0.007221615179112092,0.015865934734957045,0.0175706633161641,0.01763475517698693,0.017891271250664996,0.02596954388436503,0.027078218143274557
958,0.022485310561895195,0.030683378146466794,0.003973207702013074,-0.015629594490823236,-0.004556934698610661,-0.000700229037362263,-0.0020038309044914412,-0.001996670625452454,0.00617064229354808,0.008238295706128789
959,0.02964148379796149,0.03666101285111482,0.014992629490533663,-0.015513983631181755,0.005678985701478687,0.00513174413703047,0.007335263896394538,0.004736171955897033,0.01657479363995839,0.016294348929560217
960,0.027835264921983505,0.03667760694263379,0.01028584899306287,-0.013717388067718786,0.0019377088484776133,0.004179522321648602,0.004055869265600099,0.004472849976530259,0.012336191798657789,0.01484729834309952
961,0.030423864500698984,0.037167459317940396,0.013117665425314274,-0.011628291155157355,0.005198475794809998,0.0060953845507558425,0.006620868375646202,0.005740186095315901,0.014865934422296473,0.016924507058198382
962,0.0226604684592675,0.03062244851092717,0.014037191065879537,-0.017131516876766097,0.00422946837664293,0.005501595212095394,0.005608440955443973,0.007147499812995587,0.014491285903978832,0.01819212972342941
963,0.03158892889054178,0.03808083502395086,0.012037874089531123,-0.012315502645622404,0.004518580597189412,0.007615618332015626,0.006087214331685726,0.007261779933178813,0.012841426691262758,0.0140095659283082
964,0.013895597784933933,0.022640583944540587,0.00971444010854642,-0.01958195228356739,0.0036509288916349207,0.0009510350655270855,0.003966050897036416,0.003953513842771421,0.012066882910433924,0.013811889224400829
965,0.03145599721605177,0.04014653304526715,0.010784939739924412,-0.01740438154288894,0.0009702166246406324,0.0038098520346384413,0.0034633492152078534,0.003951367826536371,0.0128199638208308,0.01429451907628303
966,0.021938611152747037,0.03189665535015111,0.010961167670314532,-0.021184446909275748,-0.0034372620112345306,0.0007244187887741704,-0.0006297364300064787,-0.0003560998352483841,0.010627109171932587,0.010422546749511635
967,0.030060017298486695,0.03867286503221516,0.018297129771888486,-0.006655897785930623,0.009154844008118146,0.01427560158260915,0.012824173315179719,0.013351204078617378,0.02144483832233781,0.020794297972737127
968,0.023281561571710945,0.0324518913864106,0.01906899816420288,-0.01914050693136064,0.006290571602584745,0.006366901147326234,0.007580378823205299,0.006973128730404813,0.017960892477302735,0.019824534027841532
969,0.018815480405894754,0.027694497797016666,0.009853377256154747,-0.009765718710569988,-7.68321424926657e-05,0.0032168241623697275,0.002418837992137127,0.003968338203609774,0.010925199285457106,0.01300189046992561
970,0.01914063376766928,0.024785703825600136,0.011982294279910922,-0.009303558458717394,0.0036131214883000523,0.003878140829791562,0.005654384556529754,0.005922038844932139,0.011621239450270826,0.015173941960027868
971,0.03608404355769905,0.046047839434925415,0.016502905427838784,-0.01405247962127571,0.008010842065001189,0.010439360912956292,0.010718535762043988,0.010289416360854287,0.02124681189609537,0.020560930161391003
972,0.031924702782472655,0.03867802472581891,0.013154740830952824,-0.017922144092908033,0.004702791176444377,0.007349695764065192,0.006570845013705365,0.006127767450533529,0.016095055083058536,0.01697610418382062
973,0.030596908641542832,0.03793593222732493,0.01599351917300416,-0.004217076410415249,0.006831441253045486,0.010230237859178978,0.010040385627593924,0.01003802772769396,0.01756183732639588,0.019662422929589165
974,0.02294899069692491,0.028594253753388345,0.008584492915443491,-0.017312409797575277,0.0030072943460696536,0.0043823432310089875,0.003488520738511975,0.004187188861855163,0.011803005754019855,0.012498492445381868
975,0.01773592762987102,0.02788992868173381,0.003876106509632912,-0.021816840729576365,-0.004348464094104068,-0.0029403964062193087,-0.0026855864501667327,-0.0023285015696101067,0.005569437752909084,0.007139172507695597
976,0.03461837484369544,0.045020956667522656,0.015643787609456946,-0.010898726054106479,0.004606534292386279,0.009285960849035872,0.008432262753747435,0.00810499676054156,0.01856490783961961,0.018558294496414496
977,0.03410980936925793,0.0408621788403679,0.01622409839592274,-0.017326529140542727,0.005945349989968102,0.008167507947876667,0.008754572737690314,0.008813377691103502,0.018248496797951746,0.020128522466253223
978,0.023110707700456732,0.03251508845891136,0.011812877471101007,-0.01415729757841765,0.004215414975720751,0.005155243384260255,0.005463927837848595,0.00610715984797195,0.0146191090239991,0.016707521723323904
979,0.03293284865283204,0.040973229714410406,0.013792759799113721,-0.014771684635568771,0.004325598446067164,0.007843769503610171,0.007063403265279234,0.007805815751302833,0.015900483047036285,0.01725719930339325
980,0.024226574777001894,0.03365292548245184,0.009656914171356373,-0.012581449210740853,0.0018114444081108565,0.0047439357447875054,0.004273063259083027,0.004134581521997396,0.014050845094288927,0.016127373751610108
981,0.03770638637544046,0.043049106707003036,0.013283914895583318,-0.011907815600056638,0.005513928135427605,0.009679510508684097,0.008648771046604067,0.009029161477630976,0.015789912810375686,0.01745847129479335
982,0.02941910049752282,0.03616452046527686,0.01618764070552282,-0.015172736113905816,0.008894366310295389,0.008233917794968947,0.010485128821912855,0.008613782384790191,0.017418423155735233,0.015382926395624583
983,0.025837072213792396,0.03548705325975617,0.012905867279413194,-0.015504109586596626,0.005726054528199582,0.006379316859607088,0.007654218172096355,0.006409711364205979,0.016123744008249077,0.014672813386375624
984,0.03748842237185846,0.04205781385406105,0.012920735751497905,-0.017951768360887,0.005623268570535442,0.007901926792573639,0.008499249839635702,0.007424574706430084,0.016057138507740605,0.01635731565374312
985,0.034896747217091614,0.04170972659358472,0.014286560536093623,-0.016465904294065588,0.007862328886078003,0.00704627776729302,0.009314208670781626,0.008926493660548996,0.01690163053420008,0.021292134346127523
986,0.024421762593621634,0.03245719895460859,0.004988934857972425,-0.021494509955119513,-0.0017250104562451037,0.001968429168639386,4.521836630724035e-05,0.00022161087506307003,0.007675312579174867,0.00877074394898562
987,0.031736502424141624,0.040678395521049474,0.010199791979545977,-0.021313332686068266,0.0006700925677651236,0.0015083603197737934,0.002388617942754361,0.0023327696485338474,0.013362562709032336,0.01741759842820776
988,0.03983835321192286,0.049684377195104754,0.013835585674423983,-0.015908857602901654,0.00201200809426865,0.006864978395209926,0.005484558087759434,0.004402274966009522,0.017478464840885312,0.02026393033117324
989,0.031999056352436,0.04159461583548451,0.015134858506009662,-0.01816087880842176,0.004223498622313646,0.0056661953921999285,0.006258782566768839,0.0033094485406114137,0.016687372530660428,0.014711861322041086
990,0.035571097857718406,0.04365430698108455,0.01962623811223107,-0.006797559884010883,0.010875018634704465,0.018160168030647683,0.013564883708571987,0.016374609949881068,0.02257651022395213,0.02357107747740481
991,0.03308919981220531,0.04045175276460583,0.018969001623228086,-0.018274463312007317,0.010132323690745872,0.010403122275074993,0.012029024146264767,0.010932114837532654,0.02129208220262418,0.020104592011456382
992,0.030224633037545922,0.03622209787097914,0.017221527643391837,-0.013205593720636528,0.010773484795185124,0.009595622915833248,0.012063030093838693,0.009397034003871037,0.020741513281807032,0.019715353548035712
993,0.02546326561463595,0.03324138827789051,0.014132391140497474,-0.01967437091463539,0.004931836012064911,0.004905105125303013,0.006480043926507676,0.004903522912874625,0.01619424529126434,0.018087093910221664
994,0.03780712917521204,0.045379810886496265,0.016757785760240333,-0.013639707679656698,0.007175820049488811,0.01164047755273906,0.010838954834974927,0.009474585982967118,0.020703498683284673,0.019065363297010716
995,0.028417324786909226,0.03923239372305695,0.009517649320457795,-0.014169414564664345,0.0021638014802377406,0.005457645922267123,0.004278164898315988,0.004423441954171841,0.013522917607727433,0.015080349514601018
996,0.02587143511556461,0.03361692475492519,0.013220990361395197,-0.01323805885638872,0.004520322540910469,0.006624808902874893,0.006848102335677833,0.006202243025807449,0.0159193679112454,0.016676140843002125
997,0.029598750228927533,0.03587643505046799,0.02042163317151751,-0.010371584718091666,0.008059040541203483,0.010762702982271428,0.010363548115806531,0.010041707540166613,0.020040271799747034,0.02285093724718525
998,0.019200497330566786,0.024870834984751216,0.01422761720727787,-0.01801187119876268,0.005794165479821711,0.002108416206942175,0.006366008895635771,0.006694619844768579,0.014391548584870049,0.017350668700609327
999,0.032730315373442,0.043880294939562664,0.014937739976228461,-0.010356979346055475,0.0032851144904242633,0.008606663589258459,0.00629952317390709,0.007793535915449993,0.013743606115456603,0.016170121903455407
